review_id	exact_citation	doi	pmid	title	year	included_set_evidence_location	scope_relevance
R001	23 Anderson DR , Field DE , Collins PA , Lorch EP , Nathan JG . Estimates of young children’s time with television: A methodological comparison of parent reports with time-lapse video home observation . Child Dev . 1985 ; 56 ( 5 ): 1345 – 57 . doi: 10.1111/j.1467-8624.1985.tb00202.x . 4053746	10.1111/j.1467-8624.1985.tb00202.x	4053746	Estimates of young children’s time with television: A methodological comparison of parent reports with time-lapse video home observation	1985	main article Table 1 Study participant characteristics; explicit included-study citation; pone.0283714.ref023	objective screen/media measure validation; device/app/screen logging and upstream measurement
R001	51 Mendoza JA , McLeod J , Chen TA , Nicklas TA , Baranowski T . Convergent validity of preschool children’s television viewing measures among low-income Latino families: A cross-sectional study . Child Obes . 2013 ; 9 ( 1 ): 29 – 34 . doi: 10.1089/chi.2012.0116 . 23270534 PMC3604787	10.1089/chi.2012.0116	23270534	Convergent validity of preschool children’s television viewing measures among low-income Latino families: A cross-sectional study	2013	main article Table 1 Study participant characteristics; explicit included-study citation; pone.0283714.ref051	objective screen/media measure validation; device/app/screen logging and upstream measurement
R001	53 Barr R , Kirkorian H , Radesky J , Coyne S , Nichols D , Blanchfield O , et al . Beyond screen time: A synergistic approach to a more comprehensive assessment of family media exposure during early childhood . Front Psychol . 2020 ; 11 : 1283 . doi: 10.3389/fpsyg.2020.01283 . 32754078 PMC7365934	10.3389/fpsyg.2020.01283	32754078	Beyond screen time: A synergistic approach to a more comprehensive assessment of family media exposure during early childhood	2020	main article Table 1 Study participant characteristics; explicit included-study citation; pone.0283714.ref053	objective screen/media measure validation; device/app/screen logging and upstream measurement
R001	20 Radesky JS , Weeks HM , Ball R , Schaller A , Yeo S , Durnez J , et al . Young children’s use of smartphones and tablets . Pediatrics . 2020 ; 146 ( 1 ): e20193518 . doi: 10.1542/peds.2019-3518 . 32482771 PMC7329252	10.1542/peds.2019-3518	32482771	Young children’s use of smartphones and tablets	2020	main article Table 1 Study participant characteristics; explicit included-study citation; pone.0283714.ref020	objective screen/media measure validation; device/app/screen logging and upstream measurement
R001	19 Robinson JL , Winiewicz DD , Fuerch JH , Roemmich JN , Epstein LH . Relationship between parental estimate and an objective measure of child television watching . Int J Behav Nutr Phys Act . 2006 ; 3 : 43 . doi: 10.1186/1479-5868-3-43 . 17129381 PMC1687199	10.1186/1479-5868-3-43	17129381	Relationship between parental estimate and an objective measure of child television watching	2006	main article Table 1 Study participant characteristics; explicit included-study citation; pone.0283714.ref019	objective screen/media measure validation; device/app/screen logging and upstream measurement
R001	52 Kumar Vadathya A , Musaad S , Beltran A , Perez O , Meister L , Baranowski T , et al . An objective system for quantitative assessment of TV viewing among children: FLASH-TV . JMIR Pediatr Parent . 2022 ; 5 ( 1 ): e33569 . doi: 10.2196/33569 35323113 PMC8990369	10.2196/33569	35323113	An objective system for quantitative assessment of TV viewing among children: FLASH-TV	2022	main article Table 1 Study participant characteristics; explicit included-study citation; pone.0283714.ref052	objective screen/media measure validation; device/app/screen logging and upstream measurement
R001	54 Wade NE , Ortigara JM , Sullivan RM , Tomko RL , Breslin FJ , Baker FC , et al . Passive sensing of preteens’ smartphone use: An Adolescent Brain Cognitive Development (ABCD) cohort substudy . JMIR Ment Health . 2021 ; 8 ( 10 ): e29426 . doi: 10.2196/29426 . 34661541 PMC8561413	10.2196/29426	34661541	Passive sensing of preteens’ smartphone use: An Adolescent Brain Cognitive Development (ABCD) cohort substudy	2021	main article Table 1 Study participant characteristics; explicit included-study citation; pone.0283714.ref054	objective screen/media measure validation; device/app/screen logging and upstream measurement
R001	59 Lee PH , Tse ACY , Wu CST , Mak YW , Lee U . Validation of self-reported smartphone usage against objectively-measured smartphone usage in Hong Kong Chinese adolescents and young adults . Psychiatry Investig . 2021 ; 18 ( 2 ): 95 – 100 . doi: 10.30773/pi.2020.0197 . 33517618 PMC7960745	10.30773/pi.2020.0197	33517618	Validation of self-reported smartphone usage against objectively-measured smartphone usage in Hong Kong Chinese adolescents and young adults	2021	main article Table 1 Study participant characteristics; explicit included-study citation; pone.0283714.ref059	objective screen/media measure validation; device/app/screen logging and upstream measurement
R001	55 Verbeij T , Pouwels JL , Beyens I , Valkenburg PM . The accuracy and validity of self-reported social media use measures among adolescents . Comput Hum Behav Rep . 2021 ; 3 : 100090 . doi: 10.1016/j.chbr.2021.100090	10.1016/j.chbr.2021.100090		The accuracy and validity of self-reported social media use measures among adolescents	2021	main article Table 1 Study participant characteristics; explicit included-study citation; pone.0283714.ref055	objective screen/media measure validation; device/app/screen logging and upstream measurement
R001	56 Bechtel RB, Achelpohl C, Akers R. Correlates between observed behavior and questionnaire responses on television viewing. In: Rubinstein EA, Comstock GA, Murray JP, editors. Television and Social Behavior Reports and Papers, Volume IV: Television in Day-to-Day Life: Patterns of Use. Washington, DC: US Government Printing Office; 1972. p. 274–344.					main article Table 1 Study participant characteristics; explicit included-study citation; pone.0283714.ref056	objective screen/media measure validation; device/app/screen logging and upstream measurement
R001	34 Junco R. Comparing actual and self-reported measures of Facebook use . Comput Human Behav . 2013 ; 29 ( 3 ): 626 – 31 . doi: 10.1016/j.chb.2012.11.007	10.1016/j.chb.2012.11.007		Comparing actual and self-reported measures of Facebook use	2013	main article Table 1 Study participant characteristics; explicit included-study citation; pone.0283714.ref034	objective screen/media measure validation; device/app/screen logging and upstream measurement
R001	33 Berolo S , Steenstra I , Amick BC 3rd , Wells RP . A comparison of two methods to assess the usage of mobile hand-held communication devices . J Occup Environ Hyg . 2015 ; 12 ( 4 ): 276 – 85 . doi: 10.1080/15459624.2014.973111 . 25436479	10.1080/15459624.2014.973111	25436479	A comparison of two methods to assess the usage of mobile hand-held communication devices	2015	main article Table 1 Study participant characteristics; explicit included-study citation; pone.0283714.ref033	objective screen/media measure validation; device/app/screen logging and upstream measurement
R001	48 Geyer K , Carbonell X , Beranuy M , Calvo F . Absence of objective differences between self-identified addicted and healthy smartphone users? Int J Environ Res Public Health . 2021 ; 18 ( 7 ): 3702 . doi: 10.3390/ijerph18073702 . 33916256 PMC8037484	10.3390/ijerph18073702	33916256	Absence of objective differences between self-identified addicted and healthy smartphone users?	2021	main article Table 1 Study participant characteristics; explicit included-study citation; pone.0283714.ref048	objective screen/media measure validation; device/app/screen logging and upstream measurement
R001	42 Faucett J , Rempel D . Musculoskeletal symptoms related to video display terminal use: an analysis of objective and subjective exposure estimates . AAOHN J . 1996 ; 44 ( 1 ): 33 – 9 . . 8694972		8694972	Musculoskeletal symptoms related to video display terminal use: an analysis of objective and subjective exposure estimates	1996	main article Table 1 Study participant characteristics; explicit included-study citation; pone.0283714.ref042	objective screen/media measure validation; device/app/screen logging and upstream measurement
R001	38 Homan MM , Armstrong TJ . Evaluation of three methodologies for assessing work activity during computer use . AIHA J (Fairfax, Va) . 2003 ; 64 ( 1 ): 48 – 55 . doi: 10.1080/15428110308984784 . 12570395	10.1080/15428110308984784	12570395	Evaluation of three methodologies for assessing work activity during computer use	2003	main article Table 1 Study participant characteristics; explicit included-study citation; pone.0283714.ref038	objective screen/media measure validation; device/app/screen logging and upstream measurement
R001	44 Blangsted AK , Hansen K , Jensen C . Validation of a commercial software package for quantification of computer use . Int J Ind Ergon . 2004 ; 34 ( 3 ): 237 – 41 . doi: 10.1016/j.ergon.2004.04.003	10.1016/j.ergon.2004.04.003		Validation of a commercial software package for quantification of computer use	2004	main article Table 1 Study participant characteristics; explicit included-study citation; pone.0283714.ref044	objective screen/media measure validation; device/app/screen logging and upstream measurement
R001	43 Douwes M , de Kraker H , Blatter BM . Validity of two methods to assess computer use: self-report by questionnaire and computer use software . Int J Ind Ergon . 2007 ; 37 ( 5 ): 425 – 31 . doi: 10.1016/j.ergon.2007.01.002	10.1016/j.ergon.2007.01.002		Validity of two methods to assess computer use: self-report by questionnaire and computer use software	2007	main article Table 1 Study participant characteristics; explicit included-study citation; pone.0283714.ref043	objective screen/media measure validation; device/app/screen logging and upstream measurement
R001	46 Mikkelsen S , Vilstrup I , Lassen CF , Kryger AI , Thomsen JF , Andersen JH . Validity of questionnaire self-reports on computer, mouse and keyboard usage during a four-week period . Occup Environ Med . 2007 ; 64 ( 8 ): 541 – 7 . doi: 10.1136/oem.2005.026351 . 17387136 PMC2078486	10.1136/oem.2005.026351	17387136	Validity of questionnaire self-reports on computer, mouse and keyboard usage during a four-week period	2007	main article Table 1 Study participant characteristics; explicit included-study citation; pone.0283714.ref046	objective screen/media measure validation; device/app/screen logging and upstream measurement
R001	45 Chang CH , Johnson PW , Dennerlein JT . A wide range of activity duration cutoffs provided unbiased estimates of exposure to computer use . J Occup Environ Hyg . 2008 ; 5 ( 12 ): 790 – 6 . doi: 10.1080/15459620802491158 . 18932082	10.1080/15459620802491158	18932082	A wide range of activity duration cutoffs provided unbiased estimates of exposure to computer use	2008	main article Table 1 Study participant characteristics; explicit included-study citation; pone.0283714.ref045	objective screen/media measure validation; device/app/screen logging and upstream measurement
R001	47 IJmker S , Leijssen JN , Blatter BM , van der Beek AJ , van Mechelen W , Bongers PM . Test-retest reliability and validity of self-reported duration of computer use at work . Scand J Work Environ Health . 2008 ; 34 ( 2 ): 113 – 9 . doi: 10.5271/sjweh.1220 . 18470442	10.5271/sjweh.1220	18470442	Test-retest reliability and validity of self-reported duration of computer use at work	2008	main article Table 1 Study participant characteristics; explicit included-study citation; pone.0283714.ref047	objective screen/media measure validation; device/app/screen logging and upstream measurement
R001	41 Yeh JY , Liang HW , Hwang YH . The effect of idle time thresholds on computer use time estimations by electronic monitoring . Ergonomics . 2009 ; 52 ( 7 ): 872 – 81 . doi: 10.1080/00140130802641577 . 19562597	10.1080/00140130802641577	19562597	The effect of idle time thresholds on computer use time estimations by electronic monitoring	2009	main article Table 1 Study participant characteristics; explicit included-study citation; pone.0283714.ref041	objective screen/media measure validation; device/app/screen logging and upstream measurement
R001	40 Otten JJ , Littenberg B , Harvey-Berino JR . Relationship between self-report and an objective measure of television-viewing time in adults . Obesity (Silver Spring) . 2010 ; 18 ( 6 ): 1273 – 5 . doi: 10.1038/oby.2009.371 . 19875989	10.1038/oby.2009.371	19875989	Relationship between self-report and an objective measure of television-viewing time in adults	2010	main article Table 1 Study participant characteristics; explicit included-study citation; pone.0283714.ref040	objective screen/media measure validation; device/app/screen logging and upstream measurement
R001	36 Araujo T , Wonneberger A , Neijens P , de Vreese C . How much time do you spend online? Understanding and improving the accuracy of self-reported measures of internet use . Commun Methods Meas . 2017 ; 11 ( 3 ): 173 – 90 . doi: 10.1080/19312458.2017.1317337	10.1080/19312458.2017.1317337		How much time do you spend online? Understanding and improving the accuracy of self-reported measures of internet use	2017	main article Table 1 Study participant characteristics; explicit included-study citation; pone.0283714.ref036	objective screen/media measure validation; device/app/screen logging and upstream measurement
R001	35 Zhang YC , Rehg JM . Watching the TV watchers . Proc ACM Interact Mob Wearable Ubiquitous Technol . 2018 ; 2 ( 2 ): 88 . doi: 10.1145/3214291	10.1145/3214291		Watching the TV watchers	2018	main article Table 1 Study participant characteristics; explicit included-study citation; pone.0283714.ref035	objective screen/media measure validation; device/app/screen logging and upstream measurement
R001	37 Henderson M , Jiang K , Johnson M , Porter L . Measuring Twitter use: Validating survey-based measures . Soc Sci Comput Rev . 2021 ; 39 ( 6 ): 1121 – 41 . doi: 10.1177/0894439319896244	10.1177/0894439319896244		Measuring Twitter use: Validating survey-based measures	2021	main article Table 1 Study participant characteristics; explicit included-study citation; pone.0283714.ref037	objective screen/media measure validation; device/app/screen logging and upstream measurement
R001	39 Ohme J , Araujo T , de Vreese CH , Piotrowski JT . Mobile data donations: Assessing self-report accuracy and sample biases with the iOS Screen Time function . Mob Media Commun . 2021 ; 9 ( 2 ): 293 – 313 . doi: 10.1177/2050157920959106	10.1177/2050157920959106		Mobile data donations: Assessing self-report accuracy and sample biases with the iOS Screen Time function	2021	main article Table 1 Study participant characteristics; explicit included-study citation; pone.0283714.ref039	objective screen/media measure validation; device/app/screen logging and upstream measurement
R001	49 Trabulsi J , Norouzi K , Suurmets S , Storm M , Ramsøy TZ . Optimizing fixation filters for eye-tracking on small screens . Front Neurosci . 2021 ; 15 : 578439 . doi: 10.3389/fnins.2021.578439 . 34819830 PMC8606821	10.3389/fnins.2021.578439	34819830	Optimizing fixation filters for eye-tracking on small screens	2021	main article Table 1 Study participant characteristics; explicit included-study citation; pone.0283714.ref049	objective screen/media measure validation; device/app/screen logging and upstream measurement
R001	50 Kristensen PL , Olesen LG , Egebæk HK , Pedersen J , Rasmussen MG , Grøntved A . Criterion validity of a research-based application for tracking screen time on android and iOS smartphones and tablets . Comput Hum Behav Rep . 2022 ; 5 : 100164 . doi: 10.1016/j.chbr.2021.100164	10.1016/j.chbr.2021.100164		Criterion validity of a research-based application for tracking screen time on android and iOS smartphones and tablets	2022	main article Table 1 Study participant characteristics; explicit included-study citation; pone.0283714.ref050	objective screen/media measure validation; device/app/screen logging and upstream measurement
R001	58 Fletcher RR, Chamberlain D, Richman D, Oreskovic N, Taveras E. Wearable sensor and algorithm for automated measurement of screen time. 2016 IEEE Wireless Health (WH). Bethesda, MD: IEEE; 2016. p. 109–16.					main article Table 1 Study participant characteristics; explicit included-study citation; pone.0283714.ref058	objective screen/media measure validation; device/app/screen logging and upstream measurement
R008	30. Braithwaite I, Stewart AW, Hancox RJ, Beasley R, Murphy R, Mitchell EA. The worldwide association between television viewing and obesity in children and adolescents: cross sectional study. PLoS One. 2013;8(9):e74263.					main article Table 2; explicit 622-article instrument matrix; obr13260-bib-0030	screen-time measurement; review reports zero device-based measures, hence no raw-event preprocessing relevance
R008	31. Byun W, Dowda M, Pate RR. Correlates of objectively measured sedentary behavior in US preschool children. Pediatrics. 2011;128(5):937‐945.					main article Table 2; explicit 622-article instrument matrix; obr13260-bib-0031	screen-time measurement; review reports zero device-based measures, hence no raw-event preprocessing relevance
R008	32. Byrne LK, Cook KE, Skouteris H, Do M. Parental status and childhood obesity in Australia. Int J Pediatr Obes. 2011;6(5–6):415‐418.					main article Table 2; explicit 622-article instrument matrix; obr13260-bib-0032	screen-time measurement; review reports zero device-based measures, hence no raw-event preprocessing relevance
R008	33. Byeon H, Hong S. Relationship between television viewing and language delay in toddlers: evidence from a Korea national cross‐sectional survey. PLoS One. 2015;10(3):e0120663.					main article Table 2; explicit 622-article instrument matrix; obr13260-bib-0033	screen-time measurement; review reports zero device-based measures, hence no raw-event preprocessing relevance
R008	34. Butz AM, Crocetti M, Thompson RE, Lipkin PH. Promoting reading in children: do reading practices differ in children with developmental problems? Clin Pediatr. 2009;48(3):275‐283.					main article Table 2; explicit 622-article instrument matrix; obr13260-bib-0034	screen-time measurement; review reports zero device-based measures, hence no raw-event preprocessing relevance
R008	35. Buscemi J, Berlin KS, Rybak TM, et al. Health behavior and weight changes among ethnic and racial minority preschoolers and their parents: associations across 1 year. J Pediatr Psychol. 2016;41(7):777‐785.					main article Table 2; explicit 622-article instrument matrix; obr13260-bib-0035	screen-time measurement; review reports zero device-based measures, hence no raw-event preprocessing relevance
R008	36. Brown JE, Broom DH, Nicholson JM, Bittman M. Do working mothers raise couch potato kids? Maternal employment and children's lifestyle behaviours and weight in early childhood. Soc Sci Med. 2010;70(11):1816‐1824.					main article Table 2; explicit 622-article instrument matrix; obr13260-bib-0036	screen-time measurement; review reports zero device-based measures, hence no raw-event preprocessing relevance
R008	37. Brophy S, Cooksey R, Lyons RA, Thomas NE, Rodgers SE, Gravenor MB. Parental factors associated with walking to school and participation in organised activities at age 5: analysis of the Millennium Cohort Study. BMC Public Health. 2011;11(1):14.					main article Table 2; explicit 622-article instrument matrix; obr13260-bib-0037	screen-time measurement; review reports zero device-based measures, hence no raw-event preprocessing relevance
R008	38. Bottino CJ, Rifas‐Shiman SL, Kleinman KP, et al. The association of urbanicity with infant sleep duration. Health Place. 2012;18(5):1000‐1005.					main article Table 2; explicit 622-article instrument matrix; obr13260-bib-0038	screen-time measurement; review reports zero device-based measures, hence no raw-event preprocessing relevance
R008	39. Bonn SE, Surkan PJ, Trolle Lagerros Y, Bälter K. Feasibility of a novel web‐based physical activity questionnaire for young children. Pediatric Rep. 2012;4(4):e37.					main article Table 2; explicit 622-article instrument matrix; obr13260-bib-0039	screen-time measurement; review reports zero device-based measures, hence no raw-event preprocessing relevance
R008	40. Brockmann PE, Diaz B, Damiani F, Villarroel L, Núñez F, Bruni O. Impact of television on the quality of sleep in preschool children. Sleep Med. 2016;20:140‐144.					main article Table 2; explicit 622-article instrument matrix; obr13260-bib-0040	screen-time measurement; review reports zero device-based measures, hence no raw-event preprocessing relevance
R008	41. Bleakley A, Jordan AB, Hennessy M. The relationship between parents' and children's television viewing. Pediatrics. 2013;132(2):e364‐e371.					main article Table 2; explicit 622-article instrument matrix; obr13260-bib-0041	screen-time measurement; review reports zero device-based measures, hence no raw-event preprocessing relevance
R008	42. Berglind D, Tynelius P. Objectively measured physical activity patterns, sedentary time and parent‐reported screen‐time across the day in four‐year‐old Swedish children. BMC Public Health. 2017;18(1):69.					main article Table 2; explicit 622-article instrument matrix; obr13260-bib-0042	screen-time measurement; review reports zero device-based measures, hence no raw-event preprocessing relevance
R008	43. Berglind D, Ljung R, Tynelius P, Brooke HL. Cross‐sectional and prospective associations of meeting 24‐h movement guidelines with overweight and obesity in preschool children. Pediatr Obes. 2018;13(7):442‐449.					main article Table 2; explicit 622-article instrument matrix; obr13260-bib-0043	screen-time measurement; review reports zero device-based measures, hence no raw-event preprocessing relevance
R008	44. Bost KK, Wiley AR, Fiese B, Hammons A, McBride B. Associations between adult attachment style, emotion regulation, and preschool children's food consumption. J Dev Behav Pediatr. 2014;35(1):50‐61.					main article Table 2; explicit 622-article instrument matrix; obr13260-bib-0044	screen-time measurement; review reports zero device-based measures, hence no raw-event preprocessing relevance
R008	45. Beyerlein A, Toschke AM, Von Kries R. Risk factors for childhood overweight: shift of the mean body mass index and shift of the upper percentiles: results from a cross‐sectional study. Int J Obes (Lond). 2010;34(4):642‐648.					main article Table 2; explicit 622-article instrument matrix; obr13260-bib-0045	screen-time measurement; review reports zero device-based measures, hence no raw-event preprocessing relevance
R008	46. Beyens I, Eggermont S, Nathanson AI. Understanding the relationship between mothers' attitudes toward television and children's television exposure: a longitudinal study of reciprocal patterns and the moderating role of maternal stress. Media Psychol. 2016;19(4):638‐665.					main article Table 2; explicit 622-article instrument matrix; obr13260-bib-0046	screen-time measurement; review reports zero device-based measures, hence no raw-event preprocessing relevance
R008	47. Beyens I, Eggermont S. Understanding children's television exposure from a life logistics perspective: a longitudinal study of the association between mothers' working hours and young children's television time. Commu Re. 2017;44(5):691‐716.					main article Table 2; explicit 622-article instrument matrix; obr13260-bib-0047	screen-time measurement; review reports zero device-based measures, hence no raw-event preprocessing relevance
R008	48. Barr‐Anderson DJ, Fulkerson JA, Smyth M, et al. Associations of American Indian children's screen‐time behavior with parental television behavior, parental perceptions of children's screen time, and media‐related resources in the home. Prev Chronic Dis. 2011;8(5):A105.					main article Table 2; explicit 622-article instrument matrix; obr13260-bib-0048	screen-time measurement; review reports zero device-based measures, hence no raw-event preprocessing relevance
R008	49. Barr R, Lauricella A, Zack E, Calvert SL. Infant and early childhood exposure to adult‐directed and child‐directed television programming: relations with cognitive skills at age four. Merrill‐Palm Quar. 2010;56(1):21‐48.					main article Table 2; explicit 622-article instrument matrix; obr13260-bib-0049	screen-time measurement; review reports zero device-based measures, hence no raw-event preprocessing relevance
R008	50. Barr R, Danziger C, Hilliard ME, Andolina C, Ruskis J. Amount, content and context of infant media exposure: a parental questionnaire and diary analysis. Int J Early Years Educ. 2010;18(2):107‐122.					main article Table 2; explicit 622-article instrument matrix; obr13260-bib-0050	screen-time measurement; review reports zero device-based measures, hence no raw-event preprocessing relevance
R008	51. Barnett LM, Hinkley T, Okely AD, Hesketh K, Salmon J. Use of electronic games by young children and fundamental movement skills? Percept Mot Skills. 2012;114(3):1023‐1034.					main article Table 2; explicit 622-article instrument matrix; obr13260-bib-0051	screen-time measurement; review reports zero device-based measures, hence no raw-event preprocessing relevance
R008	52. Barber SE, Kelly B, Collings PJ, Nagy L, Bywater T, Wright J. Prevalence, trajectories, and determinants of television viewing time in an ethnically diverse sample of young children from the UK. Int J Behav Nutr Phys Act. 2017;14(1):88.					main article Table 2; explicit 622-article instrument matrix; obr13260-bib-0052	screen-time measurement; review reports zero device-based measures, hence no raw-event preprocessing relevance
R008	53. Blankson AN, O'Brien M, Leerkes EM, Calkins SD, Marcovitch S. Do hours spent viewing television at ages 3 and 4 predict vocabulary and executive functioning at age 5? Merrill‐Palmer Quar. 2015;61(2):264‐289.					main article Table 2; explicit 622-article instrument matrix; obr13260-bib-0053	screen-time measurement; review reports zero device-based measures, hence no raw-event preprocessing relevance
R008	54. Birken CS, Maguire J, Mekky M, et al. Parental factors associated with screen time in pre‐school children in primary‐care practice: a TARGet Kids! study. Public Health Nutr. 2011;14(12):2134‐2138.					main article Table 2; explicit 622-article instrument matrix; obr13260-bib-0054	screen-time measurement; review reports zero device-based measures, hence no raw-event preprocessing relevance
R008	55. Birken CS, Maguire J, Mekky M, et al. Office‐based randomized controlled trial to reduce screen time in preschool children. Pediatrics. 2012;130(6):1110‐1115.					main article Table 2; explicit 622-article instrument matrix; obr13260-bib-0055	screen-time measurement; review reports zero device-based measures, hence no raw-event preprocessing relevance
R008	56. Birken CS, Lebovic G, Anderson LN, et al. Association between vitamin D and circulating lipids in early childhood. PLoS One. 2015;10(7):e0131938.					main article Table 2; explicit 622-article instrument matrix; obr13260-bib-0056	screen-time measurement; review reports zero device-based measures, hence no raw-event preprocessing relevance
R008	57. Bel‐Serrat S, Mouratidou T, Santaliestra‐Pasias AM, et al. Clustering of multiple lifestyle behaviours and its association to cardiovascular risk factors in children: the IDEFICS study. Eur J Clin Nutr. 2013;67(8):848‐854.					main article Table 2; explicit 622-article instrument matrix; obr13260-bib-0057	screen-time measurement; review reports zero device-based measures, hence no raw-event preprocessing relevance
R008	58. Baird J, Hill CM, Harvey NC, et al. Duration of sleep at 3 years of age is associated with fat and fat‐free mass at 4 years of age: the Southampton Women's Survey. J Sleep Res. 2016;25(4):412‐418.					main article Table 2; explicit 622-article instrument matrix; obr13260-bib-0058	screen-time measurement; review reports zero device-based measures, hence no raw-event preprocessing relevance
R008	59. Asplund KM, Kair LR, Arain YH, Cervantes M, Oreskovic NM, Zuckerman KE. Early childhood screen time and parental attitudes toward child television viewing in a low‐income Latino population attending the special supplemental nutrition program for women, infants, and children. Child Obes. 2015;11(5):590‐599.					main article Table 2; explicit 622-article instrument matrix; obr13260-bib-0059	screen-time measurement; review reports zero device-based measures, hence no raw-event preprocessing relevance
R008	60. Asfour L, Natale R, Uhlhorn S, Arheart KL, Haney K, Messiah SE. Ethnicity, household food security, and nutrition and activity patterns in families with preschool children. J Nutr Educ Behav. 2015;47(6):498‐505.e491.					main article Table 2; explicit 622-article instrument matrix; obr13260-bib-0060	screen-time measurement; review reports zero device-based measures, hence no raw-event preprocessing relevance
R008	61. Arcan C, Hannan PJ, Fulkerson JA, et al. Associations of home food availability, dietary intake, screen time and physical activity with BMI in young American‐Indian children. Public Health Nutr. 2013;16(1):146‐155.					main article Table 2; explicit 622-article instrument matrix; obr13260-bib-0061	screen-time measurement; review reports zero device-based measures, hence no raw-event preprocessing relevance
R008	62. Ansari A, Crosnoe R. Children's hyperactivity, television viewing, and the potential for child effects. Child Youth Serv Rev. 2016;61:135‐140.					main article Table 2; explicit 622-article instrument matrix; obr13260-bib-0062	screen-time measurement; review reports zero device-based measures, hence no raw-event preprocessing relevance
R008	63. Androutsos O, Moschonis G, Ierodiakonou D, et al. Perinatal and lifestyle factors mediate the association between maternal education and preschool children's weight status: the ToyBox study. Nutrition. 2018;48:6‐12.					main article Table 2; explicit 622-article instrument matrix; obr13260-bib-0063	screen-time measurement; review reports zero device-based measures, hence no raw-event preprocessing relevance
R008	64. Anand V, Downs SM, Bauer NS, Carroll AE. Prevalence of infant television viewing and maternal depression symptoms. J Dev Behav Pediatr. 2014;35(3):216‐224.					main article Table 2; explicit 622-article instrument matrix; obr13260-bib-0064	screen-time measurement; review reports zero device-based measures, hence no raw-event preprocessing relevance
R008	65. Allen MS, Vella SA, Laborde S. Sport participation, screen time, and personality trait development during childhood. Br J Dev Psychol. 2015;33(3):375‐390.					main article Table 2; explicit 622-article instrument matrix; obr13260-bib-0065	screen-time measurement; review reports zero device-based measures, hence no raw-event preprocessing relevance
R008	66. Ahearne C, Dilworth S, Rollings R, Livingstone V, Murray D. Touch‐screen technology usage in toddlers. Arch Dis Child. 2016;101(2):181‐183.					main article Table 2; explicit 622-article instrument matrix; obr13260-bib-0066	screen-time measurement; review reports zero device-based measures, hence no raw-event preprocessing relevance
R008	67. Aguila Q, Ramon MA, Matesanz S, et al. Assessment study of the nutritional status, eating habits and physical activity of the schooled population of Centelles, Hostalets de Balenya and Sant Marti de Centelles (ALIN 2014 Study). Endocrinol Diabetes Nutr. 2017;64(3):138‐145.					main article Table 2; explicit 622-article instrument matrix; obr13260-bib-0067	screen-time measurement; review reports zero device-based measures, hence no raw-event preprocessing relevance
R008	68. Aggio D, Smith L, Fisher A, Hamer M. Mothers' perceived proximity to green space is associated with TV viewing time in children: the Growing Up in Scotland study. Prev Med. 2015;70:46‐49.					main article Table 2; explicit 622-article instrument matrix; obr13260-bib-0068	screen-time measurement; review reports zero device-based measures, hence no raw-event preprocessing relevance
R008	69. Adedze P, Chapman‐Novakofski K, Witz K, Orr R, Donovan S. Knowledge, attitudes, and beliefs about nutrition and childhood overweight among WIC participants. Fam Community Health. 2011;34(4):301‐310.					main article Table 2; explicit 622-article instrument matrix; obr13260-bib-0069	screen-time measurement; review reports zero device-based measures, hence no raw-event preprocessing relevance
R008	70. Abbott G, Hnatiuk J, Timperio A, Salmon J, Best K, Hesketh KD. Cross‐sectional and longitudinal associations between parents' and preschoolers' physical activity and television viewing: the HAPPY study. J Phys Act Health. 2016;13(3):269‐274.					main article Table 2; explicit 622-article instrument matrix; obr13260-bib-0070	screen-time measurement; review reports zero device-based measures, hence no raw-event preprocessing relevance
R008	71. Adams A, Prince R. Correlates of physical activity in young American Indian children: lessons learned from the Wisconsin Nutrition and Growth Study. J Public Health Manag Pract. 2010;16(5):394‐400.					main article Table 2; explicit 622-article instrument matrix; obr13260-bib-0071	screen-time measurement; review reports zero device-based measures, hence no raw-event preprocessing relevance
R008	72. Emond JA, Tantum LK, Gilbert‐Diamond D, Kim SJ, Lansigan RK, Neelon SB. Household chaos and screen media use among preschool‐aged children: a cross‐sectional study. BMC Public Health. 2018;18(1):1210.					main article Table 2; explicit 622-article instrument matrix; obr13260-bib-0072	screen-time measurement; review reports zero device-based measures, hence no raw-event preprocessing relevance
R008	73. Ebenegger V, Marques‐Vidal PM, Munsch S, et al. Relationship of hyperactivity/inattention with adiposity and lifestyle characteristics in preschool children. J Child Neurol. 2012;27(7):852‐858.					main article Table 2; explicit 622-article instrument matrix; obr13260-bib-0073	screen-time measurement; review reports zero device-based measures, hence no raw-event preprocessing relevance
R008	74. Ebenegger V, Marques‐Vidal P, Kriemler S, et al. Differences in aerobic fitness and lifestyle characteristics in preschoolers according to their weight status and sports club participation. Obes Facts. 2012;5(1):23‐33.					main article Table 2; explicit 622-article instrument matrix; obr13260-bib-0074	screen-time measurement; review reports zero device-based measures, hence no raw-event preprocessing relevance
R008	75. Downing KL, Hinkley T, Salmon J, Hnatiuk JA, Hesketh KD. Do the correlates of screen time and sedentary time differ in preschool children? BMC Public Health. 2017;17(1):285.					main article Table 2; explicit 622-article instrument matrix; obr13260-bib-0075	screen-time measurement; review reports zero device-based measures, hence no raw-event preprocessing relevance
R008	76. Downing KL, Hinkley T, Hesketh KD. Associations of parental rules and socioeconomic position with preschool children's sedentary behaviour and screen time. J Phys Act Health. 2015;12(4):515‐521.					main article Table 2; explicit 622-article instrument matrix; obr13260-bib-0076	screen-time measurement; review reports zero device-based measures, hence no raw-event preprocessing relevance
R008	77. Dwyer GM, Walker K, Baur L, Badawi N. Developmental outcomes and physical activity behaviour in children post major surgery: an observational study. BMC Pediatr. 2016;16(1):123.					main article Table 2; explicit 622-article instrument matrix; obr13260-bib-0077	screen-time measurement; review reports zero device-based measures, hence no raw-event preprocessing relevance
R008	78. Dwyer GM, Hardy LL, Peat JK, Baur LA. The validity and reliability of a home environment Preschool‐age Physical Activity Questionnaire (Pre‐PAQ). Int J Behav Nutr Phys Act. 2011;8(1):86.					main article Table 2; explicit 622-article instrument matrix; obr13260-bib-0078	screen-time measurement; review reports zero device-based measures, hence no raw-event preprocessing relevance
R008	79. De Decker E, Hesketh K, De Craemer M, et al. Parental influences on preschoolers' TV viewing time: mediation analyses on Australian and Belgian data. J Phys Act Health. 2015;12(9):1272‐1279.					main article Table 2; explicit 622-article instrument matrix; obr13260-bib-0079	screen-time measurement; review reports zero device-based measures, hence no raw-event preprocessing relevance
R008	80. De Craemer M, McGregor D, Androutsos O, Manios Y, Cardon G. Compliance with 24‐h movement behaviour guidelines among Belgian pre‐school children: the ToyBox‐study. Int J Environ Res Public Health. 2018;15(10):2171.					main article Table 2; explicit 622-article instrument matrix; obr13260-bib-0080	screen-time measurement; review reports zero device-based measures, hence no raw-event preprocessing relevance
R008	81. De Craemer M, Lateva M, Iotova V, et al. Differences in energy balance‐related behaviours in European preschool children: the ToyBox‐study. PLoS One. 2015;10(3):e0118303.					main article Table 2; explicit 622-article instrument matrix; obr13260-bib-0081	screen-time measurement; review reports zero device-based measures, hence no raw-event preprocessing relevance
R008	82. De Craemer M, De Decker E, Verloigne M, De Bourdeaudhuij I, Manios Y, Cardon G. The effect of a cluster randomised control trial on objectively measured sedentary time and parental reports of time spent in sedentary activities in Belgian preschoolers: the ToyBox‐study. Int J Behav Nutr Phys Act. 2016;13(1):1.					main article Table 2; explicit 622-article instrument matrix; obr13260-bib-0082	screen-time measurement; review reports zero device-based measures, hence no raw-event preprocessing relevance
R008	83. De Coen V, De Bourdeaudhuij I, Vereecken C, et al. Effects of a 2‐year healthy eating and physical activity intervention for 3–6‐year‐olds in communities of high and low socio‐economic status: the POP (Prevention of Overweight among Pre‐school and school children) project. Public Health Nutr. 2012;15(9):1737‐1745.					main article Table 2; explicit 622-article instrument matrix; obr13260-bib-0083	screen-time measurement; review reports zero device-based measures, hence no raw-event preprocessing relevance
R008	84. De Coen V, De Bourdeaudhuij I, Verbestel V, Maes L, Vereecken C. Risk factors for childhood overweight: a 30‐month longitudinal study of 3‐ to 6‐year‐old children. Public Health Nutr. 2014;17(9):1993‐2000.					main article Table 2; explicit 622-article instrument matrix; obr13260-bib-0084	screen-time measurement; review reports zero device-based measures, hence no raw-event preprocessing relevance
R008	85. Diergarten AK, Möckel T, Nieding G, Ohler P. The impact of media literacy on children's learning from films and hypermedia. J App Develo Psyc. 2017;48:33‐41.					main article Table 2; explicit 622-article instrument matrix; obr13260-bib-0085	screen-time measurement; review reports zero device-based measures, hence no raw-event preprocessing relevance
R008	86. Dawson‐McClure S, Brotman LM, Theise R, et al. Early childhood obesity prevention in low‐income, urban communities. J Prev Interv Community. 2014;42(2):152‐166.					main article Table 2; explicit 622-article instrument matrix; obr13260-bib-0086	screen-time measurement; review reports zero device-based measures, hence no raw-event preprocessing relevance
R008	87. Dawson‐Hahn EE, Fesinmeyer MD, Mendoza JA. Correlates of physical activity in Latino preschool children attending head start. Pediatr Exerc Sci. 2015;27(3):372‐379.					main article Table 2; explicit 622-article instrument matrix; obr13260-bib-0087	screen-time measurement; review reports zero device-based measures, hence no raw-event preprocessing relevance
R008	88. Davison KK, Jurkowski JM, Li K, Kranz S, Lawson HA. A childhood obesity intervention developed by families for families: results from a pilot study. Int J Behav Nutr Phys Act. 2013;10(1):3.					main article Table 2; explicit 622-article instrument matrix; obr13260-bib-0088	screen-time measurement; review reports zero device-based measures, hence no raw-event preprocessing relevance
R008	89. Davison KK, Falbe J, Taveras EM, et al. Evaluation overview for the Massachusetts Childhood Obesity Research Demonstration (MA‐CORD) project. Child Obes. 2015;11(1):23‐36.					main article Table 2; explicit 622-article instrument matrix; obr13260-bib-0089	screen-time measurement; review reports zero device-based measures, hence no raw-event preprocessing relevance
R008	90. Davison KK, Edmunds LS, Wyker BA, Young LM, Sarfoh VS, Sekhobo JP. Feasibility of increasing childhood outdoor play and decreasing television viewing through a family‐based intervention in WIC, New York State, 2007–2008. Prev Chronic Dis. 2011;8(3):A54.					main article Table 2; explicit 622-article instrument matrix; obr13260-bib-0090	screen-time measurement; review reports zero device-based measures, hence no raw-event preprocessing relevance
R008	91. Davis AM, Gallagher K, Taylor M, et al. An in‐home intervention to improve nutrition, physical activity, and knowledge among low‐income teen mothers and their children: results from a pilot study. J Dev Behav Pediatr. 2013;34(8):609‐615.					main article Table 2; explicit 622-article instrument matrix; obr13260-bib-0091	screen-time measurement; review reports zero device-based measures, hence no raw-event preprocessing relevance
R008	92. Dalton MA, Longacre MR, Drake KM, et al. Child‐targeted fast‐food television advertising exposure is linked with fast‐food intake among pre‐school children. Public Health Nutr. 2017;20(9):1548‐1556.					main article Table 2; explicit 622-article instrument matrix; obr13260-bib-0092	screen-time measurement; review reports zero device-based measures, hence no raw-event preprocessing relevance
R008	93. Da Costa Louzada ML, Rauber F, Dal Bó Campagnolo P, Vitolo MR. Sleep duration and body mass index among southern Brazilian preschoolers. Arq Bras Cardiol. 2012;99(6):1156‐1158.					main article Table 2; explicit 622-article instrument matrix; obr13260-bib-0093	screen-time measurement; review reports zero device-based measures, hence no raw-event preprocessing relevance
R008	94. Cristia A, Seidl A. Parental reports on touch screen use in early childhood. PLoS One. 2015;10(6):e0128338.					main article Table 2; explicit 622-article instrument matrix; obr13260-bib-0094	screen-time measurement; review reports zero device-based measures, hence no raw-event preprocessing relevance
R008	95. Crispim PAA, Peixoto MRG, Brandão Veiga Jardim PC. Risk factors associated with high blood pressure in two‐ to five‐year‐old children. Arq Bras Cardiol. 2014;102(1):39‐46.					main article Table 2; explicit 622-article instrument matrix; obr13260-bib-0095	screen-time measurement; review reports zero device-based measures, hence no raw-event preprocessing relevance
R008	96. Cox R, Skouteris H, Rutherford L, Fuller‐Tyszkiewicz M, Dell' Aquila D, Hardy LL. Television viewing, television content, food intake, physical activity and body mass index: a cross‐sectional study of preschool children aged 2–6 years. Health Promot J Austr. 2012;23(1):58‐62.					main article Table 2; explicit 622-article instrument matrix; obr13260-bib-0096	screen-time measurement; review reports zero device-based measures, hence no raw-event preprocessing relevance
R008	97. Datar A, Nicosia N, Shier V. Parent perceptions of neighborhood safety and children's physical activity, sedentary behavior, and obesity: evidence from a national longitudinal study. Am J Epidemiol. 2013;177(10):1065‐1073.					main article Table 2; explicit 622-article instrument matrix; obr13260-bib-0097	screen-time measurement; review reports zero device-based measures, hence no raw-event preprocessing relevance
R008	98. Cornwell TB, McAlister AR, Polmear‐Swendris N. Children's knowledge of packaged and fast food brands and their BMI. Why the relationship matters for policy makers. Appetite. 2014;81:277‐283.					main article Table 2; explicit 622-article instrument matrix; obr13260-bib-0098	screen-time measurement; review reports zero device-based measures, hence no raw-event preprocessing relevance
R008	99. Collet M, Gagnière B, Rousseau C, Chapron A, Fiquet L, Certain C. Case–control study found that primary language disorders were associated with screen exposure. Acta Paediatrica. 2019;108(6):1103‐1109.					main article Table 2; explicit 622-article instrument matrix; obr13260-bib-0099	screen-time measurement; review reports zero device-based measures, hence no raw-event preprocessing relevance
R008	100. Cloutier MM, Wiley JF, Kuo CL, Cornelius T, Wang Z, Gorin AA. Outcomes of an early childhood obesity prevention program in a low‐income community: a pilot, randomized trial. Pediatr Obes. 2018;13(11):677‐685.					main article Table 2; explicit 622-article instrument matrix; obr13260-bib-0100	screen-time measurement; review reports zero device-based measures, hence no raw-event preprocessing relevance
R008	101. Cloutier MM, Wiley J, Huedo‐Medina T, et al. Outcomes from a pediatric primary care weight management program: steps to growing up healthy. J Pediatr. 2015;167(2):372‐377.e371.					main article Table 2; explicit 622-article instrument matrix; obr13260-bib-0101	screen-time measurement; review reports zero device-based measures, hence no raw-event preprocessing relevance
R008	102. Cliff DP, McNeill J, Vella SA, et al. Adherence to 24‐Hour Movement Guidelines for the Early Years and associations with social‐cognitive development among Australian preschool children. BMC Public Health. 2017;17(Suppl 5):857.					main article Table 2; explicit 622-article instrument matrix; obr13260-bib-0102	screen-time measurement; review reports zero device-based measures, hence no raw-event preprocessing relevance
R008	103. Cliff DP, Howard SJ, Radesky JS, McNeill J, Vella SA. Early childhood media exposure and self‐regulation: bidirectional longitudinal associations. Acad Pediatr. 2018;18(7):813‐819.					main article Table 2; explicit 622-article instrument matrix; obr13260-bib-0103	screen-time measurement; review reports zero device-based measures, hence no raw-event preprocessing relevance
R008	104. Cheung CH, Bedford R, Saez De Urabain IR, Karmiloff‐Smith A, Smith TJ. Daily touchscreen use in infants and toddlers is associated with reduced sleep and delayed sleep onset. Sci Rep. 2017;7(1):46104.					main article Table 2; explicit 622-article instrument matrix; obr13260-bib-0104	screen-time measurement; review reports zero device-based measures, hence no raw-event preprocessing relevance
R008	105. Cheng S, Maeda T, Yoichi S, Yamagata Z, Tomiwa K. Early television exposure and children's behavioral and social outcomes at age 30 months. J Epidemiol. 2010;20(Suppl 2):S482‐S489.					main article Table 2; explicit 622-article instrument matrix; obr13260-bib-0105	screen-time measurement; review reports zero device-based measures, hence no raw-event preprocessing relevance
R008	106. Connell SL, Lauricella AR, Wartella E. Parental co‐use of media technology with their young children in the USA. J Child Media. 2015;9(1):5‐21.					main article Table 2; explicit 622-article instrument matrix; obr13260-bib-0106	screen-time measurement; review reports zero device-based measures, hence no raw-event preprocessing relevance
R008	107. Cong Z, Feng D, Liu Y, Esperat MC. Sedentary behaviors among Hispanic children: influences of parental support in a school intervention program. Am J Health Promot. 2012;26(5):270‐280.					main article Table 2; explicit 622-article instrument matrix; obr13260-bib-0107	screen-time measurement; review reports zero device-based measures, hence no raw-event preprocessing relevance
R008	108. Chen LP, Ziegenfuss JY, Jenkins SM, Beebe TJ, Ytterberg KL. Pediatric obesity and self‐reported health behavior information. Clin Pediatr. 2011;50(9):872‐875.					main article Table 2; explicit 622-article instrument matrix; obr13260-bib-0108	screen-time measurement; review reports zero device-based measures, hence no raw-event preprocessing relevance
R008	109. Chen JL, Esquivel JH, Guo J, Chesla CA, Tang S. Risk factors for obesity in preschool‐aged children in China. Int Nurs Rev. 2018;65(2):217‐224.					main article Table 2; explicit 622-article instrument matrix; obr13260-bib-0109	screen-time measurement; review reports zero device-based measures, hence no raw-event preprocessing relevance
R008	110. Cieśla E, Mleczko E, Bergier J, Markowska M, Nowak‐Starz G. Health‐related physical fitness, BMI, physical activity and time spent at a computer screen in 6 and 7‐year‐old children from rural areas in Poland. Ann Agric Environ Med. 2014;21(3):617‐621.					main article Table 2; explicit 622-article instrument matrix; obr13260-bib-0110	screen-time measurement; review reports zero device-based measures, hence no raw-event preprocessing relevance
R008	111. Chindamo S, Buja A, DeBattisti E, et al. Sleep and new media usage in toddlers. Eur J Pediatr. 2019;178(4):483‐490.					main article Table 2; explicit 622-article instrument matrix; obr13260-bib-0111	screen-time measurement; review reports zero device-based measures, hence no raw-event preprocessing relevance
R008	112. Chiasson MA, Scheinmann R, Hartel D, et al. Predictors of obesity in a cohort of children enrolled in WIC as infants and retained to 3 years of age. J Community Health. 2016;41(1):127‐133.					main article Table 2; explicit 622-article instrument matrix; obr13260-bib-0112	screen-time measurement; review reports zero device-based measures, hence no raw-event preprocessing relevance
R008	113. Chang HY, Park EJ, Yoo HJ, Lee JW, Shin Y. Electronic media exposure and use among toddlers. Psychiatry Investig. 2018;15(6):568‐573.					main article Table 2; explicit 622-article instrument matrix; obr13260-bib-0113	screen-time measurement; review reports zero device-based measures, hence no raw-event preprocessing relevance
R008	114. Chalcarz W, Merkiel S. Analysis of physical activity in preschool children from Piła. Part 1. Ordinary and additional physical activity and favourite ways of spending leisure time. New Med. 2014. ‐January;2014(1):3‐11.					main article Table 2; explicit 622-article instrument matrix; obr13260-bib-0114	screen-time measurement; review reports zero device-based measures, hence no raw-event preprocessing relevance
R008	115. Cespedes EM, Gillman MW, Kleinman K, Rifas‐Shiman SL, Redline S, Taveras EM. Television viewing, bedroom television, and sleep duration from infancy to mid‐childhood. Pediatrics. 2014;133(5):e1163‐e1171.					main article Table 2; explicit 622-article instrument matrix; obr13260-bib-0115	screen-time measurement; review reports zero device-based measures, hence no raw-event preprocessing relevance
R008	116. Chuang RJ, Sharma S, Skala K, Evans A. Ethnic differences in the home environment and physical activity behaviors among low‐income, minority preschoolers in Texas. Am J Health Promot. 2013;27(4):270‐278.					main article Table 2; explicit 622-article instrument matrix; obr13260-bib-0116	screen-time measurement; review reports zero device-based measures, hence no raw-event preprocessing relevance
R008	117. Christakis DA, Garrison MM. Preschool‐aged children's television viewing in child care settings. Pediatrics. 2009;124(6):1627‐1632.					main article Table 2; explicit 622-article instrument matrix; obr13260-bib-0117	screen-time measurement; review reports zero device-based measures, hence no raw-event preprocessing relevance
R008	118. Cao H, Yan S, Gu C, et al. Prevalence of attention‐deficit/hyperactivity disorder symptoms and their associations with sleep schedules and sleep‐related problems among preschoolers in mainland China. BMC Pediatr. 2018;18(1):70.					main article Table 2; explicit 622-article instrument matrix; obr13260-bib-0118	screen-time measurement; review reports zero device-based measures, hence no raw-event preprocessing relevance
R008	119. Campbell KJ, Lioret S, McNaughton SA, et al. A parent‐focused intervention to reduce infant obesity risk behaviors: a randomized trial. Pediatrics. 2013;131(4):652‐660.					main article Table 2; explicit 622-article instrument matrix; obr13260-bib-0119	screen-time measurement; review reports zero device-based measures, hence no raw-event preprocessing relevance
R008	120. Campbell K, Hesketh K, Silverii A, Abbott G. Maternal self‐efficacy regarding children's eating and sedentary behaviours in the early years: associations with children's food intake and sedentary behaviours. Int J Pediatr Obes. 2010;5(6):501‐508.					main article Table 2; explicit 622-article instrument matrix; obr13260-bib-0120	screen-time measurement; review reports zero device-based measures, hence no raw-event preprocessing relevance
R008	121. Cameron AJ, Ball K, Hesketh KD, et al. Variation in outcomes of the Melbourne Infant, Feeding, Activity and Nutrition Trial (InFANT) Program according to maternal education and age. Prev Med. 2014;58(1):58‐63.					main article Table 2; explicit 622-article instrument matrix; obr13260-bib-0121	screen-time measurement; review reports zero device-based measures, hence no raw-event preprocessing relevance
R008	122. Carson V, Tremblay MS, Spence JC, Timmons BW, Janssen I. The Canadian Sedentary Behaviour Guidelines for the Early Years (zero to four years of age) and screen time among children from Kingston, Ontario. Paed Child Hea (Canada). 2013;18(1):25‐28.					main article Table 2; explicit 622-article instrument matrix; obr13260-bib-0122	screen-time measurement; review reports zero device-based measures, hence no raw-event preprocessing relevance
R008	123. Carson V, Stearns J, Janssen I. The relationship between parental physical activity and screen time behaviors and the behaviors of their young children. Pediatr Exerc Sci. 2015;27(3):390‐395.					main article Table 2; explicit 622-article instrument matrix; obr13260-bib-0123	screen-time measurement; review reports zero device-based measures, hence no raw-event preprocessing relevance
R008	124. Carson V, Spence JC, Cutumisu N, Cargill L. Association between neighborhood socioeconomic status and screen time among pre‐school children: a cross‐sectional study. BMC Public Health. 2010;10(1):367.					main article Table 2; explicit 622-article instrument matrix; obr13260-bib-0124	screen-time measurement; review reports zero device-based measures, hence no raw-event preprocessing relevance
R008	125. Carson V, Rosu A, Janssen I. A cross‐sectional study of the environment, physical activity, and screen time among young children and their parents. BMC Public Health. 2014;14(1):61.					main article Table 2; explicit 622-article instrument matrix; obr13260-bib-0125	screen-time measurement; review reports zero device-based measures, hence no raw-event preprocessing relevance
R008	126. Carson V, Rahman AA, Wiebe SA. Associations of subjectively and objectively measured sedentary behavior and physical activity with cognitive development in the early years. Ment Health Phys Act. 2017;13:1‐8.					main article Table 2; explicit 622-article instrument matrix; obr13260-bib-0126	screen-time measurement; review reports zero device-based measures, hence no raw-event preprocessing relevance
R008	127. Carson V, Lee EY, Hesketh KD, et al. Physical activity and sedentary behavior across three time‐points and associations with social skills in early childhood. BMC Public Health. 2019;19(1):27.					main article Table 2; explicit 622-article instrument matrix; obr13260-bib-0127	screen-time measurement; review reports zero device-based measures, hence no raw-event preprocessing relevance
R008	128. Carson V, Kuzik N. Demographic correlates of screen time and objectively measured sedentary time and physical activity among toddlers: a cross‐sectional study. BMC Public Health. 2017;17(1):187.					main article Table 2; explicit 622-article instrument matrix; obr13260-bib-0128	screen-time measurement; review reports zero device-based measures, hence no raw-event preprocessing relevance
R008	129. Carson V, Janssen I. Associations between factors within the home setting and screen time among children aged 0–5 years: a cross‐sectional study. BMC Public Health. 2012;12(1):539.					main article Table 2; explicit 622-article instrument matrix; obr13260-bib-0129	screen-time measurement; review reports zero device-based measures, hence no raw-event preprocessing relevance
R008	130. Carson V, Hesketh KD, Rhodes RE, Rinaldi C, Rodgers W, Spence JC. Psychometric properties of a parental questionnaire for assessing correlates of toddlers' physical activity and sedentary behavior. Meas Phy Edu Exer Sci. 2017;21(4):190‐200.					main article Table 2; explicit 622-article instrument matrix; obr13260-bib-0130	screen-time measurement; review reports zero device-based measures, hence no raw-event preprocessing relevance
R008	131. Carson V, Ezeugwu VE, Tamana SK, et al. Associations between meeting the Canadian 24‐Hour Movement Guidelines for the Early Years and behavioral and emotional problems among 3‐year‐olds. J Sci Med Sport. 2019;22(7):797‐802.					main article Table 2; explicit 622-article instrument matrix; obr13260-bib-0131	screen-time measurement; review reports zero device-based measures, hence no raw-event preprocessing relevance
R008	132. Carlsson E, Ludvigsson J, Huus K, Faresjo M. High physical activity in young children suggests positive effects by altering autoantigen‐induced immune activity. Scand J Med Sci Sports. 2016;26(4):441‐450.					main article Table 2; explicit 622-article instrument matrix; obr13260-bib-0132	screen-time measurement; review reports zero device-based measures, hence no raw-event preprocessing relevance
R008	133. Cardon G, De Bourdeaudhuij I, Iotova V, et al. Health related behaviours in normal weight and overweight preschoolers of a large pan‐European sample: the ToyBox‐study. PLoS One. 2016;11(3):e0150580.					main article Table 2; explicit 622-article instrument matrix; obr13260-bib-0133	screen-time measurement; review reports zero device-based measures, hence no raw-event preprocessing relevance
R008	134. Jones RA, Okely AD, Gregory P, Cliff DP. Relationships between weight status and child, parent and community characteristics in preschool children. Int J Pediatr Obes. 2009;4(1):54‐60.					main article Table 2; explicit 622-article instrument matrix; obr13260-bib-0134	screen-time measurement; review reports zero device-based measures, hence no raw-event preprocessing relevance
R008	135. Jones BL, Fiese BH. Parent routines, child routines, and family demographics associated with obesity in parents and preschool‐aged children. Front Psychol. 2014;5:374.					main article Table 2; explicit 622-article instrument matrix; obr13260-bib-0135	screen-time measurement; review reports zero device-based measures, hence no raw-event preprocessing relevance
R008	136. Janz KF, Boros P, Letuchy EM, Kwon S, Burns TL, Levy SM. Physical activity, not sedentary time, predicts dual‐energy X‐ray absorptiometry‐measured adiposity age 5 to 19 years. Med Sci Sports Exerc. 2017;49(10):2071‐2077.					main article Table 2; explicit 622-article instrument matrix; obr13260-bib-0136	screen-time measurement; review reports zero device-based measures, hence no raw-event preprocessing relevance
R008	137. Jamali Z, Vatandoost M, Erfanparast L, Aminabadi NA, Shirazi S. The relationship between children's media habits and their anxiety and behaviour during dental treatment. Acta Odontol Scand. 2018;76(3):161‐168.					main article Table 2; explicit 622-article instrument matrix; obr13260-bib-0137	screen-time measurement; review reports zero device-based measures, hence no raw-event preprocessing relevance
R008	138. Inoue S, Yorifuji T, Kato T, Sanada S, Doi H, Kawachi I. Children's media use and self‐regulation behavior: longitudinal associations in a nationwide Japanese study. Matern Child Health J. 2016;20(10):2084‐2099.					main article Table 2; explicit 622-article instrument matrix; obr13260-bib-0138	screen-time measurement; review reports zero device-based measures, hence no raw-event preprocessing relevance
R008	139. Ikeda N, Nishi N. First incidence and associated factors of overweight and obesity from preschool to primary school: longitudinal analysis of a national cohort in Japan. Int J Obes (Lond). 2019;43(4):751‐760.					main article Table 2; explicit 622-article instrument matrix; obr13260-bib-0139	screen-time measurement; review reports zero device-based measures, hence no raw-event preprocessing relevance
R008	140. Ikeda M, Kaneita Y, Kondo S, Itani O, Ohida T. Epidemiological study of sleep habits among four‐and‐a‐half‐year‐old children in Japan. Sleep Med. 2012;13(7):787‐794.					main article Table 2; explicit 622-article instrument matrix; obr13260-bib-0140	screen-time measurement; review reports zero device-based measures, hence no raw-event preprocessing relevance
R008	141. Iguacel I, Michels N, Ahrens W, et al. Prospective associations between socioeconomically disadvantaged groups and metabolic syndrome risk in European children. Results from the IDEFICS study. Int J Cardiol. 2018;272:333‐340.					main article Table 2; explicit 622-article instrument matrix; obr13260-bib-0141	screen-time measurement; review reports zero device-based measures, hence no raw-event preprocessing relevance
R008	142. Iguacel I, Fernandez‐Alvira JM, Bammann K, et al. Social vulnerability as a predictor of physical activity and screen time in European children. Int J Public Health. 2018;63(2):283‐295.					main article Table 2; explicit 622-article instrument matrix; obr13260-bib-0142	screen-time measurement; review reports zero device-based measures, hence no raw-event preprocessing relevance
R008	143. Jia Z, Zhang J, Trindade D, Sobko T. Physical activity patterns and correlates of 9‐month‐old Chinese infants in the Macau population. Matern Child Health J. 2018;22(10):1526‐1533.					main article Table 2; explicit 622-article instrument matrix; obr13260-bib-0143	screen-time measurement; review reports zero device-based measures, hence no raw-event preprocessing relevance
R008	144. Jia S, Wang L, Shi Y, Li P. Family risk factors associated with aggressive behavior in Chinese preschool children. J Pediatr Nurs. 2016;31(6):e367‐e374.					main article Table 2; explicit 622-article instrument matrix; obr13260-bib-0144	screen-time measurement; review reports zero device-based measures, hence no raw-event preprocessing relevance
R008	145. Ji M, Tang A, Zhang Y, et al. The relationship between obesity, sleep and physical activity in Chinese preschool children. Int J Environ Res Public Health. 2018;15(3):527.					main article Table 2; explicit 622-article instrument matrix; obr13260-bib-0145	screen-time measurement; review reports zero device-based measures, hence no raw-event preprocessing relevance
R008	146. Iaia M, Pasini M, Burnazzi A, Vitali P, Allara E, Farneti M. An educational intervention to promote healthy lifestyles in preschool children: a cluster‐RCT. Int J Obes (Lond). 2017;41(4):582‐590.					main article Table 2; explicit 622-article instrument matrix; obr13260-bib-0146	screen-time measurement; review reports zero device-based measures, hence no raw-event preprocessing relevance
R008	147. Hunsberger M, Formisano A, Reisch LA, et al. Overweight in singletons compared to children with siblings: the IDEFICS study. Nutr Diabetes. 2012;2(7):e35.					main article Table 2; explicit 622-article instrument matrix; obr13260-bib-0147	screen-time measurement; review reports zero device-based measures, hence no raw-event preprocessing relevance
R008	148. Huh SY, Rifas‐Shiman SL, Rich‐Edwards JW, Taveras EM, Gillman MW. Prospective association between milk intake and adiposity in preschool‐aged children. J Am Diet Assoc. 2010;110(4):563‐570.					main article Table 2; explicit 622-article instrument matrix; obr13260-bib-0148	screen-time measurement; review reports zero device-based measures, hence no raw-event preprocessing relevance
R008	149. Hudson CE, Cherry DJ, Ratcliffe SJ, McClellan LC. Head Start children's lifestyle behaviors, parental perceptions of weight, and body mass index. J Pediatr Nurs. 2009;24(4):292‐301.					main article Table 2; explicit 622-article instrument matrix; obr13260-bib-0149	screen-time measurement; review reports zero device-based measures, hence no raw-event preprocessing relevance
R008	150. Hudon TM, Fennell CT, Hoftyzer M. Quality not quantity of television viewing is associated with bilingual toddlers' vocabulary scores. Infant Behav Dev. 2013;36(2):245‐254.					main article Table 2; explicit 622-article instrument matrix; obr13260-bib-0150	screen-time measurement; review reports zero device-based measures, hence no raw-event preprocessing relevance
R008	151. Jackson DM, Djafarian K, Stewart J, Speakman JR. Increased television viewing is associated with elevated body fatness but not with lower total energy expenditure in children. Am J Clin Nutr. 2009;89(4):1031‐1036.					main article Table 2; explicit 622-article instrument matrix; obr13260-bib-0151	screen-time measurement; review reports zero device-based measures, hence no raw-event preprocessing relevance
R008	152. Isong IA, Rao SR, Bind MA, Avendaño M, Kawachi I, Richmond TK. Racial and ethnic disparities in early childhood obesity. Pediatrics. 2018;141(1):e20170865.					main article Table 2; explicit 622-article instrument matrix; obr13260-bib-0152	screen-time measurement; review reports zero device-based measures, hence no raw-event preprocessing relevance
R008	153. Jahan A, Rezina‐Parvin SZ, Bugum D. Familial, social and environmental risk factors in autism: a case‐control study. Bangladesh Med Res Counc Bull. 2014;40(3):113‐117.					main article Table 2; explicit 622-article instrument matrix; obr13260-bib-0153	screen-time measurement; review reports zero device-based measures, hence no raw-event preprocessing relevance
R008	154. Jago R, Stamatakis E, Gama A, et al. Parent and child screen‐viewing time and home media environment. Am J Prev Med. 2012;43(2):150‐158.					main article Table 2; explicit 622-article instrument matrix; obr13260-bib-0154	screen-time measurement; review reports zero device-based measures, hence no raw-event preprocessing relevance
R008	155. Jago R, Sebire SJ, Edwards MJ, Thompson JL. Parental TV viewing, parental self‐efficacy, media equipment and TV viewing among preschool children. Eur J Pediatr. 2013;172(11):1543‐1545.					main article Table 2; explicit 622-article instrument matrix; obr13260-bib-0155	screen-time measurement; review reports zero device-based measures, hence no raw-event preprocessing relevance
R008	156. Hnatiuk JA, Salmon J, Campbell KJ, Ridgers ND, Hesketh KD. Tracking of maternal self‐efficacy for limiting young children's television viewing and associations with children's television viewing time: a longitudinal analysis over 15‐months. BMC Public Health. 2015;15(1):517.					main article Table 2; explicit 622-article instrument matrix; obr13260-bib-0156	screen-time measurement; review reports zero device-based measures, hence no raw-event preprocessing relevance
R008	157. Hinkley T, Verbestel V, Ahrens W, et al. Early childhood electronic media use as a predictor of poorer well‐being: a prospective cohort study. JAMA Pediatr. 2014;168(5):485‐492.					main article Table 2; explicit 622-article instrument matrix; obr13260-bib-0157	screen-time measurement; review reports zero device-based measures, hence no raw-event preprocessing relevance
R008	158. Hinkley T, Timperio A, Salmon J, Hesketh K. Does preschool physical activity and electronic media use predict later social and emotional skills at 6 to 8 years? A cohort study. J Phys Act Health. 2017;14(4):308‐316.					main article Table 2; explicit 622-article instrument matrix; obr13260-bib-0158	screen-time measurement; review reports zero device-based measures, hence no raw-event preprocessing relevance
R008	159. Hinkley T, Salmon J, Okely AD, Crawford D, Hesketh K. Preschoolers' physical activity, screen time, and compliance with recommendations. Med Sci Sports Exerc. 2012;44(3):458‐465.					main article Table 2; explicit 622-article instrument matrix; obr13260-bib-0159	screen-time measurement; review reports zero device-based measures, hence no raw-event preprocessing relevance
R008	160. Hinkley T, Salmon J, Okely AD, Crawford D. The correlates of preschoolers' compliance with screen recommendations exist across multiple domains. Prev Med. 2013;57(3):212‐219.					main article Table 2; explicit 622-article instrument matrix; obr13260-bib-0160	screen-time measurement; review reports zero device-based measures, hence no raw-event preprocessing relevance
R008	161. Hinkley T, Cliff DP, Okely AD. Reducing electronic media use in 2–3 year‐old children: feasibility and efficacy of the Family@play pilot randomised controlled trial. BMC Public Health. 2015;15(1):779.					main article Table 2; explicit 622-article instrument matrix; obr13260-bib-0161	screen-time measurement; review reports zero device-based measures, hence no raw-event preprocessing relevance
R008	162. Hinkley T, Carson V, Kalomakaefu K, Brown H. What mums think matters: a mediating model of maternal perceptions of the impact of screen time on preschoolers' actual screen time. Prev Med Rep. 2017;6:339‐345.					main article Table 2; explicit 622-article instrument matrix; obr13260-bib-0162	screen-time measurement; review reports zero device-based measures, hence no raw-event preprocessing relevance
R008	163. Hinkley T, Brown H, Carson V, Teychenne M. Cross sectional associations of screen time and outdoor play with social skills in preschool children. PLoS One. 2018;13(4):e0193700.					main article Table 2; explicit 622-article instrument matrix; obr13260-bib-0163	screen-time measurement; review reports zero device-based measures, hence no raw-event preprocessing relevance
R008	164. Howe AS, Heath ALM, Lawrence J, et al. Parenting style and family type, but not child temperament, are associated with television viewing time in children at two years of age. PLoS One. 2017;12(12):e0188558.					main article Table 2; explicit 622-article instrument matrix; obr13260-bib-0164	screen-time measurement; review reports zero device-based measures, hence no raw-event preprocessing relevance
R008	165. Hesketh KD, Downing KL, Campbell K, Crawford D, Salmon J, Hnatiuk JA. Proportion of infants meeting the Australian 24‐hour Movement Guidelines for the Early Years: data from the Melbourne InFANT Program. BMC Public Health. 2017;17(Suppl 5):856.					main article Table 2; explicit 622-article instrument matrix; obr13260-bib-0165	screen-time measurement; review reports zero device-based measures, hence no raw-event preprocessing relevance
R008	166. Hesketh KD, Crawford DA, Abbott G, Campbell KJ, Salmon J. Prevalence and stability of active play, restricted movement and television viewing in infants. Early Child Dev Care. 2015;185(6):883‐894.					main article Table 2; explicit 622-article instrument matrix; obr13260-bib-0166	screen-time measurement; review reports zero device-based measures, hence no raw-event preprocessing relevance
R008	167. Herrmann D, Buck C, Sioen I, et al. Impact of physical activity, sedentary behaviour and muscle strength on bone stiffness in 2–10‐year‐old children‐cross‐sectional results from the IDEFICS study. Int J Behav Nutr Phys Act. 2015;12(1):112.					main article Table 2; explicit 622-article instrument matrix; obr13260-bib-0167	screen-time measurement; review reports zero device-based measures, hence no raw-event preprocessing relevance
R008	168. Händel MN, Larsen SC, Rohde JF, Stougaard M, Olsen NJ, Heitmann BL. Effects of the Healthy Start randomized intervention trial on physical activity among normal weight preschool children predisposed to overweight and obesity. PLoS One. 2017;12(10):e0185266.					main article Table 2; explicit 622-article instrument matrix; obr13260-bib-0168	screen-time measurement; review reports zero device-based measures, hence no raw-event preprocessing relevance
R008	169. Hense S, Barba G, Pohlabeln H, et al. Factors that influence weekday sleep duration in European children. Sleep. 2011;34(5):633‐639.					main article Table 2; explicit 622-article instrument matrix; obr13260-bib-0169	screen-time measurement; review reports zero device-based measures, hence no raw-event preprocessing relevance
R008	170. Haines J, McDonald J, O'Brien A, et al. Healthy habits, happy homes: randomized trial to improve household routines for obesity prevention among preschool‐aged children. JAMA Pediatr. 2013;167(11):1072‐1079.					main article Table 2; explicit 622-article instrument matrix; obr13260-bib-0170	screen-time measurement; review reports zero device-based measures, hence no raw-event preprocessing relevance
R008	171. Hasnain SR, Singer MR, Bradlee ML, Moore LL. Beverage intake in early childhood and change in body fat from preschool to adolescence. Child Obes. 2014;10(1):42‐49.					main article Table 2; explicit 622-article instrument matrix; obr13260-bib-0171	screen-time measurement; review reports zero device-based measures, hence no raw-event preprocessing relevance
R008	172. Harrison K, Peralta M. Parent and child media exposure, preschooler dietary intake, and preschooler healthy‐meal schemas in the context of food insecurity. J Commun. 2015;65(3):443‐464.					main article Table 2; explicit 622-article instrument matrix; obr13260-bib-0172	screen-time measurement; review reports zero device-based measures, hence no raw-event preprocessing relevance
R008	173. Harrison K, Liechty JM. Us preschoolers' media exposure and dietary habits: the primacy of television and the limits of parental mediation. J Child Media. 2012;6(1):18‐36.					main article Table 2; explicit 622-article instrument matrix; obr13260-bib-0173	screen-time measurement; review reports zero device-based measures, hence no raw-event preprocessing relevance
R008	174. Gülay Ogelman H, Güngör H, Körükçü Ö, Erten SH. Examination of the relationship between technology use of 5–6 year‐old children and their social skills and social status. Early Child Dev Care. 2018;188(2):168‐182.					main article Table 2; explicit 622-article instrument matrix; obr13260-bib-0174	screen-time measurement; review reports zero device-based measures, hence no raw-event preprocessing relevance
R008	175. Gubbels JS, Kremers SPJ, Stafleu A, Goldbohm RA, de Vries NK, Thijs C. Clustering of energy balance‐related behaviors in 5‐year‐old children: lifestyle patterns and their longitudinal association with weight status development in early childhood. Int J Behav Nutr Phys Act. 2012;9(1):77.					main article Table 2; explicit 622-article instrument matrix; obr13260-bib-0175	screen-time measurement; review reports zero device-based measures, hence no raw-event preprocessing relevance
R008	176. Gubbels JS, Kremers SPJ, Stafleu A, et al. Clustering of dietary intake and sedentary behavior in 2‐year‐old children. J Pediatr. 2009;155(2):194‐198.					main article Table 2; explicit 622-article instrument matrix; obr13260-bib-0176	screen-time measurement; review reports zero device-based measures, hence no raw-event preprocessing relevance
R008	177. Gubbels JS, Kremers SP, Stafleu A, et al. Association between parenting practices and children's dietary intake, activity behavior and development of body mass index: the KOALA Birth Cohort Study. Int J Behav Nutr Phys Act. 2011;8(1):18.					main article Table 2; explicit 622-article instrument matrix; obr13260-bib-0177	screen-time measurement; review reports zero device-based measures, hence no raw-event preprocessing relevance
R008	178. Grummon AH, Vaughn A, Jones DJ, Ward DS. Cumulative risk exposure and waist circumference in preschool‐aged children: the mediating role of television and moderating role of sex. Ann Behav Med. 2017;51(4):489‐499.					main article Table 2; explicit 622-article instrument matrix; obr13260-bib-0178	screen-time measurement; review reports zero device-based measures, hence no raw-event preprocessing relevance
R008	179. Gottfried M, Le V‐N. Is full‐day kindergarten linked to children's physical activity? Early Child Res Q. 2017;40:138‐149.					main article Table 2; explicit 622-article instrument matrix; obr13260-bib-0179	screen-time measurement; review reports zero device-based measures, hence no raw-event preprocessing relevance
R008	180. González‐Gil EM, Mouratidou T, Cardon G, et al. Reliability of primary caregivers reports on lifestyle behaviours of European pre‐school children: the ToyBox‐study. Obes Rev. 2014;15(SUPPL.3):61‐66.					main article Table 2; explicit 622-article instrument matrix; obr13260-bib-0180	screen-time measurement; review reports zero device-based measures, hence no raw-event preprocessing relevance
R008	181. Greenberg RS, Ariza AJ, Binns HJ. Activity and dietary habits of mothers and children: close ties. Clin Pediatr. 2010;49(11):1026‐1032.					main article Table 2; explicit 622-article instrument matrix; obr13260-bib-0181	screen-time measurement; review reports zero device-based measures, hence no raw-event preprocessing relevance
R008	182. Garrison MM, Liekweg K, Christakis DA. Media use and child sleep: the impact of content, timing, and environment. Pediatrics. 2011;128(1):29‐35.					main article Table 2; explicit 622-article instrument matrix; obr13260-bib-0182	screen-time measurement; review reports zero device-based measures, hence no raw-event preprocessing relevance
R008	183. Garrison MM, Christakis DA. The impact of a healthy media use intervention on sleep in preschool children. Pediatrics. 2012;130(3):492‐499.					main article Table 2; explicit 622-article instrument matrix; obr13260-bib-0183	screen-time measurement; review reports zero device-based measures, hence no raw-event preprocessing relevance
R008	184. Garriguet D, Carson V, Colley RC, Janssen I, Timmons BW, Tremblay MS. Physical activity and sedentary behaviour of Canadian children aged 3 to 5. Health Rep. 2016;27(9):14‐23.					main article Table 2; explicit 622-article instrument matrix; obr13260-bib-0184	screen-time measurement; review reports zero device-based measures, hence no raw-event preprocessing relevance
R008	185. Gadomski AM, Scribani MB, Krupa N, Jenkins P, Nagykaldi Z, Olson AL. Pet dogs and children's health: opportunities for chronic disease prevention? Prev Chro Dis: Public Health Rese, Prac Pol. 2015;12.					main article Table 2; explicit 622-article instrument matrix; obr13260-bib-0185	screen-time measurement; review reports zero device-based measures, hence no raw-event preprocessing relevance
R008	186. Gadomski AM, Scribani MB, Krupa N, Jenkins P. Pet dogs and child physical activity: the role of child‐dog attachment. Pediatr Obes. 2017;12(5):e37‐e40.					main article Table 2; explicit 622-article instrument matrix; obr13260-bib-0186	screen-time measurement; review reports zero device-based measures, hence no raw-event preprocessing relevance
R008	187. Funk JB, Brouwer J, Curtiss K, McBroom E. Parents of preschoolers: expert media recommendations and ratings knowledge, media‐effects beliefs, and monitoring practices. Pediatrics. 2009;123(3):981‐988.					main article Table 2; explicit 622-article instrument matrix; obr13260-bib-0187	screen-time measurement; review reports zero device-based measures, hence no raw-event preprocessing relevance
R008	188. Fuemmeler BF, Stroo M, Lee CT, Bazemore S, Blocker B, Ostbye T. Racial differences in obesity‐related risk factors between 2‐year‐old children born of overweight mothers. J Pediatr Psychol. 2015;40(7):649‐656.					main article Table 2; explicit 622-article instrument matrix; obr13260-bib-0188	screen-time measurement; review reports zero device-based measures, hence no raw-event preprocessing relevance
R008	189. Genuneit J, Brockmann PE, Schlarb AA, Rothenbacher D. Media consumption and sleep quality in early childhood: results from the Ulm SPATZ Health Study. Sleep Med. 2018;45:7‐10.					main article Table 2; explicit 622-article instrument matrix; obr13260-bib-0189	screen-time measurement; review reports zero device-based measures, hence no raw-event preprocessing relevance
R008	190. Froiland JM, Davison ML. Home literacy, television viewing, fidgeting and ADHD in young children. Educ Psych. 2016;36(8):1337‐1353.					main article Table 2; explicit 622-article instrument matrix; obr13260-bib-0190	screen-time measurement; review reports zero device-based measures, hence no raw-event preprocessing relevance
R008	191. Frate N, Jenull B, Birnbacher R. Like father, like son. Physical activity, dietary intake, and media consumption in pre‐school‐aged children. Int J Environ Res Public Health. 2019;16(3):306.					main article Table 2; explicit 622-article instrument matrix; obr13260-bib-0191	screen-time measurement; review reports zero device-based measures, hence no raw-event preprocessing relevance
R008	192. Francis SL, Stancel MJ, Sernulka‐George FD, Broffitt B, Levy SM, Janz KF. Tracking of TV and video gaming during childhood: Iowa Bone Development Study. Int J Behav Nutr Phys Act. 2011;8(1):100.					main article Table 2; explicit 622-article instrument matrix; obr13260-bib-0192	screen-time measurement; review reports zero device-based measures, hence no raw-event preprocessing relevance
R008	193. Foster EM, Watkins S. The value of reanalysis: TV viewing and attention problems. Child Dev. 2010;81(1):368‐375.					main article Table 2; explicit 622-article instrument matrix; obr13260-bib-0193	screen-time measurement; review reports zero device-based measures, hence no raw-event preprocessing relevance
R008	194. Foster BA, Aquino C, Gil M, Flores G, Hale D. A randomized clinical trial of the effects of parent mentors on early childhood obesity: study design and baseline data. Contemp Clin Trials. 2015;45(Pt B):164‐169.					main article Table 2; explicit 622-article instrument matrix; obr13260-bib-0194	screen-time measurement; review reports zero device-based measures, hence no raw-event preprocessing relevance
R008	195. Finch M, Wolfenden L, Morgan PJ, Freund M, Jones J, Wiggers J. A cluster randomized trial of a multi‐level intervention, delivered by service staff, to increase physical activity of children attending center‐based childcare. Prev Med. 2014;58(1):9‐16.					main article Table 2; explicit 622-article instrument matrix; obr13260-bib-0195	screen-time measurement; review reports zero device-based measures, hence no raw-event preprocessing relevance
R008	196. Fitzpatrick C, Barnett T, Pagani LS. Early exposure to media violence and later child adjustment. J Dev Behav Pediatr. 2012;33(4):291‐297.					main article Table 2; explicit 622-article instrument matrix; obr13260-bib-0196	screen-time measurement; review reports zero device-based measures, hence no raw-event preprocessing relevance
R008	197. Loprinzi PD, Schary DP, Cardinal BJ. Adherence to active play and electronic media guidelines in preschool children: gender and parental education considerations. Matern Child Health J. 2013;17(1):56‐61.					main article Table 2; explicit 622-article instrument matrix; obr13260-bib-0197	screen-time measurement; review reports zero device-based measures, hence no raw-event preprocessing relevance
R008	198. Loprinzi PD, Davis RE. Secular trends in parent‐reported television viewing among children in the United States, 2001–2012. Child Care Health Dev. 2016;42(2):288‐291.					main article Table 2; explicit 622-article instrument matrix; obr13260-bib-0198	screen-time measurement; review reports zero device-based measures, hence no raw-event preprocessing relevance
R008	199. Lopez‐Vicente M, Garcia‐Aymerich J, Torrent‐Pallicer J, et al. Are early physical activity and sedentary behaviors related to working memory at 7 and 14 years of age? J Pediatr. 2017;188:35‐41.e31.					main article Table 2; explicit 622-article instrument matrix; obr13260-bib-0199	screen-time measurement; review reports zero device-based measures, hence no raw-event preprocessing relevance
R008	200. Longacre MR, Drake KM, Titus LJ, et al. Child‐targeted TV advertising and preschoolers' consumption of high‐sugar breakfast cereals. Appetite. 2017;108:295‐302.					main article Table 2; explicit 622-article instrument matrix; obr13260-bib-0200	screen-time measurement; review reports zero device-based measures, hence no raw-event preprocessing relevance
R008	201. Lumeng JC, Miller AL, Horodynski MA, et al. Improving self‐regulation for obesity prevention in head start: a randomized controlled trial. Pediatrics. 2017;139(5):e20162047.					main article Table 2; explicit 622-article instrument matrix; obr13260-bib-0201	screen-time measurement; review reports zero device-based measures, hence no raw-event preprocessing relevance
R008	202. Lissner L, Lanfer A, Gwozdz W, et al. Television habits in relation to overweight, diet and taste preferences in European children: the IDEFICS study. Eur J Epidemiol. 2012;27(9):705‐715.					main article Table 2; explicit 622-article instrument matrix; obr13260-bib-0202	screen-time measurement; review reports zero device-based measures, hence no raw-event preprocessing relevance
R008	203. Lioret S, Touvier M, Dubuisson C, et al. Trends in child overweight rates and energy intake in France from 1999 to 2007: relationships with socioeconomic status. Obesity (Silver Spring). 2009;17(5):1092‐1100.					main article Table 2; explicit 622-article instrument matrix; obr13260-bib-0203	screen-time measurement; review reports zero device-based measures, hence no raw-event preprocessing relevance
R008	204. Ling J, Robbins LB, Zhang N, et al. Using Facebook in a healthy lifestyle intervention: feasibility and preliminary efficacy. West J Nurs Res. 2018;40(12):1818‐1842.					main article Table 2; explicit 622-article instrument matrix; obr13260-bib-0204	screen-time measurement; review reports zero device-based measures, hence no raw-event preprocessing relevance
R008	205. Lillard AS, Peterson J. The immediate impact of different types of television on young children's executive function. Pediatrics. 2011;128(4):644‐649.					main article Table 2; explicit 622-article instrument matrix; obr13260-bib-0205	screen-time measurement; review reports zero device-based measures, hence no raw-event preprocessing relevance
R008	206. Li K, Jurkowski JM, Davison KK. Social support may buffer the effect of intrafamilial stressors on preschool children's television viewing time in low‐income families. Child Obes. 2013;9(6):484‐491.					main article Table 2; explicit 622-article instrument matrix; obr13260-bib-0206	screen-time measurement; review reports zero device-based measures, hence no raw-event preprocessing relevance
R008	207. Lehto E, Ray C, Vepsalainen H, et al. Increased Health and Wellbeing in Preschools (DAGIS) Study—differences in children's energy balance‐related behaviors (EBRBs) and in long‐term stress by parental educational level. Int J Environ Res Public Health. 2018;15(10):2313.					main article Table 2; explicit 622-article instrument matrix; obr13260-bib-0207	screen-time measurement; review reports zero device-based measures, hence no raw-event preprocessing relevance
R008	208. Lee ST, Wong JE, Ong WW, Ismail MN, Deurenberg P, Poh BK. Physical activity pattern of Malaysian preschoolers: environment, barriers, and motivators for active play. Asia Pac J Public Health. 2016;28(5 Suppl):21s‐34s.					main article Table 2; explicit 622-article instrument matrix; obr13260-bib-0208	screen-time measurement; review reports zero device-based measures, hence no raw-event preprocessing relevance
R008	209. Lee EY, Hesketh KD, Rhodes RE, Rinaldi CM, Spence JC, Carson V. Role of parental and environmental characteristics in toddlers' physical activity and screen time: Bayesian analysis of structural equation models. Int J Behav Nutr Phys Act. 2018;15(1):17.					main article Table 2; explicit 622-article instrument matrix; obr13260-bib-0209	screen-time measurement; review reports zero device-based measures, hence no raw-event preprocessing relevance
R008	210. Lee EY, Hesketh KD, Hunter S, et al. Meeting new Canadian 24‐Hour Movement Guidelines for the Early Years and associations with adiposity among toddlers living in Edmonton, Canada. BMC Public Health. 2017;17(Suppl 5):840.					main article Table 2; explicit 622-article instrument matrix; obr13260-bib-0210	screen-time measurement; review reports zero device-based measures, hence no raw-event preprocessing relevance
R008	211. Lee A, Chua HW, Chan M, Leung PW, Wong JW, Chuh AA. Health disparity still exists in an economically well‐developed society in Asia. PLoS One. 2015;10(6):e0130424.					main article Table 2; explicit 622-article instrument matrix; obr13260-bib-0211	screen-time measurement; review reports zero device-based measures, hence no raw-event preprocessing relevance
R008	212. Lee S‐J, Bartolic S, Vandewater EA. Predicting children's media use in the USA: differences in cross‐sectional and longitudinal analysis. Br J Dev Psychol. 2009;27(1):123‐143.					main article Table 2; explicit 622-article instrument matrix; obr13260-bib-0212	screen-time measurement; review reports zero device-based measures, hence no raw-event preprocessing relevance
R008	213. Kuhl ES, Clifford LM, Bandstra NF, et al. Examination of the association between lifestyle behavior changes and weight outcomes in preschoolers receiving treatment for obesity. Health Psychol. 2014;33(1):95‐98.					main article Table 2; explicit 622-article instrument matrix; obr13260-bib-0213	screen-time measurement; review reports zero device-based measures, hence no raw-event preprocessing relevance
R008	214. Kong A, Buscemi J, Stolley MR, et al. Hip‐Hop to Health Jr. randomized effectiveness trial: 1‐year follow‐up results. Am J Prev Med. 2016;50(2):136‐144.					main article Table 2; explicit 622-article instrument matrix; obr13260-bib-0214	screen-time measurement; review reports zero device-based measures, hence no raw-event preprocessing relevance
R008	215. Lauricella AR, Wartella E, Rideout VJ. Young children's screen time: the complex role of parent and child factors. J App Develo Psyc. 2015;36:11‐17.					main article Table 2; explicit 622-article instrument matrix; obr13260-bib-0215	screen-time measurement; review reports zero device-based measures, hence no raw-event preprocessing relevance
R008	216. Laukkanen A, Niemisto D, Finni T, Cantell M, Korhonen E, Saakslahti A. Correlates of physical activity parenting: the Skilled Kids study. Scand J Med Sci Sports. 2018;28(12):2691‐2701.					main article Table 2; explicit 622-article instrument matrix; obr13260-bib-0216	screen-time measurement; review reports zero device-based measures, hence no raw-event preprocessing relevance
R008	217. Latomme J, Cardon G, De Bourdeaudhuij I, et al. Effect and process evaluation of a kindergarten‐based, family‐involved intervention with a randomized cluster design on sedentary behaviour in 4‐ to 6‐ year old European preschool children: the ToyBox‐study. PLoS One. 2017;12(4):e0172730.					main article Table 2; explicit 622-article instrument matrix; obr13260-bib-0217	screen-time measurement; review reports zero device-based measures, hence no raw-event preprocessing relevance
R008	218. Kwon S, Janz KF, Letuchy EM, Burns TL, Levy SM. Developmental trajectories of physical activity, sports, and television viewing during childhood to young adulthood: Iowa Bone Development Study. JAMA Pediatr. 2015;169(7):666‐672.					main article Table 2; explicit 622-article instrument matrix; obr13260-bib-0218	screen-time measurement; review reports zero device-based measures, hence no raw-event preprocessing relevance
R008	219. Kuzik N, Carson V. The association between physical activity, sedentary behavior, sleep, and body mass index z‐scores in different settings among toddlers and preschoolers. BMC Pediatr. 2016;16(1):100.					main article Table 2; explicit 622-article instrument matrix; obr13260-bib-0219	screen-time measurement; review reports zero device-based measures, hence no raw-event preprocessing relevance
R008	220. Kondolot M, Poyrazoǧlu S, Horoz D, et al. Risk factors for overweight and obesity in children aged 2–6 years. J Pediatr Endocrinol Metab. 2017;30(5):499‐505.					main article Table 2; explicit 622-article instrument matrix; obr13260-bib-0220	screen-time measurement; review reports zero device-based measures, hence no raw-event preprocessing relevance
R008	221. Lapierre MA. Low‐income child consumers across cultures: an investigation of children's consumer behavior in three diverse communities in North America. J Child Media. 2013;7(2):151‐169.					main article Table 2; explicit 622-article instrument matrix; obr13260-bib-0221	screen-time measurement; review reports zero device-based measures, hence no raw-event preprocessing relevance
R008	222. Lampard AM, Jurkowski JM, Davison KK. Social‐cognitive predictors of low‐income parents' restriction of screen time among preschool‐aged children. Health Educ Behav. 2013;40(5):526‐530.					main article Table 2; explicit 622-article instrument matrix; obr13260-bib-0222	screen-time measurement; review reports zero device-based measures, hence no raw-event preprocessing relevance
R008	223. Lampard AM, Jurkowski JM, Davison KK. The family context of low‐income parents who restrict child screen time. Child Obes. 2013;9(5):386‐392.					main article Table 2; explicit 622-article instrument matrix; obr13260-bib-0223	screen-time measurement; review reports zero device-based measures, hence no raw-event preprocessing relevance
R008	224. Kovács E, Siani A, Konstabel K, et al. Adherence to the obesity‐related lifestyle intervention targets in the IDEFICS study. Int J Obes (Lond). 2014;38(S2):S144‐S151.					main article Table 2; explicit 622-article instrument matrix; obr13260-bib-0224	screen-time measurement; review reports zero device-based measures, hence no raw-event preprocessing relevance
R008	225. Kovacs E, Hunsberger M, Reisch L, et al. Adherence to combined lifestyle factors and their contribution to obesity in the IDEFICS study. Obes Rev. 2015;16(Suppl 2):138‐150.					main article Table 2; explicit 622-article instrument matrix; obr13260-bib-0225	screen-time measurement; review reports zero device-based measures, hence no raw-event preprocessing relevance
R008	226. Kourlaba G, Kondaki K, Liarigkovinos T, Manios Y. Factors associated with television viewing time in toddlers and preschoolers in Greece: the GENESIS study. J Public Health (Oxf). 2009;31(2):222‐230.					main article Table 2; explicit 622-article instrument matrix; obr13260-bib-0226	screen-time measurement; review reports zero device-based measures, hence no raw-event preprocessing relevance
R008	227. Kostyrka‐Allchorne K, Cooper NR, Simpson A. Touchscreen generation: children's current media use, parental supervision methods and attitudes towards contemporary media. Acta Paedia, Intern J Paed. 2017;106(4):654‐662.					main article Table 2; explicit 622-article instrument matrix; obr13260-bib-0227	screen-time measurement; review reports zero device-based measures, hence no raw-event preprocessing relevance
R008	228. Kiefte‐de Jong JC, de Vries JH, Escher JC, et al. Role of dietary patterns, sedentary behaviour and overweight on the longitudinal development of childhood constipation: the Generation R study. Matern Child Nutr. 2013;9(4):511‐523.					main article Table 2; explicit 622-article instrument matrix; obr13260-bib-0228	screen-time measurement; review reports zero device-based measures, hence no raw-event preprocessing relevance
R008	229. Kiefte‐De Jong JC, De Vries JH, Bleeker SE, et al. Socio‐demographic and lifestyle determinants of ‘Western‐like’ and ‘Health conscious’ dietary patterns in toddlers. Br J Nutr. 2013;109(1):137‐147.					main article Table 2; explicit 622-article instrument matrix; obr13260-bib-0229	screen-time measurement; review reports zero device-based measures, hence no raw-event preprocessing relevance
R008	230. Khan KS, Purtell KM, Logan J, Ansari A, Justice LM. Association between television viewing and parent‐child reading in the early home environment. J Dev Behav Pediatr. 2017;38(7):521‐527.					main article Table 2; explicit 622-article instrument matrix; obr13260-bib-0230	screen-time measurement; review reports zero device-based measures, hence no raw-event preprocessing relevance
R008	231. Khalsa AS, Kharofa R, Ollberding NJ, Bishop L, Copeland KA. Attainment of ‘5‐2‐1‐0’ obesity recommendations in preschool‐aged children. Prev Med Rep. 2017;8:79‐87.					main article Table 2; explicit 622-article instrument matrix; obr13260-bib-0231	screen-time measurement; review reports zero device-based measures, hence no raw-event preprocessing relevance
R008	232. Knowlden AP, Sharma M, Cottrell RR, Wilson BR, Johnson ML. Impact evaluation of Enabling Mothers to Prevent Pediatric Obesity through Web‐Based Education and Reciprocal Determinism (EMPOWER) randomized control trial. Health Educ Behav. 2015;42(2):171‐184.					main article Table 2; explicit 622-article instrument matrix; obr13260-bib-0232	screen-time measurement; review reports zero device-based measures, hence no raw-event preprocessing relevance
R008	233. Knowlden A, Sharma M. One‐year efficacy testing of Enabling Mothers to Prevent Pediatric Obesity Through Web‐Based Education and Reciprocal Determinism (EMPOWER) randomized control trial. Health Educ Behav. 2016;43(1):94‐106.					main article Table 2; explicit 622-article instrument matrix; obr13260-bib-0233	screen-time measurement; review reports zero device-based measures, hence no raw-event preprocessing relevance
R008	234. Kirkorian HL, Choi K. Associations between toddlers' naturalistic media experience and observed learning from screens. Inf Dent. 2017;22(2):271‐277.					main article Table 2; explicit 622-article instrument matrix; obr13260-bib-0234	screen-time measurement; review reports zero device-based measures, hence no raw-event preprocessing relevance
R008	235. Kenney MK. Child, family, and neighborhood associations with parent and peer interactive play during early childhood. Matern Child Health J. 2012;16(Suppl 1):S88‐S101.					main article Table 2; explicit 622-article instrument matrix; obr13260-bib-0235	screen-time measurement; review reports zero device-based measures, hence no raw-event preprocessing relevance
R008	236. Keita AD, Risica PM, Drenner KL, Adams I, Gorham G, Gans KM. Feasibility and acceptability of an early childhood obesity prevention intervention: results from the healthy homes, healthy families pilot study. J Obes. 2014;2014:378501.					main article Table 2; explicit 622-article instrument matrix; obr13260-bib-0236	screen-time measurement; review reports zero device-based measures, hence no raw-event preprocessing relevance
R008	237. Kayiran SM, Soyak G, Gürakan B. Electronic media use by children in families of high socioeconomic level and familial factors. Turk J Pediatr. 2010;52(5):491‐499.					main article Table 2; explicit 622-article instrument matrix; obr13260-bib-0237	screen-time measurement; review reports zero device-based measures, hence no raw-event preprocessing relevance
R008	238. Khatiwada A, Shoaibi A, Neelon B, Emond JA, Benjamin‐Neelon SE. Household chaos during infancy and infant weight status at 12 months. Pediatr Obes. 2018;13(10):607‐613.					main article Table 2; explicit 622-article instrument matrix; obr13260-bib-0238	screen-time measurement; review reports zero device-based measures, hence no raw-event preprocessing relevance
R008	239. Karvonen AM, Sordillo JE, Gold DR, et al. Gut microbiota and overweight in 3‐year old children. Int J Obes (Lond). 2019;43(4):713‐723.					main article Table 2; explicit 622-article instrument matrix; obr13260-bib-0239	screen-time measurement; review reports zero device-based measures, hence no raw-event preprocessing relevance
R008	240. Kabali HK, Irigoyen MM, Nunez‐Davis R, et al. Exposure and use of mobile media devices by young children. Pediatrics. 2015;136(6):1044‐1050.					main article Table 2; explicit 622-article instrument matrix; obr13260-bib-0240	screen-time measurement; review reports zero device-based measures, hence no raw-event preprocessing relevance
R008	241. Onishi S, Okawa N, Utsumi M, Yamada K, Morioka I. Social development conditions and related factors for children in Japanese kindergarten in Shanghai, China. Envir Hea Preve Med. 2013;18(1):40‐48.					main article Table 2; explicit 622-article instrument matrix; obr13260-bib-0241	screen-time measurement; review reports zero device-based measures, hence no raw-event preprocessing relevance
R008	242. Okely AD, Trost SG, Steele JR, Cliff DP, Mickle K. Adherence to physical activity and electronic media guidelines in Australian pre‐school children. J Paediatr Child Health. 2009;45(1–2):5‐8.					main article Table 2; explicit 622-article instrument matrix; obr13260-bib-0242	screen-time measurement; review reports zero device-based measures, hence no raw-event preprocessing relevance
R008	243. Olafsdottir S, Eiben G, Prell H, et al. Young children's screen habits are associated with consumption of sweetened beverages independently of parental norms. Int J Public Health. 2014;59(1):67‐75.					main article Table 2; explicit 622-article instrument matrix; obr13260-bib-0243	screen-time measurement; review reports zero device-based measures, hence no raw-event preprocessing relevance
R008	244. Olafsdottir S, Berg C, Eiben G, et al. Young children's screen activities, sweet drink consumption and anthropometry: results from a prospective European study. Eur J Clin Nutr. 2014;68(2):223‐228.					main article Table 2; explicit 622-article instrument matrix; obr13260-bib-0244	screen-time measurement; review reports zero device-based measures, hence no raw-event preprocessing relevance
R008	245. Njoroge WFM, Elenbaas LM, Garrison MM, Myaing M, Christakis DA. Parental cultural attitudes and beliefs regarding young children and television. JAMA Pediatr. 2013;167(8):739‐745.					main article Table 2; explicit 622-article instrument matrix; obr13260-bib-0245	screen-time measurement; review reports zero device-based measures, hence no raw-event preprocessing relevance
R008	246. Nevski E, Siibak A. The role of parents and parental mediation on 0–3‐year olds' digital play with smart devices: Estonian parents' attitudes and practices. Early Years: An Inter J Res Dev. 2016;36(3):227‐241.					main article Table 2; explicit 622-article instrument matrix; obr13260-bib-0246	screen-time measurement; review reports zero device-based measures, hence no raw-event preprocessing relevance
R008	247. Nevarez MD, Rifas‐Shiman SL, Kleinman KP, Gillman MW, Taveras EM. Associations of early life risk factors with infant sleep duration. Acad Pediatr. 2010;10(3):187‐193.					main article Table 2; explicit 622-article instrument matrix; obr13260-bib-0247	screen-time measurement; review reports zero device-based measures, hence no raw-event preprocessing relevance
R008	248. Natsiopoulou T, Melissa‐Halikiopoulou C. Effects of socioeconomic status on television viewing conditions of preschoolers in northern Greece. Early Child Dev Care. 2009;179(4):407‐423.					main article Table 2; explicit 622-article instrument matrix; obr13260-bib-0248	screen-time measurement; review reports zero device-based measures, hence no raw-event preprocessing relevance
R008	249. Nathanson AI, Sharp ML, Aladé F, Rasmussen EE, Christy K. The relation between television exposure and theory of mind among preschoolers. J Commun. 2013;63(6):1088‐1108.					main article Table 2; explicit 622-article instrument matrix; obr13260-bib-0249	screen-time measurement; review reports zero device-based measures, hence no raw-event preprocessing relevance
R008	250. Nathanson AI, Fries PT. Television exposure, sleep time, and neuropsychological function among preschoolers. Media Psychol. 2014;17(3):237‐261.					main article Table 2; explicit 622-article instrument matrix; obr13260-bib-0250	screen-time measurement; review reports zero device-based measures, hence no raw-event preprocessing relevance
R008	251. Natale RA, Messiah SE, Asfour L, Uhlhorn SB, Delamater A, Arheart KL. Role modeling as an early childhood obesity prevention strategy: effect of parents and teachers on preschool children's healthy lifestyle habits. J Dev Behav Pediatr. 2014;35(6):378‐387.					main article Table 2; explicit 622-article instrument matrix; obr13260-bib-0251	screen-time measurement; review reports zero device-based measures, hence no raw-event preprocessing relevance
R008	252. Nikkelen SWC, Vossen HGM, Valkenburg PM. Children's television viewing and ADHD‐related behaviors: evidence from the Netherlands. J Child Media. 2015;9(4):399‐418.					main article Table 2; explicit 622-article instrument matrix; obr13260-bib-0252	screen-time measurement; review reports zero device-based measures, hence no raw-event preprocessing relevance
R008	253. Must A, Phillips SM, Curtin C, et al. Comparison of sedentary behaviors between children with autism spectrum disorders and typically developing children. Autism. 2014;18(4):376‐384.					main article Table 2; explicit 622-article instrument matrix; obr13260-bib-0253	screen-time measurement; review reports zero device-based measures, hence no raw-event preprocessing relevance
R008	254. Must A, Phillips S, Curtin C, Bandini LG. Barriers to physical activity in children with autism spectrum disorders: relationship to physical activity and screen time. J Phys Act Health. 2015;12(4):529‐534.					main article Table 2; explicit 622-article instrument matrix; obr13260-bib-0254	screen-time measurement; review reports zero device-based measures, hence no raw-event preprocessing relevance
R008	255. Nathanson AI, Beyens I. The role of sleep in the relation between young children's mobile media use and effortful control. Br J Dev Psychol. 2018;36(1):1‐21.					main article Table 2; explicit 622-article instrument matrix; obr13260-bib-0255	screen-time measurement; review reports zero device-based measures, hence no raw-event preprocessing relevance
R008	256. Nathanson AI, Beyens I. The relation between use of mobile electronic devices and bedtime resistance, sleep duration, and daytime sleepiness among preschoolers. Behav Sleep Med. 2018;16(2):202‐219.					main article Table 2; explicit 622-article instrument matrix; obr13260-bib-0256	screen-time measurement; review reports zero device-based measures, hence no raw-event preprocessing relevance
R008	257. Nathanson AI, Alade F, Sharp ML, Rasmussen EE, Christy K. The relation between television exposure and executive function among preschoolers. Dev Psychol. 2014;50(5):1497‐1506.					main article Table 2; explicit 622-article instrument matrix; obr13260-bib-0257	screen-time measurement; review reports zero device-based measures, hence no raw-event preprocessing relevance
R008	258. Munzer TG, Miller AL, Peterson KE, et al. Media exposure in low‐income preschool‐aged children is associated with multiple measures of self‐regulatory behavior. J Dev Behav Pediatr. 2018;39(4):303‐309.					main article Table 2; explicit 622-article instrument matrix; obr13260-bib-0258	screen-time measurement; review reports zero device-based measures, hence no raw-event preprocessing relevance
R008	259. Morrissey TW. Maternal depressive symptoms and weight‐related parenting behaviors. Matern Child Health J. 2014;18(6):1328‐1335.					main article Table 2; explicit 622-article instrument matrix; obr13260-bib-0259	screen-time measurement; review reports zero device-based measures, hence no raw-event preprocessing relevance
R008	260. Nabi RL, Krcmar M. It takes two: the effect of child characteristics on US parents' motivations for allowing electronic media use. J Child Media. 2016;10(3):285‐303.					main article Table 2; explicit 622-article instrument matrix; obr13260-bib-0260	screen-time measurement; review reports zero device-based measures, hence no raw-event preprocessing relevance
R008	261. Miller DP. Associations between the home and school environments and child body mass index. Soc Sci Med. 2011;72(5):677‐684.					main article Table 2; explicit 622-article instrument matrix; obr13260-bib-0261	screen-time measurement; review reports zero device-based measures, hence no raw-event preprocessing relevance
R008	262. Moon JH, Cho SY, Lim SM, et al. Smart device usage in early childhood is differentially associated with fine motor and language development. Acta Paediatrica. 2019;108(5):903‐910.					main article Table 2; explicit 622-article instrument matrix; obr13260-bib-0262	screen-time measurement; review reports zero device-based measures, hence no raw-event preprocessing relevance
R008	263. Miguel‐Berges ML, Zachari K, Santaliestra‐Pasias AM, et al. Clustering of energy balance‐related behaviours and parental education in European preschool children: the ToyBox study. Br J Nutr. 2017;118(12):1089‐1096.					main article Table 2; explicit 622-article instrument matrix; obr13260-bib-0263	screen-time measurement; review reports zero device-based measures, hence no raw-event preprocessing relevance
R008	264. Miguel‐Berges ML, Santaliestra‐Pasias AM, Mouratidou T, et al. Food and beverage consumption and sedentary behaviours in European preschoolers: the ToyBox‐study. Revista Espanola de Nutri Hu Y Diet. 2016;20:493.					main article Table 2; explicit 622-article instrument matrix; obr13260-bib-0264	screen-time measurement; review reports zero device-based measures, hence no raw-event preprocessing relevance
R008	265. Miguel‐Berges ML, Santaliestra‐Pasias AM, Mouratidou T, et al. Associations between food and beverage consumption and different types of sedentary behaviours in European preschoolers: the ToyBox‐study. Eur J Nutr. 2017;56(5):1939‐1951.					main article Table 2; explicit 622-article instrument matrix; obr13260-bib-0265	screen-time measurement; review reports zero device-based measures, hence no raw-event preprocessing relevance
R008	266. Mezie‐Okoye MM, Alex‐Hart B. Overweight and obesity among preschool children in Port Harcourt, Nigeria. Pakistan J Nutr. 2015;14(4):209‐213.					main article Table 2; explicit 622-article instrument matrix; obr13260-bib-0266	screen-time measurement; review reports zero device-based measures, hence no raw-event preprocessing relevance
R008	267. McVeigh J, Smith A, Howie E, Straker L. Trajectories of television watching from childhood to early adulthood and their association with body composition and mental health outcomes in young adults. PLoS One. 2016;11(4):e0152879.					main article Table 2; explicit 622-article instrument matrix; obr13260-bib-0267	screen-time measurement; review reports zero device-based measures, hence no raw-event preprocessing relevance
R008	268. McGowan L, Croker H, Wardle J, Cooke LJ. Environmental and individual determinants of core and non‐core food and drink intake in preschool‐aged children in the United Kingdom. Eur J Clin Nutr. 2012;66(3):322‐328.					main article Table 2; explicit 622-article instrument matrix; obr13260-bib-0268	screen-time measurement; review reports zero device-based measures, hence no raw-event preprocessing relevance
R008	269. McDonald SW, Kehler HL, Tough SC. Protective factors for child development at age 2 in the presence of poor maternal mental health: results from the All Our Babies (AOB) pregnancy cohort. BMJ Open. 2016;6(11):e012096.					main article Table 2; explicit 622-article instrument matrix; obr13260-bib-0269	screen-time measurement; review reports zero device-based measures, hence no raw-event preprocessing relevance
R008	270. McDonald L, Wardle J, Llewellyn CH, van Jaarsveld CH, Fisher A. Predictors of shorter sleep in early childhood. Sleep Med. 2014;15(5):536‐540.					main article Table 2; explicit 622-article instrument matrix; obr13260-bib-0270	screen-time measurement; review reports zero device-based measures, hence no raw-event preprocessing relevance
R008	271. McClure ER, Chentsova‐Dutton YE, Barr RF, Holochwost SJ, Parrott WG. ‘Facetime doesn't count’: video chat as an exception to media restrictions for infants and toddlers. Intern J Child‐Comp Inter. 2015;6:1‐6.					main article Table 2; explicit 622-article instrument matrix; obr13260-bib-0271	screen-time measurement; review reports zero device-based measures, hence no raw-event preprocessing relevance
R008	272. Mendoza JA, McLeod J, Chen TA, Nicklas TA, Baranowski T. Correlates of adiposity among Latino preschool children. J Phys Act Health. 2014;11(1):195‐198.					main article Table 2; explicit 622-article instrument matrix; obr13260-bib-0272	screen-time measurement; review reports zero device-based measures, hence no raw-event preprocessing relevance
R008	273. Mendoza JA, McLeod J, Chen TA, Nicklas TA, Baranowski T. Convergent validity of preschool children's television viewing measures among low‐income Latino families: a cross‐sectional study. Child Obes. 2013;9(1):29‐34.					main article Table 2; explicit 622-article instrument matrix; obr13260-bib-0273	screen-time measurement; review reports zero device-based measures, hence no raw-event preprocessing relevance
R008	274. Mendoza JA, Baranowski T, Jaramillo S, et al. Fit 5 kids TV reduction program for latino preschoolers: a cluster randomized controlled trial. Am J Prev Med. 2016;50(5):584‐592.					main article Table 2; explicit 622-article instrument matrix; obr13260-bib-0274	screen-time measurement; review reports zero device-based measures, hence no raw-event preprocessing relevance
R008	275. Matarma T, Koski P, Löyttyniemi E, Lagström H. The factors associated with toddlers' screen time change in the STEPS Study: a two‐year follow‐up. Prev Med. 2016;84:27‐33.					main article Table 2; explicit 622-article instrument matrix; obr13260-bib-0275	screen-time measurement; review reports zero device-based measures, hence no raw-event preprocessing relevance
R008	276. Magee CA, Lee JK, Vella SA. Bidirectional relationships between sleep duration and screen time in early childhood. JAMA Pediatr. 2014;168(5):465‐470.					main article Table 2; explicit 622-article instrument matrix; obr13260-bib-0276	screen-time measurement; review reports zero device-based measures, hence no raw-event preprocessing relevance
R008	277. Magee C, Caputi P, Iverson D. Lack of sleep could increase obesity in children and too much television could be partly to blame. Acta Paedia, Intern J Paed. 2014;103(1):e27‐e31.					main article Table 2; explicit 622-article instrument matrix; obr13260-bib-0277	screen-time measurement; review reports zero device-based measures, hence no raw-event preprocessing relevance
R008	278. Machado‐Rodrigues AM, Fernandes RA, Silva MR, et al. Overweight risk and food habits in Portuguese pre‐school children. J Epi Global Health. 2018;8(3‐4):106‐109.					main article Table 2; explicit 622-article instrument matrix; obr13260-bib-0278	screen-time measurement; review reports zero device-based measures, hence no raw-event preprocessing relevance
R008	279. Määttä S, Konttinen H, Haukkala A, Erkkola M, Roos E. Preschool children's context‐specific sedentary behaviours and parental socioeconomic status in Finland: a cross‐sectional study. BMJ Open. 2017;7(11):e016690.					main article Table 2; explicit 622-article instrument matrix; obr13260-bib-0279	screen-time measurement; review reports zero device-based measures, hence no raw-event preprocessing relevance
R008	280. Maatta S, Kaukonen R, Vepsalainen H, et al. The mediating role of the home environment in relation to parental educational level and preschool children's screen time: a cross‐sectional study. BMC Public Health. 2017;17(1):688.					main article Table 2; explicit 622-article instrument matrix; obr13260-bib-0280	screen-time measurement; review reports zero device-based measures, hence no raw-event preprocessing relevance
R008	281. Martinez‐Gomez D, Tucker J, Heelan KA, Welk GJ, Eisenmann JC. Associations between sedentary behavior and blood pressure in young children. Arch Pediatr Adolesc Med. 2009;163(8):724‐730.					main article Table 2; explicit 622-article instrument matrix; obr13260-bib-0281	screen-time measurement; review reports zero device-based measures, hence no raw-event preprocessing relevance
R008	282. Martínez‐Andrade GO, Cespedes EM, Rifas‐Shiman SL, et al. Feasibility and impact of Creciendo Sanos, a clinic‐based pilot intervention to prevent obesity among preschool children in Mexico City. BMC Pediatr. 2014;14(1):77.					main article Table 2; explicit 622-article instrument matrix; obr13260-bib-0282	screen-time measurement; review reports zero device-based measures, hence no raw-event preprocessing relevance
R008	283. Martin‐Biggers J, Spaccarotella K, Hongu N, Alleman G, Worobey J, Byrd‐Bredbenner C. Translating it into real life: a qualitative study of the cognitions, barriers and supports for key obesogenic behaviors of parents of preschoolers. BMC Public Health. 2015;15(1):189.					main article Table 2; explicit 622-article instrument matrix; obr13260-bib-0283	screen-time measurement; review reports zero device-based measures, hence no raw-event preprocessing relevance
R008	284. Marinelli M, Sunyer J, Alvarez‐Pedrerol M, et al. Hours of television viewing and sleep duration in children a multicenter birth cohort study. JAMA Pediatr. 2014;168(5):458‐464.					main article Table 2; explicit 622-article instrument matrix; obr13260-bib-0284	screen-time measurement; review reports zero device-based measures, hence no raw-event preprocessing relevance
R008	285. Manios Y, Kourlaba G, Kondaki K, Grammatikaki E, Anastasiadou A, Roma‐Giannikou E. Obesity and television watching in preschoolers in Greece: the GENESIS study. Obesity (Silver Spring). 2009;17(11):2047‐2053.					main article Table 2; explicit 622-article instrument matrix; obr13260-bib-0285	screen-time measurement; review reports zero device-based measures, hence no raw-event preprocessing relevance
R008	286. Manios Y, Kourlaba G, Grammatikaki E, Androutsos O, Moschonis G, Roma‐Giannikou E. Development of a diet‐lifestyle quality index for young children and its relation to obesity: the Preschoolers Diet‐Lifestyle Index. Public Health Nutr. 2010;13(12):2000‐2009.					main article Table 2; explicit 622-article instrument matrix; obr13260-bib-0286	screen-time measurement; review reports zero device-based measures, hence no raw-event preprocessing relevance
R008	287. Manios Y, Kondaki K, Kourlaba G, Grammatikaki E, Birbilis M, Ioannou E. Television viewing and food habits in toddlers and preschoolers in Greece: the GENESIS study. Eur J Pediatr. 2009;168(7):801‐808.					main article Table 2; explicit 622-article instrument matrix; obr13260-bib-0287	screen-time measurement; review reports zero device-based measures, hence no raw-event preprocessing relevance
R008	288. Ruffman T, O'Brien KS, Taumoepeau M, Latner JD, Hunter JA. Toddlers' bias to look at average versus obese figures relates to maternal anti‐fat prejudice. J Exp Child Psychol. 2016;142:195‐202.					main article Table 2; explicit 622-article instrument matrix; obr13260-bib-0288	screen-time measurement; review reports zero device-based measures, hence no raw-event preprocessing relevance
R008	289. Romo ML, Abril‐Ulloa V. Improving nutrition habits and reducing sedentary time among preschool‐aged children in Cuenca Ecuador: a trial of a school‐based intervention. Prev Chronic Dis. 2018;15:E96.					main article Table 2; explicit 622-article instrument matrix; obr13260-bib-0289	screen-time measurement; review reports zero device-based measures, hence no raw-event preprocessing relevance
R008	290. Richdale AL, Schreck KA. Examining sleep hygiene factors and sleep in young children with and without autism spectrum disorder. Res Autism Spectr Disord. 2019;57:154‐162.					main article Table 2; explicit 622-article instrument matrix; obr13260-bib-0290	screen-time measurement; review reports zero device-based measures, hence no raw-event preprocessing relevance
R008	291. Ribner A, Fitzpatrick C, Blair C. Family socioeconomic status moderates associations between television viewing and school readiness skills. J Dev Behav Pediatr. 2017;38(3):233‐239.					main article Table 2; explicit 622-article instrument matrix; obr13260-bib-0291	screen-time measurement; review reports zero device-based measures, hence no raw-event preprocessing relevance
R008	292. Reynaud E, Forhan A, Heude B, de Lauzon‐Guillain B, Charles MA, Plancoulaine S. Night‐waking trajectories and associated factors in French preschoolers from the EDEN birth‐cohort. Sleep Med. 2016;27–28:59‐65.					main article Table 2; explicit 622-article instrument matrix; obr13260-bib-0292	screen-time measurement; review reports zero device-based measures, hence no raw-event preprocessing relevance
R008	293. Resnicow K, McMaster F, Woolford S, et al. Study design and baseline description of the BMI2 trial: reducing paediatric obesity in primary care practices. Pediatr Obes. 2012;7(1):3‐15.					main article Table 2; explicit 622-article instrument matrix; obr13260-bib-0293	screen-time measurement; review reports zero device-based measures, hence no raw-event preprocessing relevance
R008	294. Rutherford L, Brown JE, Skouteris H, Fuller‐Tyszkiewicz M, Bittman M. Screen media, parenting practices, and the family environment in Australia: a longitudinal study of young children's media use, lifestyles, and outcomes for healthy weight. J Child Media. 2015;9(1):22‐39.					main article Table 2; explicit 622-article instrument matrix; obr13260-bib-0294	screen-time measurement; review reports zero device-based measures, hence no raw-event preprocessing relevance
R008	295. Raynor HA, Jelalian E, Vivier PM, Hart CN, Wing RR. Parent‐reported eating and leisure‐time activity selection patterns related to energy balance in preschool‐ and school‐aged children. J Nutr Educ Behav. 2009;41(1):19‐26.					main article Table 2; explicit 622-article instrument matrix; obr13260-bib-0295	screen-time measurement; review reports zero device-based measures, hence no raw-event preprocessing relevance
R008	296. Rodgers RF, Damiano SR, Wertheim EH, Paxton SJ. Media exposure in very young girls: prospective and cross‐sectional relationships with BMIz, self‐esteem and body size stereotypes. Dev Psychol. 2017;53(12):2356‐2363.					main article Table 2; explicit 622-article instrument matrix; obr13260-bib-0296	screen-time measurement; review reports zero device-based measures, hence no raw-event preprocessing relevance
R008	297. Rajchanovska D, Ivanovska BZ. The impact of demographic and socio‐economic conditions on the prevalence of speech disorders in preschool children in Bitola. Srp Arh Celok Lek. 2015;143(3–4):169‐173.					main article Table 2; explicit 622-article instrument matrix; obr13260-bib-0297	screen-time measurement; review reports zero device-based measures, hence no raw-event preprocessing relevance
R008	298. Radesky JS, Silverstein M, Zuckerman B, Christakis DA. Infant self‐regulation and early childhood media exposure. Pediatrics. 2014;133(5):e1172‐e1178.					main article Table 2; explicit 622-article instrument matrix; obr13260-bib-0298	screen-time measurement; review reports zero device-based measures, hence no raw-event preprocessing relevance
R008	299. Raag T, Kusiak K, Tumilty M, Kelemen A, Bernheimer H, Bond J. Reconsidering SES and gender divides in literacy achievement: are the gaps across social class and gender necessary? Educa Psycho. 2011;31(6):691‐705.					main article Table 2; explicit 622-article instrument matrix; obr13260-bib-0299	screen-time measurement; review reports zero device-based measures, hence no raw-event preprocessing relevance
R008	300. Puder JJ, Marques‐Vidal P, Schindler C, et al. Effect of multidimensional lifestyle intervention on fitness and adiposity in predominantly migrant preschool children (Ballabeina): cluster randomised controlled trial. BMJ (Online). 2011;343(7830):d6195.					main article Table 2; explicit 622-article instrument matrix; obr13260-bib-0300	screen-time measurement; review reports zero device-based measures, hence no raw-event preprocessing relevance
R008	301. Prioreschi A, Brage S, Hesketh KD, Hnatiuk J, Westgate K, Micklesfield LK. Describing objectively measured physical activity levels, patterns, and correlates in a cross sectional sample of infants and toddlers from South Africa. Int J Behav Nutr Phys Act. 2017;14(1):176.					main article Table 2; explicit 622-article instrument matrix; obr13260-bib-0301	screen-time measurement; review reports zero device-based measures, hence no raw-event preprocessing relevance
R008	302. Poulain T, Vogel M, Neef M, et al. Reciprocal associations between electronic media use and behavioral difficulties in preschoolers. Int J Environ Res Public Health. 2018;15(4):814.					main article Table 2; explicit 622-article instrument matrix; obr13260-bib-0302	screen-time measurement; review reports zero device-based measures, hence no raw-event preprocessing relevance
R008	303. Potter M, Spence JC, Boule N, Stearns JA, Carson V. Behavior tracking and 3‐year longitudinal associations between physical activity, screen time, and fitness among young children. Pediatr Exerc Sci. 2018;30(1):132‐141.					main article Table 2; explicit 622-article instrument matrix; obr13260-bib-0303	screen-time measurement; review reports zero device-based measures, hence no raw-event preprocessing relevance
R008	304. Quick V, Martin‐Biggers J, Povis GA, Hongu N, Worobey J, Byrd‐Bredbenner C. A socio‐ecological examination of weight‐related characteristics of the home environment and lifestyles of households with young children. Nutrients. 2017;97(6):604.					main article Table 2; explicit 622-article instrument matrix; obr13260-bib-0304	screen-time measurement; review reports zero device-based measures, hence no raw-event preprocessing relevance
R008	305. Plancoulaine S, Stagnara C, Flori S, et al. Early features associated with the neurocognitive development at 36 months of age: the AuBE study. Sleep Med. 2017;30:222‐228.					main article Table 2; explicit 622-article instrument matrix; obr13260-bib-0305	screen-time measurement; review reports zero device-based measures, hence no raw-event preprocessing relevance
R008	306. Plancoulaine S, Reynaud E, Forhan A, et al. Night sleep duration trajectories and associated factors among preschool children from the EDEN cohort. Sleep Med. 2018;48:194‐201.					main article Table 2; explicit 622-article instrument matrix; obr13260-bib-0306	screen-time measurement; review reports zero device-based measures, hence no raw-event preprocessing relevance
R008	307. Plancoulaine S, Lioret S, Regnault N, Heude B, Charles MA. Gender‐specific factors associated with shorter sleep duration at age 3 years. J Sleep Res. 2015;24(6):610‐620.					main article Table 2; explicit 622-article instrument matrix; obr13260-bib-0307	screen-time measurement; review reports zero device-based measures, hence no raw-event preprocessing relevance
R008	308. Pinhas‐Hamie O, Bar‐Zvi E, Boyko V, Reichman B, Lerner‐Geva L. Prevalence of overweight in kindergarten children in the centre of Israel—association with lifestyle habits. Child Care Health Dev. 2009;35(2):147‐152.					main article Table 2; explicit 622-article instrument matrix; obr13260-bib-0308	screen-time measurement; review reports zero device-based measures, hence no raw-event preprocessing relevance
R008	309. Peters J, Dollman J, Petkov J, Parletta N. Associations between parenting styles and nutrition knowledge and 2–5‐year‐old children's fruit, vegetable and non‐core food consumption. Public Health Nutr. 2013;16(11):1979‐1987.					main article Table 2; explicit 622-article instrument matrix; obr13260-bib-0309	screen-time measurement; review reports zero device-based measures, hence no raw-event preprocessing relevance
R008	310. Pathirana T, Stoneman R, Lamont A, Harris N, Lee P. Impact evaluation of “Have Fun—Be Healthy” program: a community based health promotion intervention to prevent childhood obesity. Health Promot J Austr. 2018;29(1):100‐104.					main article Table 2; explicit 622-article instrument matrix; obr13260-bib-0310	screen-time measurement; review reports zero device-based measures, hence no raw-event preprocessing relevance
R008	311. Parkes A, Sweeting H, Wight D, Henderson M. Do television and electronic games predict children's psychosocial adjustment? Longitudinal research using the UK Millennium Cohort Study. Arch Dis Child. 2013;98(5):341‐348.					main article Table 2; explicit 622-article instrument matrix; obr13260-bib-0311	screen-time measurement; review reports zero device-based measures, hence no raw-event preprocessing relevance
R008	312. Perrin EM, Rothman RL, Sanders LM, et al. Racial and ethnic differences associated with feeding‐ and activity‐related behaviors in infants. Pediatrics. 2014;133(4):e857‐e867.					main article Table 2; explicit 622-article instrument matrix; obr13260-bib-0312	screen-time measurement; review reports zero device-based measures, hence no raw-event preprocessing relevance
R008	313. Pena MM, Rifas‐Shiman SL, Gillman MW, Redline S, Taveras EM. Racial/ethnic and socio‐contextual correlates of chronic sleep curtailment in childhood. Sleep. 2016;39(9):1653‐1661.					main article Table 2; explicit 622-article instrument matrix; obr13260-bib-0313	screen-time measurement; review reports zero device-based measures, hence no raw-event preprocessing relevance
R008	314. Parent J, Sanders W, Forehand R. Youth screen time and behavioral health problems: the role of sleep duration and disturbances. J Dev Behav Pediatr. 2016;37(4):277‐284.					main article Table 2; explicit 622-article instrument matrix; obr13260-bib-0314	screen-time measurement; review reports zero device-based measures, hence no raw-event preprocessing relevance
R008	315. Pagani LS, Levesque‐Seck F, Fitzpatrick C. Prospective associations between televiewing at toddlerhood and later self‐reported social impairment at middle school in a Canadian longitudinal cohort born in 1997/1998. Psychol Med. 2016;46(16):3329‐3337.					main article Table 2; explicit 622-article instrument matrix; obr13260-bib-0315	screen-time measurement; review reports zero device-based measures, hence no raw-event preprocessing relevance
R008	316. Pagani LS, Fitzpatrick C, Barnett TA, Dubow E. Prospective associations between early childhood television exposure and academic, psychosocial, and physical well‐being by middle childhood. Arch Pediatr Adolesc Med. 2010;164(5):425‐431.					main article Table 2; explicit 622-article instrument matrix; obr13260-bib-0316	screen-time measurement; review reports zero device-based measures, hence no raw-event preprocessing relevance
R008	317. Pagani LS, Fitzpatrick C, Barnett TA. Early childhood television viewing and kindergarten entry readiness. Pediatr Res. 2013;74(3):350‐355.					main article Table 2; explicit 622-article instrument matrix; obr13260-bib-0317	screen-time measurement; review reports zero device-based measures, hence no raw-event preprocessing relevance
R008	318. Pabayo R, Spence JC, Cutumisu N, Casey L, Storey K. Sociodemographic, behavioural and environmental correlates of sweetened beverage consumption among pre‐school children. Public Health Nutr. 2012;15(8):1338‐1346.					main article Table 2; explicit 622-article instrument matrix; obr13260-bib-0318	screen-time measurement; review reports zero device-based measures, hence no raw-event preprocessing relevance
R008	319. Paavonen EJ, Roine M, Pennonen M, Lahikainen AR. Do parental co‐viewing and discussions mitigate TV‐induced fears in young children? Child Care Health Dev. 2009;35(6):773‐780.					main article Table 2; explicit 622-article instrument matrix; obr13260-bib-0319	screen-time measurement; review reports zero device-based measures, hence no raw-event preprocessing relevance
R008	320. Tremblay L, Rinaldi CM. The prediction of preschool children's weight from family environment factors: gender‐linked differences. Eat Behav. 2010;11(4):266‐275.					main article Table 2; explicit 622-article instrument matrix; obr13260-bib-0320	screen-time measurement; review reports zero device-based measures, hence no raw-event preprocessing relevance
R008	321. Tiberio SS, Kerr DC, Capaldi DM, Pears KC, Kim HK, Nowicka P. Parental monitoring of children's media consumption: the long‐term influences on body mass index in children. JAMA Pediatr. 2014;168(5):414‐421.					main article Table 2; explicit 622-article instrument matrix; obr13260-bib-0321	screen-time measurement; review reports zero device-based measures, hence no raw-event preprocessing relevance
R008	322. Thompson DA, Schmiege SJ, Johnson SL, et al. Screen‐related parenting practices in low‐income Mexican American families. Acad Pediatr. 2018;18(7):820‐827.					main article Table 2; explicit 622-article instrument matrix; obr13260-bib-0322	screen-time measurement; review reports zero device-based measures, hence no raw-event preprocessing relevance
R008	323. Tuominen PPA, Husu P, Raitanen J, Kujala UM, Luoto RM. The effect of a movement‐to‐music video program on the objectively measured sedentary time and physical activity of preschool‐aged children and their mothers: a randomized controlled trial. PLoS One. 2017;12(8):e0183317.					main article Table 2; explicit 622-article instrument matrix; obr13260-bib-0323	screen-time measurement; review reports zero device-based measures, hence no raw-event preprocessing relevance
R008	324. Thompson DA, Matson PA, Ellen JM. Television viewing in low‐income Latino children: variation by ethnic subgroup and English proficiency. Child Obes. 2013;9(1):22‐28.					main article Table 2; explicit 622-article instrument matrix; obr13260-bib-0324	screen-time measurement; review reports zero device-based measures, hence no raw-event preprocessing relevance
R008	325. Tester JM, Phan TLT, Tucker JM, et al. Characteristics of children 2 to 5 years of age with severe obesity. Pediatrics. 2018;141(3):e20173228.					main article Table 2; explicit 622-article instrument matrix; obr13260-bib-0325	screen-time measurement; review reports zero device-based measures, hence no raw-event preprocessing relevance
R008	326. Taylor RW, Murdoch L, Carter P, Gerrard DF, Williams SM, Taylor BJ. Longitudinal study of physical activity and inactivity in preschoolers: the FLAME study. Med Sci Sports Exerc. 2009;41(1):96‐102.					main article Table 2; explicit 622-article instrument matrix; obr13260-bib-0326	screen-time measurement; review reports zero device-based measures, hence no raw-event preprocessing relevance
R008	327. Taylor G, Monaghan P, Westermann G. Investigating the association between children's screen media exposure and vocabulary size in the UK. J Child Media. 2018;12(1):51‐65.					main article Table 2; explicit 622-article instrument matrix; obr13260-bib-0327	screen-time measurement; review reports zero device-based measures, hence no raw-event preprocessing relevance
R008	328. Taverno Ross S, Dowda M, Saunders R, Pate R. Double dose: the cumulative effect of TV viewing at home and in preschool on children's activity patterns and weight status. Pediatr Exerc Sci. 2013;25(2):262‐272.					main article Table 2; explicit 622-article instrument matrix; obr13260-bib-0328	screen-time measurement; review reports zero device-based measures, hence no raw-event preprocessing relevance
R008	329. Taveras EM, McDonald J, O'Brien A, et al. Healthy Habits, Happy Homes: methods and baseline data of a randomized controlled trial to improve household routines for obesity prevention. Prev Med. 2012;55(5):418‐426.					main article Table 2; explicit 622-article instrument matrix; obr13260-bib-0329	screen-time measurement; review reports zero device-based measures, hence no raw-event preprocessing relevance
R008	330. Tatlow‐Golden M, Hennessy E, Dean M, Hollywood L. Young children's food brand knowledge. Early development and associations with television viewing and parent's diet. Appetite. 2014;80:197‐203.					main article Table 2; explicit 622-article instrument matrix; obr13260-bib-0330	screen-time measurement; review reports zero device-based measures, hence no raw-event preprocessing relevance
R008	331. Tatlow‐Golden M, Hennessy E, Dean M, Hollywood L. ‘Big, strong and healthy’. Young children's identification of food and drink that contribute to healthy growth. Appetite. 2013;71:163‐170.					main article Table 2; explicit 622-article instrument matrix; obr13260-bib-0331	screen-time measurement; review reports zero device-based measures, hence no raw-event preprocessing relevance
R008	332. Starling Washington P, Reifsnider E, Bishop S, Domingeaux Ethington M, Ruffin ER. Changes in family variables among normal and overweight preschoolers. Issues Compr Pediatr Nurs. 2010;33(1):20‐38.					main article Table 2; explicit 622-article instrument matrix; obr13260-bib-0332	screen-time measurement; review reports zero device-based measures, hence no raw-event preprocessing relevance
R008	333. Tansriratanawong S, Louthrenoo O, Chonchaiya W, Charnsil C. Screen viewing time and externalising problems in pre‐school children in Northern Thailand. J Child Adolesc Ment Health. 2017;29(3):245‐252.					main article Table 2; explicit 622-article instrument matrix; obr13260-bib-0333	screen-time measurement; review reports zero device-based measures, hence no raw-event preprocessing relevance
R008	334. Speirs KE, Liechty JM, Wu CF, Strong Kids Research Team . Sleep, but not other daily routines, mediates the association between maternal employment and BMI for preschool children. Sleep Med. 2014;15(12):1590‐1593.					main article Table 2; explicit 622-article instrument matrix; obr13260-bib-0334	screen-time measurement; review reports zero device-based measures, hence no raw-event preprocessing relevance
R008	335. Smith LR, Chadwick P, Radley D, et al. Assessing the short‐term outcomes of a community‐based intervention for overweight and obese children: the MEND 5–7 programme. BMJ Open. 2013;3(5):e002607.					main article Table 2; explicit 622-article instrument matrix; obr13260-bib-0335	screen-time measurement; review reports zero device-based measures, hence no raw-event preprocessing relevance
R008	336. Suglia SF, Duarte CS, Chambers EC, Boynton‐Jarrett R. Social and behavioral risk factors for obesity in early childhood. J Dev Behav Pediatr. 2013;34(8):549‐556.					main article Table 2; explicit 622-article instrument matrix; obr13260-bib-0336	screen-time measurement; review reports zero device-based measures, hence no raw-event preprocessing relevance
R008	337. Sugawara M, Matsumoto S, Murohashi H, Sakai A, Isshiki N. Trajectories of early television contact in Japan: relationship with preschoolers' externalizing problems. J Child Media. 2015;9(4):453‐471.					main article Table 2; explicit 622-article instrument matrix; obr13260-bib-0337	screen-time measurement; review reports zero device-based measures, hence no raw-event preprocessing relevance
R008	338. Stone N, Obeid J, Dillenburg R, Milenkovic J, MacDonald MJ, Timmons BW. Objectively measured physical activity levels of young children with congenital heart disease. Cardiol Young. 2015;25(3):520‐525.					main article Table 2; explicit 622-article instrument matrix; obr13260-bib-0338	screen-time measurement; review reports zero device-based measures, hence no raw-event preprocessing relevance
R008	339. Stevens T, Barnard‐Brak L, To Y. Television viewing and symptoms of inattention and hyperactivity across time: the importance of research questions. J Early Interv. 2009;31(3):215‐226.					main article Table 2; explicit 622-article instrument matrix; obr13260-bib-0339	screen-time measurement; review reports zero device-based measures, hence no raw-event preprocessing relevance
R008	340. Stenhammar C, Olsson GM, Bahmanyar S, et al. Family stress and BMI in young children. Acta Paedia, Intern J Paed. 2010;99(8):1205‐1212.					main article Table 2; explicit 622-article instrument matrix; obr13260-bib-0340	screen-time measurement; review reports zero device-based measures, hence no raw-event preprocessing relevance
R008	341. Sleddens EFC, Gubbels JS, Kremers SPJ, van der Plas E, Thijs C. Bidirectional associations between activity‐related parenting practices, and child physical activity, sedentary screen‐based behavior and body mass index: a longitudinal analysis. Int J Behav Nutr Phys Act. 2017;14(1):89.					main article Table 2; explicit 622-article instrument matrix; obr13260-bib-0341	screen-time measurement; review reports zero device-based measures, hence no raw-event preprocessing relevance
R008	342. Skouteris H, Hill B, McCabe M, Swinburn B, Busija L. A parent‐based intervention to promote healthy eating and active behaviours in pre‐school children: evaluation of the MEND 2–4 randomized controlled trial. Pediatr Obes. 2016;11(1):4‐10.					main article Table 2; explicit 622-article instrument matrix; obr13260-bib-0342	screen-time measurement; review reports zero device-based measures, hence no raw-event preprocessing relevance
R008	343. Sijtsma A, Koller M, Sauer PJ, Corpeleijn E. Television, sleep, outdoor play and BMI in young children: the GECKO Drenthe cohort. Eur J Pediatr. 2015;174(5):631‐639.					main article Table 2; explicit 622-article instrument matrix; obr13260-bib-0343	screen-time measurement; review reports zero device-based measures, hence no raw-event preprocessing relevance
R008	344. Sigmundova D, Sigmund E, Badura P, Vokacova J, Trhlikova L, Bucksch J. Weekday‐weekend patterns of physical activity and screen time in parents and their pre‐schoolers. BMC Public Health. 2016;16(1):898.					main article Table 2; explicit 622-article instrument matrix; obr13260-bib-0344	screen-time measurement; review reports zero device-based measures, hence no raw-event preprocessing relevance
R008	345. Sigmund E, Badura P, Vokacova J, Sigmundová D. Parent‐child relationship of pedometer‐assessed physical activity and proxy‐reported screen time in Czech families with preschoolers. Int J Environ Res Public Health. 2016;13(5):740.					main article Table 2; explicit 622-article instrument matrix; obr13260-bib-0345	screen-time measurement; review reports zero device-based measures, hence no raw-event preprocessing relevance
R008	346. Sherriff A, Maitra A, Ness AR, et al. Association of duration of television viewing in early childhood with the subsequent development of asthma. Thorax. 2009;64(4):321‐325.					main article Table 2; explicit 622-article instrument matrix; obr13260-bib-0346	screen-time measurement; review reports zero device-based measures, hence no raw-event preprocessing relevance
R008	347. Skar A‐MS, von Tetzchner S, Clucas C, Sherr L. The long‐term effectiveness of the International Child Development Programme (ICDP) implemented as a community‐wide parenting programme. Eur J Dev Psychol. 2015;12(1):54‐68.					main article Table 2; explicit 622-article instrument matrix; obr13260-bib-0347	screen-time measurement; review reports zero device-based measures, hence no raw-event preprocessing relevance
R008	348. Seo HA, Chun HY, Jwa SH, Choi MH. Relationship between young children's habitual computer use and influencing variables on socio‐emotional development. Early Child Dev Care. 2011;181(2):245‐265.					main article Table 2; explicit 622-article instrument matrix; obr13260-bib-0348	screen-time measurement; review reports zero device-based measures, hence no raw-event preprocessing relevance
R008	349. Séguin D, Klimek V. Just five more minutes please: electronic media use, sleep and behaviour in young children. Early Child Dev Care. 2016;186(6):981‐1000.					main article Table 2; explicit 622-article instrument matrix; obr13260-bib-0349	screen-time measurement; review reports zero device-based measures, hence no raw-event preprocessing relevance
R008	350. Schary DP, Cardinal BJ, Loprinzi PD. Parenting style associated with sedentary behaviour in preschool children. Early Child Dev Care. 2012;182(8):1015‐1026.					main article Table 2; explicit 622-article instrument matrix; obr13260-bib-0350	screen-time measurement; review reports zero device-based measures, hence no raw-event preprocessing relevance
R008	351. Sasaki A, Yorifuji T, Iwase T, Komatsu H, Takao S, Doi H. Is there any association between TV viewing and obesity in preschool children in Japan? Acta Med Okayama. 2010;64(2):137‐142.					main article Table 2; explicit 622-article instrument matrix; obr13260-bib-0351	screen-time measurement; review reports zero device-based measures, hence no raw-event preprocessing relevance
R008	352. Schmiedeler S, Niklas F, Schneider W. Symptoms of attention‐deficit hyperactivity disorder (ADHD) and home learning environment (HLE): findings from a longitudinal study. European J Psyc Edu. 2014;29(3):467‐482.					main article Table 2; explicit 622-article instrument matrix; obr13260-bib-0352	screen-time measurement; review reports zero device-based measures, hence no raw-event preprocessing relevance
R008	353. Schmidt ME, Rich M, Rifas‐Shiman SL, Oken E, Taveras EM. Television viewing in infancy and child cognition at 3 years of age in a US cohort. Pediatrics. 2009;123(3):e370‐e375.					main article Table 2; explicit 622-article instrument matrix; obr13260-bib-0353	screen-time measurement; review reports zero device-based measures, hence no raw-event preprocessing relevance
R008	354. Saleem M, Hassan A, Mahmood T, Mushtaq S, Bhatti A, Azam M. Factors associated with excessive TV viewing in school children of Wah Cantt, Pakistan. Rawal Med J. 2014;39(3):323‐326.					main article Table 2; explicit 622-article instrument matrix; obr13260-bib-0354	screen-time measurement; review reports zero device-based measures, hence no raw-event preprocessing relevance
R008	355. Saldanha‐Gomes C, Heude B, Charles MA, et al. Prospective associations between energy balance‐related behaviors at 2 years of age and subsequent adiposity: the EDEN mother‐child cohort. Int J Obes (Lond). 2017;41(1):38‐45.					main article Table 2; explicit 622-article instrument matrix; obr13260-bib-0355	screen-time measurement; review reports zero device-based measures, hence no raw-event preprocessing relevance
R008	356. Saito T, Goto A, Yokokawa H, Sato Y, Yasumura S. Association between maternal feeling about pregnancy and child's lifestyle. Fukushima J Med Sci. 2010;56(1):80‐89.					main article Table 2; explicit 622-article instrument matrix; obr13260-bib-0356	screen-time measurement; review reports zero device-based measures, hence no raw-event preprocessing relevance
R008	357. Sarker H, Anderson L, Borkhoff C, et al. Validation of parent‐reported physical and sedentary activity by accelerometry in young children. BMC Res Notes. 2015;8:735.					main article Table 2; explicit 622-article instrument matrix; obr13260-bib-0357	screen-time measurement; review reports zero device-based measures, hence no raw-event preprocessing relevance
R008	358. Santos R, Zhang Z, Pereira JR, Sousa‐Sa E, Cliff DP, Okely AD. Compliance with the Australian 24‐hour movement guidelines for the early years: associations with weight status. BMC Public Health. 2017;17(Suppl 5):867.					main article Table 2; explicit 622-article instrument matrix; obr13260-bib-0358	screen-time measurement; review reports zero device-based measures, hence no raw-event preprocessing relevance
R008	359. Santaliestra‐Pasias AM, Mouratidou T, Reisch L, et al. Clustering of lifestyle behaviours and relation to body composition in European children. The IDEFICS study. Eur J Clin Nutr. 2015;69(7):811‐816.					main article Table 2; explicit 622-article instrument matrix; obr13260-bib-0359	screen-time measurement; review reports zero device-based measures, hence no raw-event preprocessing relevance
R008	360. Sanders W, Parent J, Forehand R, Breslend NL. The roles of general and technology‐related parenting in managing youth screen time. J Fam Psychol. 2016;30(5):641‐646.					main article Table 2; explicit 622-article instrument matrix; obr13260-bib-0360	screen-time measurement; review reports zero device-based measures, hence no raw-event preprocessing relevance
R008	361. Sanders T, Feng X, Fahey PP, Lonsdale C, Astell‐Burt T. The influence of neighbourhood green space on children's physical activity and screen time: findings from the longitudinal study of Australian children. Int J Behav Nutr Phys Act. 2015;12(1):126.					main article Table 2; explicit 622-article instrument matrix; obr13260-bib-0361	screen-time measurement; review reports zero device-based measures, hence no raw-event preprocessing relevance
R008	362. Zong XN, Li H, Zhang YQ. Family‐related risk factors of obesity among preschool children: results from a series of national epidemiological surveys in China. BMC Public Health. 2015;15(1):927.					main article Table 2; explicit 622-article instrument matrix; obr13260-bib-0362	screen-time measurement; review reports zero device-based measures, hence no raw-event preprocessing relevance
R008	363. Zimmerman FJ, Ortiz SE, Christakis DA, Elkun D. The value of social‐cognitive theory to reducing preschool TV viewing: a pilot randomized trial. Prev Med. 2012;54(3–4):212‐218.					main article Table 2; explicit 622-article instrument matrix; obr13260-bib-0363	screen-time measurement; review reports zero device-based measures, hence no raw-event preprocessing relevance
R008	364. Zimmerman FJ, Bell JF. Associations of television content type and obesity in children. Am J Public Health. 2010;100(2):334‐340.					main article Table 2; explicit 622-article instrument matrix; obr13260-bib-0364	screen-time measurement; review reports zero device-based measures, hence no raw-event preprocessing relevance
R008	365. Zhao J, Zhang Y, Jiang F, et al. Excessive screen time and psychosocial well‐being: the mediating role of body mass index, sleep duration, and parent‐child interaction. J Pediatr. 2018;202:157‐162.e151.					main article Table 2; explicit 622-article instrument matrix; obr13260-bib-0365	screen-time measurement; review reports zero device-based measures, hence no raw-event preprocessing relevance
R008	366. Zhang T, Wang P, Liu H, et al. Physical activity, TV watching time, sleeping, and risk of obesity and hyperglycemia in the offspring of mothers with gestational diabetes mellitus. Sci Rep. 2017;7(1):41115.					main article Table 2; explicit 622-article instrument matrix; obr13260-bib-0366	screen-time measurement; review reports zero device-based measures, hence no raw-event preprocessing relevance
R008	367. Yilmaz G, Demirli Caylan N, Karacan CD. An intervention to preschool children for reducing screen time: a randomized controlled trial. Child Care Health Dev. 2015;41(3):443‐449.					main article Table 2; explicit 622-article instrument matrix; obr13260-bib-0367	screen-time measurement; review reports zero device-based measures, hence no raw-event preprocessing relevance
R008	368. Yang‐Huang J, van Grieken A, Moll HA, Jaddoe VWV, Wijtzes AI, Raat H. Socioeconomic differences in children's television viewing trajectory: a population‐based prospective cohort study. PLoS One. 2017;12(12):e0188363.					main article Table 2; explicit 622-article instrument matrix; obr13260-bib-0368	screen-time measurement; review reports zero device-based measures, hence no raw-event preprocessing relevance
R008	369. Yang X, Chen Z, Wang Z, Zhu L. The relations between television exposure and executive function in Chinese preschoolers: the moderated role of parental mediation behaviors. Front Psychol. 2017;8:1833.					main article Table 2; explicit 622-article instrument matrix; obr13260-bib-0369	screen-time measurement; review reports zero device-based measures, hence no raw-event preprocessing relevance
R008	370. Yamamoto S, Becker S, Fischer J, De Bock F. Sex differences in the variables associated with objectively measured moderate‐to‐vigorous physical activity in preschoolers. Prev Med. 2011;52(2):126‐129.					main article Table 2; explicit 622-article instrument matrix; obr13260-bib-0370	screen-time measurement; review reports zero device-based measures, hence no raw-event preprocessing relevance
R008	371. Wu X, Tao S, Rutayisire E, Chen Y, Huang K, Tao F. The relationship between screen time, nighttime sleep duration, and behavioural problems in preschool children in China. Eur Child Adolesc Psychiatry. 2017;26(5):541‐548.					main article Table 2; explicit 622-article instrument matrix; obr13260-bib-0371	screen-time measurement; review reports zero device-based measures, hence no raw-event preprocessing relevance
R008	372. Wosje KS, Khoury PR, Claytor RP, Copeland KA, Kalkwarf HJ, Daniels SR. Adiposity and TV viewing are related to less bone accrual in young children. J Pediatr. 2009;154(1):79‐85.e72.					main article Table 2; explicit 622-article instrument matrix; obr13260-bib-0372	screen-time measurement; review reports zero device-based measures, hence no raw-event preprocessing relevance
R008	373. Wong MS, Jones‐Smith JC, Colantuoni E, Thorpe RJ, Bleich SN, Chan KS. The longitudinal association between early childhood obesity and fathers' involvement in caregiving and decision‐making. Obesity. 2017;25(10):1754‐1761.					main article Table 2; explicit 622-article instrument matrix; obr13260-bib-0373	screen-time measurement; review reports zero device-based measures, hence no raw-event preprocessing relevance
R008	374. Wheaton N, Millar L, Allender S, Nichols M. The stability of weight status through the early to middle childhood years in Australia: a longitudinal study. BMJ Open. 2015;5(4):e006963.					main article Table 2; explicit 622-article instrument matrix; obr13260-bib-0374	screen-time measurement; review reports zero device-based measures, hence no raw-event preprocessing relevance
R008	375. Whaley SE, McGregor S, Jiang L, Gomez J, Harrison G, Jenks E. A WIC‐based intervention to prevent early childhood overweight. J Nutr Educ Behav. 2010;42(3 Suppl):S47‐S51.					main article Table 2; explicit 622-article instrument matrix; obr13260-bib-0375	screen-time measurement; review reports zero device-based measures, hence no raw-event preprocessing relevance
R008	376. Wen LM, van der Ploeg HP, Kite J, Cashmore A, Rissel C. A validation study of assessing physical activity and sedentary behavior in children aged 3 to 5 years. Pediatr Exerc Sci. 2010;22(3):408‐420.					main article Table 2; explicit 622-article instrument matrix; obr13260-bib-0376	screen-time measurement; review reports zero device-based measures, hence no raw-event preprocessing relevance
R008	377. Watt E, Fitzpatrick C, Derevensky JL, Pagani LS. Too much television? Prospective associations between early childhood televiewing and later self‐reports of victimization by sixth grade classmates. J Dev Behav Pediatr. 2015;36(6):426‐433.					main article Table 2; explicit 622-article instrument matrix; obr13260-bib-0377	screen-time measurement; review reports zero device-based measures, hence no raw-event preprocessing relevance
R008	378. Watanabe E, Lee JS, Mori K, Kawakubo K. Clustering patterns of obesity‐related multiple lifestyle behaviours and their associations with overweight and family environments: a cross‐sectional study in Japanese preschool children. BMJ Open. 2016;6(11):e012773.					main article Table 2; explicit 622-article instrument matrix; obr13260-bib-0378	screen-time measurement; review reports zero device-based measures, hence no raw-event preprocessing relevance
R008	379. Willis TA, Roberts KP, Berry TM, Bryant M, Rudolf MC. The impact of HENRY on parenting and family lifestyle: a national service evaluation of a preschool obesity prevention programme. Public Health. 2016;136:101‐108.					main article Table 2; explicit 622-article instrument matrix; obr13260-bib-0379	screen-time measurement; review reports zero device-based measures, hence no raw-event preprocessing relevance
R008	380. Williams SM, Taylor RW, Taylor BJ. Secular changes in BMI and the associations between risk factors and BMI in children born 29 years apart. Pediatr Obes. 2013;8(1):21‐30.					main article Table 2; explicit 622-article instrument matrix; obr13260-bib-0380	screen-time measurement; review reports zero device-based measures, hence no raw-event preprocessing relevance
R008	381. Wijtzes AI, Jansen W, Kamphuis CBM, et al. Increased risk of exceeding entertainment‐media guidelines in preschool children from low socioeconomic background: the Generation R Study. Prev Med. 2012;55(4):325‐329.					main article Table 2; explicit 622-article instrument matrix; obr13260-bib-0381	screen-time measurement; review reports zero device-based measures, hence no raw-event preprocessing relevance
R008	382. Wijtzes AI, Jansen W, Jansen PW, Jaddoe VWV, Hofman A, Raat H. Maternal educational level and preschool children's consumption of high‐calorie snacks and sugar‐containing beverages: mediation by the family food environment. Prev Med. 2013;57(5):607‐612.					main article Table 2; explicit 622-article instrument matrix; obr13260-bib-0382	screen-time measurement; review reports zero device-based measures, hence no raw-event preprocessing relevance
R008	383. Wijtzes AI, Jansen W, Jaddoe VW, et al. Ethnic background and television viewing time among 4‐year‐old preschool children: the generation R study. J Dev Behav Pediatr. 2013;34(2):63‐71.					main article Table 2; explicit 622-article instrument matrix; obr13260-bib-0383	screen-time measurement; review reports zero device-based measures, hence no raw-event preprocessing relevance
R008	384. Webster EK, Martin CK, Staiano AE. Fundamental motor skills, screen‐time, and physical activity in preschoolers. J Sport Health Sci. 2019;8(2):114‐121.					main article Table 2; explicit 622-article instrument matrix; obr13260-bib-0384	screen-time measurement; review reports zero device-based measures, hence no raw-event preprocessing relevance
R008	385. Vorwerg Y, Petroff D, Kiess W, Bluher S. Physical activity in 3–6 year old children measured by SenseWear Pro(R): direct accelerometry in the course of the week and relation to weight status, media consumption, and socioeconomic factors. PLoS One. 2013;8(4):e60619.					main article Table 2; explicit 622-article instrument matrix; obr13260-bib-0385	screen-time measurement; review reports zero device-based measures, hence no raw-event preprocessing relevance
R008	386. Voortman T, Kiefte‐de Jong JC, Geelen A, et al. The development of a diet quality score for preschool children and its validation and determinants in the generation R study. J Nutr. 2015;145(2):306‐314.					main article Table 2; explicit 622-article instrument matrix; obr13260-bib-0386	screen-time measurement; review reports zero device-based measures, hence no raw-event preprocessing relevance
R008	387. Verlinden M, Tiemeier H, Veenstra R, et al. Television viewing through ages 2–5 years and bullying involvement in early elementary school. BMC Public Health. 2014;14(1):157.					main article Table 2; explicit 622-article instrument matrix; obr13260-bib-0387	screen-time measurement; review reports zero device-based measures, hence no raw-event preprocessing relevance
R008	388. Walton K, Simpson JR, Darlington G, Haines J. Parenting stress: a cross‐sectional analysis of associations with childhood obesity, physical activity, and TV viewing. BMC Pediatr. 2014;14(1).					main article Table 2; explicit 622-article instrument matrix; obr13260-bib-0388	screen-time measurement; review reports zero device-based measures, hence no raw-event preprocessing relevance
R008	389. Walton K, Filion AJ, Gross D, et al. Parents and Tots Together: pilot randomized controlled trial of a family‐based obesity prevention intervention in Canada. Can J Public Health. 2016;106(8):e555‐e562.					main article Table 2; explicit 622-article instrument matrix; obr13260-bib-0389	screen-time measurement; review reports zero device-based measures, hence no raw-event preprocessing relevance
R008	390. Verlinden M, Tiemeier H, Hudziak JJ, et al. Television viewing and externalizing problems in preschool children: the generation R study. Arch Pediatr Adolesc Med. 2012;166(10):919‐925.					main article Table 2; explicit 622-article instrument matrix; obr13260-bib-0390	screen-time measurement; review reports zero device-based measures, hence no raw-event preprocessing relevance
R008	391. Verbestel V, De Henauw S, Bammann K, et al. Are context‐specific measures of parental‐reported physical activity and sedentary behaviour associated with accelerometer data in 2–9‐year‐old European children? Public Health Nutr. 2015;18(5):860‐868.					main article Table 2; explicit 622-article instrument matrix; obr13260-bib-0391	screen-time measurement; review reports zero device-based measures, hence no raw-event preprocessing relevance
R008	392. Verbestel V, De Coen V, Van Winckel M, Huybrechts I, Maes L, De Bourdeaudhuij I. Prevention of overweight in children younger than 2 years old: a pilot cluster‐randomized controlled trial. Public Health Nutr. 2014;17(6):1384‐1392.					main article Table 2; explicit 622-article instrument matrix; obr13260-bib-0392	screen-time measurement; review reports zero device-based measures, hence no raw-event preprocessing relevance
R008	393. Veldhuis L, Vogel I, Renders CM, et al. Behavioral risk factors for overweight in early childhood; the ‘Be active, eat right’ study. Int J Behav Nutr Phys Act. 2012;9(1):74.					main article Table 2; explicit 622-article instrument matrix; obr13260-bib-0393	screen-time measurement; review reports zero device-based measures, hence no raw-event preprocessing relevance
R008	394. Veldhuis L, van Grieken A, Renders CM, Hirasing RA, Raat H. Parenting style, the home environment, and screen time of 5‐year‐old children; the ‘be active, eat right’ study. PLoS One. 2014;9(2):e88486.					main article Table 2; explicit 622-article instrument matrix; obr13260-bib-0394	screen-time measurement; review reports zero device-based measures, hence no raw-event preprocessing relevance
R008	395. Vanderloo LM, Tucker P. An objective assessment of toddlers' physical activity and sedentary levels: a cross‐sectional study. BMC Public Health. 2015;15(1):969.					main article Table 2; explicit 622-article instrument matrix; obr13260-bib-0395	screen-time measurement; review reports zero device-based measures, hence no raw-event preprocessing relevance
R008	396. Vézina‐Im LA, Hughes SO, Baranowski T, Nicklas TA. Association between sleep duration and body mass index among US low‐income preschoolers. Obesity. 2017;25(10):1770‐1775.					main article Table 2; explicit 622-article instrument matrix; obr13260-bib-0396	screen-time measurement; review reports zero device-based measures, hence no raw-event preprocessing relevance
R008	397. van Rossem L, Vogel I, Moll HA, et al. An observational study on socio‐economic and ethnic differences in indicators of sedentary behavior and physical activity in preschool children. Prev Med. 2012;54(1):55‐60.					main article Table 2; explicit 622-article instrument matrix; obr13260-bib-0397	screen-time measurement; review reports zero device-based measures, hence no raw-event preprocessing relevance
R008	398. van Grieken A, Vlasblom E, Wang L, et al. Personalized web‐based advice in combination with well‐child visits to prevent overweight in young children: cluster randomized controlled trial. J Med Internet Res. 2017;19(7):e268.					main article Table 2; explicit 622-article instrument matrix; obr13260-bib-0398	screen-time measurement; review reports zero device-based measures, hence no raw-event preprocessing relevance
R008	399. van Grieken A, Renders CM, Veldhuis L, Looman CW, Hirasing RA, Raat H. Promotion of a healthy lifestyle among 5‐year‐old overweight children: health behavior outcomes of the ‘Be active, eat right’ study. BMC Public Health. 2014;14:59.					main article Table 2; explicit 622-article instrument matrix; obr13260-bib-0399	screen-time measurement; review reports zero device-based measures, hence no raw-event preprocessing relevance
R008	400. van Deutekom AW, Chinapaw MJ, Gademan MG, Twisk JW, Gemke RJ, Vrijkotte TG. The association of birth weight and infant growth with childhood autonomic nervous system activity and its mediating effects on energy‐balance‐related behaviours—the ABCD study. Int J Epidemiol. 2016;45(4):1079‐1090.					main article Table 2; explicit 622-article instrument matrix; obr13260-bib-0400	screen-time measurement; review reports zero device-based measures, hence no raw-event preprocessing relevance
R008	401. van Deutekom A, Gemke R, Gademan M, Chinapaw M, Vrijkotte T. Association of birth weight and postnatal growth with autonomic nervous system activity at age 5 and mediating effects on energy related behaviours, the ABCD study. Eur J Pediatr. 2016;175(11):1469.					main article Table 2; explicit 622-article instrument matrix; obr13260-bib-0401	screen-time measurement; review reports zero device-based measures, hence no raw-event preprocessing relevance
R008	402. Valerio G, Galle F, Mancusi C, et al. Pattern of fractures across pediatric age groups: analysis of individual and lifestyle factors. BMC Public Health. 2010;10(1):656.					main article Table 2; explicit 622-article instrument matrix; obr13260-bib-0402	screen-time measurement; review reports zero device-based measures, hence no raw-event preprocessing relevance
R008	403. Valcheva KP, Krivoshiiska‐Valcheva EK, Stateva DV, Statev KN. Computer eye syndrome in children aged 3 to 6 years. J IMAB ‐ Annual Proc (Scientific Papers). 2016;22(1):1075‐1077.					main article Table 2; explicit 622-article instrument matrix; obr13260-bib-0403	screen-time measurement; review reports zero device-based measures, hence no raw-event preprocessing relevance
R008	404. Vaala SE, Hornik RC. Predicting US infants' and toddlers' TV/video viewing rates: mothers' cognitions and structural life circumstances. J Child Media. 2014;8(2):163‐182.					main article Table 2; explicit 622-article instrument matrix; obr13260-bib-0404	screen-time measurement; review reports zero device-based measures, hence no raw-event preprocessing relevance
R008	405. Bacardi‐Gascon M, Reveles‐Rojas C, Woodward‐Lopez G, Crawford P, Jimenez‐Cruz A. Assessing the validity of a physical activity questionnaire developed for parents of preschool children in Mexico. J Health Popul Nutr. 2012;30(4):439‐446.					main article Table 2; explicit 622-article instrument matrix; obr13260-bib-0405	screen-time measurement; review reports zero device-based measures, hence no raw-event preprocessing relevance
R008	406. Smith BJ, Grunseit A, Hardy LL, King L, Wolfenden L, Milat A. Parental influences on child physical activity and screen viewing time: a population based study. BMC Public Health. 2010;10(1):593.					main article Table 2; explicit 622-article instrument matrix; obr13260-bib-0406	screen-time measurement; review reports zero device-based measures, hence no raw-event preprocessing relevance
R008	407. Pempek TA, McDaniel BT. Young children's tablet use and associations with maternal well‐being. J Child Fam Stud. 2016;25(8):2636‐2647.					main article Table 2; explicit 622-article instrument matrix; obr13260-bib-0407	screen-time measurement; review reports zero device-based measures, hence no raw-event preprocessing relevance
R008	408. Nikken P, Schols M. How and why parents guide the media use of young children. J Child Fam Stud. 2015;24(11):3423‐3435.					main article Table 2; explicit 622-article instrument matrix; obr13260-bib-0408	screen-time measurement; review reports zero device-based measures, hence no raw-event preprocessing relevance
R008	409. Bedford R, Saez de Urabain IR, Cheung CH, Karmiloff‐Smith A, Smith TJ. Toddlers' fine motor milestone achievement is associated with early touchscreen scrolling. Front Psychol. 2016;7:1108.					main article Table 2; explicit 622-article instrument matrix; obr13260-bib-0409	screen-time measurement; review reports zero device-based measures, hence no raw-event preprocessing relevance
R008	410. Townsend M, Shilts M, Ontai L, Leavens L, Davidson C, Sitnick S. Obesity risk for young children: development and initial validation of an assessment tool for participants of federal nutrition programs. The Forum of Family and Consumer Issues. 2014;19.					main article Table 2; explicit 622-article instrument matrix; obr13260-bib-0410	screen-time measurement; review reports zero device-based measures, hence no raw-event preprocessing relevance
R008	411. Hinkley T, Salmon J, Okely AD, Crawford D, Hesketh K. The HAPPY study: development and reliability of a parent survey to assess correlates of preschool children's physical activity. J Sci Med Sport. 2012;15(5):407‐417.					main article Table 2; explicit 622-article instrument matrix; obr13260-bib-0411	screen-time measurement; review reports zero device-based measures, hence no raw-event preprocessing relevance
R008	412. Zhang M, Quick V, Jin Y, Martin‐Biggers J. Associations of mother's behaviors and home/neighborhood environments with preschool children's physical activity behaviors. Am J Health Promot. 2020;34(1):83‐86.					main article Table 2; explicit 622-article instrument matrix; obr13260-bib-0412	screen-time measurement; review reports zero device-based measures, hence no raw-event preprocessing relevance
R008	413. Yang‐Huang J, van Grieken A, Wang L, Jaddoe VWV, Jansen W, Raat H. Ethnic background and children's television viewing trajectories: the Generation R Study. PLoS One. 2018;13(12):e0209375.					main article Table 2; explicit 622-article instrument matrix; obr13260-bib-0413	screen-time measurement; review reports zero device-based measures, hence no raw-event preprocessing relevance
R008	414. Yang GY, Huang LH, Schmid KL, et al. Associations between screen exposure in early life and myopia amongst Chinese preschoolers. Int J Environ Res Public Health. 2020;17(3):1056.					main article Table 2; explicit 622-article instrument matrix; obr13260-bib-0414	screen-time measurement; review reports zero device-based measures, hence no raw-event preprocessing relevance
R008	415. Xie G, Deng Q, Cao J, Chang Q. Digital screen time and its effect on preschoolers' behavior in China: results from a cross‐sectional study. Ital J Pediatr. 2020;46(1):9.					main article Table 2; explicit 622-article instrument matrix; obr13260-bib-0415	screen-time measurement; review reports zero device-based measures, hence no raw-event preprocessing relevance
R008	416. Wang YC, Chen LC, Tung YC, Lee CC, Tsai SY. Physical activity and objectively assessed sleep in 6‐month‐old infants in Taiwan. Res Nurs Health. 2019;42(2):128‐135.					main article Table 2; explicit 622-article instrument matrix; obr13260-bib-0416	screen-time measurement; review reports zero device-based measures, hence no raw-event preprocessing relevance
R008	417. Zhang Z, Sousa‐Sá E, Pereira J, et al. Correlates of nocturnal sleep duration, nocturnal sleep variability, and nocturnal sleep problems in toddlers: results from the GET UP! Study. Sleep Med. 2019;53:124‐132.					main article Table 2; explicit 622-article instrument matrix; obr13260-bib-0417	screen-time measurement; review reports zero device-based measures, hence no raw-event preprocessing relevance
R008	418. Venetsanou F, Kambas A, Gourgoulis V, Yannakoulia M. Physical activity in pre‐school children: trends over time and associations with body mass index and screen time. Ann Hum Biol. 2019;46(5):393‐399.					main article Table 2; explicit 622-article instrument matrix; obr13260-bib-0418	screen-time measurement; review reports zero device-based measures, hence no raw-event preprocessing relevance
R008	419. Venetsanou F, Emmanouilidou K, Kouli O, Bebetsos E, Comoutos N, Kambas A. Physical activity and sedentary behaviors of young children: trends from 2009 to 2018. Int J Environ Res Public Health. 2020;17(5):1645.					main article Table 2; explicit 622-article instrument matrix; obr13260-bib-0419	screen-time measurement; review reports zero device-based measures, hence no raw-event preprocessing relevance
R008	420. Tamana SK, Ezeugwu V, Chikuma J, et al. Screen‐time is associated with inattention problems in preschoolers: results from the CHILD birth cohort study. PLoS One. 2019;14(4):e0213995.					main article Table 2; explicit 622-article instrument matrix; obr13260-bib-0420	screen-time measurement; review reports zero device-based measures, hence no raw-event preprocessing relevance
R008	421. Wiseman N, Harris N, Downes M. Preschool children's preferences for sedentary activity relates to parent's restrictive rules around active outdoor play. BMC Public Health. 2019;19(1):946.					main article Table 2; explicit 622-article instrument matrix; obr13260-bib-0421	screen-time measurement; review reports zero device-based measures, hence no raw-event preprocessing relevance
R008	422. Stough CO, McCullough MB, Robson SL, et al. Are preschoolers meeting the mark? Comparing the dietary, activity, and sleep behaviors of preschoolers with obesity to national recommendations. J Pediatr Psychol. 2018;43(4):452‐463.					main article Table 2; explicit 622-article instrument matrix; obr13260-bib-0422	screen-time measurement; review reports zero device-based measures, hence no raw-event preprocessing relevance
R008	423. Simonato I, Janosz M, Archambault I, Pagani LS. Prospective associations between toddler televiewing and subsequent lifestyle habits in adolescence. Prev Med. 2018;110:24‐30.					main article Table 2; explicit 622-article instrument matrix; obr13260-bib-0423	screen-time measurement; review reports zero device-based measures, hence no raw-event preprocessing relevance
R008	424. van den Heuvel M, Ma J, Borkhoff CM, et al. Mobile media device use is associated with expressive language delay in 18‐month‐old children. J Dev Behav Pediatr. 2019;40(2):99‐104.					main article Table 2; explicit 622-article instrument matrix; obr13260-bib-0424	screen-time measurement; review reports zero device-based measures, hence no raw-event preprocessing relevance
R008	425. Tucker JM, Defrang R, Orth J, Wakefield S, Howard K. Evaluation of a primary care weight management program in children aged 2–5years: changes in feeding practices, health behaviors, and body mass index. Nutrients. 2019;11(3):498.					main article Table 2; explicit 622-article instrument matrix; obr13260-bib-0425	screen-time measurement; review reports zero device-based measures, hence no raw-event preprocessing relevance
R008	426. Trinh MH, Sundaram R, Robinson SL, et al. Association of trajectory and covariates of children's screen media time. JAMA Pediatr. 2020;174(1):71‐78.					main article Table 2; explicit 622-article instrument matrix; obr13260-bib-0426	screen-time measurement; review reports zero device-based measures, hence no raw-event preprocessing relevance
R008	427. Tooth L, Moss K, Hockey R, Mishra GD. Adherence to screen time recommendations for Australian children aged 0–12 years. Med J Aust. 2019;211(4):181‐182.					main article Table 2; explicit 622-article instrument matrix; obr13260-bib-0427	screen-time measurement; review reports zero device-based measures, hence no raw-event preprocessing relevance
R008	428. Tombeau Cost K, Korczak D, Charach A, et al. Association of parental and contextual stressors with child screen exposure and child screen exposure combined with feeding. JAMA Netw Open. 2020;3(2):e1920557.					main article Table 2; explicit 622-article instrument matrix; obr13260-bib-0428	screen-time measurement; review reports zero device-based measures, hence no raw-event preprocessing relevance
R008	429. Tomayko EJ, Prince RJ, Cronin KA, Kim K, Parker T, Adams AK. The Healthy Children, Strong Families 2 (HCSF2) randomized controlled trial improved healthy behaviors in American Indian families with young children. Curr Develo Nutr. 2019;3(Supplement_2):53‐62.					main article Table 2; explicit 622-article instrument matrix; obr13260-bib-0429	screen-time measurement; review reports zero device-based measures, hence no raw-event preprocessing relevance
R008	430. Sharma SV, Vandewater E, Chuang R‐J, et al. Impact of the Coordinated Approach to Child Health Early Childhood program for obesity prevention among preschool children: the Texas childhood obesity research demonstration study. Child Obes. 2019;15(1):1‐13.					main article Table 2; explicit 622-article instrument matrix; obr13260-bib-0430	screen-time measurement; review reports zero device-based measures, hence no raw-event preprocessing relevance
R008	431. Ribner AD, McHarg GG. Why won't she sleep? Screen exposure and sleep patterns in young infants. Infant Behav Dev. 2019;57:101334.					main article Table 2; explicit 622-article instrument matrix; obr13260-bib-0431	screen-time measurement; review reports zero device-based measures, hence no raw-event preprocessing relevance
R008	432. Peralta GP, Forns J, de la Hera MG, et al. Sleeping, TV, cognitively stimulating activities, physical activity, and attention‐deficit hyperactivity disorder symptom incidence in children: a prospective study. J Dev Behav Pediatr. 2018;39(3):192‐199.					main article Table 2; explicit 622-article instrument matrix; obr13260-bib-0432	screen-time measurement; review reports zero device-based measures, hence no raw-event preprocessing relevance
R008	433. Park SH, Park CG, Bahorski JS, Cormier E. Factors influencing obesity among preschoolers: multilevel approach. Int Nurs Rev. 2019;66(3):346‐355.					main article Table 2; explicit 622-article instrument matrix; obr13260-bib-0433	screen-time measurement; review reports zero device-based measures, hence no raw-event preprocessing relevance
R008	434. Park S, Chang HY, Park EJ, et al. Maternal depression and children's screen overuse. J Korean Med Sci. 2018;33(34):e219.					main article Table 2; explicit 622-article instrument matrix; obr13260-bib-0434	screen-time measurement; review reports zero device-based measures, hence no raw-event preprocessing relevance
R008	435. Schwarzfischer P, Gruszfeld D, Socha P, et al. Effects of screen time and playing outside on anthropometric measures in preschool aged children. PLoS One. 2020;15(3):e0229708.					main article Table 2; explicit 622-article instrument matrix; obr13260-bib-0435	screen-time measurement; review reports zero device-based measures, hence no raw-event preprocessing relevance
R008	436. Santaliestra‐Pasías AM, González‐Gil EM, Pala V, et al. Predictive associations between lifestyle behaviours and dairy consumption: the IDEFICS study. Nutr Metab Cardiovasc Dis. 2020;30(3):514‐522.					main article Table 2; explicit 622-article instrument matrix; obr13260-bib-0436	screen-time measurement; review reports zero device-based measures, hence no raw-event preprocessing relevance
R008	437. Saldanha‐Gomes C, Marbac M, Sedki M, et al. Clusters of diet, physical activity, television exposure and sleep habits and their association with adiposity in preschool children: the EDEN mother‐child cohort. Int J Behav Nutr Phys Act. 2020;17(1):20.					main article Table 2; explicit 622-article instrument matrix; obr13260-bib-0437	screen-time measurement; review reports zero device-based measures, hence no raw-event preprocessing relevance
R008	438. Novotny R, Davis J, Butel J, et al. Effect of the children's healthy living program on young child overweight, obesity, and acanthosis nigricans in the US‐affiliated Pacific region: a randomized clinical trial. JAMA Netw Open. 2018;1(6):e183896.					main article Table 2; explicit 622-article instrument matrix; obr13260-bib-0438	screen-time measurement; review reports zero device-based measures, hence no raw-event preprocessing relevance
R008	439. Norman Å, Zeebari Z, Nyberg G, Elinder LS. Parental support in promoting children's health behaviours and preventing overweight and obesity—a long‐term follow‐up of the cluster‐randomised healthy school start study II trial. BMC Pediatr. 2019;19(1):104.					main article Table 2; explicit 622-article instrument matrix; obr13260-bib-0439	screen-time measurement; review reports zero device-based measures, hence no raw-event preprocessing relevance
R008	440. Przybylski AK. Digital screen time and pediatric sleep: evidence from a preregistered cohort study. J Pediatr. 2019;205:218‐223.					main article Table 2; explicit 622-article instrument matrix; obr13260-bib-0440	screen-time measurement; review reports zero device-based measures, hence no raw-event preprocessing relevance
R008	441. Prioreschi A, Micklesfield LK. Compliance with physical activity and sedentary behavior guidelines and associations with abdominal adiposity in a sample of infants and toddlers from Soweto, South Africa. J Phys Act Health. 2019;16(12):872‐879.					main article Table 2; explicit 622-article instrument matrix; obr13260-bib-0441	screen-time measurement; review reports zero device-based measures, hence no raw-event preprocessing relevance
R008	442. Poulain T, Ludwig J, Hiemisch A, Hilbert A, Kiess W. Media use of mothers, media use of children, and parent‐child interaction are related to behavioral difficulties and strengths of children. Int J Environ Res Public Health. 2019;16(23):4651.					main article Table 2; explicit 622-article instrument matrix; obr13260-bib-0442	screen-time measurement; review reports zero device-based measures, hence no raw-event preprocessing relevance
R008	443. Minaie M, Movahedi A, Motlagh AD, Abdollahi Z, Djazayery A. Association of socioeconomic status and food security with anthropometric indices among 2–5‐year‐old urban children in eight different cities in Iran. Int J Prev Med. 2019;10(1):173.					main article Table 2; explicit 622-article instrument matrix; obr13260-bib-0443	screen-time measurement; review reports zero device-based measures, hence no raw-event preprocessing relevance
R008	444. Miguel‐Berges ML, Santaliestra‐Pasias AM, Mouratidou T, et al. Combined longitudinal effect of physical activity and screen time on food and beverage consumption in European preschool children: the ToyBox‐study. Nutrients. 2019;11(5):1048.					main article Table 2; explicit 622-article instrument matrix; obr13260-bib-0444	screen-time measurement; review reports zero device-based measures, hence no raw-event preprocessing relevance
R008	445. Miguel‐Berges ML, Santaliestra‐Pasias AM, Mouratidou T, et al. The effect of the ToyBox‐intervention on parental perceptions, attitudes and knowledge on European preschool children's screen time: the ToyBox‐study. Ann Nutr Metab. 2019;75:17.					main article Table 2; explicit 622-article instrument matrix; obr13260-bib-0445	screen-time measurement; review reports zero device-based measures, hence no raw-event preprocessing relevance
R008	446. McVey MK, Geraghty AA, O'Brien EC, et al. The impact of diet, body composition, and physical activity on child bone mineral density at five years of age—findings from the ROLO Kids Study. Eur J Pediatr. 2020;179(1):121‐131.					main article Table 2; explicit 622-article instrument matrix; obr13260-bib-0446	screen-time measurement; review reports zero device-based measures, hence no raw-event preprocessing relevance
R008	447. McNeill J, Howard SJ, Vella SA, Cliff DP. Longitudinal associations of electronic application use and media program viewing with cognitive and psychosocial development in preschoolers. Acad Pediatr. 2019;19(5):520‐528.					main article Table 2; explicit 622-article instrument matrix; obr13260-bib-0447	screen-time measurement; review reports zero device-based measures, hence no raw-event preprocessing relevance
R008	448. McHarg G, Ribner AD, Devine RT, Hughes C. Infant screen exposure links to toddlers' inhibition, but not other EF constructs: a propensity score study. Inf Dent. 2020;25(2):205‐222.					main article Table 2; explicit 622-article instrument matrix; obr13260-bib-0448	screen-time measurement; review reports zero device-based measures, hence no raw-event preprocessing relevance
R008	449. Ogren M, Baranowski T, Lowry SJ, Mendoza JA. Model of goal directed behavior for limiting Latino preschoolers' television viewing: validity and reliability. BMC Public Health. 2020;20(1):185.					main article Table 2; explicit 622-article instrument matrix; obr13260-bib-0449	screen-time measurement; review reports zero device-based measures, hence no raw-event preprocessing relevance
R008	450. McCloskey M, Johnson SL, Benz C, et al. Parent perceptions of mobile device use among preschool‐aged children in rural head start centers. J Nutr Educ Behav. 2018;50(1):83‐89.e81.					main article Table 2; explicit 622-article instrument matrix; obr13260-bib-0450	screen-time measurement; review reports zero device-based measures, hence no raw-event preprocessing relevance
R008	451. Mayne SL, Virudachalam S, Fiks AG. Clustering of unhealthy behaviors in a nationally representative sample of U.S. children and adolescents. Prev Med. 2020;130:105892.					main article Table 2; explicit 622-article instrument matrix; obr13260-bib-0451	screen-time measurement; review reports zero device-based measures, hence no raw-event preprocessing relevance
R008	452. Lioret S, Campbell KJ, McNaughton SA, et al. Lifestyle patterns begin in early childhood, persist and are socioeconomically patterned, confirming the importance of early life interventions. Nutrients. 2020;12(3):724.					main article Table 2; explicit 622-article instrument matrix; obr13260-bib-0452	screen-time measurement; review reports zero device-based measures, hence no raw-event preprocessing relevance
R008	453. Ling J, Zahry NR, Robbins LB. Dose‐response relationship in a healthy habits study for head start preschoolers. Nurs Res. 2019;68(4):329‐335.					main article Table 2; explicit 622-article instrument matrix; obr13260-bib-0453	screen-time measurement; review reports zero device-based measures, hence no raw-event preprocessing relevance
R008	454. Lin H‐P, Chen K‐L, Chou W, et al. Prolonged touch screen device usage is associated with emotional and behavioral problems, but not language delay, in toddlers. Infant Behav Dev. 2020;58:101424.					main article Table 2; explicit 622-article instrument matrix; obr13260-bib-0454	screen-time measurement; review reports zero device-based measures, hence no raw-event preprocessing relevance
R008	455. Levine LE, Waite BM, Bowman LL, Kachinsky K. Mobile media use by infants and toddlers. Comput Hum Behav. 2019;94:92‐99.					main article Table 2; explicit 622-article instrument matrix; obr13260-bib-0455	screen-time measurement; review reports zero device-based measures, hence no raw-event preprocessing relevance
R008	456. Leppanen MH, Ray C, Wennman H, et al. Compliance with the 24‐h movement guidelines and the relationship with anthropometry in Finnish preschoolers: the DAGIS study. BMC Public Health. 2019;19(1):1618.					main article Table 2; explicit 622-article instrument matrix; obr13260-bib-0456	screen-time measurement; review reports zero device-based measures, hence no raw-event preprocessing relevance
R008	457. Moorman JD, Harrison K. Beyond access and exposure: implications of sneaky media use for preschoolers' sleep behavior. Health Commun. 2019;34(5):529‐536.					main article Table 2; explicit 622-article instrument matrix; obr13260-bib-0457	screen-time measurement; review reports zero device-based measures, hence no raw-event preprocessing relevance
R008	458. Moon JH, Cho SY, Lim SM, et al. Smart device usage in early childhood is differentially associated with fine motor and language development. Acta Paediatrica, Intern J Paed. 2019;108(5):903‐910.					main article Table 2; explicit 622-article instrument matrix; obr13260-bib-0458	screen-time measurement; review reports zero device-based measures, hence no raw-event preprocessing relevance
R008	459. Lee DY, Roh HW, Kim SJ, et al. Trends in digital media use in Korean preschool children. J Korean Med Sci. 2019;34(41):e263.					main article Table 2; explicit 622-article instrument matrix; obr13260-bib-0459	screen-time measurement; review reports zero device-based measures, hence no raw-event preprocessing relevance
R008	460. Laurie MH, Warreyn P, Uriarte BV, Boonen C, Fletcher‐Watson S. An international survey of parental attitudes to technology use by their autistic children at home. J Autism Dev Disord. 2019;49(4):1517‐1530.					main article Table 2; explicit 622-article instrument matrix; obr13260-bib-0460	screen-time measurement; review reports zero device-based measures, hence no raw-event preprocessing relevance
R008	461. Kracht CL, Webster EK, Staiano AE. Sociodemographic differences in young children meeting 24‐hour movement guidelines. J Phys Act Health. 2019;16(10):908‐915.					main article Table 2; explicit 622-article instrument matrix; obr13260-bib-0461	screen-time measurement; review reports zero device-based measures, hence no raw-event preprocessing relevance
R008	462. Knowlden AP, Conrad E. Two‐year outcomes of the Enabling Mothers to Prevent Pediatric Obesity Through Web‐Based Education and Reciprocal Determinism (EMPOWER) randomized control trial. Health Educ Behav. 2018;45(2):262‐276.					main article Table 2; explicit 622-article instrument matrix; obr13260-bib-0462	screen-time measurement; review reports zero device-based measures, hence no raw-event preprocessing relevance
R008	463. Malden S, Reilly J, Gibson A, et al. Feasibility of the ToyBox‐Scotland obesity prevention intervention in preschools: results of a cluster randomised controlled trial. Obes Facts. 2019;12:213.					main article Table 2; explicit 622-article instrument matrix; obr13260-bib-0463	screen-time measurement; review reports zero device-based measures, hence no raw-event preprocessing relevance
R008	464. Madigan S, Racine N, Tough S. Prevalence of preschoolers meeting vs exceeding screen time guidelines. JAMA Pediatr. 2020;174(1):93‐95.					main article Table 2; explicit 622-article instrument matrix; obr13260-bib-0464	screen-time measurement; review reports zero device-based measures, hence no raw-event preprocessing relevance
R008	465. Madigan S, Browne D, Racine N, Mori C, Tough S. Association between screen time and children's performance on a developmental screening test. JAMA Pediatr. 2019;173(3):244‐250.					main article Table 2; explicit 622-article instrument matrix; obr13260-bib-0465	screen-time measurement; review reports zero device-based measures, hence no raw-event preprocessing relevance
R008	466. Jusiene R, Urbonas V, Laurinaityte I, et al. Screen use during meals among young children: exploration of associated variables. Medicina (Kaunas). 2019;55(10):688.					main article Table 2; explicit 622-article instrument matrix; obr13260-bib-0466	screen-time measurement; review reports zero device-based measures, hence no raw-event preprocessing relevance
R008	467. Jackson DB. Does TV viewing during toddlerhood predict social difficulties and conduct problems? Infant and Child Development. 2018;27(4):1‐10.					main article Table 2; explicit 622-article instrument matrix; obr13260-bib-0467	screen-time measurement; review reports zero device-based measures, hence no raw-event preprocessing relevance
R008	468. Abdelrahman IA, AL‐Badri OFY, Alsamarae MSK. A comparison of motor intelligence and some basic movements according to the time of daily practice of electronic games and watching television for children (4–6) years. Ann Trop Med Public Health. 2019;22(9):S273B.					main article Table 2; explicit 622-article instrument matrix; obr13260-bib-0468	screen-time measurement; review reports zero device-based measures, hence no raw-event preprocessing relevance
R008	469. Hardy LL, Baur LA, Wen LM, Garnett SP, Mihrshahi S. Descriptive epidemiology of changes in weight and weight‐related behaviours of Australian children aged 5 years: two population‐based cross‐sectional studies in 2010 and 2015. BMJ Open. 2018;8(4):e019391.					main article Table 2; explicit 622-article instrument matrix; obr13260-bib-0469	screen-time measurement; review reports zero device-based measures, hence no raw-event preprocessing relevance
R008	470. Hammersley ML, Okely AD, Batterham MJ, Jones RA. An internet‐based childhood obesity prevention program (Time2bHealthy) for parents of preschool‐aged children: randomized controlled trial. J Med Internet Res. 2019;21(2):e11964.					main article Table 2; explicit 622-article instrument matrix; obr13260-bib-0470	screen-time measurement; review reports zero device-based measures, hence no raw-event preprocessing relevance
R008	471. Hammersley ML, Okely AD, Batterham MJ, Jones RA. Investigating the mediators and moderators of child body mass index change in the Time2bHealthy childhood obesity prevention program for parents of preschool‐aged children. Public Health. 2019;173:50‐57.					main article Table 2; explicit 622-article instrument matrix; obr13260-bib-0471	screen-time measurement; review reports zero device-based measures, hence no raw-event preprocessing relevance
R008	472. Guxens M, Vermeulen R, Steenkamer I, et al. Radiofrequency electromagnetic fields, screen time, and emotional and behavioural problems in 5‐year‐old children. Int J Hyg Environ Health. 2019;222(2):188‐194.					main article Table 2; explicit 622-article instrument matrix; obr13260-bib-0472	screen-time measurement; review reports zero device-based measures, hence no raw-event preprocessing relevance
R008	473. Guedes SDC, Morais RLS, Santos LR, Leite HR, Nobre JNP, Santos JN. Children's use of interactive media in early childhood—an epidemiological study. Rev Paul Pediatr. 2020;38:e2018165.					main article Table 2; explicit 622-article instrument matrix; obr13260-bib-0473	screen-time measurement; review reports zero device-based measures, hence no raw-event preprocessing relevance
R008	474. Karvonen AM, Sordillo JE, Gold DR, et al. Gut microbiota and overweight in 3‐year old children. Int J Obes (Lond). 2019;43(4):713‐723.					main article Table 2; explicit 622-article instrument matrix; obr13260-bib-0474	screen-time measurement; review reports zero device-based measures, hence no raw-event preprocessing relevance
R008	475. Grant VM, Tomayko EJ, Prince RJ, Cronin K, Adams A. Understanding correlates of physical activity in American Indian families: the Healthy Children Strong Families‐2 Study. J Phys Act Health. 2018;15(11):866‐873.					main article Table 2; explicit 622-article instrument matrix; obr13260-bib-0475	screen-time measurement; review reports zero device-based measures, hence no raw-event preprocessing relevance
R008	476. Goto M, Yamamoto Y, Saito R, Kusuhara K. The effect of environmental factors in childcare facilities on the association between infantile obesity and lifestyle; a multivariate multilevel analysis. Horm Res Paediatr. 2017;88:326.					main article Table 2; explicit 622-article instrument matrix; obr13260-bib-0476	screen-time measurement; review reports zero device-based measures, hence no raw-event preprocessing relevance
R008	477. Goto M, Yamamoto Y, Saito R, et al. The effect of environmental factors in childcare facilities and individual lifestyle on obesity among Japanese preschool children; a multivariate multilevel analysis. Medicine (United States). 2019;98(41):e17490.					main article Table 2; explicit 622-article instrument matrix; obr13260-bib-0477	screen-time measurement; review reports zero device-based measures, hence no raw-event preprocessing relevance
R008	478. Fujiwara A, Murakami K, Asakura K, et al. Association of free sugar intake estimated using a newly‐developed food composition database with lifestyles and parental characteristics among Japanese children aged 3–6 years: DONGuRI study. Proc Nut Soc. 2018;77(OCE4):e200.					main article Table 2; explicit 622-article instrument matrix; obr13260-bib-0478	screen-time measurement; review reports zero device-based measures, hence no raw-event preprocessing relevance
R008	479. French SA, Sherwood NE, Veblen‐Mortenson S, et al. Multicomponent obesity prevention intervention in low‐income preschoolers: primary and subgroup analyses of the NET‐Works randomized clinical trial, 2012–2017. Am J Public Health. 2018;108(12):1695‐1706.					main article Table 2; explicit 622-article instrument matrix; obr13260-bib-0479	screen-time measurement; review reports zero device-based measures, hence no raw-event preprocessing relevance
R008	480. Huber B, Highfield K, Kaufman J. Detailing the digital experience: parent reports of children's media use in the home learning environment. British J Educa Tech. 2018;49(5):821‐833.					main article Table 2; explicit 622-article instrument matrix; obr13260-bib-0480	screen-time measurement; review reports zero device-based measures, hence no raw-event preprocessing relevance
R008	481. Huang L, Yang GY, Schmid KL, et al. Screen exposure during early life and the increased risk of astigmatism among preschool children: findings from Longhua Child Cohort Study. Int J Environ Res Public Health. 2020;17(7):2216.					main article Table 2; explicit 622-article instrument matrix; obr13260-bib-0481	screen-time measurement; review reports zero device-based measures, hence no raw-event preprocessing relevance
R008	482. Hu BY, Johnson GK, Wu H. Screen time relationship of Chinese parents and their children. Child Youth Serv Rev. 2018;94:659‐669.					main article Table 2; explicit 622-article instrument matrix; obr13260-bib-0482	screen-time measurement; review reports zero device-based measures, hence no raw-event preprocessing relevance
R008	483. Helm AF, Spencer RMC. Television use and its effects on sleep in early childhood. Sleep Health. 2019;5(3):241‐247.					main article Table 2; explicit 622-article instrument matrix; obr13260-bib-0483	screen-time measurement; review reports zero device-based measures, hence no raw-event preprocessing relevance
R008	484. Goncalves WSF, Byrne R, Viana MT, Trost SG. Parental influences on screen time and weight status among preschool children from Brazil: a cross‐sectional study. The Intern J Beha Nutri Phys Activ. 2019;16(1):27.					main article Table 2; explicit 622-article instrument matrix; obr13260-bib-0484	screen-time measurement; review reports zero device-based measures, hence no raw-event preprocessing relevance
R008	485. Beyens I, Nathanson AI. Electronic media use and sleep among preschoolers: evidence for time‐shifted and less consolidated sleep. Health Commun. 2019;34(5):537‐544.					main article Table 2; explicit 622-article instrument matrix; obr13260-bib-0485	screen-time measurement; review reports zero device-based measures, hence no raw-event preprocessing relevance
R008	486. Bélanger M, Dugas C, Perron J, et al. Association between lifestyle habits and adiposity values among children exposed and unexposed to gestational diabetes mellitus in utero. Diabetes Metab Syndr. 2019;13(5):2947‐2952.					main article Table 2; explicit 622-article instrument matrix; obr13260-bib-0486	screen-time measurement; review reports zero device-based measures, hence no raw-event preprocessing relevance
R008	487. Bawaked RA, Fernández‐Barrés S, Navarrete‐Muñoz EM, et al. Impact of lifestyle behaviors in early childhood on obesity and cardiometabolic risk in children: results from the Spanish INMA birth cohort study. Pediatr Obes. 2020;15(3):e12590.					main article Table 2; explicit 622-article instrument matrix; obr13260-bib-0487	screen-time measurement; review reports zero device-based measures, hence no raw-event preprocessing relevance
R008	488. Baker S, Morawska A, Mitchell AE. Do Australian children carry out recommended preventive child health behaviours? Insights from an online parent survey. J Paediatr Child Health. 2020;56(6):900‐907.					main article Table 2; explicit 622-article instrument matrix; obr13260-bib-0488	screen-time measurement; review reports zero device-based measures, hence no raw-event preprocessing relevance
R008	489. Azabdaftari F, Jafarpour P, Asghari‐Jafarabadi M, Shokrvash B, Reyhani P. Unrestricted prevalence of sedentary behaviors from early childhood. BMC Public Health. 2020;20(1):255.					main article Table 2; explicit 622-article instrument matrix; obr13260-bib-0489	screen-time measurement; review reports zero device-based measures, hence no raw-event preprocessing relevance
R008	490. Erat Nergiz M, Çaylan N, Yalçin SS, et al. Excessive screen time is associated with maternal rejection behaviours in pre‐school children. J Paediatr Child Health. 2020;56(7):1077‐1082.					main article Table 2; explicit 622-article instrument matrix; obr13260-bib-0490	screen-time measurement; review reports zero device-based measures, hence no raw-event preprocessing relevance
R008	491. Eijkemans M, Mommers M, Remmers T, Draaisma JMT, Prins MH, Thijs C. Physical activity and asthma development in childhood: prospective birth cohort study. Pediatr Pulmonol. 2020;55(1):76‐82.					main article Table 2; explicit 622-article instrument matrix; obr13260-bib-0491	screen-time measurement; review reports zero device-based measures, hence no raw-event preprocessing relevance
R008	492. Cingel DP, Krcmar M. Predicting media use in very young children: the role of demographics and parent attitudes. Commun Stu. 2013;64(4):374‐394.					main article Table 2; explicit 622-article instrument matrix; obr13260-bib-0492	screen-time measurement; review reports zero device-based measures, hence no raw-event preprocessing relevance
R008	493. Chomitz VR, Brown A, Lee V, Must A, Chui KKH. Healthy living behaviors among Chinese‐American preschool‐aged children: results of a parent survey. J Immigr Minor Health. 2018;20(4):926‐935.					main article Table 2; explicit 622-article instrument matrix; obr13260-bib-0493	screen-time measurement; review reports zero device-based measures, hence no raw-event preprocessing relevance
R008	494. Buscemi J, Odoms‐Young A, Stolley MR, et al. Comparative effectiveness trial of an obesity prevention intervention in EFNEP and SNAP‐ED: primary outcomes. Nutrients. 2019;11(5):1012.					main article Table 2; explicit 622-article instrument matrix; obr13260-bib-0494	screen-time measurement; review reports zero device-based measures, hence no raw-event preprocessing relevance
R008	495. del Pozo‐Cruz B, Perales F, Parker P, et al. Joint physical‐activity/screen‐time trajectories during early childhood: socio‐demographic predictors and consequences on health‐related quality‐of‐life and socio‐emotional outcomes. Int J Behav Nutr Phys Act. 2019;16(1):55.					main article Table 2; explicit 622-article instrument matrix; obr13260-bib-0495	screen-time measurement; review reports zero device-based measures, hence no raw-event preprocessing relevance
R008	496. Armoon B, Karimy M. Epidemiology of childhood overweight, obesity and their related factors in a sample of preschool children from Central Iran. BMC Pediatr. 2019;19(1):159.					main article Table 2; explicit 622-article instrument matrix; obr13260-bib-0496	screen-time measurement; review reports zero device-based measures, hence no raw-event preprocessing relevance
R008	497. Andrusaityte S, Grazuleviciene R, Dedele A, Balseviciene B. The effect of residential greenness and city park visiting habits on preschool Children's mental and general health in Lithuania: a cross‐sectional study. Int J Hyg Environ Health. 2020;223(1):142‐150.					main article Table 2; explicit 622-article instrument matrix; obr13260-bib-0497	screen-time measurement; review reports zero device-based measures, hence no raw-event preprocessing relevance
R008	498. Aishworiya R, Cai S, Chen HY, et al. Television viewing and child cognition in a longitudinal birth cohort in Singapore: the role of maternal factors. BMC Pediatr. 2019;19(1):286.					main article Table 2; explicit 622-article instrument matrix; obr13260-bib-0498	screen-time measurement; review reports zero device-based measures, hence no raw-event preprocessing relevance
R008	499. Chen W, Adler JL. Assessment of screen exposure in young children, 1997 to 2014. JAMA Pediatr. 2019;173(4):391‐393.					main article Table 2; explicit 622-article instrument matrix; obr13260-bib-0499	screen-time measurement; review reports zero device-based measures, hence no raw-event preprocessing relevance
R008	500. Mindell JA, Sadeh A, Kwon R, Goh DYT. Cross‐cultural differences in the sleep of preschool children. Sleep Med. 2013;14(12):1283‐1289.					main article Table 2; explicit 622-article instrument matrix; obr13260-bib-0500	screen-time measurement; review reports zero device-based measures, hence no raw-event preprocessing relevance
R008	501. Bittman M, Rutherford L, Brown J, Unsworth L. Digital natives? New and old media and children's outcomes. Aus J Edu. 2011;55(2):161‐175.					main article Table 2; explicit 622-article instrument matrix; obr13260-bib-0501	screen-time measurement; review reports zero device-based measures, hence no raw-event preprocessing relevance
R008	502. Alloway TP, Williams S, Jones B, Cochrane F. Exploring the impact of television watching on vocabulary skills in toddlers. Early Child Educ J. 2014;42(5):343‐349.					main article Table 2; explicit 622-article instrument matrix; obr13260-bib-0502	screen-time measurement; review reports zero device-based measures, hence no raw-event preprocessing relevance
R008	503. Allen MS, Vella SA. Screen‐based sedentary behaviour and psychosocial well‐being in childhood: cross‐sectional and longitudinal associations. Ment Health Phys Act. 2015;9:41‐47.					main article Table 2; explicit 622-article instrument matrix; obr13260-bib-0503	screen-time measurement; review reports zero device-based measures, hence no raw-event preprocessing relevance
R008	14. Hutton JS, Huang G, Sahay RD, DeWitt T, Ittenbach RF. A novel, composite measure of screen‐based media use in young children (ScreenQ) and associations with parenting practices and cognitive abilities. Pediatr Res. 2020;87(7):1211‐1218.					main article Table 2; explicit 622-article instrument matrix; obr13260-bib-0014	screen-time measurement; review reports zero device-based measures, hence no raw-event preprocessing relevance
R008	29. Hermawati D, Rahmadi FA, Sumekar TA, Winarni TI. Early electronic screen exposure and autistic‐like symptoms. Intrac Rare Dise Rese. 2018;7(1):69‐71.					main article Table 2; explicit 622-article instrument matrix; obr13260-bib-0029	screen-time measurement; review reports zero device-based measures, hence no raw-event preprocessing relevance
R008	504. Briefel R, Deming D, Fox MK, Condon E, Reidy K. The 2008 Feeding Infants and Toddlers Study (FITS): parents' perceptions and practices related to diet and weight. FASEB J. 2011;25.					main article Table 2; explicit 622-article instrument matrix; obr13260-bib-0504	screen-time measurement; review reports zero device-based measures, hence no raw-event preprocessing relevance
R008	505. Briefel RR, Deming DM, Reidy KC. Parents' perceptions and adherence to children's diet and activity recommendations: the 2008 Feeding Infants and Toddlers Study. Prev Chronic Dis. 2015;12:E159.					main article Table 2; explicit 622-article instrument matrix; obr13260-bib-0505	screen-time measurement; review reports zero device-based measures, hence no raw-event preprocessing relevance
R008	506. Bernard JY, Padmapriya N, Chen B, et al. Predictors of screen viewing time in young Singaporean children: the GUSTO cohort. Int J Behav Nutr Phys Act. 2017;14(1):112.					main article Table 2; explicit 622-article instrument matrix; obr13260-bib-0506	screen-time measurement; review reports zero device-based measures, hence no raw-event preprocessing relevance
R008	507. Bencik S, Yalçin SS, Yilmaz G, Yalçinkaya F. Teacher‐identified smart children: low somatic problems and high communication levels. Hong Kong J Paed. 2012;17(3):156‐161.					main article Table 2; explicit 622-article instrument matrix; obr13260-bib-0507	screen-time measurement; review reports zero device-based measures, hence no raw-event preprocessing relevance
R008	508. Baidal JW, Nelson C, Perkins M, et al. Childhood obesity prevention in WIC: outcomes of the MA‐CORD study. J Pediatr Gastroenterol Nutr. 2017;65:S196.					main article Table 2; explicit 622-article instrument matrix; obr13260-bib-0508	screen-time measurement; review reports zero device-based measures, hence no raw-event preprocessing relevance
R008	509. Barros L, Lopes C, Oliveira A. Child and family characteristics are associated with a dietary variety index in 4‐year‐old children from the Generation XXI cohort. Nutr Res. 2019;63:76‐85.					main article Table 2; explicit 622-article instrument matrix; obr13260-bib-0509	screen-time measurement; review reports zero device-based measures, hence no raw-event preprocessing relevance
R008	510. Anderson SE, Whitaker RC. Household routines and obesity in US preschool‐aged children. Pediatrics. 2010;125(3):420‐428.					main article Table 2; explicit 622-article instrument matrix; obr13260-bib-0510	screen-time measurement; review reports zero device-based measures, hence no raw-event preprocessing relevance
R008	511. Anderson SE, Sacker A, Whitaker RC, Kelly Y. Self‐regulation and household routines at age three and obesity at age eleven: longitudinal analysis of the UK Millennium Cohort Study. Int J Obes (Lond). 2017;41(10):1459‐1466.					main article Table 2; explicit 622-article instrument matrix; obr13260-bib-0511	screen-time measurement; review reports zero device-based measures, hence no raw-event preprocessing relevance
R008	512. Assathiany R, Guery E, Caron FM, et al. Children and screens: a survey by French pediatricians. Arch Pediatr. 2018;25(2):84‐88.					main article Table 2; explicit 622-article instrument matrix; obr13260-bib-0512	screen-time measurement; review reports zero device-based measures, hence no raw-event preprocessing relevance
R008	513. Alshahrani SA, Al‐Harbi SA, Osman AAM, Alqahtani SM, Alqahtani SM. Feeding practice and weight status in children up to 2 years old in Abha City, KSA, 2014. Current Pedia Res. 2017;21(1):35‐41.					main article Table 2; explicit 622-article instrument matrix; obr13260-bib-0513	screen-time measurement; review reports zero device-based measures, hence no raw-event preprocessing relevance
R008	514. Alkon A, Harley KG, Neilands TB, et al. Latino children's body mass index at 2–3.5 years predicts sympathetic nervous system activity at 5 years. Child Obes. 2014;10(3):214‐224.					main article Table 2; explicit 622-article instrument matrix; obr13260-bib-0514	screen-time measurement; review reports zero device-based measures, hence no raw-event preprocessing relevance
R008	515. Alhassan BA, Liu Y, Slawson D, et al. The influence of maternal body mass index and physical activity on select cardiovascular risk factors of preadolescent Hispanic children. PeerJ. 2018;6:e6100.					main article Table 2; explicit 622-article instrument matrix; obr13260-bib-0515	screen-time measurement; review reports zero device-based measures, hence no raw-event preprocessing relevance
R008	516. Adams EL, Marini ME, Stokes J, Birch LL, Paul IM, Savage JS. INSIGHT responsive parenting intervention reduces infant's screen time and television exposure. Int J Behav Nutr Phys Act. 2018;15(1):24.					main article Table 2; explicit 622-article instrument matrix; obr13260-bib-0516	screen-time measurement; review reports zero device-based measures, hence no raw-event preprocessing relevance
R008	517. Rosenberg KD, Sandoval AP, Hedberg K, Cadwell B. Television and video viewing time among children aged 2 years—Oregon, 2006–2007. MMWR Morb Mortal Wkly Rep. 2010;59(27):837‐841.					main article Table 2; explicit 622-article instrument matrix; obr13260-bib-0517	screen-time measurement; review reports zero device-based measures, hence no raw-event preprocessing relevance
R008	518. Duch H, Fisher EM, Ensari I, et al. Association of screen time use and language development in Hispanic toddlers: a cross‐sectional and longitudinal study. Clin Pediatr. 2013;52(9):857‐865.					main article Table 2; explicit 622-article instrument matrix; obr13260-bib-0518	screen-time measurement; review reports zero device-based measures, hence no raw-event preprocessing relevance
R008	519. Drouin O, Winickoff JP, Thorndike AN. Parental optimism about children's risk of future tobacco use and excessive weight gain. Acad Pediatr. 2019;19(1):90‐96.					main article Table 2; explicit 622-article instrument matrix; obr13260-bib-0519	screen-time measurement; review reports zero device-based measures, hence no raw-event preprocessing relevance
R008	520. Do LM, Tran TK, Eriksson B, Petzold M, Nguyen CT, Ascher H. Preschool overweight and obesity in urban and rural Vietnam: differences in prevalence and associated factors. Glob Health Action. 2015;8(1):28615.					main article Table 2; explicit 622-article instrument matrix; obr13260-bib-0520	screen-time measurement; review reports zero device-based measures, hence no raw-event preprocessing relevance
R008	521. De Boer MD, Scharf RJ, Demmer RT. Sugar‐sweetened beverages and weight gain in 2‐to 5‐year‐old children. Pediatrics. 2013;132(3):413‐420.					main article Table 2; explicit 622-article instrument matrix; obr13260-bib-0521	screen-time measurement; review reports zero device-based measures, hence no raw-event preprocessing relevance
R008	522. Collings PJ, Kelly B, West J, Wright J. Associations of TV viewing duration, meals and snacks eaten when watching TV, and a TV in the bedroom with child adiposity. Obesity. 2018;26(10):1619‐1628.					main article Table 2; explicit 622-article instrument matrix; obr13260-bib-0522	screen-time measurement; review reports zero device-based measures, hence no raw-event preprocessing relevance
R008	523. Colley RC, Garriguet D, Adamo KB, et al. Physical activity and sedentary behavior during the early years in Canada: a cross‐sectional study. Int J Behav Nutr Phys Act. 2013;10(1):54.					main article Table 2; explicit 622-article instrument matrix; obr13260-bib-0523	screen-time measurement; review reports zero device-based measures, hence no raw-event preprocessing relevance
R008	524. Conners‐Burrow NA, McKelvey LM, Fussell JJ. Social outcomes associated with media viewing habits of low‐income preschool children. Early Educ Dev. 2011;22(2):256‐273.					main article Table 2; explicit 622-article instrument matrix; obr13260-bib-0524	screen-time measurement; review reports zero device-based measures, hence no raw-event preprocessing relevance
R008	525. Chen B, van Dam RM, Tan CS, et al. Screen viewing behavior and sleep duration among children aged 2 and below. BMC Public Health. 2019;19(1):59.					main article Table 2; explicit 622-article instrument matrix; obr13260-bib-0525	screen-time measurement; review reports zero device-based measures, hence no raw-event preprocessing relevance
R008	526. Chaput JP, Colley RC, Aubert S, et al. Proportion of preschool‐aged children meeting the Canadian 24‐Hour Movement Guidelines and associations with adiposity: results from the Canadian Health Measures Survey. BMC Public Health. 2017;17(Suppl 5):829.					main article Table 2; explicit 622-article instrument matrix; obr13260-bib-0526	screen-time measurement; review reports zero device-based measures, hence no raw-event preprocessing relevance
R008	527. Chonchaiya W, Wilaisakditipakorn T, Vijakkhana N, Pruksananonda C. Background media exposure prolongs nighttime sleep latency in Thai infants. Pediatr Res. 2017;81(2):322‐328.					main article Table 2; explicit 622-article instrument matrix; obr13260-bib-0527	screen-time measurement; review reports zero device-based measures, hence no raw-event preprocessing relevance
R008	528. Chonchaiya W, Sirachairat C, Vijakkhana N, Wilaisakditipakorn T, Pruksananonda C. Elevated background TV exposure over time increases behavioural scores of 18‐month‐old toddlers. Acta Paedia, Intern J Paed. 2015;104(10):1039‐1046.					main article Table 2; explicit 622-article instrument matrix; obr13260-bib-0528	screen-time measurement; review reports zero device-based measures, hence no raw-event preprocessing relevance
R008	529. Chonchaiya W, Nuntnarumit P, Pruksananonda C. Comparison of television viewing between children with autism spectrum disorder and controls. Acta Paedia, Intern J Paed. 2011;100(7):1033‐1037.					main article Table 2; explicit 622-article instrument matrix; obr13260-bib-0529	screen-time measurement; review reports zero device-based measures, hence no raw-event preprocessing relevance
R008	530. Chiu YC, Li YF, Wu WC, Chiang TL. The amount of television that infants and their parents watched influenced children's viewing habits when they got older. Acta Paedia, Intern J Paed. 2017;106(6):984‐990.					main article Table 2; explicit 622-article instrument matrix; obr13260-bib-0530	screen-time measurement; review reports zero device-based measures, hence no raw-event preprocessing relevance
R008	531. Chandra M, Jalaludin B, Woolfenden S, et al. Screen time of infants in Sydney, Australia: a birth cohort study. BMJ Open. 2016;6(10):e012342.					main article Table 2; explicit 622-article instrument matrix; obr13260-bib-0531	screen-time measurement; review reports zero device-based measures, hence no raw-event preprocessing relevance
R008	532. Cespedes EM, McDonald J, Haines J, Bottino CJ, Schmidt ME, Taveras EM. Obesity‐related behaviors of US‐ and non‐US‐born parents and children in low‐income households. J Dev Behav Pediatr. 2013;34(8):541‐548.					main article Table 2; explicit 622-article instrument matrix; obr13260-bib-0532	screen-time measurement; review reports zero device-based measures, hence no raw-event preprocessing relevance
R008	533. Cespedes EM, Horan CM, Gillman MW, et al. Participant characteristics and intervention processes associated with reductions in television viewing in the High Five for Kids study. Prev Med. 2014;62:64‐70.					main article Table 2; explicit 622-article instrument matrix; obr13260-bib-0533	screen-time measurement; review reports zero device-based measures, hence no raw-event preprocessing relevance
R008	534. Chowdhury MR, Rahman MS, Khan MM. Levels and determinants of complementary feeding based on meal frequency among children of 6 to 23 months in Bangladesh. BMC Public Health. 2016;16(1):944.					main article Table 2; explicit 622-article instrument matrix; obr13260-bib-0534	screen-time measurement; review reports zero device-based measures, hence no raw-event preprocessing relevance
R008	535. Chouraqui JP, Tavoularis G, Emery Y, et al. The French national survey on food consumption of children under 3 years of age—Nutri‐Bebe 2013: design, methodology, population sampling and feeding practices. Public Health Nutr. 2018;21(3):502‐514.					main article Table 2; explicit 622-article instrument matrix; obr13260-bib-0535	screen-time measurement; review reports zero device-based measures, hence no raw-event preprocessing relevance
R008	536. Carter PJ, Taylor BJ, Williams SM, Taylor RW. Longitudinal analysis of sleep in relation to BMI and body fat in children: the FLAME study. BMJ. 2011;342(7809):d2712.					main article Table 2; explicit 622-article instrument matrix; obr13260-bib-0536	screen-time measurement; review reports zero device-based measures, hence no raw-event preprocessing relevance
R008	537. Carletti C, Macaluso A, Pani P, et al. Diet and physical activity in pre‐school children: a pilot project for surveillance in three regions of Italy. Public Health Nutr. 2013;16(4):616‐624.					main article Table 2; explicit 622-article instrument matrix; obr13260-bib-0537	screen-time measurement; review reports zero device-based measures, hence no raw-event preprocessing relevance
R008	538. Cadoret G, Bigras N, Lemay L, Lehrer J, Lemire J. Relationship between screen‐time and motor proficiency in children: a longitudinal study. Early Child Dev Care. 2018;188(2):231‐239.					main article Table 2; explicit 622-article instrument matrix; obr13260-bib-0538	screen-time measurement; review reports zero device-based measures, hence no raw-event preprocessing relevance
R008	539. Intusoma U, Mo‐suwan L, Ruangdaraganon N, Panyayong B, Chongsuvivatwong V. Effect of television viewing on social‐emotional competence of young Thai children. Infant Behav Dev. 2013;36(4):679‐685.					main article Table 2; explicit 622-article instrument matrix; obr13260-bib-0539	screen-time measurement; review reports zero device-based measures, hence no raw-event preprocessing relevance
R008	540. Intusoma U, Mo‐Suwan L, Chongsuvivatwong V. Duration and practices of television viewing in Thai infants and toddlers. J Med Assoc Thai. 2013;96(6):650‐653.					main article Table 2; explicit 622-article instrument matrix; obr13260-bib-0540	screen-time measurement; review reports zero device-based measures, hence no raw-event preprocessing relevance
R008	541. Jackson SL, Cunningham SA. The stability of children's weight status over time, and the role of television, physical activity, and diet. Prev Med. 2017;100:229‐234.					main article Table 2; explicit 622-article instrument matrix; obr13260-bib-0541	screen-time measurement; review reports zero device-based measures, hence no raw-event preprocessing relevance
R008	542. Jaime PC, Prado RRD, Malta DC. Family influence on the consumption of sugary drinks by children under two years old. Rev Saude Publica. 2017;51(suppl 1):13s.					main article Table 2; explicit 622-article instrument matrix; obr13260-bib-0542	screen-time measurement; review reports zero device-based measures, hence no raw-event preprocessing relevance
R008	543. Heerman WJ, Taylor JL, Wallston KA, Barkin SL. Parenting self‐efficacy, parent depression, and healthy childhood behaviors in a low‐income minority population: a cross‐sectional analysis. Matern Child Health J. 2017;21(5):1156‐1165.					main article Table 2; explicit 622-article instrument matrix; obr13260-bib-0543	screen-time measurement; review reports zero device-based measures, hence no raw-event preprocessing relevance
R008	544. Haghighat M, Amiri Z, Dehghani SM, et al. Investigation of demographic and clinical characteristics of children with constipation referring to the pediatric gastrointestinal clinic, Shiraz in 2014–2016. Shiraz E Medical Journal. 2018;19(2):e13669.					main article Table 2; explicit 622-article instrument matrix; obr13260-bib-0544	screen-time measurement; review reports zero device-based measures, hence no raw-event preprocessing relevance
R008	545. Gupta RS, Pascoe JM, Blanchard TC, et al. Child health in child care: a multi‐state survey of Head Start and non‐Head Start child care directors. J Pediatr Health Care. 2009;23(3):143‐149.					main article Table 2; explicit 622-article instrument matrix; obr13260-bib-0545	screen-time measurement; review reports zero device-based measures, hence no raw-event preprocessing relevance
R008	546. Guerrero AD, Mao C, Fuller B, Bridges M, Franke T, Kuo AA. Racial and ethnic disparities in early childhood obesity: growth trajectories in body mass index. J Racial Ethn Health Disparities. 2016;3(1):129‐137.					main article Table 2; explicit 622-article instrument matrix; obr13260-bib-0546	screen-time measurement; review reports zero device-based measures, hence no raw-event preprocessing relevance
R008	547. Halim ML, Ruble DN, Tamis‐LeMonda CS. Four‐year‐olds' beliefs about how others regard males and females. Br J Dev Psychol. 2013;31(Pt 1):128‐135.					main article Table 2; explicit 622-article instrument matrix; obr13260-bib-0547	screen-time measurement; review reports zero device-based measures, hence no raw-event preprocessing relevance
R008	548. Gross RS, Velazco NK, Briggs RD, Racine AD. Maternal depressive symptoms and child obesity in low‐income urban families. Acad Pediatr. 2013;13(4):356‐363.					main article Table 2; explicit 622-article instrument matrix; obr13260-bib-0548	screen-time measurement; review reports zero device-based measures, hence no raw-event preprocessing relevance
R008	549. Gooze RA, Anderson SE, Whitaker RC. Prolonged bottle use and obesity at 5.5 years of age in US children. J Pediatr. 2011;159(3):431‐436.					main article Table 2; explicit 622-article instrument matrix; obr13260-bib-0549	screen-time measurement; review reports zero device-based measures, hence no raw-event preprocessing relevance
R008	550. Goisis A, Sacker A, Kelly Y. Why are poorer children at higher risk of obesity and overweight? A UK cohort study. Eur J Public Health. 2016;26(1):7‐13.					main article Table 2; explicit 622-article instrument matrix; obr13260-bib-0550	screen-time measurement; review reports zero device-based measures, hence no raw-event preprocessing relevance
R008	551. Goh SN, Teh LH, Tay WR, et al. Sociodemographic, home environment and parental influences on total and device‐specific screen viewing in children aged 2 years and below: an observational study. BMJ Open. 2016;6(1):e009113.					main article Table 2; explicit 622-article instrument matrix; obr13260-bib-0551	screen-time measurement; review reports zero device-based measures, hence no raw-event preprocessing relevance
R008	552. Griffiths LJ, Hawkins SS, Cole TJ, Dezateux C. Risk factors for rapid weight gain in preschool children: findings from a UK‐wide prospective study. Int J Obes (Lond). 2010;34(4):624‐632.					main article Table 2; explicit 622-article instrument matrix; obr13260-bib-0552	screen-time measurement; review reports zero device-based measures, hence no raw-event preprocessing relevance
R008	553. Griffiths LJ, Dowda M, Dezateux C, Pate R. Associations between sport and screen‐entertainment with mental health problems in 5‐year‐old children. The Intern J Beha Nutri Phy Act. 2010;7.					main article Table 2; explicit 622-article instrument matrix; obr13260-bib-0553	screen-time measurement; review reports zero device-based measures, hence no raw-event preprocessing relevance
R008	554. Fuller‐Tyszkiewicz M, Skouteris H, Hardy LL, Halse C. The associations between TV viewing, food intake, and BMI. A prospective analysis of data from the Longitudinal Study of Australian Children. Appetite. 2012;59(3):945‐948.					main article Table 2; explicit 622-article instrument matrix; obr13260-bib-0554	screen-time measurement; review reports zero device-based measures, hence no raw-event preprocessing relevance
R008	555. French SA, Sherwood NE, Mitchell NR, Fan Y. Park use is associated with less sedentary time among low‐income parents and their preschool child: the NET‐Works study. Prev Med Rep. 2017;5:7‐12.					main article Table 2; explicit 622-article instrument matrix; obr13260-bib-0555	screen-time measurement; review reports zero device-based measures, hence no raw-event preprocessing relevance
R008	556. Ferguson CJ, Donnellan MB. Is the association between children's baby video viewing and poor language development robust? A reanalysis of Zimmerman, Christakis, and Meltzoff (2007). Dev Psychol. 2014;50(1):129‐137.					main article Table 2; explicit 622-article instrument matrix; obr13260-bib-0556	screen-time measurement; review reports zero device-based measures, hence no raw-event preprocessing relevance
R008	557. Fitzpatrick C, Pagani LS, Barnett TA. Early childhood television viewing predicts explosive leg strength and waist circumference by middle childhood. Int J Behav Nutr Phys Act. 2012;9(1):87.					main article Table 2; explicit 622-article instrument matrix; obr13260-bib-0557	screen-time measurement; review reports zero device-based measures, hence no raw-event preprocessing relevance
R008	558. Fitzgibbon ML, Stolley MR, Schiffer LA, et al. Hip‐Hop to Health Jr. obesity prevention effectiveness trial: postintervention results. Obesity. 2011;19(5):994‐1003.					main article Table 2; explicit 622-article instrument matrix; obr13260-bib-0558	screen-time measurement; review reports zero device-based measures, hence no raw-event preprocessing relevance
R008	559. Fisk CM, Crozier SR, Inskip HM, Godfrey KM, Cooper C, Robinson SM. Influences on the quality of young children's diets: the importance of maternal food choices. Br J Nutr. 2011;105(2):287‐296.					main article Table 2; explicit 622-article instrument matrix; obr13260-bib-0559	screen-time measurement; review reports zero device-based measures, hence no raw-event preprocessing relevance
R008	560. Linebarger DL, Barr R, Lapierre MA, Piotrowski JT. Associations between parenting, media use, cumulative risk, and children's executive functioning. J Dev Behav Pediatr. 2014;35(6):367‐377.					main article Table 2; explicit 622-article instrument matrix; obr13260-bib-0560	screen-time measurement; review reports zero device-based measures, hence no raw-event preprocessing relevance
R008	561. Lin YC, Wu JC, Chiou ST, Chiang TL. Healthy living practices in families and child health in Taiwan. Int J Public Health. 2015;60(6):691‐698.					main article Table 2; explicit 622-article instrument matrix; obr13260-bib-0561	screen-time measurement; review reports zero device-based measures, hence no raw-event preprocessing relevance
R008	562. Lin LY, Cherng RJ, Chen YJ, Chen YJ, Yang HM. Effects of television exposure on developmental skills among young children. Infant Behav Dev. 2015;38:20‐26.					main article Table 2; explicit 622-article instrument matrix; obr13260-bib-0562	screen-time measurement; review reports zero device-based measures, hence no raw-event preprocessing relevance
R008	563. Leventakou V, Sarri K, Georgiou V, et al. Early life determinants of dietary patterns in preschool children: Rhea mother–child cohort, Crete, Greece. Eur J Clin Nutr. 2016;70(1):60‐65.					main article Table 2; explicit 622-article instrument matrix; obr13260-bib-0563	screen-time measurement; review reports zero device-based measures, hence no raw-event preprocessing relevance
R008	564. Lee EY, Spence JC, Carson V. Television viewing, reading, physical activity and brain development among young South Korean children. J Sci Med Sport. 2017;20(7):672‐677.					main article Table 2; explicit 622-article instrument matrix; obr13260-bib-0564	screen-time measurement; review reports zero device-based measures, hence no raw-event preprocessing relevance
R008	565. Lee EY, Carson V. Physical activity, sedentary behaviour, and psychosocial well‐being among young South Korean children. Child Care Health Dev. 2018;44(1):108‐116.					main article Table 2; explicit 622-article instrument matrix; obr13260-bib-0565	screen-time measurement; review reports zero device-based measures, hence no raw-event preprocessing relevance
R008	566. Koleilat M, Harrison GG, Whaley S, McGregor S, Jenks E, Afifi A. Preschool enrollment is associated with lower odds of childhood obesity among WIC participants in LA County. Matern Child Health J. 2012;16(3):706‐712.					main article Table 2; explicit 622-article instrument matrix; obr13260-bib-0566	screen-time measurement; review reports zero device-based measures, hence no raw-event preprocessing relevance
R008	567. LaRowe TL, Adams AK, Jobe JB, Cronin KA, Vannatter SM, Prince RJ. Dietary intakes and physical activity among preschool‐aged children living in rural American Indian communities before a family‐based healthy lifestyle intervention. J Am Diet Assoc. 2010;110(7):1049‐1057.					main article Table 2; explicit 622-article instrument matrix; obr13260-bib-0567	screen-time measurement; review reports zero device-based measures, hence no raw-event preprocessing relevance
R008	568. Larouche R, Garriguet D, Tremblay MS. Outdoor time, physical activity and sedentary time among young children: the 2012–2013 Canadian Health Measures Survey. Can J Public Health. 2017;107(6):e500‐e506.					main article Table 2; explicit 622-article instrument matrix; obr13260-bib-0568	screen-time measurement; review reports zero device-based measures, hence no raw-event preprocessing relevance
R008	569. Kilic AO, Sari E, Yucel H, et al. Exposure to and use of mobile devices in children aged 1–60 months. Eur J Pediatr. 2019;178(2):221‐227.					main article Table 2; explicit 622-article instrument matrix; obr13260-bib-0569	screen-time measurement; review reports zero device-based measures, hence no raw-event preprocessing relevance
R008	570. Kimbro RT, Brooks‐Gunn J, McLanahan S. Young children in urban areas: links among neighborhood characteristics, weight status, outdoor play, and television watching. Soc Sci Med. 2011;72(5):668‐676.					main article Table 2; explicit 622-article instrument matrix; obr13260-bib-0570	screen-time measurement; review reports zero device-based measures, hence no raw-event preprocessing relevance
R008	571. Kheir NM, Ghoneim OM, Sandridge AL, Hayder SA, Al‐Ismail MS, Al‐Rawi F. Concerns and considerations among caregivers of a child with autism in Qatar. BMC Res Notes. 2012;5(1):290.					main article Table 2; explicit 622-article instrument matrix; obr13260-bib-0571	screen-time measurement; review reports zero device-based measures, hence no raw-event preprocessing relevance
R008	572. Kaufman‐Shriqui V, Fraser D, Novack Y, et al. Maternal weight misperceptions and smoking are associated with overweight and obesity in low SES preschoolers. Eur J Clin Nutr. 2012;66(2):216‐223.					main article Table 2; explicit 622-article instrument matrix; obr13260-bib-0572	screen-time measurement; review reports zero device-based measures, hence no raw-event preprocessing relevance
R008	573. Karachaliou M, Waterboer T, Casabonne D, et al. The natural history of human polyomaviruses and herpesviruses in early life—the Rhea Birth Cohort in Greece. Am J Epidemiol. 2016;183(7):671‐679.					main article Table 2; explicit 622-article instrument matrix; obr13260-bib-0573	screen-time measurement; review reports zero device-based measures, hence no raw-event preprocessing relevance
R008	574. Kampouri M, Kyriklaki A, Roumeliotaki T, et al. Patterns of early‐life social and environmental exposures and child cognitive development, Rhea Birth Cohort, Crete, Greece. Child Dev. 2018;89(4):1063‐1073.					main article Table 2; explicit 622-article instrument matrix; obr13260-bib-0574	screen-time measurement; review reports zero device-based measures, hence no raw-event preprocessing relevance
R008	575. Oliver M, Schluter PJ, Rush E, Schofield GM, Paterson J. Physical activity, sedentariness, and body fatness in a sample of 6‐year‐old Pacific children. Int J Pediatr Obes. 2011;6(2–2):e565‐e573.					main article Table 2; explicit 622-article instrument matrix; obr13260-bib-0575	screen-time measurement; review reports zero device-based measures, hence no raw-event preprocessing relevance
R008	576. Nobre EB, Mariabrentani AV, Ferraro AA. Association between maternal lifestyle and preschool nutrition. Rev Assoc Med Bras. 2016;62(6):494‐505.					main article Table 2; explicit 622-article instrument matrix; obr13260-bib-0576	screen-time measurement; review reports zero device-based measures, hence no raw-event preprocessing relevance
R008	577. Nobari TZ, Whaley SE, Blumenberg E, Prelip ML, Wang MC. Severe housing‐cost burden and obesity among preschool‐aged low‐income children in Los Angeles County. Prev Med Rep. 2019;13:139‐145.					main article Table 2; explicit 622-article instrument matrix; obr13260-bib-0577	screen-time measurement; review reports zero device-based measures, hence no raw-event preprocessing relevance
R008	578. Natale RA, Lopez‐Mitnik G, Uhlhorn SB, Asfour L, Messiah SE. Effect of a child care center‐based obesity prevention program on body mass index and nutrition practices among preschool‐aged children. Health Promot Pract. 2014;15(5):695‐705.					main article Table 2; explicit 622-article instrument matrix; obr13260-bib-0578	screen-time measurement; review reports zero device-based measures, hence no raw-event preprocessing relevance
R008	579. Myers J, Gibbons K, Arnup S, Volders E, Naughton G. Early childhood nutrition, active outdoor play and sources of information for families living in highly socially disadvantaged locations. J Paediatr Child Health. 2015;51(3):287‐293.					main article Table 2; explicit 622-article instrument matrix; obr13260-bib-0579	screen-time measurement; review reports zero device-based measures, hence no raw-event preprocessing relevance
R008	580. Mukherjee SB, Gupta Y, Aneja S. Study of television viewing habits in children. Indian J Pediatr. 2014;81(11):1221‐1224.					main article Table 2; explicit 622-article instrument matrix; obr13260-bib-0580	screen-time measurement; review reports zero device-based measures, hence no raw-event preprocessing relevance
R008	581. Mendelsohn AL, Dreyer BP, Brockmeyer CA, Berkule‐Silberman SB, Huberman HS, Tomopoulos S. Randomized controlled trial of primary care pediatric parenting programs: effect on reduced media exposure in infants, mediated through enhanced parent‐child interaction. Arch Pediatr Adolesc Med. 2011;165(1):42‐48.					main article Table 2; explicit 622-article instrument matrix; obr13260-bib-0581	screen-time measurement; review reports zero device-based measures, hence no raw-event preprocessing relevance
R008	582. Melzer MRTF, Magrini IM, Domene SMA, Martins PA. Factors associated with abdominal obesity in children. Revista Paulista de Ped. 2015;33(4):437‐444.					main article Table 2; explicit 622-article instrument matrix; obr13260-bib-0582	screen-time measurement; review reports zero device-based measures, hence no raw-event preprocessing relevance
R008	583. Manganello JA, Taylor CA. Television exposure as a risk factor for aggressive behavior among 3‐year‐old children. Arch Pediatr Adolesc Med. 2009;163(11):1037‐1045.					main article Table 2; explicit 622-article instrument matrix; obr13260-bib-0583	screen-time measurement; review reports zero device-based measures, hence no raw-event preprocessing relevance
R008	584. Ruangdaraganon N, Chuthapisith J, Mo‐suwan L, Kriweradechachai S, Udomsubpayakul U, Choprapawon C. Television viewing in Thai infants and toddlers: impacts to language development and parental perceptions. BMC Pediatr. 2009;9(1):34.					main article Table 2; explicit 622-article instrument matrix; obr13260-bib-0584	screen-time measurement; review reports zero device-based measures, hence no raw-event preprocessing relevance
R008	585. Rifas‐Shiman SL, Taveras EM, Gortmaker SL, et al. Two‐year follow‐up of a primary care‐based intervention to prevent and manage childhood obesity: the High Five for Kids study. Pediatr Obes. 2017;12(3):e24‐e27.					main article Table 2; explicit 622-article instrument matrix; obr13260-bib-0585	screen-time measurement; review reports zero device-based measures, hence no raw-event preprocessing relevance
R008	586. Pujadas Botey A, Bayrampour H, Carson V, Vinturache A, Tough S. Adherence to Canadian physical activity and sedentary behaviour guidelines among children 2 to 13 years of age. Prev Med Rep. 2016;3:14‐20.					main article Table 2; explicit 622-article instrument matrix; obr13260-bib-0586	screen-time measurement; review reports zero device-based measures, hence no raw-event preprocessing relevance
R008	587. Peck T, Scharf RJ, Conaway MR, DeBoer MD. Viewing as little as 1 hour of TV daily is associated with higher change in BMI between kindergarten and first grade. Obesity (Silver Spring). 2015;23(8):1680‐1686.					main article Table 2; explicit 622-article instrument matrix; obr13260-bib-0587	screen-time measurement; review reports zero device-based measures, hence no raw-event preprocessing relevance
R008	588. Thurber KA, Dobbins T, Neeman T, Banwell C, Banks E. Body mass index trajectories of Indigenous Australian children and relation to screen time, diet, and demographic factors. Obesity (Silver Spring). 2017;25(4):747‐756.					main article Table 2; explicit 622-article instrument matrix; obr13260-bib-0588	screen-time measurement; review reports zero device-based measures, hence no raw-event preprocessing relevance
R008	589. Thompson DA, Vandewater EA, Matson PA, Tschann JM. Young low‐income ethnic minority children watch less television when their mothers regulate what they are viewing. Acta Paedia, Intern J Paed. 2015;104(3):300‐305.					main article Table 2; explicit 622-article instrument matrix; obr13260-bib-0589	screen-time measurement; review reports zero device-based measures, hence no raw-event preprocessing relevance
R008	590. Thompson DA, Sibinga EMS, Jennings JM, Bair‐Merritt MH, Christakis DA. Television viewing by young Hispanic children: evidence of heterogeneity. Arch Pediatr Adolesc Med. 2010;164(2):174‐179.					main article Table 2; explicit 622-article instrument matrix; obr13260-bib-0590	screen-time measurement; review reports zero device-based measures, hence no raw-event preprocessing relevance
R008	591. Thompson DA, Johnson SL, Vandewater EA, et al. Parenting and preschooler TV viewing in low‐income Mexican Americans: development of the Parenting Practices Regarding TV Viewing (PPRTV) Scale. J Dev Behav Pediatr. 2016;37(6):465‐474.					main article Table 2; explicit 622-article instrument matrix; obr13260-bib-0591	screen-time measurement; review reports zero device-based measures, hence no raw-event preprocessing relevance
R008	592. Tomopoulos S, Dreyer BP, Berkule S, Fierman AH, Brockmeyer C, Mendelsohn AL. Infant media exposure and toddler development. Arch Pediatr Adolesc Med. 2010;164(12):1105‐1111.					main article Table 2; explicit 622-article instrument matrix; obr13260-bib-0592	screen-time measurement; review reports zero device-based measures, hence no raw-event preprocessing relevance
R008	593. Tomayko EJ, Prince RJ, Cronin KA, Adams AK. The Healthy Children, Strong Families intervention promotes improvements in nutrition, activity and body weight in American Indian families with young children. Public Health Nutr. 2016;19(15):2850‐2859.					main article Table 2; explicit 622-article instrument matrix; obr13260-bib-0593	screen-time measurement; review reports zero device-based measures, hence no raw-event preprocessing relevance
R008	594. Taveras EM, Gortmaker SL, Hohman KH, et al. Randomized controlled trial to improve primary care to prevent and manage childhood obesity the High Five for Kids study. Arch Pediatr Adolesc Med. 2011;165(8):714‐722.					main article Table 2; explicit 622-article instrument matrix; obr13260-bib-0594	screen-time measurement; review reports zero device-based measures, hence no raw-event preprocessing relevance
R008	595. Taveras EM, Blackburn K, Gillman MW, et al. First steps for mommy and me: a pilot intervention to improve nutrition and physical activity behaviors of postpartum mothers and their infants. Matern Child Health J. 2011;15(8):1217‐1227.					main article Table 2; explicit 622-article instrument matrix; obr13260-bib-0595	screen-time measurement; review reports zero device-based measures, hence no raw-event preprocessing relevance
R008	596. Tandon PS, Zhou C, Lozano P, Christakis DA. Preschoolers' total daily screen time at home and by type of child care. J Pediatr. 2011;158(2):297‐300.					main article Table 2; explicit 622-article instrument matrix; obr13260-bib-0596	screen-time measurement; review reports zero device-based measures, hence no raw-event preprocessing relevance
R008	597. Tandon PS, Zhou C, Christakis DA. Frequency of parent‐supervised outdoor play of US preschool‐aged children. Arch Pediatr Adolesc Med. 2012;166(8):707‐712.					main article Table 2; explicit 622-article instrument matrix; obr13260-bib-0597	screen-time measurement; review reports zero device-based measures, hence no raw-event preprocessing relevance
R008	598. Tandon PS, Zhou C, Christakis DA. The frequency of outdoor play for preschool age children cared for at home‐based child care settings. Acad Pediatr. 2012;12(6):475‐480.					main article Table 2; explicit 622-article instrument matrix; obr13260-bib-0598	screen-time measurement; review reports zero device-based measures, hence no raw-event preprocessing relevance
R008	599. Skaug S, Englund KT, Wichstrom L. Young children's television viewing and the quality of their interactions with parents: a prospective community study. Scand J Psychol. 2018;59(5):503‐510.					main article Table 2; explicit 622-article instrument matrix; obr13260-bib-0599	screen-time measurement; review reports zero device-based measures, hence no raw-event preprocessing relevance
R008	600. Sorrie MB, Yesuf ME, Gebremichael TG. Overweight/obesity and associated factors among preschool children in Gondar City, Northwest Ethiopia: a cross‐sectional study. PLoS One. 2017;12(8):e0182511.					main article Table 2; explicit 622-article instrument matrix; obr13260-bib-0600	screen-time measurement; review reports zero device-based measures, hence no raw-event preprocessing relevance
R008	601. Sonneville KR, Rifas‐Shiman SL, Kleinman KP, Gortmaker SL, Gillman MW, Taveras EM. Associations of obesogenic behaviors in mothers and obese children participating in a randomized trial. Obesity. 2012;20(7):1449‐1454.					main article Table 2; explicit 622-article instrument matrix; obr13260-bib-0601	screen-time measurement; review reports zero device-based measures, hence no raw-event preprocessing relevance
R008	602. Sisson SB, Shay CM, Broyles ST, Leyva M. Television‐viewing time and dietary quality among U.S. children and adults. Am J Prev Med. 2012;43(2):196‐200.					main article Table 2; explicit 622-article instrument matrix; obr13260-bib-0602	screen-time measurement; review reports zero device-based measures, hence no raw-event preprocessing relevance
R008	603. Sisson SB, Church TS, Martin CK, et al. Profiles of sedentary behavior in children and adolescents: the US National Health and Nutrition Examination Survey, 2001–2006. Int J Pediatr Obes. 2009;4(4):353‐359.					main article Table 2; explicit 622-article instrument matrix; obr13260-bib-0603	screen-time measurement; review reports zero device-based measures, hence no raw-event preprocessing relevance
R008	604. Sisson SB, Broyles ST, Robledo C, Boeckman L, Leyva M. Television viewing and variations in energy intake in adults and children in the USA. Public Health Nutr. 2012;15(4):609‐617.					main article Table 2; explicit 622-article instrument matrix; obr13260-bib-0604	screen-time measurement; review reports zero device-based measures, hence no raw-event preprocessing relevance
R008	605. Shook RP, Halpin K, Carlson JA, et al. Adherence with multiple national healthy lifestyle recommendations in a large pediatric center electronic health record and reduced risk of obesity. Mayo Clin Proc. 2018;93(9):1247‐1255.					main article Table 2; explicit 622-article instrument matrix; obr13260-bib-0605	screen-time measurement; review reports zero device-based measures, hence no raw-event preprocessing relevance
R008	606. Senso MM, Trost SG, Crain AL, Seburg EM, Anderson JD, Sherwood NE. Activity patterns of preschool‐aged children at risk for obesity. J Phys Act Health. 2015;12(6):861‐868.					main article Table 2; explicit 622-article instrument matrix; obr13260-bib-0606	screen-time measurement; review reports zero device-based measures, hence no raw-event preprocessing relevance
R008	607. Schrempft S, van Jaarsveld CHM, Fisher A, Wardle J. The obesogenic quality of the home environment: associations with diet, physical activity, TV viewing, and BMI in preschool children. PLoS One. 2015;10(8):e0134490.					main article Table 2; explicit 622-article instrument matrix; obr13260-bib-0607	screen-time measurement; review reports zero device-based measures, hence no raw-event preprocessing relevance
R008	608. Sadeghi‐Bazargani H, Mohammadi R, Amiri S, et al. Individual‐level predictors of inpatient childhood burn injuries: a case‐control study. BMC Public Health. 2016;16(1):209.					main article Table 2; explicit 622-article instrument matrix; obr13260-bib-0608	screen-time measurement; review reports zero device-based measures, hence no raw-event preprocessing relevance
R008	609. Yin HS, Sanders LM, Rothman RL, et al. Parent health literacy and “obesogenic” feeding and physical activity‐related infant care behaviors. J Pediatr. 2014;164(3):577‐583.e571.					main article Table 2; explicit 622-article instrument matrix; obr13260-bib-0609	screen-time measurement; review reports zero device-based measures, hence no raw-event preprocessing relevance
R008	610. Xu X, Sharma M, Liu L, Hu P, Zhao Y. Mediation of the physical activity and healthy nutrition behaviors of preschool children by maternal cognition in China. Int J Environ Res Public Health. 2016;13(9):909.					main article Table 2; explicit 622-article instrument matrix; obr13260-bib-0610	screen-time measurement; review reports zero device-based measures, hence no raw-event preprocessing relevance
R008	611. Xu H, Wen LM, Rissel C. Associations of maternal influences with outdoor play and screen time of two‐year‐olds: findings from the Healthy Beginnings Trial. J Paediatr Child Health. 2014;50(9):680‐686.					main article Table 2; explicit 622-article instrument matrix; obr13260-bib-0611	screen-time measurement; review reports zero device-based measures, hence no raw-event preprocessing relevance
R008	612. Xu H, Wen LM, Hardy LL, Rissel C. Associations of outdoor play and screen time with nocturnal sleep duration and pattern among young children. Acta Paediatr. 2016;105(3):297‐303.					main article Table 2; explicit 622-article instrument matrix; obr13260-bib-0612	screen-time measurement; review reports zero device-based measures, hence no raw-event preprocessing relevance
R008	613. Xu H, Wen LM, Hardy LL, Rissel C. A 5‐year longitudinal analysis of modifiable predictors for outdoor play and screen‐time of 2‐ to 5‐year‐olds. Int J Behav Nutr Phys Act. 2016;13(1):96.					main article Table 2; explicit 622-article instrument matrix; obr13260-bib-0613	screen-time measurement; review reports zero device-based measures, hence no raw-event preprocessing relevance
R008	614. Xie X, Wu H, Lee T, et al. Gender differences in home environments related to childhood obesity in Nanchang, China. Child Obes. 2014;10(5):416‐423.					main article Table 2; explicit 622-article instrument matrix; obr13260-bib-0614	screen-time measurement; review reports zero device-based measures, hence no raw-event preprocessing relevance
R008	615. Wen LM, Baur LA, Simpson JM, et al. Sustainability of effects of an early childhood obesity prevention trial over time: a further 3‐year follow‐up of the Healthy Beginnings Trial. JAMA Pediatr. 2015;169(6):543‐551.					main article Table 2; explicit 622-article instrument matrix; obr13260-bib-0615	screen-time measurement; review reports zero device-based measures, hence no raw-event preprocessing relevance
R008	616. Wen LM, Baur LA, Simpson JM, Rissel C, Wardle K, Flood VM. Effectiveness of home based early intervention on children's BMI at age 2: randomised controlled trial. BMJ (Online). 2012;344(7865).					main article Table 2; explicit 622-article instrument matrix; obr13260-bib-0616	screen-time measurement; review reports zero device-based measures, hence no raw-event preprocessing relevance
R008	617. Wen LM, Baur LA, Rissel C, Xu H, Simpson JM. Correlates of body mass index and overweight and obesity of children aged 2 years: findings from the Healthy Beginnings Trial. Obesity (Silver Spring). 2014;22(7):1723‐1730.					main article Table 2; explicit 622-article instrument matrix; obr13260-bib-0617	screen-time measurement; review reports zero device-based measures, hence no raw-event preprocessing relevance
R008	618. Waisman I, Hidalgo E, Rossi ML. Screen use among young children in a city of Argentina. Arch Argent Pediatr. 2018;116(2):e186‐e195.					main article Table 2; explicit 622-article instrument matrix; obr13260-bib-0618	screen-time measurement; review reports zero device-based measures, hence no raw-event preprocessing relevance
R008	619. Weber D, Rissel C, Hector D, Wen LM. Supported playgroups as a setting for promoting physical activity of young children: findings from a feasibility study in south‐west Sydney, Australia. J Paediatr Child Health. 2014;50(4):301‐305.					main article Table 2; explicit 622-article instrument matrix; obr13260-bib-0619	screen-time measurement; review reports zero device-based measures, hence no raw-event preprocessing relevance
R008	620. van Zanten, SV, Coates C, Hervas‐Malo M, McGrath PJ. Newborn literacy program effective in increasing maternal engagement in literacy activities: an observational cohort study. BMC Pediatr. 2012;12(1):100.					main article Table 2; explicit 622-article instrument matrix; obr13260-bib-0620	screen-time measurement; review reports zero device-based measures, hence no raw-event preprocessing relevance
R008	621. Vijakkhana N, Wilaisakditipakorn T, Ruedeekhajorn K, Pruksananonda C, Chonchaiya W. Evening media exposure reduces night‐time sleep. Acta Paedia, Intern J Paed. 2015;104(3):306‐312.					main article Table 2; explicit 622-article instrument matrix; obr13260-bib-0621	screen-time measurement; review reports zero device-based measures, hence no raw-event preprocessing relevance
R008	622. Bank AM, Barr R, Calvert SL, Parrott WG, McDonough SC, Rosenblum K. Maternal depression and family media use: a questionnaire and diary analysis. J Child Fam Stud. 2012;21(2):208‐216.					main article Table 2; explicit 622-article instrument matrix; obr13260-bib-0622	screen-time measurement; review reports zero device-based measures, hence no raw-event preprocessing relevance
R008	623. Zulfiqar T, Strazdins L, Dinh H, Banwell C, D'Este C. Drivers of overweight/obesity in 4–11 year old children of Australians and immigrants; evidence from growing up in Australia. J Immigr Minor Health. 2019;21(4):737‐750.					main article Table 2; explicit 622-article instrument matrix; obr13260-bib-0623	screen-time measurement; review reports zero device-based measures, hence no raw-event preprocessing relevance
R008	624. Zulfiqar T, Burns RA, D'Este C, Strazdins L. BMI trajectories and risk factors among 2–11‐year‐old children by their immigrant status: evidence from the Longitudinal Study of Australian Children. BMJ Open. 2019;9(7):e026845.					main article Table 2; explicit 622-article instrument matrix; obr13260-bib-0624	screen-time measurement; review reports zero device-based measures, hence no raw-event preprocessing relevance
R008	625. Zengin‐Akkus P, Celen‐Yoldas T, Kurtipek G, Ozmert EN. Speech delay in toddlers: are they only ‘late talkers’? Turk J Pediatr. 2018;60(2):165‐172.					main article Table 2; explicit 622-article instrument matrix; obr13260-bib-0625	screen-time measurement; review reports zero device-based measures, hence no raw-event preprocessing relevance
R008	626. Wen LM, Rissel C, Xu H, et al. Effects of telephone and short message service support on infant feeding practices, “tummy time,” and screen time at 6 and 12 months of child age: a 3‐group randomized clinical trial. JAMA Pediatr. 2020;174(7):657‐664.					main article Table 2; explicit 622-article instrument matrix; obr13260-bib-0626	screen-time measurement; review reports zero device-based measures, hence no raw-event preprocessing relevance
R008	627. Swindle TM, Jarrett D, McKelvey LM, Whiteside‐Mansell L, Conners Edge NA, Kraleti S. Test of a conceptual model to explain television exposure of Head Start children. Clin Pediatr (Phila). 2018;57(8):970‐980.					main article Table 2; explicit 622-article instrument matrix; obr13260-bib-0627	screen-time measurement; review reports zero device-based measures, hence no raw-event preprocessing relevance
R008	628. Supanitayanon S, Trairatvorakul P, Chonchaiya W. Screen media exposure in the first 2 years of life and preschool cognitive development: a longitudinal study. Pediatr Res. 2020;88(6):894‐902.					main article Table 2; explicit 622-article instrument matrix; obr13260-bib-0628	screen-time measurement; review reports zero device-based measures, hence no raw-event preprocessing relevance
R008	629. Skalická V, Wold Hygen B, Stenseng F, Kårstad SB, Wichstrøm L. Screen time and the development of emotion understanding from age 4 to age 8: a community study. Br J Dev Psychol. 2019;37(3):427‐443.					main article Table 2; explicit 622-article instrument matrix; obr13260-bib-0629	screen-time measurement; review reports zero device-based measures, hence no raw-event preprocessing relevance
R008	630. Steenbock B, Buck C, Zeeb H, Rach S, Pischke CR. Impact of the intervention program “JolinchenKids‐fit and healthy in daycare” on energy balance related‐behaviors: results of a cluster controlled trial. BMC Pediatr. 2019;19(1):432.					main article Table 2; explicit 622-article instrument matrix; obr13260-bib-0630	screen-time measurement; review reports zero device-based measures, hence no raw-event preprocessing relevance
R008	631. Samanta P, Mishra DP, Panigrahi A, Mishra J, Senapati LK, Ravan JR. Sleep disturbances and associated factors among 2–6‐year‐old male children with autism in Bhubaneswar, India. Sleep Med. 2020;67:77‐82.					main article Table 2; explicit 622-article instrument matrix; obr13260-bib-0631	screen-time measurement; review reports zero device-based measures, hence no raw-event preprocessing relevance
R008	632. Pagani LS, Harbec MJ, Barnett TA. Prospective associations between television in the preschool bedroom and later bio‐psycho‐social risks. Pediatr Res. 2019;85(7):967‐973.					main article Table 2; explicit 622-article instrument matrix; obr13260-bib-0632	screen-time measurement; review reports zero device-based measures, hence no raw-event preprocessing relevance
R008	633. Padmapriya N, Aris IM, Tint MT, et al. Sex‐specific longitudinal associations of screen viewing time in children at 2–3 years with adiposity at 3–5 years. Int J Obes (Lond). 2019;43(7):1334‐1343.					main article Table 2; explicit 622-article instrument matrix; obr13260-bib-0633	screen-time measurement; review reports zero device-based measures, hence no raw-event preprocessing relevance
R008	634. Przybylski AK, Weinstein N. Digital screen time limits and young children's psychological well‐being: evidence from a population‐based study. Child Dev. 2019;90(1):e56‐e65.					main article Table 2; explicit 622-article instrument matrix; obr13260-bib-0634	screen-time measurement; review reports zero device-based measures, hence no raw-event preprocessing relevance
R008	635. Meredith‐Jones K, Galland B, Haszard J, et al. Do young children consistently meet 24‐h sleep and activity guidelines? A longitudinal analysis using actigraphy. Int J Obes (Lond). 2019;43(12):2555‐2564.					main article Table 2; explicit 622-article instrument matrix; obr13260-bib-0635	screen-time measurement; review reports zero device-based measures, hence no raw-event preprocessing relevance
R008	636. Hutton JS, Dudley J, Horowitz‐Kraus T, Dewitt T, Holland SK. Associations between screen‐based media use and brain white matter integrity in preschool‐aged children. JAMA Pediatr. 2020;174(1):e193869.					main article Table 2; explicit 622-article instrument matrix; obr13260-bib-0636	screen-time measurement; review reports zero device-based measures, hence no raw-event preprocessing relevance
R008	637. Hacioglu DO, Simsek H. The effect of healthy life approaches applied to families of children in preschool on obesity and healthy life behaviour. Prog in Nutri. 2019;21(1):34‐45.					main article Table 2; explicit 622-article instrument matrix; obr13260-bib-0637	screen-time measurement; review reports zero device-based measures, hence no raw-event preprocessing relevance
R008	638. Griauzde DH, Lumeng JC, Shah PE, Kaciroti N. Lower body mass index z‐score trajectory during early childhood after the birth of a younger sibling. Acad Pediatr. 2019;19(1):51‐57.					main article Table 2; explicit 622-article instrument matrix; obr13260-bib-0638	screen-time measurement; review reports zero device-based measures, hence no raw-event preprocessing relevance
R008	639. Fulton JE, Wang X, Yore MM, Carlson SA, Galuska DA, Caspersen CJ. Television viewing, computer use, and BMI among U.S. children and adolescents. J Phys Act Health. 2009;6(Suppl 1):S28‐S35.					main article Table 2; explicit 622-article instrument matrix; obr13260-bib-0639	screen-time measurement; review reports zero device-based measures, hence no raw-event preprocessing relevance
R008	640. Hu J, Ding N, Yang L, Ma Y, Gao M, Wen D. Association between television viewing and early childhood overweight and obesity: a pair‐matched case‐control study in China. BMC Pediatr. 2019;19(1):184.					main article Table 2; explicit 622-article instrument matrix; obr13260-bib-0640	screen-time measurement; review reports zero device-based measures, hence no raw-event preprocessing relevance
R008	641. Hennefield L, Whalen DJ, Wood G, Chavarria MC, Luby JL. Changing conceptions of death as a function of depression status, suicidal ideation, and media exposure in early childhood. J Am Acad Child Adolesc Psychiatry. 2019;58(3):339‐349.					main article Table 2; explicit 622-article instrument matrix; obr13260-bib-0641	screen-time measurement; review reports zero device-based measures, hence no raw-event preprocessing relevance
R008	642. Heffler KF, Sienko DM, Subedi K, McCann KA, Bennett DS. Association of early‐life social and digital media experiences with development of autism spectrum disorder‐like symptoms. JAMA Pediatr. 2020;174(7):690‐696.					main article Table 2; explicit 622-article instrument matrix; obr13260-bib-0642	screen-time measurement; review reports zero device-based measures, hence no raw-event preprocessing relevance
R008	643. Choi JH, Mendelsohn AL, Weisleder A, et al. Real‐world usage of educational media does not promote parent‐child cognitive stimulation activities. Acad Pediatr. 2018;18(2):172‐178.					main article Table 2; explicit 622-article instrument matrix; obr13260-bib-0643	screen-time measurement; review reports zero device-based measures, hence no raw-event preprocessing relevance
R008	644. Chen B, Bernard JY, Padmapriya N, et al. Socio‐demographic and maternal predictors of adherence to 24‐hour movement guidelines in Singaporean children. Int J Behav Nutr Phys Act. 2019;16(1):70.					main article Table 2; explicit 622-article instrument matrix; obr13260-bib-0644	screen-time measurement; review reports zero device-based measures, hence no raw-event preprocessing relevance
R008	645. Chen B, Bernard JY, Padmapriya N, et al. Associations between early‐life screen viewing and 24 hour movement behaviours: findings from a longitudinal birth cohort study. Lancet Chil Adol Hea. 2020;4(3):201‐209.					main article Table 2; explicit 622-article instrument matrix; obr13260-bib-0645	screen-time measurement; review reports zero device-based measures, hence no raw-event preprocessing relevance
R008	646. Chang VC, Chaput JP, Roberts KC, Jayaraman G, Do MT. Factors associated with sleep duration across life stages: results from the Canadian Health Measures Survey. Health Promot Chronic Dis Prev Can. 2018;38(11):404‐418.					main article Table 2; explicit 622-article instrument matrix; obr13260-bib-0646	screen-time measurement; review reports zero device-based measures, hence no raw-event preprocessing relevance
R008	647. Detnakarintra K, Trairatvorakul P, Pruksananonda C, Chonchaiya W. Positive mother‐child interactions and parenting styles were associated with lower screen time in early childhood. Acta Paedia, Intern J Paed. 2020;109(4):817‐826.					main article Table 2; explicit 622-article instrument matrix; obr13260-bib-0647	screen-time measurement; review reports zero device-based measures, hence no raw-event preprocessing relevance
R008	648. de Carvalho CE, Marrocos Leite FH, de Abreu DSC, de Oliveira MA, Scagliusi FB, Martins PA. Factors associated with overweight in children living in the neighbourhoods of an urban area of Brazil. Public Health Nutr. 2012;15(6):1056‐1064.					main article Table 2; explicit 622-article instrument matrix; obr13260-bib-0648	screen-time measurement; review reports zero device-based measures, hence no raw-event preprocessing relevance
R008	649. Balaban G, Motta ME, Silva GA. Early weaning and other potential risk factors for overweight among preschool children. Clinics (Sao Paulo). 2010;65(2):181‐187.					main article Table 2; explicit 622-article instrument matrix; obr13260-bib-0649	screen-time measurement; review reports zero device-based measures, hence no raw-event preprocessing relevance
R011	49. Howie E.K., McNally S., Straker L.M. Exploring the reliability and validity of the TechU-Q to evaluate device and purpose specific screen use in preschool children and parents. J. Child Fam. Stud. 2020;29:2879–2889. doi: 10.1007/s10826-020-01787-1.					narrative review Table 1; purposively selected exemplar, NOT a bounded included set; B49-children-11-00754	screen measurement exemplar; self-report, observation, logging, network traces, specialized devices
R011	52. He M., Harris S., Piché L., Beynon C. Understanding screen-related sedentary behavior and its contributing factors among school-aged children: A social-ecologic exploration. Am. J. Health Promot. 2009;23:299–308. doi: 10.4278/ajhp.07070965.					narrative review Table 1; purposively selected exemplar, NOT a bounded included set; B52-children-11-00754	screen measurement exemplar; self-report, observation, logging, network traces, specialized devices
R011	11. Kwon S., Armstrong B., Wetoska N., Capan S. Screen time, sociodemographic factors, and psychological wellbeing among young children. JAMA Netw. Open. 2024;7:e2354488. doi: 10.1001/jamanetworkopen.2023.54488.					narrative review Table 1; purposively selected exemplar, NOT a bounded included set; B11-children-11-00754	screen measurement exemplar; self-report, observation, logging, network traces, specialized devices
R011	59. Tey C., Waker M., Campbell M., Hampton A., Williams J. The Light Time-Use Diary and preschool activity patterns: Exploratory study. Int. J. Pediatr. Obestity. 2007;2:167–173. doi: 10.1080/17477160701369274.					narrative review Table 1; purposively selected exemplar, NOT a bounded included set; B59-children-11-00754	screen measurement exemplar; self-report, observation, logging, network traces, specialized devices
R011	60. Straker L., Smith A., Hands B., Olds T., Abbott R. Screen-based media use clusters are related to other activity behaviours and health indicators in adolescents. BMC Public Health. 2013;13:1174. doi: 10.1186/1471-2458-13-1174.					narrative review Table 1; purposively selected exemplar, NOT a bounded included set; B60-children-11-00754	screen measurement exemplar; self-report, observation, logging, network traces, specialized devices
R011	61. Barr R., Kirkorian H., Radesky J., Coyne S., Nichols D., Blanchfield O., Rusnak S., Stockdale L., Ribner A., Durnez J., et al. Beyond screen time: A synergistic approach to a more comprehensive assessment of family media exposure during early childhood. Front. Psychol. 2020;11:1283. doi: 10.3389/fpsyg.2020.01283.					narrative review Table 1; purposively selected exemplar, NOT a bounded included set; B61-children-11-00754	screen measurement exemplar; self-report, observation, logging, network traces, specialized devices
R011	64. Larson R., Kubey R., Colletti J. Changing channels: Early adolescent media choices and shifting investments in family and friends. J. Youth Adolesc. 1989;18:583–599. doi: 10.1007/BF02139075.					narrative review Table 1; purposively selected exemplar, NOT a bounded included set; B64-children-11-00754	screen measurement exemplar; self-report, observation, logging, network traces, specialized devices
R011	66. Dunton G.F., Liao Y., Intille S.S., Spruijt-Metz D., Pentz M. Investigating children’s physical activity and sedentary behavior using ecological momentary assessment with mobile phones. Obesity. 2011;19:1205–1212. doi: 10.1038/oby.2010.302.					narrative review Table 1; purposively selected exemplar, NOT a bounded included set; B66-children-11-00754	screen measurement exemplar; self-report, observation, logging, network traces, specialized devices
R011	67. Nareim C., Bickham D.S., Rich M. Exploring use patterns and racial and ethnic differences in real time affective states during social media use among a clinical sample of adolescents with depression: Prospective cohort study. JMIR Form. Res. 2022;6:e30900. doi: 10.2196/30900.					narrative review Table 1; purposively selected exemplar, NOT a bounded included set; B67-children-11-00754	screen measurement exemplar; self-report, observation, logging, network traces, specialized devices
R011	73. Lee R.M., Emmons K.M., Okechukwu C.A., Barrett J.L., Kenney E.L., Cradock A.L., Giles C.M., deBlois M.E., Gortmaker S.L. Validity of a practitioner-administered observational tool to measure physical activity, nutrition, and screen time in school-age programs. Int. J. Behav. Nutr. Phys. Act. 2014;11:145. doi: 10.1186/s12966-014-0145-5.					narrative review Table 1; purposively selected exemplar, NOT a bounded included set; B73-children-11-00754	screen measurement exemplar; self-report, observation, logging, network traces, specialized devices
R011	71. DuRant R.H., Baranowski T., Johnson M., Thompson W.O. The relationship among television watching, physical activity, and body composition of young children. Pediatrics. 1994;94:449–455. doi: 10.1542/peds.94.4.449.					narrative review Table 1; purposively selected exemplar, NOT a bounded included set; B71-children-11-00754	screen measurement exemplar; self-report, observation, logging, network traces, specialized devices
R011	74. McKenzie T.L., Sallis J.F., Nader P.R., Broyles S.L., Nelson J.A. Anglo-and Mexican-American preschoolers at home and at recess: Activity patterns and environmental influences. J. Dev. Behav. Pediatr. 1992;13:173–180. doi: 10.1097/00004703-199206000-00004.					narrative review Table 1; purposively selected exemplar, NOT a bounded included set; B74-children-11-00754	screen measurement exemplar; self-report, observation, logging, network traces, specialized devices
R011	80. Anderson D.R., Field D.E., Collins P.A., Lorch E.P., Nathan J.G. Estimates of young children’s time with television: A methodological comparison of parent reports with time-lapse video home observation. Child Dev. 1985;56:1345–1357. doi: 10.2307/1130249.					narrative review Table 1; purposively selected exemplar, NOT a bounded included set; B80-children-11-00754	screen measurement exemplar; self-report, observation, logging, network traces, specialized devices
R011	81. Borzekowski D.L., Robinson T.N. Viewing the viewers: Ten video cases of children’s television viewing behaviors. J. Broadcast. Electron. Media. 1999;43:506–528. doi: 10.1080/08838159909364507.					narrative review Table 1; purposively selected exemplar, NOT a bounded included set; B81-children-11-00754	screen measurement exemplar; self-report, observation, logging, network traces, specialized devices
R011	83. Vadathya A.K., Musaad S., Beltran A., Perez O., Meister L., Baranowski T., Hughes S.O., Mendoza J.A., Sabharwal A., Veeraraghavan A. An objective system for quantitative assessment of television viewing among children (family level assessment of screen use in the home-television): System development study. JMIR Pediatr. Parent. 2022;5:e33569. doi: 10.2196/33569.					narrative review Table 1; purposively selected exemplar, NOT a bounded included set; B83-children-11-00754	screen measurement exemplar; self-report, observation, logging, network traces, specialized devices
R011	85. Kerr J., Marshall S.J., Godbole S., Chen J., Legge A., Doherty A.R., Kelly P., Oliver M., Badland H.M., Foster C. Using the SenseCam to improve classifications of sedentary behavior in free-living settings. Am. J. Prev. Med. 2013;44:290–296. doi: 10.1016/j.amepre.2012.11.004.					narrative review Table 1; purposively selected exemplar, NOT a bounded included set; B85-children-11-00754	screen measurement exemplar; self-report, observation, logging, network traces, specialized devices
R011	76. Everson B., Mackintosh K.A., McNarry M.A., Todd C., Stratton G. Can wearable cameras be used to validate school-aged children’s lifestyle behaviours? Children. 2019;6:20. doi: 10.3390/children6020020.					narrative review Table 1; purposively selected exemplar, NOT a bounded included set; B76-children-11-00754	screen measurement exemplar; self-report, observation, logging, network traces, specialized devices
R011	86. Thomas G., Bennie J.A., De Cocker K., Dwi Andriyani F., Booker B., Biddle S.J.H. Using wearable cameras to categorize the type and context of screen-based behaviors among adolescents: Observational study. JMIR Pediatr. Parent. 2022;5:e28208. doi: 10.2196/28208.					narrative review Table 1; purposively selected exemplar, NOT a bounded included set; B86-children-11-00754	screen measurement exemplar; self-report, observation, logging, network traces, specialized devices
R011	90. Ambrose S.E., VanDam M., Moeller M.P. Linguistic input, electronic media, and communication outcomes of toddlers with hearing loss. Ear Hear. 2014;35:139–147. doi: 10.1097/AUD.0b013e3182a76768.					narrative review Table 1; purposively selected exemplar, NOT a bounded included set; B90-children-11-00754	screen measurement exemplar; self-report, observation, logging, network traces, specialized devices
R011	91. Brushe M.E., Lynch J.W., Melhuish E., Reilly S., Mittinty M.N., Brinkman S.A. Objectively measured infant and toddler screen time: Findings from a prospective study. SSM-Popul. Health. 2023;22:101395. doi: 10.1016/j.ssmph.2023.101395.					narrative review Table 1; purposively selected exemplar, NOT a bounded included set; B91-children-11-00754	screen measurement exemplar; self-report, observation, logging, network traces, specialized devices
R011	89. Christakis D.A., Gilkerson J., Richards J.A., Zimmerman F.J., Garrison M.M., Xu D., Gray S., Yapanel U. Audible television and decreased adult words, infant vocalizations, and conversational turns: A population-based study. Arch. Pediatr. Adolesc. Med. 2009;163:554–558. doi: 10.1001/archpediatrics.2009.61.					narrative review Table 1; purposively selected exemplar, NOT a bounded included set; B89-children-11-00754	screen measurement exemplar; self-report, observation, logging, network traces, specialized devices
R011	47. Radesky J.S., Weeks H.M., Ball R., Schaller A., Yeo S., Durnez J., Tamayo-Rios M., Epstein M., Kirkorian H., Coyne S. Young children’s use of smartphones and tablets. Pediatrics. 2020;146:e20193518. doi: 10.1542/peds.2019-3518.					narrative review Table 1; purposively selected exemplar, NOT a bounded included set; B47-children-11-00754	screen measurement exemplar; self-report, observation, logging, network traces, specialized devices
R011	96. Goedhart G., van Wel L., Langer C.E., de Llobet Viladoms P., Wiart J., Hours M., Kromhout H., Benke G., Bouka E., Bruchim R. Recall of mobile phone usage and laterality in young people: The multinational Mobi-Expo study. Environ. Res. 2018;165:150–157. doi: 10.1016/j.envres.2018.04.018.					narrative review Table 1; purposively selected exemplar, NOT a bounded included set; B96-children-11-00754	screen measurement exemplar; self-report, observation, logging, network traces, specialized devices
R011	36. Ram N., Yang X., Cho M., Brinberg M., Muirhead F., Reeves B., Robinson T. Screenomics: A new approach for observing and studying individual’s digital lives. J. Adolesc. Res. 2020;35:16–50. doi: 10.1177/0743558419883362.					narrative review Table 1; purposively selected exemplar, NOT a bounded included set; B36-children-11-00754	screen measurement exemplar; self-report, observation, logging, network traces, specialized devices
R011	99. Boase J., Ling R. Measuring mobile phone use: Self-report versus log data. J. Comput.-Mediat. Commun. 2013;18:508–519. doi: 10.1111/jcc4.12021.					narrative review Table 1; purposively selected exemplar, NOT a bounded included set; B99-children-11-00754	screen measurement exemplar; self-report, observation, logging, network traces, specialized devices
R011	100. Lui M., Li C., Pan Z., Pan X. Mining big data to help make informed decisions for designing effective digital educational games. Interact. Learn. Environ. 2023;31:2562–2582.					narrative review Table 1; purposively selected exemplar, NOT a bounded included set; B100-children-11-00754	screen measurement exemplar; self-report, observation, logging, network traces, specialized devices
R012	36. Davis SP, Ashayer A, Tabrizi N. Predicting sex and age using swipe-gesture data from a mobile device. In: 2020 IEEE Intl Conf on Parallel & Distributed Processing with Applications, Big Data & Cloud Computing, Sustainable Computing & Communications, Social Computing & Networking (ISPA/BDCloud/SocialCom/SustainCom). IEEE; 2020. p. 1136-1143. 10.1109/ISPA-BDCloud-SocialCom-SustainCom51426.2020.00169.					main article Table 1 Characteristics of included studies; explicit inclusion; CR36	built-in phone/tablet behavioral biometrics; sensor/event collection and preprocessing
R012	37. Sun Z Wang Y Qu G Zhou Z A 3-D hand gesture signature based biometric authentication system for smartphones: a 3-D hand gesture signature authentication system for smartphones Secur Comm Networks 2016 9 11 1359 1373 10.1002/sec.1422	10.1002/sec.1422		A 3-D hand gesture signature based biometric authentication system for smartphones: a 3-D hand gesture signature authentication system for smartphones	2016	main article Table 1 Characteristics of included studies; explicit inclusion; CR37	built-in phone/tablet behavioral biometrics; sensor/event collection and preprocessing
R012	38. Liu Q, Wang M, Zhao P, Yan C, Ding Z. A behavioral authentication method for mobile gesture against resilient user posture. In: 2016 3rd International Conference on Systems and Informatics (ICSAI). IEEE; 2016. p. 324–331. 10.1109/ICSAI.2016.7810976.					main article Table 1 Characteristics of included studies; explicit inclusion; CR38	built-in phone/tablet behavioral biometrics; sensor/event collection and preprocessing
R012	39. Maghsoudi J, Tappert CC. A behavioral biometrics user authentication study using motion data from android smartphones. In: 2016 European Intelligence and Security Informatics Conference (EISIC). IEEE; 2016. p. 184-187. 10.1109/EISIC.2016.047.					main article Table 1 Characteristics of included studies; explicit inclusion; CR39	built-in phone/tablet behavioral biometrics; sensor/event collection and preprocessing
R012	40. Putri AN, Asnar YDW, Akbar S. A continuous fusion authentication for Android based on keystroke dynamics and touch gesture. In: 2016 International Conference on Data and Software Engineering (ICoDSE). New York: IEEE; 2016. p. 1–6. 10.1109/ICODSE.2016.7936146.					main article Table 1 Characteristics of included studies; explicit inclusion; CR40	built-in phone/tablet behavioral biometrics; sensor/event collection and preprocessing
R012	41. Lamiche I Bin G Jing Y Yu Z Hadid A A continuous smartphone authentication method based on gait patterns and keystroke dynamics J Ambient Intell Human Comput 2019 10 11 4417 4430 10.1007/s12652-018-1123-6	10.1007/s12652-018-1123-6		A continuous smartphone authentication method based on gait patterns and keystroke dynamics	2019	main article Table 1 Characteristics of included studies; explicit inclusion; CR41	built-in phone/tablet behavioral biometrics; sensor/event collection and preprocessing
R012	42. Smith-Creasey M, Rajarajan M. A continuous user authentication scheme for mobile devices. In: 2016 14th Annual Conference on Privacy, Security and Trust (PST). New York: IEEE; 2016. p .104–113. 10.1109/PST.2016.7906944.					main article Table 1 Characteristics of included studies; explicit inclusion; CR42	built-in phone/tablet behavioral biometrics; sensor/event collection and preprocessing
R012	43. Shih DH, Lu CM, Shih MH. A flick biometric authentication mechanism on mobile devices. In: 2015 Internationalonal Conference on Informative and Cybernetics for Computational Social Systems (ICCSS). New York: IEEE; 2015. p. 31–33. 10.1109/ICCSS.2015.7281144.					main article Table 1 Characteristics of included studies; explicit inclusion; CR43	built-in phone/tablet behavioral biometrics; sensor/event collection and preprocessing
R012	44. Zaidi AZ Chong CY Parthiban R Sadiq AS A framework of dynamic selection method for user classification in touch-based continuous mobile device authentication J Inform Secur Applic 2022 67 103217 10.1016/j.jisa.2022.103217	10.1016/j.jisa.2022.103217		A framework of dynamic selection method for user classification in touch-based continuous mobile device authentication	2022	main article Table 1 Characteristics of included studies; explicit inclusion; CR44	built-in phone/tablet behavioral biometrics; sensor/event collection and preprocessing
R012	45. Soni D, Hanmandlu M, Saini HC. A Machine learning approach for user authentication using touchstroke dynamics. In: Somani AK, Srivastava S, Mundra A, Rawat S, eds. Proceedings of First International Conference on Smart System, Innovations and Computing. Vol 79. Smart Innovation, Systems and Technologies. Singapore: Springer Singapore; 2018. p. 391–410. 10.1007/978-981-10-5828-8_38.					main article Table 1 Characteristics of included studies; explicit inclusion; CR45	built-in phone/tablet behavioral biometrics; sensor/event collection and preprocessing
R012	46. Lin CC, Chang CC, Liang D, Yang CH. A new non-intrusive authentication method based on the orientation sensor for smartphone users. In: 2012 IEEE Sixth International Conference on Sofware Security and Reliability. New York: IEEE; 2012. p. 245–252. 10.1109/SERE.2012.37.					main article Table 1 Characteristics of included studies; explicit inclusion; CR46	built-in phone/tablet behavioral biometrics; sensor/event collection and preprocessing
R012	47. Li G, Bours P. A novel mobilephone application authentication approach based on accelerometer and gyroscope data. In: 2018 International Conference of the Biometrics Special Interest Group (BIOSIG). New York City: IEEE; 2018. p. 1–4. 10.23919/BIOSIG.2018.8553503.					main article Table 1 Characteristics of included studies; explicit inclusion; CR47	built-in phone/tablet behavioral biometrics; sensor/event collection and preprocessing
R012	48. Smith-Creasey M, Rajarajan M. A novel scheme to address the fusion uncertainty in multi-modal continuous authentication schemes on mobile devices. In: 2019 International Conference on Biometrics (ICB). New York City; IEEE; 2019. p. 1–8. 10.1109/ICB45273.2019.8987390.					main article Table 1 Characteristics of included studies; explicit inclusion; CR48	built-in phone/tablet behavioral biometrics; sensor/event collection and preprocessing
R012	49. Salem A Obaidat MS A novel security scheme for behavioral authentication systems based on keystroke dynamics Secur Priv 2019 2 2 e64 10.1002/spy2.64	10.1002/spy2.64		A novel security scheme for behavioral authentication systems based on keystroke dynamics	2019	main article Table 1 Characteristics of included studies; explicit inclusion; CR49	built-in phone/tablet behavioral biometrics; sensor/event collection and preprocessing
R012	50. Zhao S, Guo Z, Zhong C, Xian L, Liu Y. A novel smartphone identity authentication mechanism. In: Proceedings of the ACM Turing Celebration Conference - China. New York: ACM; 2020. p. 157–161. 10.1145/3393527.3393554.					main article Table 1 Characteristics of included studies; explicit inclusion; CR50	built-in phone/tablet behavioral biometrics; sensor/event collection and preprocessing
R012	51. Qiao M, Zhang S, Sung AH, Liu Q. A novel touchscreen-based authentication scheme using static and dynamic hand biometrics. In: 2015 IEEE 39th Annual Computer Software and Applications Conference. New York: IEEE; 2015. p. 494–503. 10.1109/COMPSAC.2015.133.					main article Table 1 Characteristics of included studies; explicit inclusion; CR51	built-in phone/tablet behavioral biometrics; sensor/event collection and preprocessing
R012	52. Smith-Creasey M Rajarajan M A novel word-independent gesture-typing continuous authentication scheme for mobile devices Comput Secur 2019 83 140 150 10.1016/j.cose.2019.02.001	10.1016/j.cose.2019.02.001		A novel word-independent gesture-typing continuous authentication scheme for mobile devices	2019	main article Table 1 Characteristics of included studies; explicit inclusion; CR52	built-in phone/tablet behavioral biometrics; sensor/event collection and preprocessing
R012	53. Alariki AA, Bt Abdul Manaf A, Khan S. A study of touching behavior for authentication in touch screen smart devices. In: 2016 International Conference on Intelligent Systems Engineering (ICISE). New York: IEEE; 2016. p. 216–221. 10.1109/INTELSE.2016.7475123.					main article Table 1 Characteristics of included studies; explicit inclusion; CR53	built-in phone/tablet behavioral biometrics; sensor/event collection and preprocessing
R012	54. Lee SH, Roh JH, Kim S, Jin SH. A study on feature of keystroke dynamics for improving accuracy in mobile environment. In: Choi D, Guilley S, eds. Information Security Applications. Vol 10144. Lecture Notes in Computer Science. New York: Springer International Publishing; 2017. p. 366–375. 10.1007/978-3-31956549-1_31.					main article Table 1 Characteristics of included studies; explicit inclusion; CR54	built-in phone/tablet behavioral biometrics; sensor/event collection and preprocessing
R012	55. Li W Tan J Meng W Wang Y A swipe-based unlocking mechanism with supervised learning on smartphones: design and evaluation J Netw Comput Applic 2020 165 102687 10.1016/j.jnca.2020.102687	10.1016/j.jnca.2020.102687		A swipe-based unlocking mechanism with supervised learning on smartphones: design and evaluation	2020	main article Table 1 Characteristics of included studies; explicit inclusion; CR55	built-in phone/tablet behavioral biometrics; sensor/event collection and preprocessing
R012	56. Saini BS Singh P Nayyar A A three-step authentication model for mobile phone user using keystroke dynamics IEEE Access 2020 8 125909125922 10.1109/ACCESS.2020.3008019	10.1109/ACCESS.2020.3008019		A three-step authentication model for mobile phone user using keystroke dynamics	2020	main article Table 1 Characteristics of included studies; explicit inclusion; CR56	built-in phone/tablet behavioral biometrics; sensor/event collection and preprocessing
R012	57. Takahashi H, Ogura K, Bista BB, Takata T. A user authentication scheme using keystrokes for smartphones while moving. New York: IEEE; 2016.					main article Table 1 Characteristics of included studies; explicit inclusion; CR57	built-in phone/tablet behavioral biometrics; sensor/event collection and preprocessing
R012	58. Deb D, Ross A, Jain AK, Prakah-Asante K, Prasad KV. Actions speak louder than (Pass)words: passive authentication of smartphone users via deep temporal features. In: 2019 International Conference on Biometrics (ICB). IEEE; 2019. p. 1–8. 10.1109/ICB45273.2019.8987433.					main article Table 1 Characteristics of included studies; explicit inclusion; CR58	built-in phone/tablet behavioral biometrics; sensor/event collection and preprocessing
R012	59. Leingang W, Gunn D, Kim JH, Yuan X, Roy K. Active authentication using touch dynamics. In: SoutheastCon 2018. New York: IEEE; 2018.p. 1–5. 10.1109/SECON.2018.8479298.					main article Table 1 Characteristics of included studies; explicit inclusion; CR59	built-in phone/tablet behavioral biometrics; sensor/event collection and preprocessing
R012	60. Acien A Morales A Fierrez J Vera-Rodriguez R Hernandez-Ortega J Active detection of age groups based on touch interaction IET Biom 2019 8 1 101 108 10.1049/iet-bmt.2018.5003	10.1049/iet-bmt.2018.5003		Active detection of age groups based on touch interaction	2019	main article Table 1 Characteristics of included studies; explicit inclusion; CR60	built-in phone/tablet behavioral biometrics; sensor/event collection and preprocessing
R012	61. Mahbub U, Sarkar S, Patel VM, Chellappa R. Active user authentication for smartphones: A challenge data set and benchmark results. In: 2016 IEEE 8th International Conference on Biometrics Theory, Applications and Systems (BTAS). New York: IEEE; 2016. p. 1–8. 10.1109/BTAS.2016.7791155.					main article Table 1 Characteristics of included studies; explicit inclusion; CR61	built-in phone/tablet behavioral biometrics; sensor/event collection and preprocessing
R012	62. Guarino A Lemeri N Malandrino D Zaccagnino R Capo C Adam or Eve? Automatic users’ gender classification via gestures analysis on touch devices Neural Comput Applic 2022 34 21 18473 18495 10.1007/s00521-022-07454-4	10.1007/s00521-022-07454-4		Adam or Eve? Automatic users’ gender classification via gestures analysis on touch devices	2022	main article Table 1 Characteristics of included studies; explicit inclusion; CR62	built-in phone/tablet behavioral biometrics; sensor/event collection and preprocessing
R012	63. Wang S, Yuan J, Wen J. Adaptive phone orientation method for continuous authentication based on mobile motion sensors. In: 2019 IEEE 31st International Conference on Tools with Artificial Intelligence (ICTAI). New York: IEEE; 2019. p. 1623–1627. 10.1109/ICTAI.2019.00236.					main article Table 1 Characteristics of included studies; explicit inclusion; CR63	built-in phone/tablet behavioral biometrics; sensor/event collection and preprocessing
R012	64. Davarci E, Soysal B, Erguler I, Aydin SO, Dincer O, Anarim E. Age group detection using smartphone motion sensors. In: 2017 25th European Signal Processing Conference (EUSIPCO). New York: IEEE; 2017. p. 2201–2205. 10.23919/EUSIPCO.2017.8081600.					main article Table 1 Characteristics of included studies; explicit inclusion; CR64	built-in phone/tablet behavioral biometrics; sensor/event collection and preprocessing
R012	65. Chakraborty B, Nakano K, Tokoi Y, Hashimoto T. An approach for designing low cost deep neural network based biometric authentication model for smartphone user. In: TENCON 2019 - 2019 IEEE Region 10 Conference (TENCON). New York: IEEE; 2019. p. 772–777. 10.1109/TENCON.2019.8929241.					main article Table 1 Characteristics of included studies; explicit inclusion; CR65	built-in phone/tablet behavioral biometrics; sensor/event collection and preprocessing
R012	66. Antal M, Szabo LZ. An Evaluation of One-class and two-class classification algorithms for keystroke dynamics authentication on mobile devices. In: 2015 20th International Conference on Control Systems and Computer Science. New York: IEEE; 2015. p. 343–350. 10.1109/CSCS.2015.16.					main article Table 1 Characteristics of included studies; explicit inclusion; CR66	built-in phone/tablet behavioral biometrics; sensor/event collection and preprocessing
R012	67. Roy A, Halevi T, Memon N. An HMM-based multi-sensor approach for continuous mobile authentication. In: MILCOM 2015 - 2015 IEEE Military Communications Conference. New York: IEEE; 2015. p. 1311–1316. 10.1109/MILCOM.2015.7357626.					main article Table 1 Characteristics of included studies; explicit inclusion; CR67	built-in phone/tablet behavioral biometrics; sensor/event collection and preprocessing
R012	68. Salem A, Zaidan D, Swidan A, Saifan R. Analysis of strong password using keystroke dynamics authentication in touch screen devices. In: 2016 Cybersecurity and Cyberforensics Conference (CCC). New York: IEEE; 2016. p. 15–21. 10.1109/CCC.2016.11.					main article Table 1 Characteristics of included studies; explicit inclusion; CR68	built-in phone/tablet behavioral biometrics; sensor/event collection and preprocessing
R012	69. Roy S, Roy U, Sinha DD. Analysis of typing pabern in identifying sop biometric information and its impact in user recognition. In: Chandra P, Giri D, Li F, Kar S, Jana DK, eds. Information Technology and Applied Mathematics. Vol 699. Advances in Intelligent Systems and Computing. Singapore: Springer Singapore; 2019. p. 69–83. 10.1007/978-981-10-7590-2_5.					main article Table 1 Characteristics of included studies; explicit inclusion; CR69	built-in phone/tablet behavioral biometrics; sensor/event collection and preprocessing
R012	70. Lee W. Analyzing motion of touching screen for inferring user characteristics. In: 2021 Twelfth International Conference on Ubiquitous and Future Networks (ICUFN). New York: IEEE; 2021. p. 78–80. 10.1109/ICUFN49451.2021.9528699.					main article Table 1 Characteristics of included studies; explicit inclusion; CR70	built-in phone/tablet behavioral biometrics; sensor/event collection and preprocessing
R012	71. Buriro A Crispo B Conti M AnswerAuth: a bimodal behavioral biometric-based user authentication scheme for smartphones J Inform Secur Applic 2019 44 89 103 10.1016/j.jisa.2018.11.008	10.1016/j.jisa.2018.11.008		AnswerAuth: a bimodal behavioral biometric-based user authentication scheme for smartphones	2019	main article Table 1 Characteristics of included studies; explicit inclusion; CR71	built-in phone/tablet behavioral biometrics; sensor/event collection and preprocessing
R012	72. Praher C Sonntag M Applicability of keystroke dynamics as a biometric security feature for mobile touchscreen devices with virtualised keyboards IJICS 2016 8 1 72 10.1504/IJICS.2016.075311	10.1504/IJICS.2016.075311		Applicability of keystroke dynamics as a biometric security feature for mobile touchscreen devices with virtualised keyboards	2016	main article Table 1 Characteristics of included studies; explicit inclusion; CR72	built-in phone/tablet behavioral biometrics; sensor/event collection and preprocessing
R012	73. Baran M, Siwik L, Rzecki K. Application of elastic principal component analysis to person recognition based on screen gestures. In: Rutkowski L, Scherer R, Korytkowski M, Pedrycz W, Tadeusiewicz R, Zurada JM, eds. Artificial Intelligence and Soft Computing. Vol 11508. Lecture Notes in Computer Science. New York: Springer International Publishing; 2019. p. 553–560. 10.1007/978-3-030-20912-4_50.					main article Table 1 Characteristics of included studies; explicit inclusion; CR73	built-in phone/tablet behavioral biometrics; sensor/event collection and preprocessing
R012	74. Ali Z, Payton J, Sritapan V. At your fingertips: considering finger distinctness in continuous touch-based authentication for mobile devices. In: 2016 IEEE Security and Privacy Workshops (SPW). New York: IEEE; 2016. p. 272–275. 10.1109/SPW.2016.29.					main article Table 1 Characteristics of included studies; explicit inclusion; CR74	built-in phone/tablet behavioral biometrics; sensor/event collection and preprocessing
R012	75. Guerra-Casanova J Sánchez-Ávila C Bailador G de Santos SA Authentication in mobile devices through hand gesture recognition Int J Inf Secur 2012 11 2 65 83 10.1007/s10207-012-0154-9	10.1007/s10207-012-0154-9		Authentication in mobile devices through hand gesture recognition	2012	main article Table 1 Characteristics of included studies; explicit inclusion; CR75	built-in phone/tablet behavioral biometrics; sensor/event collection and preprocessing
R012	76. Primo A. Keystroke-based continuous authentication while listening to music on your smart-phone. In: 2017 IEEE 8th Annual Ubiquitous Computing, Electronics and Mobile Communication Conference (UEMCON). New York: IEEE; 2017. p. 217–225. 10.1109/UEMCON.2017.8249029.					main article Table 1 Characteristics of included studies; explicit inclusion; CR76	built-in phone/tablet behavioral biometrics; sensor/event collection and preprocessing
R012	77. Yang Y Guo B Wang Z Li M Yu Z Zhou X BehaveSense: continuous authentication for security-sensitive mobile apps using behavioral biometrics Ad Hoc Netw 2019 84 9 18 10.1016/j.adhoc.2018.09.015	10.1016/j.adhoc.2018.09.015		BehaveSense: continuous authentication for security-sensitive mobile apps using behavioral biometrics	2019	main article Table 1 Characteristics of included studies; explicit inclusion; CR77	built-in phone/tablet behavioral biometrics; sensor/event collection and preprocessing
R012	78. Wolff M. Behavioral biometric identification on mobile devices. In: Schmorrow DD, Fidopiastis CM, eds. Foundations of Augmented Cognition. Vol 8027. Lecture Notes in Computer Science. Berlin: Springer Berlin Heidelberg; 2013. p. 783–791. 10.1007/978-3-642-39454-6_84.					main article Table 1 Characteristics of included studies; explicit inclusion; CR78	built-in phone/tablet behavioral biometrics; sensor/event collection and preprocessing
R012	79. Tse KW, Hung K. Behavioral biometrics scheme with keystroke and swipe dynamics for user authentication on mobile platform. In: 2019 IEEE 9th Symposium on Computer Applications & Industrial Electronics (ISCAIE). New York: IEEE; 2019. p. 125–130. 10.1109/ISCAIE.2019.8743995.					main article Table 1 Characteristics of included studies; explicit inclusion; CR79	built-in phone/tablet behavioral biometrics; sensor/event collection and preprocessing
R012	80. Antal M Szabó LZ Biometric authentication based on touchscreen swipe patterns Proc Technol 2016 22 862 869 10.1016/j.protcy.2016.01.061	10.1016/j.protcy.2016.01.061		Biometric authentication based on touchscreen swipe patterns	2016	main article Table 1 Characteristics of included studies; explicit inclusion; CR80	built-in phone/tablet behavioral biometrics; sensor/event collection and preprocessing
R012	81. Laghari A, Waheed-ur-Rehman, Memon ZA. Biometric authentication technique using smartphone sensor. In: 2016 13th International Bhurban Conference on Applied Sciences and Technology (IBCAST). New York: IEEE; 2016. p. 381–384. 10.1109/IBCAST.2016.7429906.					main article Table 1 Characteristics of included studies; explicit inclusion; CR81	built-in phone/tablet behavioral biometrics; sensor/event collection and preprocessing
R012	82. Tolosana R, Vera-Rodriguez R, Fierrez J, Morales A. BioTouchPass demo: handwriben passwords for touchscreen biometrics. In: Proceedings of the 27th ACM International Conference on Multimedia. New York: ACM; 2019. p. 1023–1025. 10.1145/3343031.3350578.					main article Table 1 Characteristics of included studies; explicit inclusion; CR82	built-in phone/tablet behavioral biometrics; sensor/event collection and preprocessing
R012	83. Ray A, Hou D, Schuckers S, Barbir A. Continuous authentication based on hand micro-movement during smartphone form filling by seated human subjects: In: Proceedings of the 7th International Conference on Information Systems Security and Privacy. Setubal, Portugal: SCITEPRESS - Science and Technology Publications; 2021. p. 424–431. 10.5220/0010225804240431.					main article Table 1 Characteristics of included studies; explicit inclusion; CR83	built-in phone/tablet behavioral biometrics; sensor/event collection and preprocessing
R012	84. Ambol S, Rashad S. Continuous authentication of smartphone users using machine learning. In: 2020 11th IEEE Annual Ubiquitous Computing, Electronics & Mobile Communication Conference (UEMCON). New York: IEEE; 2020. p. 0056–0062. 10.1109/UEMCON51285.2020.9298040.					main article Table 1 Characteristics of included studies; explicit inclusion; CR84	built-in phone/tablet behavioral biometrics; sensor/event collection and preprocessing
R012	85. Garbuz A, Epishkina A, Kogos K. Continuous authentication of smartphone users via swipes and taps analysis. In: 2019 European Intelligence and Security Informatics Conference (EISIC). New York: IEEE; 2019. p. 48–53. 10.1109/EISIC49498.2019.9108780.					main article Table 1 Characteristics of included studies; explicit inclusion; CR85	built-in phone/tablet behavioral biometrics; sensor/event collection and preprocessing
R012	86. Dybczak J, Nawrocki P. Continuous authentication on mobile devices using behavioral biometrics. In: 2022 22nd IEEE International Symposium on Cluster, Cloud and Internet Computing (CCGrid). New York: IEEE; 2022. p. 1028–1035. 10.1109/CCGrid54584.2022.00125.					main article Table 1 Characteristics of included studies; explicit inclusion; CR86	built-in phone/tablet behavioral biometrics; sensor/event collection and preprocessing
R012	87. Murmuria R, Stavrou A, Barbará D, Fleck D. Continuous authentication on mobile devices using power consumption, touch gestures and physical movement of users. In: Bos H, Monrose F, Blanc G, eds. Research in Attacks, Intrusions, and Defenses. Vol 9404. Lecture Notes in Computer Science. New York: Springer International Publishing; 2015. p. 405–424. 10.1007/978-3-319-26362-5_19.					main article Table 1 Characteristics of included studies; explicit inclusion; CR87	built-in phone/tablet behavioral biometrics; sensor/event collection and preprocessing
R012	88. Karanikiotis T, Papamichail MD, Chatzidimitriou KC, Oikonomou NCI, Symeonidis AL, Saripalle SK. Continuous implicit authentication through touch traces modelling. In: 2020 IEEE 20th International Conference on Software Quality, Reliability and Security (QRS). New York: IEEE; 2020. p. 111–120. 10.1109/QRS51102.2020.00026.					main article Table 1 Characteristics of included studies; explicit inclusion; CR88	built-in phone/tablet behavioral biometrics; sensor/event collection and preprocessing
R012	89. Zhao X, Feng T, Shi W. Continuous mobile authentication using a novel graphic touch gesture feature. In: 2013 IEEE Sixth International Conference on Biometrics: Theory, Applications and Systems (BTAS). IEEE; 2013. p. 1–6. 10.1109/BTAS.2013.6712747.					main article Table 1 Characteristics of included studies; explicit inclusion; CR89	built-in phone/tablet behavioral biometrics; sensor/event collection and preprocessing
R012	90. Zhao X, Feng T, Lu X, Shi W, Kakadiaris IA. Continuous mobile authentication using user-phone interaction. Inst Eng Technol. 2017;3:209–33. 10.1049/PBSE003E_ch8.					main article Table 1 Characteristics of included studies; explicit inclusion; CR90	built-in phone/tablet behavioral biometrics; sensor/event collection and preprocessing
R012	91. Leyfer K, Spivak A. Continuous user authentication by the classification method based on the dynamic touchscreen biometrics. In: 2019 24th Conference of Open Innovations Association (FRUCT). New York City IEEE; 2019. p. 228–234. 10.23919/FRUCT.2019.8711941.					main article Table 1 Characteristics of included studies; explicit inclusion; CR91	built-in phone/tablet behavioral biometrics; sensor/event collection and preprocessing
R012	92. Herath HMCKB, Dulanga KGC, Tharindu NVD, Ganegoda GU. Continuous user authentication using keystroke dynamics for touch devices. In: 2022 2nd International Conference on Image Processing and Robotics (ICIPRob). New York: IEEE; 2022. p. 1–6. 10.1109/ICIPRob54042.2022.9798728.					main article Table 1 Characteristics of included studies; explicit inclusion; CR92	built-in phone/tablet behavioral biometrics; sensor/event collection and preprocessing
R012	93. Kumar R, Kundu PP, Shukla D, Phoha VV. Continuous user authentication via unlabeled phone movement patterns. In: 2017 IEEE International Joint Conference on Biometrics (IJCB). New York: IEEE; 2017. p. 177–184. 10.1109/BTAS.2017.8272696.					main article Table 1 Characteristics of included studies; explicit inclusion; CR93	built-in phone/tablet behavioral biometrics; sensor/event collection and preprocessing
R012	94. Barlas Y, Basar OE, Akan Y, Isbilen M, Alptekin GI, Incel OD. DAKOTA: continuous authentication with behavioral biometrics in a mobile banking application. In: 2020 5th International Conference on Computer Science and Engineering (UBMK). New York: IEEE; 2020. p. 1–6. 10.1109/UBMK50275.2020.9219365.					main article Table 1 Characteristics of included studies; explicit inclusion; CR94	built-in phone/tablet behavioral biometrics; sensor/event collection and preprocessing
R012	95. Incel OD Gunay S Akan Y DAKOTA: sensor and touch screen-based continuous authentication on a mobile banking application IEEE Access 2021 9 38943 38960 10.1109/ACCESS.2021.3063424	10.1109/ACCESS.2021.3063424		DAKOTA: sensor and touch screen-based continuous authentication on a mobile banking application	2021	main article Table 1 Characteristics of included studies; explicit inclusion; CR95	built-in phone/tablet behavioral biometrics; sensor/event collection and preprocessing
R012	96. Hernandez-Ortega J Morales A Fierrez J Acien A Detecting age groups using touch interaction based on neuromotor characteristics Electron Lea 2017 53 20 1349 1350 10.1049/el.2017.0492	10.1049/el.2017.0492		Detecting age groups using touch interaction based on neuromotor characteristics	2017	main article Table 1 Characteristics of included studies; explicit inclusion; CR96	built-in phone/tablet behavioral biometrics; sensor/event collection and preprocessing
R012	97. Nguyen TV Sae-Bae N Memon N DRAW-A-PIN: authentication using finger-drawn PIN on touch devices Comput Secur 2017 66 115 128 10.1016/j.cose.2017.01.008	10.1016/j.cose.2017.01.008		DRAW-A-PIN: authentication using finger-drawn PIN on touch devices	2017	main article Table 1 Characteristics of included studies; explicit inclusion; CR97	built-in phone/tablet behavioral biometrics; sensor/event collection and preprocessing
R012	98. Al-Showarah SA. Dynamic recognition for user age-group classification using hand-writing based finger on smartphones. In: 2019 10th International Conference on Information and Communication Systems (ICICS). New York: IEEE; 2019. p. 140–146. 10.1109/IACS.2019.8809083.					main article Table 1 Characteristics of included studies; explicit inclusion; CR98	built-in phone/tablet behavioral biometrics; sensor/event collection and preprocessing
R012	99. Ng’ang’a A Musuva PMW Enhancing accuracy in a touch operation biometric system: a case on the android pabern lock scheme Mobile Inform Syst 2020 2020 1 12 10.1155/2020/4165457	10.1155/2020/4165457		Enhancing accuracy in a touch operation biometric system: a case on the android pabern lock scheme	2020	main article Table 1 Characteristics of included studies; explicit inclusion; CR99	built-in phone/tablet behavioral biometrics; sensor/event collection and preprocessing
R012	100. Ray-Dowling A Hou D Schuckers S Barbir A Evaluating multi-modal mobile behavioral biometrics using public datasets Comput Secur 2022 121 102868 10.1016/j.cose.2022.102868	10.1016/j.cose.2022.102868		Evaluating multi-modal mobile behavioral biometrics using public datasets	2022	main article Table 1 Characteristics of included studies; explicit inclusion; CR100	built-in phone/tablet behavioral biometrics; sensor/event collection and preprocessing
R012	101. Buriro A, Gupta S, Crispo B. Evaluation of motion-based touch-typing biometrics for online banking. In: 2017 International Conference of the Biometrics Special Interest Group (BIOSIG). New York: IEEE; 2017. p. 1–5. 10.23919/BIOSIG.2017.8053504.					main article Table 1 Characteristics of included studies; explicit inclusion; CR101	built-in phone/tablet behavioral biometrics; sensor/event collection and preprocessing
R012	102. Ouadjer Y, Adnane M, Bouadjenek N. Feature importance evaluation of smartphone touch gestures for biometric authentication. In: 2020 2nd International Workshop on Human-Centric Smart Environments for Health and Well-Being (IHSH). New York: IEEE; 2021. p. 103–107. 10.1109/IHSH51661.2021.9378750.					main article Table 1 Characteristics of included studies; explicit inclusion; CR102	built-in phone/tablet behavioral biometrics; sensor/event collection and preprocessing
R012	103. Suharsono A, Liang D. Hand stability based features for touch behavior smartphone authentication. In: 2020 3rd IEEE International Conference on Knowledge Innovation and Invention (ICKII). New York: IEEE; 2020. p. 167–170. 10.1109/ICKII50300.2020.9318982.					main article Table 1 Characteristics of included studies; explicit inclusion; CR103	built-in phone/tablet behavioral biometrics; sensor/event collection and preprocessing
R012	104. Barra S, Fenu G, De Marsico M, Castiglione A, Nappi M. Have you permission to answer this phone? In: 2018 International Workshop on Biometrics and Forensics (IWBF). New York: IEEE; 2018. p. 1–7. 10.1109/IWBF.2018.8401563.					main article Table 1 Characteristics of included studies; explicit inclusion; CR104	built-in phone/tablet behavioral biometrics; sensor/event collection and preprocessing
R012	105. Mallet J, Pryor L, Dave R, Seliya N, Vanamala M, Sowells-Boone E. Hold on and swipe: a touch-movement based continuous authentication schema based on machine learning. In: 2022 Asia Conference on Algorithms, Computing and Machine Learning (CACML). New York: IEEE; 2022. p. 442–447. 10.1109/CACML55074.2022.00081.					main article Table 1 Characteristics of included studies; explicit inclusion; CR105	built-in phone/tablet behavioral biometrics; sensor/event collection and preprocessing
R012	106. Abate AF Nappi M Ricciardi S I-Am: implicitly authenticate me—person authentication on mobile devices through ear shape and arm gesture IEEE Trans Syst Man Cybern, Syst 2019 49 3 469 481 10.1109/TSMC.2017.2698258	10.1109/TSMC.2017.2698258		I-Am: implicitly authenticate me—person authentication on mobile devices through ear shape and arm gesture	2019	main article Table 1 Characteristics of included studies; explicit inclusion; CR106	built-in phone/tablet behavioral biometrics; sensor/event collection and preprocessing
R012	107. Cheng Y Ji X Li X Identifying child users via touchscreen interactions ACM Trans Sen Netw 2020 16 4 1 25 10.1145/3403574	10.1145/3403574		Identifying child users via touchscreen interactions	2020	main article Table 1 Characteristics of included studies; explicit inclusion; CR107	built-in phone/tablet behavioral biometrics; sensor/event collection and preprocessing
R012	108. Alqarni MA Chauhdary SH Malik MN Ehatisham-ul-Haq M Azam MA Identifying smartphone users based on how they interact with their phones Hum Cent Comput Inf Sci 2020 10 1 7 10.1186/s13673-020-0212-7	10.1186/s13673-020-0212-7		Identifying smartphone users based on how they interact with their phones	2020	main article Table 1 Characteristics of included studies; explicit inclusion; CR108	built-in phone/tablet behavioral biometrics; sensor/event collection and preprocessing
R012	109. Rao KR, Anne VPK, Sai Chand U, Alakananda V, Navya Rachana K. Inclination and pressure based authentication for touch devices. In: Satapathy SC, Avadhani PS, Udgata SK, Lakshminarayana S, eds. ICT and Critical Infrastructure: Proceedings of the 48th Annual Convention of Computer Society of India- Vol I. Vol 248. Advances in intelligent systems and computing. New York: Springer International Publishing; 2014. p. 781–788. 10.1007/978-3-319-03107-1_86.					main article Table 1 Characteristics of included studies; explicit inclusion; CR109	built-in phone/tablet behavioral biometrics; sensor/event collection and preprocessing
R012	110. Coakley MJ, Monaco JV, Tappert CC. Keystroke biometric studies with short numeric input on smartphones. In: 2016 IEEE 8th International Conference on Biometrics Theory, Applications and Systems (BTAS). New York: IEEE; 2016. p. 1–6. 10.1109/BTAS.2016.7791181.					main article Table 1 Characteristics of included studies; explicit inclusion; CR110	built-in phone/tablet behavioral biometrics; sensor/event collection and preprocessing
R012	111. Gautam P, Dawadi PR. Keystroke biometric system for touch screen text input on android devices optimization of equal error rate based on medians vector proximity. In: 2017 11th International Conference on Software, Knowledge, Information Management and Applications (SKIMA). New York: IEEE; 2017. p. 1–7. 10.1109/SKIMA.2017.8294136.					main article Table 1 Characteristics of included studies; explicit inclusion; CR111	built-in phone/tablet behavioral biometrics; sensor/event collection and preprocessing
R012	112. Deng Y, Zhong Y. Keystroke dynamics advances for mobile devices using deep neural network. In: Zhong Y, Deng Y, eds. Gate to computer science and research. Vol 2. 1st ed. Thrace, Greece: Science Gate Publishing P.C.; 2015. p. 59–70. 10.15579/gcsr.vol2.ch4.					main article Table 1 Characteristics of included studies; explicit inclusion; CR112	built-in phone/tablet behavioral biometrics; sensor/event collection and preprocessing
R012	113. Roh J hyuk, Lee SH, Kim S. Keystroke dynamics for authentication in smartphone. In: 2016 International Conference on Information and Communication Technology Convergence (ICTC). New York: IEEE; 2016. p. 1155–1159. 10.1109/ICTC.2016.7763394.					main article Table 1 Characteristics of included studies; explicit inclusion; CR113	built-in phone/tablet behavioral biometrics; sensor/event collection and preprocessing
R012	114. Acien A, Morales A, Vera-Rodriguez R, Fierrez J. Keystroke mobile authentication: performance of long-term approaches and fusion with behavioral profiling. In: Morales A, Fierrez J, Sánchez JS, Ribeiro B, eds. Paaern recognition and image analysis. Vol 11868. Lecture Notes in Computer Science. New York: Springer International Publishing; 2019. p. 12–24. 10.1007/978-3-030-31321-0_2.					main article Table 1 Characteristics of included studies; explicit inclusion; CR114	built-in phone/tablet behavioral biometrics; sensor/event collection and preprocessing
R012	115. Sun L Cao B Wang J Kollector: detecting fraudulent activities on mobile devices using deep learning IEEE Trans on Mobile Comput 2021 20 4 1465 1476 10.1109/TMC.2020.2964226	10.1109/TMC.2020.2964226		Kollector: detecting fraudulent activities on mobile devices using deep learning	2021	main article Table 1 Characteristics of included studies; explicit inclusion; CR115	built-in phone/tablet behavioral biometrics; sensor/event collection and preprocessing
R012	116. Peralta RT, Rebguns A, Fasel IR, Barnard K. Learning a policy for gesture-based active multi-touch authentication. In: Marinos L, Askoxylakis I, eds. Human Aspects of information security, privacy, and trust. Vol 8030. Lecture notes in computer science. Berlin: Springer Berlin Heidelberg; 2013. p. 59–68. 10.1007/978-3642-39345-7_7.					main article Table 1 Characteristics of included studies; explicit inclusion; CR116	built-in phone/tablet behavioral biometrics; sensor/event collection and preprocessing
R012	117. Stragapede G Vera-Rodriguez R Tolosana R Morales A Acien A Le Lan G Mobile behavioral biometrics for passive authentication Paaern Recog Leaers. 2022 157 35 41 10.1016/j.patrec.2022.03.014	10.1016/j.patrec.2022.03.014		Mobile behavioral biometrics for passive authentication	2022	main article Table 1 Characteristics of included studies; explicit inclusion; CR117	built-in phone/tablet behavioral biometrics; sensor/event collection and preprocessing
R012	118. Liang X Zou F Li L Yi P Mobile terminal identity authentication system based on behavioral characteristics Int J Distrib Sens Netw 2020 16 1 155014771989937 10.1177/1550147719899371	10.1177/1550147719899371		Mobile terminal identity authentication system based on behavioral characteristics	2020	main article Table 1 Characteristics of included studies; explicit inclusion; CR118	built-in phone/tablet behavioral biometrics; sensor/event collection and preprocessing
R012	119. Li C, Jing J, Liu Y. Mobile user authentication-turn it to unlock. In: 2021 6th International Conference on Mathematics and Artificial Intelligence. New York: ACM; 2021. p. 101–107. 10.1145/3460569.3460577.					main article Table 1 Characteristics of included studies; explicit inclusion; CR119	built-in phone/tablet behavioral biometrics; sensor/event collection and preprocessing
R012	120. Corpus KR, Gonzales RJDL, Morada AS, Vea LA. Mobile user identification through authentication using keystroke dynamics and accelerometer biometrics. In: Proceedings of the international conference on mobile Software engineering and systems. New York: ACM; 2016. p. 11–12. 10.1145/2897073.2897111.					main article Table 1 Characteristics of included studies; explicit inclusion; CR120	built-in phone/tablet behavioral biometrics; sensor/event collection and preprocessing
R012	121. Akhtar Z, Buriro A, Crispo B, Falk TH. Multimodal smartphone user authentication using touchstroke, phone-movement and face patterns. In: 2017 IEEE Global Conference on Signal and Information Processing (GlobalSIP). New York: IEEE; 2017. p. 1368–1372. 10.1109/GlobalSIP.2017.8309185.					main article Table 1 Characteristics of included studies; explicit inclusion; CR121	built-in phone/tablet behavioral biometrics; sensor/event collection and preprocessing
R012	122. Song Y, Cai Z, Zhang ZL. Multi-touch authentication using hand geometry and behavioral information. In: 2017 IEEE Symposium on Security and Privacy (SP). New York: IEEE; 2017. p. 357–372. 10.1109/SP.2017.54.					main article Table 1 Characteristics of included studies; explicit inclusion; CR122	built-in phone/tablet behavioral biometrics; sensor/event collection and preprocessing
R012	123. Primo A, Phoha VV. Music and images as contexts in a context-aware touch-based authentication system. In: 2015 IEEE 7th International Conference on Biometrics Theory, Applications and Systems (BTAS). New York: IEEE; 2015. p. 1–7. 10.1109/BTAS.2015.7358779.					main article Table 1 Characteristics of included studies; explicit inclusion; CR123	built-in phone/tablet behavioral biometrics; sensor/event collection and preprocessing
R012	124. Phillips ME, Stepp ND, Cruz-Albrecht J, De Sapio V, Lu TC, Sritapan V. Neuromorphic and early warning behavior-based authentication for mobile devices. In: 2016 IEEE Symposium on Technologies for Homeland Security (HST). New York: IEEE; 2016. p. 1–5. 10.1109/THS.2016.7568965.					main article Table 1 Characteristics of included studies; explicit inclusion; CR124	built-in phone/tablet behavioral biometrics; sensor/event collection and preprocessing
R012	125. Li N, Liu J, Li Q, Luo X, Duan J. Online signature verification based on biometric features. In: 2016 49th Hawaii International Conference on System Sciences (HICSS). New York: IEEE; 2016. p. 5527–5534. 10.1109/HICSS.2016.683.					main article Table 1 Characteristics of included studies; explicit inclusion; CR125	built-in phone/tablet behavioral biometrics; sensor/event collection and preprocessing
R012	126. Haberfeld C Hossain MS Lancor L Open code biometric tap pad for smartphones J Inform Secur Applic 2021 57 102688 10.1016/j.jisa.2020.102688	10.1016/j.jisa.2020.102688		Open code biometric tap pad for smartphones	2021	main article Table 1 Characteristics of included studies; explicit inclusion; CR126	built-in phone/tablet behavioral biometrics; sensor/event collection and preprocessing
R012	127. Tharwat A, Ibrahim A, Gaber T, Hassanien AE. Personal Identification based on mobile-based keystroke dynamics. In: Hassanien AE, Tolba MF, Shaalan K, Azar AT, eds. Proceedings of the international conference on advanced intelligent systems and informatics 2018. Vol 845. Advances in intelligent systems and computing. New York: Springer International Publishing; 2019. p. 457–466. 10.1007/978-3-319-99010-1_42.					main article Table 1 Characteristics of included studies; explicit inclusion; CR127	built-in phone/tablet behavioral biometrics; sensor/event collection and preprocessing
R012	128. Tang C, Cui Z, Chu M, Lu Y, Zhou F, Gao S. Piezoelectric and machine learning based keystroke dynamics for highly secure user authentication. IEEE Sensors J. 2022:1–1. 10.1109/JSEN.2022.3141872.					main article Table 1 Characteristics of included studies; explicit inclusion; CR128	built-in phone/tablet behavioral biometrics; sensor/event collection and preprocessing
R012	129. Mahfouz A, Mahmoud TM, Sharaf Eldin A. A behavioral biometric authentication framework on smartphones. In: Proceedings of the 2017 ACM on Asia Conference on Computer and Communications Security. New York: ACM; 2017. p. 923–925. 10.1145/3052973.3055160.					main article Table 1 Characteristics of included studies; explicit inclusion; CR129	built-in phone/tablet behavioral biometrics; sensor/event collection and preprocessing
R012	130. Hernandez-Ortega J, Morales A, Fierrez J, Acien A. Predicting age groups from touch patterns based on neuromotor models. In: 8th International Conference of Pattern Recognition Systems (ICPRS 2017). Institution of Engineering and Technology; Stevenage, United Kingdom, 2017. 10.1049/cp.2017.0135.					main article Table 1 Characteristics of included studies; explicit inclusion; CR130	built-in phone/tablet behavioral biometrics; sensor/event collection and preprocessing
R012	131. Miguel-Hurtado O Stevenage SV Bevan C Guest R Predicting sex as a sop-biometrics from device interaction swipe gestures Pattern Recog Leaers 2016 79 44 51 10.1016/j.patrec.2016.04.024	10.1016/j.patrec.2016.04.024		Predicting sex as a sop-biometrics from device interaction swipe gestures	2016	main article Table 1 Characteristics of included studies; explicit inclusion; CR131	built-in phone/tablet behavioral biometrics; sensor/event collection and preprocessing
R012	132. Wang S, Yuan J, Chen S. Quality-based score level fusion for continuous authentication with motion sensor and face. In: Proceedings of the 2020 4th International Conference on Cryptography, Security and Privacy. New York: ACM; 2020. p. 58–62. 10.1145/3377644.3377647.					main article Table 1 Characteristics of included studies; explicit inclusion; CR132	built-in phone/tablet behavioral biometrics; sensor/event collection and preprocessing
R012	133. Inguanez F, Ahmadi S. Securing smartphones via typing heat maps. In: 2016 IEEE 6th International Conference on Consumer Electronics - Berlin (ICCEBerlin). New York: IEEE; 2016. p. 193–197. 10.1109/ICCE-Berlin.2016.7684753.					main article Table 1 Characteristics of included studies; explicit inclusion; CR133	built-in phone/tablet behavioral biometrics; sensor/event collection and preprocessing
R012	134. Zhu H Hu J Chang S Lu L ShakeIn: secure user authentication of smartphones with single-handed shakes IEEE Trans Mobile Comput 2017 16 10 2901 2912 10.1109/TMC.2017.2651820	10.1109/TMC.2017.2651820		ShakeIn: secure user authentication of smartphones with single-handed shakes	2017	main article Table 1 Characteristics of included studies; explicit inclusion; CR134	built-in phone/tablet behavioral biometrics; sensor/event collection and preprocessing
R012	135. Bo C, Zhang L, Li XY, Huang Q, Wang Y. SilentSense: silent user identification via touch and movement behavioral biometrics. In: Proceedings of the 19th Annual International Conference on Mobile Computing & Networking - MobiCom ’13. New York: ACM Press; 2013. p. 187. 10.1145/2500423.2504572.					main article Table 1 Characteristics of included studies; explicit inclusion; CR135	built-in phone/tablet behavioral biometrics; sensor/event collection and preprocessing
R012	136. Gunn DJ, Roy K, Bryant K. Simulated cloud authentication based on touch dynamics with SVM. In: 2018 IEEE Symposium Series on Computational Intelligence (SSCI). New York: IEEE; 2018. p. 639-644. 10.1109/SSCI.2018.8628762.					main article Table 1 Characteristics of included studies; explicit inclusion; CR136	built-in phone/tablet behavioral biometrics; sensor/event collection and preprocessing
R012	137. Wang Z, Zhou N, Chen F, et al. Smart_Auth: user identity authentication based on smartphone motion sensors. In: 2021 6th International Conference on Image, Vision and Computing (ICIVC). New York: IEEE; 2021. p. 480–485.10.1109/ICIVC52351.2021.9526964.					main article Table 1 Characteristics of included studies; explicit inclusion; CR137	built-in phone/tablet behavioral biometrics; sensor/event collection and preprocessing
R012	138. Abate AF, Nappi M, Ricciardi S. Smartphone enabled person authentication based on ear biometrics and arm gesture. In: 2016 IEEE International Conference on Systems, Man, and Cybernetics (SMC). New York: IEEE; 2016. p. 003719–003724. 10.1109/SMC.2016.7844812.					main article Table 1 Characteristics of included studies; explicit inclusion; CR138	built-in phone/tablet behavioral biometrics; sensor/event collection and preprocessing
R012	139. Acien A, Morales A, Vera-Rodriguez R, Fierrez J. Smartphone sensors for modeling human-computer interaction: general outlook and research datasets for user authentication. In: 2020 IEEE 44th Annual Computers, Software, and Applications Conference (COMPSAC). New York: IEEE; 2020. p. 1273–1278. 10.1109/COMPSAC48688.2020.00-81.					main article Table 1 Characteristics of included studies; explicit inclusion; CR139	built-in phone/tablet behavioral biometrics; sensor/event collection and preprocessing
R012	140. Anusas-amornkul T. Strengthening password authentication using keystroke dynamics and smartphone sensors. In: Proceedings of the 9th International Conference on Information Communication and Management. New York: ACM; 2019. p. 70–74. 10.1145/3357419.3357425.					main article Table 1 Characteristics of included studies; explicit inclusion; CR140	built-in phone/tablet behavioral biometrics; sensor/event collection and preprocessing
R012	141. Temper M, Tjoa S. The applicability of fuzzy rough classifier for continuous person authentication. In: 2016 International Conference on Software Security and Assurance (ICSSA). New York: IEEE; 2016. p. 17–23. 10.1109/ICSSA.2016.10.					main article Table 1 Characteristics of included studies; explicit inclusion; CR141	built-in phone/tablet behavioral biometrics; sensor/event collection and preprocessing
R012	142. Roy S Roy U Sinha DD The probability of predicting personality traits by the way user types on touch screen Innov Syst SoKw Eng 2019 15 1 27 34 10.1007/s11334-018-0317-6	10.1007/s11334-018-0317-6		The probability of predicting personality traits by the way user types on touch screen	2019	main article Table 1 Characteristics of included studies; explicit inclusion; CR142	built-in phone/tablet behavioral biometrics; sensor/event collection and preprocessing
R012	143. Shrestha B, Mohamed M, Tamrakar S, Saxena N. Theft-resilient mobile wallets: transparently authenticating NFC users with tapping gesture biometrics. In: Proceedings of the 32nd Annual Conference on Computer Security Applications. New York: ACM; 2016 p. 265–276. 10.1145/2991079.2991097.					main article Table 1 Characteristics of included studies; explicit inclusion; CR143	built-in phone/tablet behavioral biometrics; sensor/event collection and preprocessing
R012	144. Cascone L Nappi M Narducci F Pero C Touch keystroke dynamics for demographic classification Pattern Recog Leaers 2022 158 63 70 10.1016/j.patrec.2022.04.023	10.1016/j.patrec.2022.04.023		Touch keystroke dynamics for demographic classification	2022	main article Table 1 Characteristics of included studies; explicit inclusion; CR144	built-in phone/tablet behavioral biometrics; sensor/event collection and preprocessing
R012	145. Temper M, Tjoa S, Kaiser M. Touch to authenticate — continuous biometric authentication on mobile devices. In: 2015 1st International Conference on Software Security and Assurance (ICSSA). New York: IEEE; 2015. p. 30–35. 10.1109/ICSSA.2015.016.					main article Table 1 Characteristics of included studies; explicit inclusion; CR145	built-in phone/tablet behavioral biometrics; sensor/event collection and preprocessing
R012	146. Frank M, Biedert R, Ma E, Martinovic I, Song D. Touchalytics: on the applicability of touchscreen input as a behavioral biometric for continuous authentication. New York: IEEE; 2012. 10.48550/ARXIV.1207.6231.					main article Table 1 Characteristics of included studies; explicit inclusion; CR146	built-in phone/tablet behavioral biometrics; sensor/event collection and preprocessing
R012	147. Watanabe Y Houryu A Fujita T Toward introduction of immunity-based model to continuous behavior-based user authentication on smart phone Proc Comput Sci 2013 22 1319 1327 10.1016/j.procs.2013.09.220	10.1016/j.procs.2013.09.220		Toward introduction of immunity-based model to continuous behavior-based user authentication on smart phone	2013	main article Table 1 Characteristics of included studies; explicit inclusion; CR147	built-in phone/tablet behavioral biometrics; sensor/event collection and preprocessing
R012	148. Volaka HC Alptekin G Basar OE Isbilen M Incel OD Towards continuous authentication on mobile phones using deep learning models Proc Comput Sci 2019 155 177 184 10.1016/j.procs.2019.08.027	10.1016/j.procs.2019.08.027		Towards continuous authentication on mobile phones using deep learning models	2019	main article Table 1 Characteristics of included studies; explicit inclusion; CR148	built-in phone/tablet behavioral biometrics; sensor/event collection and preprocessing
R012	149. Brown J, Raval A, Anwar M. Towards passive authentication using inertia variations: an experimental study on smartphones. In: 2020 Second Internationalonal Conference on Transdisciplinary AI (TransAI). New York: IEEE; 2020. p. 88–91. 10.1109/TransAI49837.2020.00019.					main article Table 1 Characteristics of included studies; explicit inclusion; CR149	built-in phone/tablet behavioral biometrics; sensor/event collection and preprocessing
R012	150. Sharma V, Enbody R. User authentication and identification from user interface interactions on touch-enabled devices. In: Proceedings of the 10th ACM Conference on Security and Privacy in Wireless and Mobile Networks. New York: ACM; 2017. p. 1–11. 10.1145/3098243.3098262.					main article Table 1 Characteristics of included studies; explicit inclusion; CR150	built-in phone/tablet behavioral biometrics; sensor/event collection and preprocessing
R012	151. Kroeze CJ, Malan KM. User authentication based on continuous touch biometrics. SACJ. Cape Town, South Africa. 2016;28(2). 10.18489/sacj.v28i2.374.					main article Table 1 Characteristics of included studies; explicit inclusion; CR151	built-in phone/tablet behavioral biometrics; sensor/event collection and preprocessing
R012	152. Filippov AI, Iuzbashev AV, Kurnev AS. User authentication via touch pattern recognition based on isolation forest. In: 2018 IEEE Conference of Russian Young Researchers in Electrical and Electronic Engineering (EIConRus). New York: IEEE; 2018. p. 1485–1489. 10.1109/EIConRus.2018.8317378.					main article Table 1 Characteristics of included studies; explicit inclusion; CR152	built-in phone/tablet behavioral biometrics; sensor/event collection and preprocessing
R012	153. Karakaya N Alptekin GI İncel ÖD Using behavioral biometric sensors of mobile phones for user authentication Proc Comput Sci 2019 159 475 484 10.1016/j.procs.2019.09.202	10.1016/j.procs.2019.09.202		Using behavioral biometric sensors of mobile phones for user authentication	2019	main article Table 1 Characteristics of included studies; explicit inclusion; CR153	built-in phone/tablet behavioral biometrics; sensor/event collection and preprocessing
R012	154. Serwadda A, Phoha VV, Wang Z. Which verifiers work?: A benchmark evaluation of touch-based authentication algorithms. In: 2013 IEEE Sixth International Conference on Biometrics: Theory, Applications and Systems (BTAS). New York: IEEE; 2013. p. 1–8. 10.1109/BTAS.2013.6712758.					main article Table 1 Characteristics of included studies; explicit inclusion; CR154	built-in phone/tablet behavioral biometrics; sensor/event collection and preprocessing
R012	155. Buriro A, Crispo B, Delfrari F, Wrona K. Hold and sign: a novel behavioral biometrics for smartphone user authentication. In: 2016 IEEE Security and Privacy Workshops (SPW). IEEE; 2016. p. 276–285. 10.1109/SPW.2016.20.					main article Table 1 Characteristics of included studies; explicit inclusion; CR155	built-in phone/tablet behavioral biometrics; sensor/event collection and preprocessing
R012	156. Shen C Yu T Yuan S Li Y Guan X Performance analysis of motion-sensor behavior for user authentication on smartphones Sensors 2016 16 3 345 10.3390/s16030345 27005626 PMC4813920	10.3390/s16030345	27005626	Performance analysis of motion-sensor behavior for user authentication on smartphones	2016	main article Table 1 Characteristics of included studies; explicit inclusion; CR156	built-in phone/tablet behavioral biometrics; sensor/event collection and preprocessing
R012	157. Stylios I Skalkos A Kokolakis S Karyda M BioPrivacy: a behavioral biometrics continuous authentication system based on keystroke dynamics and touch gestures ICS 2022 30 5 687 704 10.1108/ICS-12-2021-0212	10.1108/ICS-12-2021-0212		BioPrivacy: a behavioral biometrics continuous authentication system based on keystroke dynamics and touch gestures	2022	main article Table 1 Characteristics of included studies; explicit inclusion; CR157	built-in phone/tablet behavioral biometrics; sensor/event collection and preprocessing
R014	37 Weingarden H Matic A Calleja RG Greenberg JL Harrison O Wilhelm S Optimizing smartphone-delivered cognitive behavioral therapy for body dysmorphic disorder using passive smartphone data: initial insights from an open pilot trial JMIR Mhealth Uhealth 2020 06 18 8 6 e16350 10.2196/16350 32554382 v8i6e16350 32554382 PMC7333068	10.2196/16350	32554382	Optimizing smartphone-delivered cognitive behavioral therapy for body dysmorphic disorder using passive smartphone data: initial insights from an open pilot trial	2020	main article Table 3; explicit included-study citation; 43 cited reports versus 46 workbook study rows; ref37	digital phenotyping; mobile/wearable passive-data collection and feature processing
R014	17 Carreiro S Chintha KK Shrestha S Chapman B Smelson D Indic P Wearable sensor-based detection of stress and craving in patients during treatment for substance use disorder: A mixed methods pilot study Drug Alcohol Depend 2020 04 01 209 107929 10.1016/j.drugalcdep.2020.107929 32193048 S0376-8716(20)30094-6 32193048 PMC7197459	10.1016/j.drugalcdep.2020.107929	32193048	Wearable sensor-based detection of stress and craving in patients during treatment for substance use disorder: A mixed methods pilot study	2020	main article Table 3; explicit included-study citation; 43 cited reports versus 46 workbook study rows; ref17	digital phenotyping; mobile/wearable passive-data collection and feature processing
R014	19 Chiang P Wong M Dey S Using wearables and machine learning to enable personalized lifestyle recommendations to improve blood pressure IEEE J Transl Eng Health Med 2021 9 1 13 10.1109/jtehm.2021.3098173 PMC8577573 34765324	10.1109/jtehm.2021.3098173	34765324	Using wearables and machine learning to enable personalized lifestyle recommendations to improve blood pressure	2021	main article Table 3; explicit included-study citation; 43 cited reports versus 46 workbook study rows; ref19	digital phenotyping; mobile/wearable passive-data collection and feature processing
R014	21 Golbus JR Pescatore NA Nallamothu BK Shah N Kheterpal S Lancet Digit 2021 11 3 11 e707 e715 10.1016/S2589-7500(21)00138-2 34711377 S2589-7500(21)00138-2 34711377	10.1016/S2589-7500(21)00138-2	34711377		2021	main article Table 3; explicit included-study citation; 43 cited reports versus 46 workbook study rows; ref21	digital phenotyping; mobile/wearable passive-data collection and feature processing
R014	32 Quer G Gouda P Galarnyk M Topol EJ Steinhubl SR Inter- and intraindividual variability in daily resting heart rate and its associations with age, sex, sleep, BMI, and time of year: retrospective, longitudinal cohort study of 92,457 adults PLoS One 2020 2 5 15 2 e0227709 10.1371/journal.pone.0227709 32023264 PONE-D-19-26393 32023264 PMC7001906	10.1371/journal.pone.0227709	32023264	Inter- and intraindividual variability in daily resting heart rate and its associations with age, sex, sleep, BMI, and time of year: retrospective, longitudinal cohort study of 92,457 adults	2020	main article Table 3; explicit included-study citation; 43 cited reports versus 46 workbook study rows; ref32	digital phenotyping; mobile/wearable passive-data collection and feature processing
R014	39 Saxon L DiPaula B Fox GR Ebert R Duhaime J Nocera L Tran L Sobhani M Continuous measurement of reconnaissance marines in training with custom smartphone app and watch: observational cohort study JMIR Mhealth Uhealth 2020 06 15 8 6 e14116 10.2196/14116 32348252 v8i6e14116 32348252 PMC7324996	10.2196/14116	32348252	Continuous measurement of reconnaissance marines in training with custom smartphone app and watch: observational cohort study	2020	main article Table 3; explicit included-study citation; 43 cited reports versus 46 workbook study rows; ref39	digital phenotyping; mobile/wearable passive-data collection and feature processing
R014	43 el Fatouhi D Delrieu L Goetzinger C Malisoux L Affret A Campo D Fagherazzi G Associations of physical activity level and variability with 6-month weight change among 26,935 users of connected devices: observational real-life study JMIR Mhealth Uhealth 2021 04 15 9 4 e25385 10.2196/25385 33856352 v9i4e25385 33856352 PMC8085744	10.2196/25385	33856352	Associations of physical activity level and variability with 6-month weight change among 26,935 users of connected devices: observational real-life study	2021	main article Table 3; explicit included-study citation; 43 cited reports versus 46 workbook study rows; ref43	digital phenotyping; mobile/wearable passive-data collection and feature processing
R014	45 Stollfuss B Richter M Drömann Daniel Klose H Schwaiblmair M Gruenig E Ewert R Kirchner MC Kleinjung F Irrgang V Mueller C Digital tracking of physical activity, heart rate, and inhalation behavior in patients with pulmonary arterial hypertension treated with inhaled iloprost: observational study (VENTASTEP) J Med Internet Res 2021 10 08 23 10 e25163 10.2196/25163 34623313 v23i10e25163 34623313 PMC8538027	10.2196/25163	34623313	Digital tracking of physical activity, heart rate, and inhalation behavior in patients with pulmonary arterial hypertension treated with inhaled iloprost: observational study (VENTASTEP)	2021	main article Table 3; explicit included-study citation; 43 cited reports versus 46 workbook study rows; ref45	digital phenotyping; mobile/wearable passive-data collection and feature processing
R014	48 Leightley D Lavelle G White KM Sun S Matcham F Ivan A Oetzmann C Penninx BWJH Lamers F Siddi S Haro JM Myin-Germeys I Bruce S Nica R Wickersham A Annas P Mohr DC Simblett S Wykes T Cummins N Folarin AA Conde P Ranjan Y Dobson RJB Narayan VA Hotopf M RADAR-CNS Consortium Investigating the impact of COVID-19 lockdown on adults with a recent history of recurrent major depressive disorder: a multi-Centre study using remote measurement technology BMC Psychiatry 2021 09 06 21 1 435 10.1186/s12888-021-03434-5 34488697 10.1186/s12888-021-03434-5 34488697 PMC8419819	10.1186/s12888-021-03434-5	34488697	Investigating the impact of COVID-19 lockdown on adults with a recent history of recurrent major depressive disorder: a multi-Centre study using remote measurement technology	2021	main article Table 3; explicit included-study citation; 43 cited reports versus 46 workbook study rows; ref48	digital phenotyping; mobile/wearable passive-data collection and feature processing
R014	53 Ponzo S Morelli D Kawadler JM Hemmings NR Bird G Plans D Efficacy of the digital therapeutic mobile app Biobase to reduce stress and improve mental well-being among university students: randomized controlled trial JMIR Mhealth Uhealth 2020 04 06 8 4 e17767 10.2196/17767 31926063 v8i4e17767 31926063 PMC7171562	10.2196/17767	31926063	Efficacy of the digital therapeutic mobile app Biobase to reduce stress and improve mental well-being among university students: randomized controlled trial	2020	main article Table 3; explicit included-study citation; 43 cited reports versus 46 workbook study rows; ref53	digital phenotyping; mobile/wearable passive-data collection and feature processing
R014	60 Bai R Xiao L Guo Y Zhu X Li N Wang Y Chen Q Feng L Wang Y Yu X Xie H Wang G Tracking and monitoring mood stability of patients with major depressive disorder by machine learning models using passive digital data: prospective naturalistic multicenter study JMIR Mhealth Uhealth 2021 03 08 9 3 e24365 10.2196/24365 33683207 v9i3e24365 33683207 PMC7985800	10.2196/24365	33683207	Tracking and monitoring mood stability of patients with major depressive disorder by machine learning models using passive digital data: prospective naturalistic multicenter study	2021	main article Table 3; explicit included-study citation; 43 cited reports versus 46 workbook study rows; ref60	digital phenotyping; mobile/wearable passive-data collection and feature processing
R014	54 Gittus M Fuller-Tyszkiewicz M Brown HE Richardson B Fassnacht DB Lennard GR Holland E Krug I Are Fitbits implicated in body image concerns and disordered eating in women? Health Psychol 2020 10 39 10 900 904 10.1037/hea0000881 32406725 2020-31407-001 32406725	10.1037/hea0000881	32406725	Are Fitbits implicated in body image concerns and disordered eating in women?	2020	main article Table 3; explicit included-study citation; 43 cited reports versus 46 workbook study rows; ref54	digital phenotyping; mobile/wearable passive-data collection and feature processing
R014	59 Kim M Yang J Ahn W Choi HJ Machine learning analysis to identify digital behavioral phenotypes for engagement and health outcome efficacy of an mHealth intervention for obesity: randomized controlled trial J Med Internet Res 2021 06 24 23 6 e27218 10.2196/27218 34184991 v23i6e27218 34184991 PMC8277339	10.2196/27218	34184991	Machine learning analysis to identify digital behavioral phenotypes for engagement and health outcome efficacy of an mHealth intervention for obesity: randomized controlled trial	2021	main article Table 3; explicit included-study citation; 43 cited reports versus 46 workbook study rows; ref59	digital phenotyping; mobile/wearable passive-data collection and feature processing
R014	28 Parsons BG Nagelhout ES Wankier AP Hu N Lensink R Zhu A Nottingham K Grossman D Jensen JD Wu YP Reactivity to UV radiation exposure monitoring using personal exposure devices for skin cancer prevention: longitudinal observational study JMIR Mhealth Uhealth 2021 09 28 9 9 e29694 10.2196/29694 34581683 v9i9e29694 34581683 PMC8512190	10.2196/29694	34581683	Reactivity to UV radiation exposure monitoring using personal exposure devices for skin cancer prevention: longitudinal observational study	2021	main article Table 3; explicit included-study citation; 43 cited reports versus 46 workbook study rows; ref28	digital phenotyping; mobile/wearable passive-data collection and feature processing
R014	34 Robinson JK Durst DA Gray E Kwasny M Protection-adjusted UV dose estimated for body areas: Daily self-reported sun protection modification of wearable UV sensor dose Photodermatol Photoimmunol Photomed 2020 09 28 36 5 357 364 10.1111/phpp.12557 32189399 32189399	10.1111/phpp.12557	32189399	Protection-adjusted UV dose estimated for body areas: Daily self-reported sun protection modification of wearable UV sensor dose	2020	main article Table 3; explicit included-study citation; 43 cited reports versus 46 workbook study rows; ref34	digital phenotyping; mobile/wearable passive-data collection and feature processing
R014	35 Robinson JK Durst DA Gray E Kwasny M Heo SY Banks A Rogers JA Sun exposure reduction by melanoma survivors with wearable sensor providing real-time UV exposure and daily text messages with structured goal setting Arch Dermatol Res 2021 10 13 313 8 685 694 10.1007/s00403-020-02163-1 33185716 10.1007/s00403-020-02163-1 33185716 PMC8116350	10.1007/s00403-020-02163-1	33185716	Sun exposure reduction by melanoma survivors with wearable sensor providing real-time UV exposure and daily text messages with structured goal setting	2021	main article Table 3; explicit included-study citation; 43 cited reports versus 46 workbook study rows; ref35	digital phenotyping; mobile/wearable passive-data collection and feature processing
R014	36 Sabol VK Kennerly SM Alderden J Horn SD Yap TL Insight into the movement behaviors of nursing home residents living with obesity: a report of two cases Wound Manag Prev 2020 5 6 66 5 18 29 10.25270/wmp.2020.5.1829 32401731 PMC10404367	10.25270/wmp.2020.5.1829	32401731	Insight into the movement behaviors of nursing home residents living with obesity: a report of two cases	2020	main article Table 3; explicit included-study citation; 43 cited reports versus 46 workbook study rows; ref36	digital phenotyping; mobile/wearable passive-data collection and feature processing
R014	18 Chen XS Changolkar S Navathe AS Linn KA Reh G Szwartz G Steier D Godby S Balachandran M Harrison JD Rareshide CAL Patel MS Association between behavioral phenotypes and response to a physical activity intervention using gamification and social incentives: Secondary analysis of the STEP UP randomized clinical trial PLoS One 2020 15 10 e0239288 10.1371/journal.pone.0239288 33052906 PONE-D-20-11106 33052906 PMC7556484	10.1371/journal.pone.0239288	33052906	Association between behavioral phenotypes and response to a physical activity intervention using gamification and social incentives: Secondary analysis of the STEP UP randomized clinical trial	2020	main article Table 3; explicit included-study citation; 43 cited reports versus 46 workbook study rows; ref18	digital phenotyping; mobile/wearable passive-data collection and feature processing
R014	22 Greysen SR Changolkar S Small DS Reale C Rareshide CAL Mercede A Snider CK Greysen HM Trotta R Halpern SD Patel MS Effect of behaviorally designed gamification with a social support partner to increase mobility after hospital discharge: a randomized clinical trial JAMA Netw Open 2021 03 01 4 3 e210952 10.1001/jamanetworkopen.2021.0952 33760089 2777858 33760089 PMC7991973	10.1001/jamanetworkopen.2021.0952	33760089	Effect of behaviorally designed gamification with a social support partner to increase mobility after hospital discharge: a randomized clinical trial	2021	main article Table 3; explicit included-study citation; 43 cited reports versus 46 workbook study rows; ref22	digital phenotyping; mobile/wearable passive-data collection and feature processing
R014	26 NeCamp T Sen S Frank E Walton MA Ionides EL Fang Y Tewari A Wu Z Assessing real-time moderation for developing adaptive mobile health interventions for medical interns: micro-randomized trial J Med Internet Res 2020 03 31 22 3 e15033 10.2196/15033 32229469 v22i3e15033 32229469 PMC7157494	10.2196/15033	32229469	Assessing real-time moderation for developing adaptive mobile health interventions for medical interns: micro-randomized trial	2020	main article Table 3; explicit included-study citation; 43 cited reports versus 46 workbook study rows; ref26	digital phenotyping; mobile/wearable passive-data collection and feature processing
R014	27 Nilanon T Nocera LP Martin AS Kolatkar A May M Hasnain Z Ueno NT Yennu S Alexander A Mejia AE Boles RW Li M Lee JSH Hanlon SE Cozzens Philips FA Quinn DI Newton PK Broderick J Shahabi C Kuhn P Nieva JJ Use of wearable activity tracker in patients with cancer undergoing chemotherapy: toward evaluating risk of unplanned health care encounters JCO Clin Cancer Inform 2020 11 4 839 853 10.1200/cci.20.00023 32970482 PMC7531613	10.1200/cci.20.00023	32970482	Use of wearable activity tracker in patients with cancer undergoing chemotherapy: toward evaluating risk of unplanned health care encounters	2020	main article Table 3; explicit included-study citation; 43 cited reports versus 46 workbook study rows; ref27	digital phenotyping; mobile/wearable passive-data collection and feature processing
R014	29 Patel MS Polsky D Kennedy EH Small DS Evans CN Rareshide CAL Volpp KG Smartphones vs wearable devices for remotely monitoring physical activity after hospital discharge: a secondary analysis of a randomized clinical trial JAMA Netw Open 2020 02 05 3 2 e1920677 10.1001/jamanetworkopen.2019.20677 32031643 2760436 32031643 PMC12543400	10.1001/jamanetworkopen.2019.20677	32031643	Smartphones vs wearable devices for remotely monitoring physical activity after hospital discharge: a secondary analysis of a randomized clinical trial	2020	main article Table 3; explicit included-study citation; 43 cited reports versus 46 workbook study rows; ref29	digital phenotyping; mobile/wearable passive-data collection and feature processing
R014	30 Patel MS Small DS Harrison JD Hilbert V Fortunato MP Oon AL Rareshide CAL Volpp KG Effect of behaviorally designed gamification with social incentives on lifestyle modification among adults with uncontrolled diabetes: a randomized clinical trial JAMA Netw Open 2021 05 03 4 5 e2110255 10.1001/jamanetworkopen.2021.10255 34028550 2780065 34028550 PMC8144928	10.1001/jamanetworkopen.2021.10255	34028550	Effect of behaviorally designed gamification with social incentives on lifestyle modification among adults with uncontrolled diabetes: a randomized clinical trial	2021	main article Table 3; explicit included-study citation; 43 cited reports versus 46 workbook study rows; ref30	digital phenotyping; mobile/wearable passive-data collection and feature processing
R014	46 Brys ADH Bossola M Lenaert B Biamonte F Gambaro G Di Stasio E Daily physical activity in patients on chronic haemodialysis and its relation with fatigue and depressive symptoms Int Urol Nephrol 2020 07 28 52 10 1959 1967 10.1007/s11255-020-02578-9 32725510	10.1007/s11255-020-02578-9	32725510	Daily physical activity in patients on chronic haemodialysis and its relation with fatigue and depressive symptoms	2020	main article Table 3; explicit included-study citation; 43 cited reports versus 46 workbook study rows; ref46	digital phenotyping; mobile/wearable passive-data collection and feature processing
R014	56 Meguro K Svensson T Chung U Svensson AK Associations of work-related stress and total sleep time with cholesterol levels in an occupational cohort of Japanese office workers J Occup Health 2021 01 63 1 e12275 10.1002/1348-9585.12275 10.1002/1348-9585.12275 34679211 34679211 PMC8535434	10.1002/1348-9585.12275	34679211	Associations of work-related stress and total sleep time with cholesterol levels in an occupational cohort of Japanese office workers	2021	main article Table 3; explicit included-study citation; 43 cited reports versus 46 workbook study rows; ref56	digital phenotyping; mobile/wearable passive-data collection and feature processing
R014	61 Zhou H Al-Ali F Wang C Hamad A Ibrahim R Talal T Najafi B Harnessing digital health to objectively assess cognitive impairment in people undergoing hemodialysis process: The Impact of cognitive impairment on mobility performance measured by wearables PLoS One 2020 4 20 15 4 e0225358 10.1371/journal.pone.0225358 32310944 PONE-D-19-30554 32310944 PMC7170239	10.1371/journal.pone.0225358	32310944	Harnessing digital health to objectively assess cognitive impairment in people undergoing hemodialysis process: The Impact of cognitive impairment on mobility performance measured by wearables	2020	main article Table 3; explicit included-study citation; 43 cited reports versus 46 workbook study rows; ref61	digital phenotyping; mobile/wearable passive-data collection and feature processing
R014	52 Peacock OJ Western MJ Batterham AM Chowdhury EA Stathi A Standage M Tapp A Bennett P Thompson D Effect of novel technology-enabled multidimensional physical activity feedback in primary care patients at risk of chronic disease - the MIPACT study: a randomised controlled trial Int J Behav Nutr Phys Act 2020 08 08 17 1 99 10.1186/s12966-020-00998-5 32771018 10.1186/s12966-020-00998-5 32771018 PMC7414690	10.1186/s12966-020-00998-5	32771018	Effect of novel technology-enabled multidimensional physical activity feedback in primary care patients at risk of chronic disease - the MIPACT study: a randomised controlled trial	2020	main article Table 3; explicit included-study citation; 43 cited reports versus 46 workbook study rows; ref52	digital phenotyping; mobile/wearable passive-data collection and feature processing
R014	44 Gaßner H Sanders P Dietrich A Marxreiter F Eskofier BM Winkler J Klucken J Clinical relevance of standardized mobile gait tests. Reliability analysis between gait recordings at hospital and home in Parkinson’s disease: a pilot study JPD 2020 10 27 10 4 1763 1773 10.3233/jpd-202129 32925099	10.3233/jpd-202129	32925099	Clinical relevance of standardized mobile gait tests. Reliability analysis between gait recordings at hospital and home in Parkinson’s disease: a pilot study	2020	main article Table 3; explicit included-study citation; 43 cited reports versus 46 workbook study rows; ref44	digital phenotyping; mobile/wearable passive-data collection and feature processing
R014	51 de Vos M Prince J Buchanan T FitzGerald JJ Antoniades CA Discriminating progressive supranuclear palsy from Parkinson's disease using wearable technology and machine learning Gait Posture 2020 03 77 257 263 10.1016/j.gaitpost.2020.02.007 32078894 S0966-6362(20)30068-0 32078894	10.1016/j.gaitpost.2020.02.007	32078894	Discriminating progressive supranuclear palsy from Parkinson's disease using wearable technology and machine learning	2020	main article Table 3; explicit included-study citation; 43 cited reports versus 46 workbook study rows; ref51	digital phenotyping; mobile/wearable passive-data collection and feature processing
R014	58 Kang M Kang S Roh H Jung H Kim S Choi J Kim K Accuracy and diversity of wearable device-based gait speed measurement among older men: observational study J Med Internet Res 2021 10 11 23 10 e29884 10.2196/29884 34633293 v23i10e29884 34633293 PMC8546531	10.2196/29884	34633293	Accuracy and diversity of wearable device-based gait speed measurement among older men: observational study	2021	main article Table 3; explicit included-study citation; 43 cited reports versus 46 workbook study rows; ref58	digital phenotyping; mobile/wearable passive-data collection and feature processing
R014	57 Otoshi T Nagano T Izumi S Hazama D Katsurada N Yamamoto M Tachihara M Kobayashi K Nishimura Y A novel automatic cough frequency monitoring system combining a triaxial accelerometer and a stretchable strain sensor Sci Rep 2021 05 11 11 1 9973 10.1038/s41598-021-89457-0 10.1038/s41598-021-89457-0 33976286 10.1038/s41598-021-89457-0 33976286 PMC8113562	10.1038/s41598-021-89457-0	33976286	A novel automatic cough frequency monitoring system combining a triaxial accelerometer and a stretchable strain sensor	2021	main article Table 3; explicit included-study citation; 43 cited reports versus 46 workbook study rows; ref57	digital phenotyping; mobile/wearable passive-data collection and feature processing
R014	40 di Matteo D Fotinos K Lokuge S Mason G Sternat T Katzman MA Rose J Automated screening for social anxiety, generalized anxiety, and depression from objective smartphone-collected data: cross-sectional study J Med Internet Res 2021 08 13 23 8 e28918 10.2196/28918 34397386 v23i8e28918 34397386 PMC8398720	10.2196/28918	34397386	Automated screening for social anxiety, generalized anxiety, and depression from objective smartphone-collected data: cross-sectional study	2021	main article Table 3; explicit included-study citation; 43 cited reports versus 46 workbook study rows; ref40	digital phenotyping; mobile/wearable passive-data collection and feature processing
R014	38 Yang Q Hatch D Crowley MJ Lewinski AA Vaughn J Steinberg D Vorderstrasse A Jiang M Shaw RJ Digital phenotyping self-monitoring behaviors for individuals with type 2 diabetes mellitus: observational study using latent class growth analysis JMIR Mhealth Uhealth 2020 06 11 8 6 e17730 10.2196/17730 32525492 v8i6e17730 32525492 PMC7317630	10.2196/17730	32525492	Digital phenotyping self-monitoring behaviors for individuals with type 2 diabetes mellitus: observational study using latent class growth analysis	2020	main article Table 3; explicit included-study citation; 43 cited reports versus 46 workbook study rows; ref38	digital phenotyping; mobile/wearable passive-data collection and feature processing
R014	49 Zhang Y Folarin AA Sun S Cummins N Bendayan R Ranjan Y Rashid Z Conde P Stewart C Laiou P Matcham F White KM Lamers F Siddi S Simblett S Myin-Germeys I Rintala A Wykes T Haro JM Penninx BW Narayan VA Hotopf M Dobson RJ RADAR-CNS Consortium Relationship between major depression symptom severity and sleep collected using a wristband wearable device: multicenter longitudinal observational study JMIR Mhealth Uhealth 2021 04 12 9 4 e24604 10.2196/24604 33843591 v9i4e24604 33843591 PMC8076992	10.2196/24604	33843591	Relationship between major depression symptom severity and sleep collected using a wristband wearable device: multicenter longitudinal observational study	2021	main article Table 3; explicit included-study citation; 43 cited reports versus 46 workbook study rows; ref49	digital phenotyping; mobile/wearable passive-data collection and feature processing
R014	42 Aubourg T Demongeot J Provost H Vuillerme N Circadian rhythms in the telephone calls of older adults: observational descriptive study JMIR Mhealth Uhealth 2020 02 25 8 2 e12452 10.2196/12452 32130156 v8i2e12452 32130156 PMC7064945	10.2196/12452	32130156	Circadian rhythms in the telephone calls of older adults: observational descriptive study	2020	main article Table 3; explicit included-study citation; 43 cited reports versus 46 workbook study rows; ref42	digital phenotyping; mobile/wearable passive-data collection and feature processing
R014	24 Li P Gaba A Wong PM Cui L Yu L Bennett DA Buchman AS Gao L Hu K Objective assessment of daytime napping and incident heart failure in 1140 community-dwelling older adults: a prospective, observational cohort study J Am Heart Assoc 2021 06 15 10 12 e019037 10.1161/JAHA.120.019037 34075783 34075783 PMC8477879	10.1161/JAHA.120.019037	34075783	Objective assessment of daytime napping and incident heart failure in 1140 community-dwelling older adults: a prospective, observational cohort study	2021	main article Table 3; explicit included-study citation; 43 cited reports versus 46 workbook study rows; ref24	digital phenotyping; mobile/wearable passive-data collection and feature processing
R014	31 Prince MA Collins RL Wilson SD Vincent PC A preliminary test of a brief intervention to lessen young adults' cannabis use: Episode-level smartphone data highlights the role of protective behavioral strategies and exercise Exp Clin Psychopharmacol 2020 04 28 2 150 156 10.1037/pha0000301 31144836 2019-29445-001 31144836 PMC6884655	10.1037/pha0000301	31144836	A preliminary test of a brief intervention to lessen young adults' cannabis use: Episode-level smartphone data highlights the role of protective behavioral strategies and exercise	2020	main article Table 3; explicit included-study citation; 43 cited reports versus 46 workbook study rows; ref31	digital phenotyping; mobile/wearable passive-data collection and feature processing
R014	16 Beagle AJ Tison GH Aschbacher K Olgin JE Marcus GM Pletcher MJ Comparison of the physical activity measured by a consumer wearable activity tracker and that measured by self-report: cross-sectional analysis of the health eheart study JMIR Mhealth Uhealth 2020 12 29 8 12 e22090 10.2196/22090 33372896 v8i12e22090 33372896 PMC7803477	10.2196/22090	33372896	Comparison of the physical activity measured by a consumer wearable activity tracker and that measured by self-report: cross-sectional analysis of the health eheart study	2020	main article Table 3; explicit included-study citation; 43 cited reports versus 46 workbook study rows; ref16	digital phenotyping; mobile/wearable passive-data collection and feature processing
R014	33 Robertson MC Green CE Liao Y Durand CP Basen-Engquist KM Self-efficacy and physical activity in overweight and obese adults participating in a worksite weight loss intervention: multistate modeling of wearable device data Cancer Epidemiol Biomarkers Prev 2020 12 23 29 4 769 776 10.1158/1055-9965.epi-19-0907 31871110 PMC7125025	10.1158/1055-9965.epi-19-0907	31871110	Self-efficacy and physical activity in overweight and obese adults participating in a worksite weight loss intervention: multistate modeling of wearable device data	2020	main article Table 3; explicit included-study citation; 43 cited reports versus 46 workbook study rows; ref33	digital phenotyping; mobile/wearable passive-data collection and feature processing
R014	41 Li LC Feehan LM Xie H Lu N Shaw C Gromala D Aviña-Zubieta JA Koehn C Hoens AM English K Tam J Therrien S Townsend AF Noonan G Backman CL Efficacy of a physical activity counseling program with use of a wearable tracker in people with inflammatory arthritis: a randomized controlled trial Arthritis Care Res (Hoboken) 2020 12 27 72 12 1755 1765 10.1002/acr.24199 32248626 32248626	10.1002/acr.24199	32248626	Efficacy of a physical activity counseling program with use of a wearable tracker in people with inflammatory arthritis: a randomized controlled trial	2020	main article Table 3; explicit included-study citation; 43 cited reports versus 46 workbook study rows; ref41	digital phenotyping; mobile/wearable passive-data collection and feature processing
R014	47 Moscarelli M Lorusso R Abdullahi Y Varone E Marotta M Solinas M Casula R Parlanti A Speziale G Fattouch K Athanasiou T The effect of minimally invasive surgery and sternotomy on physical activity and quality of life Heart Lung Circ 2021 06 30 6 882 887 10.1016/j.hlc.2020.09.936 33191139 S1443-9506(20)31474-8 33191139	10.1016/j.hlc.2020.09.936	33191139	The effect of minimally invasive surgery and sternotomy on physical activity and quality of life	2021	main article Table 3; explicit included-study citation; 43 cited reports versus 46 workbook study rows; ref47	digital phenotyping; mobile/wearable passive-data collection and feature processing
R014	50 Tasheva P Kraege V Vollenweider P Roulet G Méan Marie Marques-Vidal P Accelerometry assessed physical activity of older adults hospitalized with acute medical illness - an observational study BMC Geriatr 2020 10 02 20 1 382 10.1186/s12877-020-01763-w 33008378 10.1186/s12877-020-01763-w 33008378 PMC7532621	10.1186/s12877-020-01763-w	33008378	Accelerometry assessed physical activity of older adults hospitalized with acute medical illness - an observational study	2020	main article Table 3; explicit included-study citation; 43 cited reports versus 46 workbook study rows; ref50	digital phenotyping; mobile/wearable passive-data collection and feature processing
R014	23 Henson P Rodriguez-Villa E Torous J Investigating associations between screen time and symptomatology in individuals with serious mental illness: longitudinal observational study J Med Internet Res 2021 03 10 23 3 e23144 10.2196/23144 33688835 v23i3e23144 33688835 PMC7991985	10.2196/23144	33688835	Investigating associations between screen time and symptomatology in individuals with serious mental illness: longitudinal observational study	2021	main article Table 3; explicit included-study citation; 43 cited reports versus 46 workbook study rows; ref23	digital phenotyping; mobile/wearable passive-data collection and feature processing
R021	15. Ikäheimonen A, Luong N, Baryshnikov I, Darst R, Heikkilä R, Holmen J, Martikkala A, Riihimäki K, Saleva O, Isometsä E, Aledavood T. Predicting and monitoring symptoms in patients diagnosed with depression using smartphone data: observational study. J Med Internet Res. 2024 Dec 03;26:e56874. doi: 10.2196/56874. https://www.jmir.org/2024//e56874/ v26i1e56874					main article Table 1 Characteristics of included studies; explicit inclusion; ref15	passive smartphone/wearable sensing with ML; preprocessing and feature construction
R021	17. Masud MT, Mamun MA, Thapa K, Lee DH, Griffiths MD, Yang SH. Unobtrusive monitoring of behavior and movement patterns to detect clinical depression severity level via smartphone. J Biomed Inform. 2020 Mar;103:103371. doi: 10.1016/j.jbi.2019.103371. https://linkinghub.elsevier.com/retrieve/pii/S1532-0464(19)30291-6 .S1532-0464(19)30291-6					main article Table 1 Characteristics of included studies; explicit inclusion; ref17	passive smartphone/wearable sensing with ML; preprocessing and feature construction
R021	18. Jacobson NC, Bhattacharya S. Digital biomarkers of anxiety disorder symptom changes: personalized deep learning models using smartphone sensors accurately predict anxiety symptoms from ecological momentary assessments. Behav Res Ther. 2022 Feb;149:104013. doi: 10.1016/j.brat.2021.104013. https://europepmc.org/abstract/MED/35030442 .S0005-7967(21)00212-6					main article Table 1 Characteristics of included studies; explicit inclusion; ref18	passive smartphone/wearable sensing with ML; preprocessing and feature construction
R021	44. Anmella G, Corponi F, Li B, Mas A, Sanabra M, Pacchiarotti I, Valentí M, Grande I, Benabarre A, Giménez-Palomo A, Garriga M, Agasi I, Bastidas A, Cavero M, Fernández-Plaza T, Arbelo N, Bioque M, García-Rizo C, Verdolini N, Madero S, Murru A, Amoretti S, Martínez-Aran A, Ruiz V, Fico G, De Prisco M, Oliva V, Solanes A, Radua J, Samalin L, Young AH, Vieta E, Vergari A, Hidalgo-Mazzei D. Exploring digital biomarkers of illness activity in mood episodes: hypotheses generating and model development study. JMIR Mhealth Uhealth. 2023 May 04;11:e45405. doi: 10.2196/45405. https://mhealth.jmir.org/2023//e45405/ v11i1e45405					main article Table 1 Characteristics of included studies; explicit inclusion; ref44	passive smartphone/wearable sensing with ML; preprocessing and feature construction
R021	62. Barrigon ML, Romero-Medrano L, Moreno-Muñoz P, Porras-Segovia A, Lopez-Castroman J, Courtet P, Artés-Rodríguez A, Baca-Garcia E. One-week suicide risk prediction using real-time smartphone monitoring: prospective cohort study. J Med Internet Res. 2023 Sep 01;25:e43719. doi: 10.2196/43719. https://www.jmir.org/2023//e43719/ v25i1e43719					main article Table 1 Characteristics of included studies; explicit inclusion; ref62	passive smartphone/wearable sensing with ML; preprocessing and feature construction
R021	80. Lipschitz J, Lin S, Saghafian S, Pike C. Burdick KE: Digital phenotyping in bipolar disorder: Using longitudinal Fitbit data and personalized machine learning to predict mood symptomatology. Acta Psychiatr Scand 2024. 2025. [2025-07-29].					main article Table 1 Characteristics of included studies; explicit inclusion; ref80	passive smartphone/wearable sensing with ML; preprocessing and feature construction
R021	24. Khan NS, Ghani MS, Anjum G. ADAM-sense: anxiety-displaying activities recognition by motion sensors. Pervasive Mob Comput. 2021 Dec;78:101485. doi: 10.1016/j.pmcj.2021.101485. http://doi.org/10.1016/j.pmcj.2021.101485 .					main article Table 1 Characteristics of included studies; explicit inclusion; ref24	passive smartphone/wearable sensing with ML; preprocessing and feature construction
R021	25. Misgar MM, Bhatia MP. Advancing ADHD diagnosis: using machine learning for unveiling ADHD patterns through dimensionality reduction on IoMT actigraphy signals. Int J Inf Technol. 2024 May 07; doi: 10.1007/s41870-024-01895-x. http://doi.org/10.1007/s41870-024-01895-x .					main article Table 1 Characteristics of included studies; explicit inclusion; ref25	passive smartphone/wearable sensing with ML; preprocessing and feature construction
R021	63. Rodríguez-Ruiz JG, Galván-Tejada CE, Luna-García H, Gamboa-Rosales H, Celaya-Padilla JM, Arceo-Olague JG, Galván Tejada JI. Classification of depressive and schizophrenic episodes using night-time motor activity signal. Healthcare (Basel) 2022 Jul 05;10(7):1256. doi: 10.3390/healthcare10071256. https://www.mdpi.com/resolver?pii=healthcare10071256 .healthcare10071256					main article Table 1 Characteristics of included studies; explicit inclusion; ref63	passive smartphone/wearable sensing with ML; preprocessing and feature construction
R021	74. Hassantabar S, Zhang J, Yin H, Jha NK. MHDeep: mental health disorder detection system based on wearable sensors and artificial neural networks. ACM Trans Embed Comput Syst. 2022 Dec 12;21(6):1–22. doi: 10.1145/3527170. http://doi.org/10.1145/3527170 .					main article Table 1 Characteristics of included studies; explicit inclusion; ref74	passive smartphone/wearable sensing with ML; preprocessing and feature construction
R021	75. Adler DA, Ben-Zeev D, Tseng VW, Kane J, Brian R, Campbell AT, Hauser M, Scherer EA, Choudhury T. Predicting early warning signs of psychotic relapse from passive sensing data: an approach using encoder-decoder neural networks. JMIR Mhealth Uhealth. 2020 Aug 31;8(8):e19962. doi: 10.2196/19962. https://mhealth.jmir.org/2020/8/e19962/ v8i8e19962					main article Table 1 Characteristics of included studies; explicit inclusion; ref75	passive smartphone/wearable sensing with ML; preprocessing and feature construction
R021	76. Misgar MM, Bhatia MP. Utilizing deep convolutional neural architecture with attention mechanism for objective diagnosis of schizophrenia using wearable IoMT devices. Multimed Tools Appl. 2023 Oct 03;83(13):39601–20. doi: 10.1007/s11042-023-17119-6. http://doi.org/10.1007/s11042-023-17119-6 .					main article Table 1 Characteristics of included studies; explicit inclusion; ref76	passive smartphone/wearable sensing with ML; preprocessing and feature construction
R021	79. Sato S, Hiratsuka T, Hasegawa K, Watanabe K, Obara Y, Kariya N, Shinba T, Matsui T. Screening for major depressive disorder using a wearable ultra-short-term HRV monitor and signal quality indices. Sensors (Basel) 2023 Apr 10;23(8):3867. doi: 10.3390/s23083867. https://www.mdpi.com/resolver?pii=s23083867 .s23083867					main article Table 1 Characteristics of included studies; explicit inclusion; ref79	passive smartphone/wearable sensing with ML; preprocessing and feature construction
R021	46. Chikersal P, Doryab A, Tumminia M, Villalba DK, Dutcher JM, Liu X, Cohen S, Creswell KG, Mankoff J, Creswell JD, Goel M, Dey AK. Detecting depression and predicting its onset using longitudinal symptoms captured by passive sensing. ACM Trans Comput Hum Interact. 2021 Jan 20;28(1):1–41. doi: 10.1145/3422821. http://doi.org/10.1145/3422821 .					main article Table 1 Characteristics of included studies; explicit inclusion; ref46	passive smartphone/wearable sensing with ML; preprocessing and feature construction
R021	47. Espino-Salinas CH, Galván-Tejada CE, Luna-García H, Gamboa-Rosales H, Celaya-Padilla JM, Zanella-Calzada LA, Tejada JI. Two-dimensional convolutional neural network for depression episodes detection in real time using motor activity time series of Depresjon dataset. Bioengineering (Basel) 2022 Sep 09;9(9):458. doi: 10.3390/bioengineering9090458. https://www.mdpi.com/resolver?pii=bioengineering9090458 .bioengineering9090458					main article Table 1 Characteristics of included studies; explicit inclusion; ref47	passive smartphone/wearable sensing with ML; preprocessing and feature construction
R021	49. Jacobson NC, Chung YJ. Passive sensing of prediction of moment-to-moment depressed mood among undergraduates with clinical levels of depression sample using smartphones. Sensors (Basel) 2020 Jun 24;20(12):3572. doi: 10.3390/s20123572. https://www.mdpi.com/resolver?pii=s20123572 .s20123572					main article Table 1 Characteristics of included studies; explicit inclusion; ref49	passive smartphone/wearable sensing with ML; preprocessing and feature construction
R021	51. Kim JS, Wang B, Kim M, Lee J, Kim H, Roh D, Lee KH, Hong SB, Lim JS, Kim JW, Ryan N. Prediction of diagnosis and treatment response in adolescents with depression by using a smartphone app and deep learning approaches: usability study. JMIR Form Res. 2023 May 24;7:e45991. doi: 10.2196/45991. https://formative.jmir.org/2023//e45991/ v7i1e45991					main article Table 1 Characteristics of included studies; explicit inclusion; ref51	passive smartphone/wearable sensing with ML; preprocessing and feature construction
R021	53. Pedrelli P, Fedor S, Ghandeharioun A, Howe E, Ionescu DF, Bhathena D, Fisher LB, Cusin C, Nyer M, Yeung A, Sangermano L, Mischoulon D, Alpert JE, Picard RW. Monitoring changes in depression severity using wearable and mobile sensors. Front Psychiatry. 2020 Dec 18;11:584711. doi: 10.3389/fpsyt.2020.584711. https://europepmc.org/abstract/MED/33391050 .					main article Table 1 Characteristics of included studies; explicit inclusion; ref53	passive smartphone/wearable sensing with ML; preprocessing and feature construction
R021	55. Saito T, Suzuki H, Kishi A. Predictive modeling of mental illness onset using wearable devices and medical examination data: machine learning approach. Front Digit Health. 2022;4:861808. doi: 10.3389/fdgth.2022.861808. https://europepmc.org/abstract/MED/35493532 .					main article Table 1 Characteristics of included studies; explicit inclusion; ref55	passive smartphone/wearable sensing with ML; preprocessing and feature construction
R021	57. Tazawa Y, Liang KC, Yoshimura M, Kitazawa M, Kaise Y, Takamiya A, Kishi A, Horigome T, Mitsukura Y, Mimura M, Kishimoto T. Evaluating depression with multimodal wristband-type wearable device: screening and assessing patient severity utilizing machine-learning. Heliyon. 2020 Mar;6(2):e03274. doi: 10.1016/j.heliyon.2020.e03274. https://linkinghub.elsevier.com/retrieve/pii/S2405-8440(20)30119-5 .S2405-8440(20)30119-5					main article Table 1 Characteristics of included studies; explicit inclusion; ref57	passive smartphone/wearable sensing with ML; preprocessing and feature construction
R021	59. Ware S, Yue C, Morillo R, Lu J, Shang C, Bi J, Kamath J, Russell A, Bamis A, Wang B. Predicting depressive symptoms using smartphone data. Smart Health. 2020 Mar;15:100093. doi: 10.1016/j.smhl.2019.100093. http://doi.org/10.1016/j.smhl.2019.100093 .					main article Table 1 Characteristics of included studies; explicit inclusion; ref59	passive smartphone/wearable sensing with ML; preprocessing and feature construction
R021	61. Bai R, Xiao L, Guo Y, Zhu X, Li N, Wang Y, Chen Q, Feng L, Wang Y, Yu X, Xie H, Wang G. Tracking and monitoring mood stability of patients with major depressive disorder by machine learning models using passive digital data: prospective naturalistic multicenter study. JMIR Mhealth Uhealth. 2021 Mar 08;9(3):e24365. doi: 10.2196/24365. https://mhealth.jmir.org/2021/3/e24365/ v9i3e24365					main article Table 1 Characteristics of included studies; explicit inclusion; ref61	passive smartphone/wearable sensing with ML; preprocessing and feature construction
R021	67. Misgar MM, Bhatia MP. Hopping-mean: an augmentation method for motor activity data towards real-time depression diagnosis using machine learning. Multimed Tools Appl. 2024 Jul 11;84(18):18781–99. doi: 10.1007/s11042-024-19631-9. http://doi.org/10.1007/s11042-024-19631-9 .					main article Table 1 Characteristics of included studies; explicit inclusion; ref67	passive smartphone/wearable sensing with ML; preprocessing and feature construction
R021	68. Price GD, Heinz MV, Zhao D, Nemesure M, Ruan F, Jacobson NC. An unsupervised machine learning approach using passive movement data to understand depression and schizophrenia. J Affect Disord. 2022 Nov 01;316:132–9. doi: 10.1016/j.jad.2022.08.013. https://europepmc.org/abstract/MED/35964770 .S0165-0327(22)00863-1					main article Table 1 Characteristics of included studies; explicit inclusion; ref68	passive smartphone/wearable sensing with ML; preprocessing and feature construction
R021	71. Price GD, Heinz MV, Collins AC, Jacobson NC. Detecting major depressive disorder presence using passively-collected wearable movement data in a nationally-representative sample. Psychiatry Res. 2024 Mar;332:115693. doi: 10.1016/j.psychres.2023.115693. http://doi.org/10.1016/j.psychres.2023.115693 .S0165-1781(23)00643-1					main article Table 1 Characteristics of included studies; explicit inclusion; ref71	passive smartphone/wearable sensing with ML; preprocessing and feature construction
R021	73. Ware S, Yue C, Morillo R, Shang C, Bi J, Kamath J, Russell A, Song D, Bamis A, Wang B. Automatic depression screening using social interaction data on smartphones. Smart Health. 2022 Dec;26:100356. doi: 10.1016/j.smhl.2022.100356. http://doi.org/10.1016/j.smhl.2022.100356 .					main article Table 1 Characteristics of included studies; explicit inclusion; ref73	passive smartphone/wearable sensing with ML; preprocessing and feature construction
R021	77. Kumar A, Sangwan SR, Arora A, Menon VG. Depress-DCNF: a deep convolutional neuro-fuzzy model for detection of depression episodes using IoMT. Appl Soft Comput. 2022 Jun;122:108863. doi: 10.1016/j.asoc.2022.108863. http://doi.org/10.1016/j.asoc.2022.108863 .					main article Table 1 Characteristics of included studies; explicit inclusion; ref77	passive smartphone/wearable sensing with ML; preprocessing and feature construction
R021	58. Tseng VW, Sano A, Ben-Zeev D, Brian R, Campbell AT, Hauser M, Kane JM, Scherer EA, Wang R, Wang W, Wen H, Choudhury T. Using behavioral rhythms and multi-task learning to predict fine-grained symptoms of schizophrenia. Sci Rep. 2020 Sep 15;10(1):15100. doi: 10.1038/s41598-020-71689-1. https://doi.org/10.1038/s41598-020-71689-1 .10.1038/s41598-020-71689-1					main article Table 1 Characteristics of included studies; explicit inclusion; ref58	passive smartphone/wearable sensing with ML; preprocessing and feature construction
R021	19. Lipschitz JM, Lin S, Saghafian S, Pike CK, Burdick KE. Digital phenotyping in bipolar disorder: using longitudinal Fitbit data and personalized machine learning to predict mood symptomatology. Acta Psychiatr Scand. 2025 Mar;151(3):434–47. doi: 10.1111/acps.13765. http://doi.org/10.1111/acps.13765 .					main article Table 1 Characteristics of included studies; explicit inclusion; ref19	passive smartphone/wearable sensing with ML; preprocessing and feature construction
R021	48. Grunerbl A, Muaremi A, Osmani V, Bahle G, Ohler S, Troster G, Mayora O, Haring C, Lukowicz P. Smartphone-based recognition of states and state changes in bipolar disorder patients. IEEE J Biomed Health Inform. 2015 Jan;19(1):140–8. doi: 10.1109/jbhi.2014.2343154. http://doi.org/10.1109/JBHI.2014.2343154 .					main article Table 1 Characteristics of included studies; explicit inclusion; ref48	passive smartphone/wearable sensing with ML; preprocessing and feature construction
R021	69. Cote-Allard U, Jakobsen P, Stautland A, Nordgreen T, Fasmer OB, Oedegaard KJ, Torresen J. Long–short ensemble network for bipolar manic-euthymic state recognition based on wrist-worn sensors. IEEE Pervasive Comput. 2022 Apr 1;21(2):20–31. doi: 10.1109/mprv.2022.3155728. http://doi.org/10.1109/MPRV.2022.3155728 .					main article Table 1 Characteristics of included studies; explicit inclusion; ref69	passive smartphone/wearable sensing with ML; preprocessing and feature construction
R021	14. Jacobson NC, Summers B, Wilhelm S. Digital biomarkers of social anxiety severity: digital phenotyping using passive smartphone sensors. J Med Internet Res. 2020 May 29;22(5):e16875. doi: 10.2196/16875. https://www.jmir.org/2020/5/e16875/ v22i5e16875					main article Table 1 Characteristics of included studies; explicit inclusion; ref14	passive smartphone/wearable sensing with ML; preprocessing and feature construction
R021	45. Boukhechba M, Chow P, Fua K, Teachman BA, Barnes LE. Predicting social anxiety from global positioning system traces of college students: feasibility study. JMIR Ment Health. 2018 Jul 04;5(3):e10101. doi: 10.2196/10101. https://mental.jmir.org/2018/3/e10101/ v5i3e10101					main article Table 1 Characteristics of included studies; explicit inclusion; ref45	passive smartphone/wearable sensing with ML; preprocessing and feature construction
R021	50. Jacobson NC, Lekkas D, Huang R, Thomas N. Deep learning paired with wearable passive sensing data predicts deterioration in anxiety disorder symptoms across 17-18 years. J Affect Disord. 2021 Mar 01;282:104–11. doi: 10.1016/j.jad.2020.12.086. https://europepmc.org/abstract/MED/33401123 .S0165-0327(20)33176-1					main article Table 1 Characteristics of included studies; explicit inclusion; ref50	passive smartphone/wearable sensing with ML; preprocessing and feature construction
R021	65. Choi H, Cho Y, Min C, Kim K, Kim E, Lee S, Kim JJ. Multiclassification of the symptom severity of social anxiety disorder using digital phenotypes and feature representation learning. Digit Health. 2024;10:20552076241256730. doi: 10.1177/20552076241256730. https://journals.sagepub.com/doi/10.1177/20552076241256730?url_ver=Z39.88-2003&rfr_id=ori:rid:crossref.org&rfr_dat=cr_pub0pubmed .10.1177_20552076241256730					main article Table 1 Characteristics of included studies; explicit inclusion; ref65	passive smartphone/wearable sensing with ML; preprocessing and feature construction
R021	66. Jacobson NC, Feng B. Digital phenotyping of generalized anxiety disorder: using artificial intelligence to accurately predict symptom severity using wearable sensors in daily life. Transl Psychiatry. 2022 Aug 17;12(1):336. doi: 10.1038/s41398-022-02038-1. https://doi.org/10.1038/s41398-022-02038-1 .10.1038/s41398-022-02038-1					main article Table 1 Characteristics of included studies; explicit inclusion; ref66	passive smartphone/wearable sensing with ML; preprocessing and feature construction
R021	70. Arsalan A, Majid M. A study on multi-class anxiety detection using wearable EEG headband. J Ambient Intell Human Comput. 2021 Apr 11;13(12):5739–49. doi: 10.1007/s12652-021-03249-y. http://doi.org/10.1007/s12652-021-03249-y .					main article Table 1 Characteristics of included studies; explicit inclusion; ref70	passive smartphone/wearable sensing with ML; preprocessing and feature construction
R021	72. Baygin M, Barua PD, Dogan S, Tuncer T, Hong TJ, March S, Tan RS, Molinari F, Acharya UR. Automated anxiety detection using probabilistic binary pattern with ECG signals. Comput Methods Programs Biomed. 2024 Apr;247:108076. doi: 10.1016/j.cmpb.2024.108076. http://doi.org/10.1016/j.cmpb.2024.108076 .S0169-2607(24)00072-5					main article Table 1 Characteristics of included studies; explicit inclusion; ref72	passive smartphone/wearable sensing with ML; preprocessing and feature construction
R021	54. Sadeghi M, McDonald AD, Sasangohar F. Posttraumatic stress disorder hyperarousal event detection using smartwatch physiological and activity data. PLoS One. 2022;17(5):e0267749. doi: 10.1371/journal.pone.0267749. https://dx.plos.org/10.1371/journal.pone.0267749 .PONE-D-21-29818					main article Table 1 Characteristics of included studies; explicit inclusion; ref54	passive smartphone/wearable sensing with ML; preprocessing and feature construction
R021	52. Mullick T, Radovic A, Shaaban S, Doryab A. Predicting depression in adolescents using mobile and wearable sensors: multimodal machine learning-based exploratory study. JMIR Form Res. 2022 Jun 24;6(6):e35807. doi: 10.2196/35807. https://formative.jmir.org/2022/6/e35807/ v6i6e35807					main article Table 1 Characteristics of included studies; explicit inclusion; ref52	passive smartphone/wearable sensing with ML; preprocessing and feature construction
R021	60. Ahmed A, Ramesh J, Ganguly S, Aburukba R, Sagahyroon A, Aloul F. Investigating the feasibility of assessing depression severity and valence-arousal with wearable sensors using discrete wavelet transforms and machine learning. Information. 2022 Aug 27;13(9):406. doi: 10.3390/info13090406. http://doi.org/10.3390/info13090406 .					main article Table 1 Characteristics of included studies; explicit inclusion; ref60	passive smartphone/wearable sensing with ML; preprocessing and feature construction
R021	56. Spulber S, Elberling F, Svensson J, Tiger M, Ceccatelli S, Lundberg J. Patterns of activity correlate with symptom severity in major depressive disorder patients. Transl Psychiatry. 2022 Jun 02;12(1):226. doi: 10.1038/s41398-022-01989-9. https://doi.org/10.1038/s41398-022-01989-9 .10.1038/s41398-022-01989-9					main article Table 1 Characteristics of included studies; explicit inclusion; ref56	passive smartphone/wearable sensing with ML; preprocessing and feature construction
R021	78. Habib A, Vaniya SN, Khandoker A, Karmakar C. MDDBranchNet: a deep learning model for detecting major depressive disorder using ECG signal. IEEE J Biomed Health Inform. 2024 Jul;28(7):3798–809. doi: 10.1109/jbhi.2024.3390847. http://doi.org/10.1109/JBHI.2024.3390847 .					main article Table 1 Characteristics of included studies; explicit inclusion; ref78	passive smartphone/wearable sensing with ML; preprocessing and feature construction
R002	Tobias Blanke, Giles Greenway, Jennifer Pybus, and Mark Coté. 2014. Mining mobile youth cultures. In 2014 IEEE International Conference on Big Data (Big Data). IEEE, 14–17.				2014	main article Table 7 explicit included-paper ref [19]	Android AccessibilityService/UsageStats or related smartphone usage/sensor data; direct API/upstream relevance
R002	Karen Church, Denzil Ferreira, Nikola Banovic, and Kent Lyons. 2015. Understanding the challenges of mobile phone usage data. In Proceedings of the 17th International Conference on Human-Computer Interaction with Mobile Devices and Services. 504–514.				2015	main article Table 7 explicit included-paper ref [30]	Android AccessibilityService/UsageStats or related smartphone usage/sensor data; direct API/upstream relevance
R002	Denzil Ferreira, Jorge Goncalves, Vassilis Kostakos, Louise Barkhuus, and Anind K Dey. 2014. Contextual experience sampling of mobile application micro-usage. In Proceedings of the 16th international conference on Human-computer interaction with mobile devices & services. 91–100.				2014	main article Table 7 explicit included-paper ref [70]	Android AccessibilityService/UsageStats or related smartphone usage/sensor data; direct API/upstream relevance
R002	Inyeop Kim, Rihun Kim, Heepyung Kim, Duyeon Kim, Kyungsik Han, Paul H Lee, Gloria Mark, and Uichin Lee. 2019. Understanding smartphone usage in college classrooms: A long-term measurement study. Computers & Education 141 (2019), 103611.				2019	main article Table 7 explicit included-paper ref [84]	Android AccessibilityService/UsageStats or related smartphone usage/sensor data; direct API/upstream relevance
R002	Uichin Lee, Joonwon Lee, Minsam Ko, Changhun Lee, Yuhwan Kim, Subin Yang, Koji Yatani, Gahgene Gweon, Kyong-Mee Chung, and Junehwa Song. 2014. Hooked on smartphones: an exploratory study on smartphone overuse among college students. In Proceedings of the SIGCHI conference on human factors in computing systems. 2327–2336.				2014	main article Table 7 explicit included-paper ref [94]	Android AccessibilityService/UsageStats or related smartphone usage/sensor data; direct API/upstream relevance
R002	Xiangang Qin, Chee-Wee Tan, Effie Lai-Chong Law, Mads Bødker, Torkil Clemmensen, Hequn Qu, and Diandi Chen. 2018. Deciphering the Role of Context in Shaping Mobile Phone Usage: Design Recommendations for Context-aware Mobile Services from a Cross-Cultural Perspective. In Proceedings of the Sixth International Symposium of Chinese CHI. 39–48.				2018	main article Table 7 explicit included-paper ref [125]	Android AccessibilityService/UsageStats or related smartphone usage/sensor data; direct API/upstream relevance
R002	Xiangang Qin, Dechuan Wang, Torkil Clemmensen, Diandi Chen, and Yanuan Zhao. 2019. The association of actual behavior on wechat with psychological traits: evidence with mixed method. In Proceedings of the Seventh International Symposium of Chinese CHI. 49–56.				2019	main article Table 7 explicit included-paper ref [126]	Android AccessibilityService/UsageStats or related smartphone usage/sensor data; direct API/upstream relevance
R002	Jenny S Radesky, Heidi M Weeks, Rosa Ball, Alexandria Schaller, Samantha Yeo, Joke Durnez, Matthew Tamayo-Rios, Mollie Epstein, Heather Kirkorian, Sarah Coyne, et al. 2020. Young children’s use of smartphones and tablets. Pediatrics (2020). ACM Comput. Surv., Vol. 1, No. 1, Article 00. Publication date: April 2022. 00:36 H. Lee et al.				2020	main article Table 7 explicit included-paper ref [127]	Android AccessibilityService/UsageStats or related smartphone usage/sensor data; direct API/upstream relevance
R002	Aman Kr Singh, Ashish Kr Prajapati, Vikash Kumar, and Subhankar Mishra. 2017. Usage Analysis of Mobile Devices. Procedia computer science 122 (2017), 657–662.				2017	main article Table 7 explicit included-paper ref [144]	Android AccessibilityService/UsageStats or related smartphone usage/sensor data; direct API/upstream relevance
R002	Pascal Welke, Ionut Andone, Konrad Blaszkiewicz, and Alexander Markowetz. 2016. Differentiating smartphone users by app usage. In Proceedings of the 2016 ACM International Joint Conference on Pervasive and Ubiquitous Computing. 519–523.				2016	main article Table 7 explicit included-paper ref [159]	Android AccessibilityService/UsageStats or related smartphone usage/sensor data; direct API/upstream relevance
R002	Nalingna Yuan, Heidi M Weeks, Rosa Ball, Mark W Newman, Yung-Ju Chang, and Jenny S Radesky. 2019. How much do parents actually use their smartphones? Pilot study comparing self-report to passive sensing. Pediatric research 86, 4 (2019), 416–418.				2019	main article Table 7 explicit included-paper ref [165]	Android AccessibilityService/UsageStats or related smartphone usage/sensor data; direct API/upstream relevance
R002	Seokjun Lee, Rhan Ha, and Hojung Cha. 2018. Click sequence prediction in Android mobile applications. IEEE Transactions on Human-Machine Systems 49, 3 (2018), 278–289.				2018	main article Table 7 explicit included-paper ref [92]	Android AccessibilityService/UsageStats or related smartphone usage/sensor data; direct API/upstream relevance
R002	Anandi Dutta and Magdy Bayoumi. 2016. Introducing a novel smart design framework for a reconfigurable multi- processor systems-on-chip (MPSoC) architecture. In 2016 IEEE International Conference on Smart Computing (SMART- COMP). IEEE, 1–3.				2016	main article Table 7 explicit included-paper ref [63]	Android AccessibilityService/UsageStats or related smartphone usage/sensor data; direct API/upstream relevance
R002	Soban Ahmed Khan, Asma Ahmad Farhan, Labiba Gillani Fahad, and Syed Fahad Tahir. 2020. Personal productivity monitoring through smartphones. Journal of Ambient Intelligence and Smart Environments Preprint (2020), 1–15. ACM Comput. Surv., Vol. 1, No. 1, Article 00. Publication date: April 2022. 00:34 H. Lee et al.				2020	main article Table 7 explicit included-paper ref [83]	Android AccessibilityService/UsageStats or related smartphone usage/sensor data; direct API/upstream relevance
R002	Kaige Yan, Jingweijia Tan, and Xin Fu. 2019. Bridging mobile device configuration to the user experience under budget constraint. Pervasive and Mobile Computing 58 (2019), 101023.				2019	main article Table 7 explicit included-paper ref [163]	Android AccessibilityService/UsageStats or related smartphone usage/sensor data; direct API/upstream relevance
R002	Che-Hsuan Yu, Hung-Yuan Chen, Fang-Yie Leu, and Yao-Chung Fan. 2019. Understanding Mobile User Intent Using Attentive Sequence-to-Sequence RNNs. In International Wireless Internet Conference. Springer, 51–61.				2019	main article Table 7 explicit included-paper ref [164]	Android AccessibilityService/UsageStats or related smartphone usage/sensor data; direct API/upstream relevance
R002	Ionut Andone, Konrad Błaszkiewicz, Mark Eibes, Boris Trendafilov, Christian Montag, and Alexander Markowetz. 2016. Menthal: a framework for mobile data collection and analysis. In Proceedings of the 2016 ACM International Joint Conference on Pervasive and Ubiquitous Computing: Adjunct. 624–629.				2016	main article Table 7 explicit included-paper ref [6]	Android AccessibilityService/UsageStats or related smartphone usage/sensor data; direct API/upstream relevance
R002	Ming-Yi Zheng, Hung-Yuan Chen, Huan Chen, and Yao-Chung Fan. 2017. On cleaning and organizing context logs for mobile user profiling. In 2017 Twelfth International Conference on Digital Information Management (ICDIM). IEEE, 161–164.				2017	main article Table 7 explicit included-paper ref [168]	Android AccessibilityService/UsageStats or related smartphone usage/sensor data; direct API/upstream relevance
R002	Jó Ágila Bitsch, Roann Ramos, Tim Ix, Paula Glenda Ferrer-Cheng, and Klaus Wehrle. 2015. Psychologist in a Pocket: Towards Depression Screening on Mobile Phones. In pHealth. 153–159.				2015	main article Table 7 explicit included-paper ref [18]	Android AccessibilityService/UsageStats or related smartphone usage/sensor data; direct API/upstream relevance
R002	Denzil Ferreira, Vassilis Kostakos, and Anind K Dey. 2015. AWARE: mobile context instrumentation framework. Frontiers in ICT 2 (2015), 6.				2015	main article Table 7 explicit included-paper ref [72]	Android AccessibilityService/UsageStats or related smartphone usage/sensor data; direct API/upstream relevance
R002	Clemens Holzmann, Dustin Steiner, Andreas Riegler, and Christian Grossauer. 2017. An android toolkit for supporting field studies on mobile devices. In Proceedings of the 16th International Conference on Mobile and Ubiquitous Multimedia. 473–479.				2017	main article Table 7 explicit included-paper ref [81]	Android AccessibilityService/UsageStats or related smartphone usage/sensor data; direct API/upstream relevance
R002	Kyle Montague, André Rodrigues, Hugo Nicolau, and Tiago Guerreiro. 2015. TinyBlackBox: Supporting mobile in-the-wild studies. In Proceedings of the 17th International ACM SIGACCESS Conference on Computers & Accessibility. 379–380.				2015	main article Table 7 explicit included-paper ref [111]	Android AccessibilityService/UsageStats or related smartphone usage/sensor data; direct API/upstream relevance
R002	Immanuel Schweizer, Roman Bärtl, Benedikt Schmidt, Fabian Kaup, and Max Mühlhäuser. 2014. Kraken. me mobile: the energy footprint of mobile tracking. In 6th International Conference on Mobile Computing, Applications and Services. IEEE, 82–89.				2014	main article Table 7 explicit included-paper ref [140]	Android AccessibilityService/UsageStats or related smartphone usage/sensor data; direct API/upstream relevance
R002	Immanuel Schweizer and Benedikt Schmidt. 2014. Kraken. me: multi-device user tracking suite. In Proceedings of the 2014 ACM International Joint Conference on Pervasive and Ubiquitous Computing: Adjunct Publication. 853–862.				2014	main article Table 7 explicit included-paper ref [141]	Android AccessibilityService/UsageStats or related smartphone usage/sensor data; direct API/upstream relevance
R002	Yung-Ju Chang and John C Tang. 2015. Investigating mobile users’ ringer mode usage and attentiveness and responsiveness to communication. In Proceedings of the 17th International Conference on Human-Computer Interaction with Mobile Devices and Services. 6–15.				2015	main article Table 7 explicit included-paper ref [25]	Android AccessibilityService/UsageStats or related smartphone usage/sensor data; direct API/upstream relevance
R002	Martin Pielot, Rodrigo De Oliveira, Haewoon Kwak, and Nuria Oliver. 2014. Didn’t you see my message? predicting attentiveness to mobile instant messages. In Proceedings of the SIGCHI Conference on Human Factors in Computing Systems. 3319–3328.				2014	main article Table 7 explicit included-paper ref [123]	Android AccessibilityService/UsageStats or related smartphone usage/sensor data; direct API/upstream relevance
R002	Aku Visuri, Niels van Berkel, Tadashi Okoshi, Jorge Goncalves, and Vassilis Kostakos. 2019. Understanding smartphone notifications’ user interactions and content importance. International Journal of Human-Computer Studies 128 (2019), 72–85.				2019	main article Table 7 explicit included-paper ref [154]	Android AccessibilityService/UsageStats or related smartphone usage/sensor data; direct API/upstream relevance
R002	Abhinav Mehrotra, Sandrine R Müller, Gabriella M Harari, Samuel D Gosling, Cecilia Mascolo, Mirco Musolesi, and Peter J Rentfrow. 2017. Understanding the role of places and activities on mobile phone interaction and usage patterns. Proceedings of the ACM on Interactive, Mobile, Wearable and Ubiquitous Technologies 1, 3 (2017), 1–22.				2017	main article Table 7 explicit included-paper ref [108]	Android AccessibilityService/UsageStats or related smartphone usage/sensor data; direct API/upstream relevance
R002	Seungchul Lee, Saumay Pushp, Chulhong Min, and Junehwa Song. 2018. Exploring Relationship-aware Dynamic Message Screening for Mobile Messengers. In Proceedings of the 2018 ACM International Joint Conference and 2018 International Symposium on Pervasive and Ubiquitous Computing and Wearable Computers. 134–137.				2018	main article Table 7 explicit included-paper ref [93]	Android AccessibilityService/UsageStats or related smartphone usage/sensor data; direct API/upstream relevance
R002	Tadashi Okoshi, Hiroki Nozaki, Jin Nakazawa, Hideyuki Tokuda, Julian Ramos, and Anind K Dey. 2016. Towards attention-aware adaptive notification on smart phones. Pervasive and Mobile Computing 26 (2016), 17–34.				2016	main article Table 7 explicit included-paper ref [116]	Android AccessibilityService/UsageStats or related smartphone usage/sensor data; direct API/upstream relevance
R002	Tadashi Okoshi, Julian Ramos, Hiroki Nozaki, Jin Nakazawa, Anind K Dey, and Hideyuki Tokuda. 2015. Attelia: Reducing user’s cognitive load due to interruptive notifications on smart phones. In 2015 IEEE International Conference on Pervasive Computing and Communications (PerCom). IEEE, 96–104.				2015	main article Table 7 explicit included-paper ref [117]	Android AccessibilityService/UsageStats or related smartphone usage/sensor data; direct API/upstream relevance
R002	Chunjong Park, Junsung Lim, Juho Kim, Sung-Ju Lee, and Dongman Lee. 2017. Don’t Bother Me. I’m Socializing! A Breakpoint-Based Smartphone Notification System. In Proceedings of the 2017 ACM Conference on Computer Supported Cooperative Work and Social Computing. 541–554.				2017	main article Table 7 explicit included-paper ref [120]	Android AccessibilityService/UsageStats or related smartphone usage/sensor data; direct API/upstream relevance
R002	Martin Pielot, Bruno Cardoso, Kleomenis Katevas, Joan Serrà, Aleksandar Matic, and Nuria Oliver. 2017. Beyond interruptibility: Predicting opportune moments to engage mobile phone users. Proceedings of the ACM on Interactive, Mobile, Wearable and Ubiquitous Technologies 1, 3 (2017), 1–25.				2017	main article Table 7 explicit included-paper ref [121]	Android AccessibilityService/UsageStats or related smartphone usage/sensor data; direct API/upstream relevance
R002	Swadhin Pradhan, Lili Qiu, Abhinav Parate, and Kyu-Han Kim. 2017. Understanding and managing notifications. In IEEE INFOCOM 2017-IEEE Conference on Computer Communications. IEEE, 1–9.				2017	main article Table 7 explicit included-paper ref [124]	Android AccessibilityService/UsageStats or related smartphone usage/sensor data; direct API/upstream relevance
R002	Jemin Lee, Jinse Kwon, and Hyungshin Kim. 2018. Reducing Smartwatch Users’ Distraction with Convolutional Neural Network. Mobile Information Systems 2018 (2018).				2018	main article Table 7 explicit included-paper ref [90]	Android AccessibilityService/UsageStats or related smartphone usage/sensor data; direct API/upstream relevance
R002	Jemin Lee, Uichin Lee, and Hyungshin Kim. 2019. PASS: Reducing Redundant Interactions between a Smartphone and a Smartwatch for Energy Saving. IEEE Transactions on Mobile Computing (2019).				2019	main article Table 7 explicit included-paper ref [91]	Android AccessibilityService/UsageStats or related smartphone usage/sensor data; direct API/upstream relevance
R002	Christoph Anderson, Judith S Heinisch, Sandra Ohly, Klaus David, and Veljko Pejovic. 2019. The impact of private and work-related smartphone usage on interruptibility. In Adjunct Proceedings of the 2019 ACM International Joint Conference on Pervasive and Ubiquitous Computing and Proceedings of the 2019 ACM International Symposium on Wearable Computers. 1058–1063.				2019	main article Table 7 explicit included-paper ref [5]	Android AccessibilityService/UsageStats or related smartphone usage/sensor data; direct API/upstream relevance
R002	Yung-Ju Chang, Yi-Ju Chung, Yi-Hao Shih, Hsiu-Chi Chang, and Tzu-Hao Lin. 2017. What do smartphone users do when they sense phone notifications?. In Proceedings of the 2017 ACM International Joint Conference on Pervasive and Ubiquitous Computing and Proceedings of the 2017 ACM International Symposium on Wearable Computers. 904–909.				2017	main article Table 7 explicit included-paper ref [24]	Android AccessibilityService/UsageStats or related smartphone usage/sensor data; direct API/upstream relevance
R002	Tilman Dingler, Dominik Weber, Martin Pielot, Jennifer Cooper, Chung-Cheng Chang, and Niels Henze. 2017. Language learning on-the-go: opportune moments and design of mobile microlearning sessions. In Proceedings of the 19th international conference on human-computer interaction with mobile devices and services. 1–12.				2017	main article Table 7 explicit included-paper ref [61]	Android AccessibilityService/UsageStats or related smartphone usage/sensor data; direct API/upstream relevance
R002	Kyohei Komuro, Yuichiro Fujimoto, and Kinya Fujita. 2017. Relationship Between Worker Interruptibility and Work Transitions Android.app.usage by Smartphone. In International Conference on Human-Computer Interaction. Springer, 687–699.				2017	main article Table 7 explicit included-paper ref [85]	Android AccessibilityService/UsageStats or related smartphone usage/sensor data; direct API/upstream relevance
R002	Hao-Ping Lee, Kuan-Yin Chen, Chih-Heng Lin, Chia-Yu Chen, Yu-Lin Chung, Yung-Ju Chang, and Chien-Ru Sun. 2019. Does Who Matter? Studying the Impact of Relationship Characteristics on Receptivity to Mobile IM Messages. In Proceedings of the 2019 CHI Conference on Human Factors in Computing Systems. 1–12.				2019	main article Table 7 explicit included-paper ref [89]	Android AccessibilityService/UsageStats or related smartphone usage/sensor data; direct API/upstream relevance
R002	Martin Pielot, Karen Church, and Rodrigo De Oliveira. 2014. An in-situ study of mobile phone notifications. In Proceedings of the 16th international conference on Human-computer interaction with mobile devices & services. 233–242.				2014	main article Table 7 explicit included-paper ref [122]	Android AccessibilityService/UsageStats or related smartphone usage/sensor data; direct API/upstream relevance
R002	Ke Sun, Chun Yu, Weinan Shi, Lan Liu, and Yuanchun Shi. 2018. Lip-interact: Improving mobile device interaction with silent speech commands. In Proceedings of the 31st Annual ACM Symposium on User Interface Software and Technology. 581–593.				2018	main article Table 7 explicit included-paper ref [147]	Android AccessibilityService/UsageStats or related smartphone usage/sensor data; direct API/upstream relevance
R002	Hanan H Elazhary and Sahar F Sabbeh. 2018. The w 5 framework for computation offloading in the internet of things. IEEE Access 6 (2018), 23883–23895.				2018	main article Table 7 explicit included-paper ref [64]	Android AccessibilityService/UsageStats or related smartphone usage/sensor data; direct API/upstream relevance
R002	Ahmad Bisher Tarakji, Jian Xu, Juan A Colmenares, and Iqbal Mohomed. 2018. Voice enabling mobile applications with UIVoice. In Proceedings of the 1st International Workshop on Edge Systems, Analytics and Networking. 49–54.				2018	main article Table 7 explicit included-paper ref [148]	Android AccessibilityService/UsageStats or related smartphone usage/sensor data; direct API/upstream relevance
R002	Ru Wang, Shizhan Chen, Zhiyong Feng, and Keman Huang. 2018. A Client MicroServices Automatic Collaboration Framework Based on Fine-Grained APP. In 2018 IEEE International Conference on Services Computing (SCC). IEEE, 25–32.				2018	main article Table 7 explicit included-paper ref [156]	Android AccessibilityService/UsageStats or related smartphone usage/sensor data; direct API/upstream relevance
R002	Fanglin Chen, Kewei Xia, Karan Dhabalia, and Jason I Hong. 2019. MessageOnTap: A Suggestive Interface to Facilitate Messaging-related Tasks. In Proceedings of the 2019 CHI Conference on Human Factors in Computing Systems. 1–14.				2019	main article Table 7 explicit included-paper ref [26]	Android AccessibilityService/UsageStats or related smartphone usage/sensor data; direct API/upstream relevance
R002	Toby Jia-Jun Li, Igor Labutov, Xiaohan Nancy Li, Xiaoyi Zhang, Wenze Shi, Wanling Ding, Tom M Mitchell, and Brad A Myers. 2018. APPINITE: A Multi-Modal Interface for Specifying Data Descriptions in Programming by Demonstration Using Natural Language Instructions. In 2018 IEEE Symposium on Visual Languages and Human-Centric Computing (VL/HCC). IEEE, 105–114.				2018	main article Table 7 explicit included-paper ref [97]	Android AccessibilityService/UsageStats or related smartphone usage/sensor data; direct API/upstream relevance
R002	Xiaoyi Zhang, Anne Spencer Ross, Anat Caspi, James Fogarty, and Jacob O Wobbrock. 2017. Interaction proxies for runtime repair and enhancement of mobile application accessibility. In Proceedings of the 2017 CHI conference on human factors in computing systems. 6024–6037.				2017	main article Table 7 explicit included-paper ref [166]	Android AccessibilityService/UsageStats or related smartphone usage/sensor data; direct API/upstream relevance
R002	Zachary Rauen, Fazel Anjomshoa, and Burak Kantarci. 2018. Empowering Human-Computer Interaction in Se- curing Smartphone Sensing. In 2018 IEEE 23rd International Workshop on Computer Aided Modeling and Design of Communication Links and Networks (CAMAD). IEEE, 1–6.				2018	main article Table 7 explicit included-paper ref [130]	Android AccessibilityService/UsageStats or related smartphone usage/sensor data; direct API/upstream relevance
R002	Woo-Jong Ryu, HyeonTaek Oh, and SangKeun Lee. 2017. sigInterface: a personalized interface for intelligent services. In Proceedings of the 2017 ACM International Joint Conference on Pervasive and Ubiquitous Computing and Proceedings of the 2017 ACM International Symposium on Wearable Computers. 185–188.				2017	main article Table 7 explicit included-paper ref [137]	Android AccessibilityService/UsageStats or related smartphone usage/sensor data; direct API/upstream relevance
R002	Syuan-Yi Lin and Chung-Ta King. 2019. User-centered context-aware CPU/GPU power management for interactive applications on smartphones. In Proceedings of the 16th ACM International Conference on Computing Frontiers. 247–250.				2019	main article Table 7 explicit included-paper ref [104]	Android AccessibilityService/UsageStats or related smartphone usage/sensor data; direct API/upstream relevance
R002	Andreas Riegler and Clemens Holzmann. 2018. Measuring visual user interface complexity of mobile applications with metrics. Interacting with Computers 30, 3 (2018), 207–223.				2018	main article Table 7 explicit included-paper ref [132]	Android AccessibilityService/UsageStats or related smartphone usage/sensor data; direct API/upstream relevance
R002	Andreas Riegler and Clemens Holzmann. 2015. UI-CAT: calculating user interface complexity metrics for mobile applications. In Proceedings of the 14th International Conference on Mobile and Ubiquitous Multimedia. 390–394.				2015	main article Table 7 explicit included-paper ref [131]	Android AccessibilityService/UsageStats or related smartphone usage/sensor data; direct API/upstream relevance
R002	Bruna de Oliveira, Juliana Cristina Braga, and Rafael J Pezzuto Damaceno. 2018. Application for the configuration and adaptation of the Android operating system for the visually impaired. In Proceedings of the Internet of Accessible Things. 1–4.				2018	main article Table 7 explicit included-paper ref [33]	Android AccessibilityService/UsageStats or related smartphone usage/sensor data; direct API/upstream relevance
R002	André Rodrigues. 2015. Breaking Barriers with Assistive Macros. In Proceedings of the 17th International ACM SIGACCESS Conference on Computers & Accessibility. 351–352.				2015	main article Table 7 explicit included-paper ref [133]	Android AccessibilityService/UsageStats or related smartphone usage/sensor data; direct API/upstream relevance
R002	André Rodrigues, Leonardo Camacho, Hugo Nicolau, Kyle Montague, and Tiago Guerreiro. 2018. Aidme: Interactive non-visual smartphone tutorials. In Proceedings of the 20th International Conference on Human-Computer Interaction with Mobile Devices and Services Adjunct. 205–212.				2018	main article Table 7 explicit included-paper ref [134]	Android AccessibilityService/UsageStats or related smartphone usage/sensor data; direct API/upstream relevance
R002	Daniel Trindade, André Rodrigues, Tiago Guerreiro, and Hugo Nicolau. 2018. Hybrid-Brailler: combining physical and gestural interaction for mobile braille input and editing. In Proceedings of the 2018 CHI conference on human factors in computing systems. 1–12. ACM Comput. Surv., Vol. 1, No. 1, Article 00. Publication date: April 2022. A Systematic Survey on Android API Usage for Data-Driven Analytics with Smartphones 00:37				2018	main article Table 7 explicit included-paper ref [151]	Android AccessibilityService/UsageStats or related smartphone usage/sensor data; direct API/upstream relevance
R002	Xiaoyi Zhang, Anne Spencer Ross, and James Fogarty. 2018. Robust Annotation of Mobile Application Interfaces in Methods for Accessibility Repair and Enhancement. In Proceedings of the 31st Annual ACM Symposium on User Interface Software and Technology. 609–621.				2018	main article Table 7 explicit included-paper ref [167]	Android AccessibilityService/UsageStats or related smartphone usage/sensor data; direct API/upstream relevance
R002	Yu Zhong, Astrid Weber, Casey Burkhardt, Phil Weaver, and Jeffrey P Bigham. 2015. Enhancing Android accessibility for users with hand tremor by reducing fine pointing and steady tapping. In Proceedings of the 12th Web for All Conference. 1–10.				2015	main article Table 7 explicit included-paper ref [170]	Android AccessibilityService/UsageStats or related smartphone usage/sensor data; direct API/upstream relevance
R002	Sandesh Chinchole and Samir Patel. 2017. Artificial intelligence and sensors based assistive system for the visually impaired people. In 2017 International Conference on Intelligent Sustainable Systems (ICISS). IEEE, 16–19.				2017	main article Table 7 explicit included-paper ref [29]	Android AccessibilityService/UsageStats or related smartphone usage/sensor data; direct API/upstream relevance
R002	Yu Zhong, TV Raman, Casey Burkhardt, Fadi Biadsy, and Jeffrey P Bigham. 2014. JustSpeak: enabling universal voice control on Android. In Proceedings of the 11th Web for All Conference. 1–4.				2014	main article Table 7 explicit included-paper ref [169]	Android AccessibilityService/UsageStats or related smartphone usage/sensor data; direct API/upstream relevance
R002	Mrim Alnfiai and Srinivas Sampalli. 2017. BrailleTap: Developing a Calculator Based on Braille Using Tap Gestures. In International Conference on Universal Access in Human-Computer Interaction. Springer, 213–223.				2017	main article Table 7 explicit included-paper ref [3]	Android AccessibilityService/UsageStats or related smartphone usage/sensor data; direct API/upstream relevance
R002	Runze Chen, Zhanhong Tian, Hailun Liu, Fang Zhao, Shuai Zhang, and Haobo Liu. 2018. Construction of a voice driven life assistant system for visually impaired people. In 2018 International Conference on Artificial Intelligence and Big Data (ICAIBD). IEEE, 87–92.				2018	main article Table 7 explicit included-paper ref [28]	Android AccessibilityService/UsageStats or related smartphone usage/sensor data; direct API/upstream relevance
R002	Ana GD Correa, Laisa CC De Biase, Erich P Lotto, and Roseli D Lopes. 2018. Development and usability evaluation of an configurable educational game for the visually impaired. In 2018 IEEE Games, Entertainment, Media Conference (GEM). IEEE, 1–9.				2018	main article Table 7 explicit included-paper ref [31]	Android AccessibilityService/UsageStats or related smartphone usage/sensor data; direct API/upstream relevance
R002	Aura Ganz, James M Schafer, Yang Tao, Carole Wilson, and Meg Robertson. 2014. PERCEPT-II: Smartphone based indoor navigation system for the blind. In 2014 36th annual international conference of the IEEE engineering in medicine and biology society. IEEE, 3662–3665.				2014	main article Table 7 explicit included-paper ref [73]	Android AccessibilityService/UsageStats or related smartphone usage/sensor data; direct API/upstream relevance
R002	Eduardo Ghidini, Wagner DL Almeida, Isabel H Manssour, and Milene S Silveira. 2016. Developing apps for visually impaired people: Lessons learned from practice. In 2016 49th Hawaii International Conference on System Sciences (HICSS). IEEE, 5691–5700.				2016	main article Table 7 explicit included-paper ref [74]	Android AccessibilityService/UsageStats or related smartphone usage/sensor data; direct API/upstream relevance
R002	Sujeath Pareddy, Anhong Guo, and Jeffrey P Bigham. 2019. X-Ray: Screenshot Accessibility via Embedded Metadata. In The 21st International ACM SIGACCESS Conference on Computers and Accessibility. 389–395.				2019	main article Table 7 explicit included-paper ref [119]	Android AccessibilityService/UsageStats or related smartphone usage/sensor data; direct API/upstream relevance
R002	MJ Samonte, ED Laurente, KM Magno, and C Perez. 2019. Braille3D: using haptic and voice feedback for braille recognition and 3D printing for the blind. MS&E 482, 1 (2019), 012027.				2019	main article Table 7 explicit included-paper ref [138]	Android AccessibilityService/UsageStats or related smartphone usage/sensor data; direct API/upstream relevance
R002	Hye-Yeon Hann, Yoon-Seok Jeong, and Won-Hong Jang. 2013. Best practices of the DAISY standards in Korea-LG Sangnam library’s service for the print disabled. (2013).				2013	main article Table 7 explicit included-paper ref [79]	Android AccessibilityService/UsageStats or related smartphone usage/sensor data; direct API/upstream relevance
R002	Abdulaziz Alshayban, Iftekhar Ahmed, and Sam Malek. 2020. Accessibility issues in Android apps: state of affairs, sentiments, and ways forward. In 2020 IEEE/ACM 42nd International Conference on Software Engineering (ICSE). IEEE, 1323–1334.				2020	main article Table 7 explicit included-paper ref [4]	Android AccessibilityService/UsageStats or related smartphone usage/sensor data; direct API/upstream relevance
R002	Krzysztof Dobosz and Jakub Ptak. 2016. How to control a mobile game. In International Conference on Computers Helping People with Special Needs. Springer, 523–529.				2016	main article Table 7 explicit included-paper ref [62]	Android AccessibilityService/UsageStats or related smartphone usage/sensor data; direct API/upstream relevance
R002	André Rodrigues, Kyle Montague, Hugo Nicolau, and Tiago Guerreiro. 2015. Getting smartphones to talkback: Understanding the smartphone adoption process of blind users. In Proceedings of the 17th International ACM SIGACCESS Conference on Computers & Accessibility. 23–32.				2015	main article Table 7 explicit included-paper ref [135]	Android AccessibilityService/UsageStats or related smartphone usage/sensor data; direct API/upstream relevance
R002	Shravan Aras, Chris Gniady, and Hari Venugopalan. 2019. MultiLock: biometric-based graded authentication for mobile devices. In Proceedings of the 16th EAI International Conference on Mobile and Ubiquitous Systems: Computing, Networking and Services. 100–109.				2019	main article Table 7 explicit included-paper ref [13]	Android AccessibilityService/UsageStats or related smartphone usage/sensor data; direct API/upstream relevance
R002	Gerardo Canfora, Paolo Di Notte, Francesco Mercaldo, and Corrado Aaron Visaggio. 2016. Silent and Continuous Authentication in Mobile Environment.. In SECRYPT. 97–108.				2016	main article Table 7 explicit included-paper ref [22]	Android AccessibilityService/UsageStats or related smartphone usage/sensor data; direct API/upstream relevance
R002	Lydia Kraus, Robert Schmidt, Marcel Walch, Florian Schaub, and Sebastian Möller. 2017. On the use of emojis in mobile authentication. In IFIP International Conference on ICT Systems Security and Privacy Protection. Springer, 265–280.				2017	main article Table 7 explicit included-paper ref [87]	Android AccessibilityService/UsageStats or related smartphone usage/sensor data; direct API/upstream relevance
R002	José Torres, Sergio de los Santos, Efthimios Alepis, and Constantinos Patsakis. 2019. Behavioral Biometric Authenti- cation in Android Unlock Patterns through Machine Learning.. In ICISSP. 146–154.				2019	main article Table 7 explicit included-paper ref [150]	Android AccessibilityService/UsageStats or related smartphone usage/sensor data; direct API/upstream relevance
R002	Tiantian Zhu, Zhengyang Qu, Haitao Xu, Jingsi Zhang, Zhengyue Shao, Yan Chen, Sandeep Prabhakar, and Jianfeng Yang. 2019. RiskCog: Unobtrusive real-time user authentication on mobile devices in the wild. IEEE Transactions on Mobile Computing 19, 2 (2019), 466–483.				2019	main article Table 7 explicit included-paper ref [171]	Android AccessibilityService/UsageStats or related smartphone usage/sensor data; direct API/upstream relevance
R002	Tiantian Zhu, Zhengqiu Weng, Guolang Chen, and Lei Fu. 2020. A hybrid deep learning system for real-world mobile user authentication using motion sensors. Sensors 20, 14 (2020), 3876. ACM Comput. Surv., Vol. 1, No. 1, Article 00. Publication date: April 2022.				2020	main article Table 7 explicit included-paper ref [172]	Android AccessibilityService/UsageStats or related smartphone usage/sensor data; direct API/upstream relevance
R002	Bram Bonné, Sai Teja Peddinti, Igor Bilogrevic, and Nina Taft. 2017. Exploring decision making with Android’s runtime permission dialogs using in-context surveys. In Thirteenth Symposium on Usable Privacy and Security ({SOUPS} 2017). 195–210.				2017	main article Table 7 explicit included-paper ref [20]	Android AccessibilityService/UsageStats or related smartphone usage/sensor data; direct API/upstream relevance
R002	Md Lutfor Rahman, Ajaya Neupane, and Chengyu Song. 2018. Iac: On the feasibility of utilizing neural signals for access control. In Proceedings of the 34th Annual Computer Security Applications Conference. 641–652.				2018	main article Table 7 explicit included-paper ref [128]	Android AccessibilityService/UsageStats or related smartphone usage/sensor data; direct API/upstream relevance
R002	Kassem Fawaz, Kyu-Han Kim, and Kang G Shin. 2016. Privacy vs. reward in indoor location-based services. Proceedings on Privacy Enhancing Technologies 2016, 4 (2016), 102–122.				2016	main article Table 7 explicit included-paper ref [67]	Android AccessibilityService/UsageStats or related smartphone usage/sensor data; direct API/upstream relevance
R002	Billy Lau, Simon Chung, Chengyu Song, Yeongjin Jang, Wenke Lee, and Alexandra Boldyreva. 2014. Mimesis aegis: A mimicry privacy shield–a system’s approach to data privacy on public cloud. In 23rd {USENIX} Security Symposium ({USENIX} Security 14). 33–48.				2014	main article Table 7 explicit included-paper ref [88]	Android AccessibilityService/UsageStats or related smartphone usage/sensor data; direct API/upstream relevance
R002	Ahmet Talha Ozcan, Can Gemicioglu, Kaan Onarlioglu, Michael Weissbacher, Collin Mulliner, William Robertson, and Engin Kirda. 2015. Babelcrypt: The universal encryption layer for mobile messaging applications. In International Conference on Financial Cryptography and Data Security. Springer, 355–369.				2015	main article Table 7 explicit included-paper ref [118]	Android AccessibilityService/UsageStats or related smartphone usage/sensor data; direct API/upstream relevance
R002	Panagiotis Andriotis and Atsuhiro Takasu. 2020. To Allow, or Deny? That is the Question. In International Conference on Human-Computer Interaction. Springer, 287–304.				2020	main article Table 7 explicit included-paper ref [7]	Android AccessibilityService/UsageStats or related smartphone usage/sensor data; direct API/upstream relevance
R002	Earlence Fernandes, Oriana Riva, and Suman Nath. 2016. Appstract: on-the-fly app content semantics with better privacy. In Proceedings of the 22nd Annual International Conference on Mobile Computing and Networking. 361–374.				2016	main article Table 7 explicit included-paper ref [69]	Android AccessibilityService/UsageStats or related smartphone usage/sensor data; direct API/upstream relevance
R002	Mohammad Naseri, Nataniel P Borges, Andreas Zeller, and Romain Rouvoy. 2019. AccessiLeaks: Investigating Privacy Leaks Exposed by the Android Accessibility Service. Proceedings on Privacy Enhancing Technologies 2019, 2 (2019), 291–305.				2019	main article Table 7 explicit included-paper ref [113]	Android AccessibilityService/UsageStats or related smartphone usage/sensor data; direct API/upstream relevance
R002	Yonas Leguesse, Mark Vella, Christian Colombo, and Julio Hernandez-Castro. 2020. Reducing the Forensic Footprint with Android Accessibility Attacks. In International Workshop on Security and Trust Management. Springer, 22–38.				2020	main article Table 7 explicit included-paper ref [95]	Android AccessibilityService/UsageStats or related smartphone usage/sensor data; direct API/upstream relevance
R002	Yafei Li, Jiageng Chen, and Anthony TS Ho. 2018. Chatting Application Monitoring on Android System and its Detection based on the Correlation Test. In 2018 Asia-Pacific Signal and Information Processing Association Annual Summit and Conference (APSIPA ASC). IEEE, 1556–1563.				2018	main article Table 7 explicit included-paper ref [101]	Android AccessibilityService/UsageStats or related smartphone usage/sensor data; direct API/upstream relevance
R002	Vaibhav Rastogi, Rui Shao, Yan Chen, Xiang Pan, Shihong Zou, and Ryan Riley. 2016. Are these Ads Safe: Detecting Hidden Attacks through the Mobile App-Web Interfaces.. In NDSS.				2016	main article Table 7 explicit included-paper ref [129]	Android AccessibilityService/UsageStats or related smartphone usage/sensor data; direct API/upstream relevance
R002	Rui Shao, Vaibhav Rastogi, Yan Chen, Xiang Pan, Guanyu Guo, Shihong Zou, and Ryan Riley. 2018. Understanding in-app ads and detecting hidden attacks through the mobile app-web interface. IEEE Transactions on Mobile Computing 17, 11 (2018), 2675–2688.				2018	main article Table 7 explicit included-paper ref [142]	Android AccessibilityService/UsageStats or related smartphone usage/sensor data; direct API/upstream relevance
R002	Nishant Vishwamitra, Xiang Zhang, Jonathan Tong, Hongxin Hu, Feng Luo, Robin Kowalski, and Joseph Mazer. 2017. MCDefender: Toward effective cyberbullying defense in mobile online social networks. In Proceedings of the 3rd ACM on International Workshop on Security And Privacy Analytics. 37–42.				2017	main article Table 7 explicit included-paper ref [153]	Android AccessibilityService/UsageStats or related smartphone usage/sensor data; direct API/upstream relevance
R002	Yingjie Wang, Xing Liu, Weixuan Mao, and Wei Wang. 2019. DCDroid: automated detection of SSL/TLS certificate verification vulnerabilities in Android apps. In Proceedings of the ACM Turing Celebration Conference-China. 1–9.				2019	main article Table 7 explicit included-paper ref [157]	Android AccessibilityService/UsageStats or related smartphone usage/sensor data; direct API/upstream relevance
R002	Yingjie Wang, Guangquan Xu, Xing Liu, Weixuan Mao, Chengxiang Si, Witold Pedrycz, and Wei Wang. 2020. Identifying vulnerabilities of SSL/TLS certificate verification in Android apps with static and dynamic analysis. Journal of Systems and Software (2020), 110609.				2020	main article Table 7 explicit included-paper ref [158]	Android AccessibilityService/UsageStats or related smartphone usage/sensor data; direct API/upstream relevance
R002	Filipe Arruda, Augusto Sampaio, and Flávia A Barros. 2016. Capture & Replay with Text-Based Reuse and Framework Agnosticism.. In SEKE. 420–425.				2016	main article Table 7 explicit included-paper ref [14]	Android AccessibilityService/UsageStats or related smartphone usage/sensor data; direct API/upstream relevance
R002	Tianxiao Gu, Chengnian Sun, Xiaoxing Ma, Chun Cao, Chang Xu, Yuan Yao, Qirun Zhang, Jian Lu, and Zhendong Su. 2019. Practical GUI testing of Android applications via model abstraction and refinement. In 2019 IEEE/ACM 41st International Conference on Software Engineering (ICSE). IEEE, 269–280.				2019	main article Table 7 explicit included-paper ref [77]	Android AccessibilityService/UsageStats or related smartphone usage/sensor data; direct API/upstream relevance
R002	Woramet Muangsiri and Shingo Takada. 2017. Random GUI testing of android application using behavioral model. International Journal of Software Engineering and Knowledge Engineering 27, 09n10 (2017), 1603–1612.				2017	main article Table 7 explicit included-paper ref [112]	Android AccessibilityService/UsageStats or related smartphone usage/sensor data; direct API/upstream relevance
R002	Jose Lorenzo San Miguel and Shingo Takada. 2016. Gui and usage model-based test case generation for android applications with change analysis. In Proceedings of the 1st International Workshop on Mobile Development. 43–44.				2016	main article Table 7 explicit included-paper ref [139]	Android AccessibilityService/UsageStats or related smartphone usage/sensor data; direct API/upstream relevance
R002	Hao Lian, Zemin Qin, Hangcheng Song, and Tieke He. 2018. E-CAT: Evaluating Crowdsourced Android Testing. In International Conference of Pioneering Computer Scientists, Engineers and Educators. Springer, 493–504.				2018	main article Table 7 explicit included-paper ref [102]	Android AccessibilityService/UsageStats or related smartphone usage/sensor data; direct API/upstream relevance
R002	Guoquan Wu, Yuzhong Cao, Wei Chen, Jun Wei, Hua Zhong, and Tao Huang. 2017. AppCheck: a crowdsourced testing service for android applications. In 2017 IEEE International Conference on Web Services (ICWS). IEEE, 253–260.				2017	main article Table 7 explicit included-paper ref [161]	Android AccessibilityService/UsageStats or related smartphone usage/sensor data; direct API/upstream relevance
R002	Toby Jia-Jun Li, Yuanchun Li, Fanglin Chen, and Brad A Myers. 2017. Programming IoT devices by demonstration using mobile apps. In International Symposium on End User Development. Springer, 3–17.				2017	main article Table 7 explicit included-paper ref [98]	Android AccessibilityService/UsageStats or related smartphone usage/sensor data; direct API/upstream relevance
R002	Toby Jia-Jun Li, Marissa Radensky, Justin Jia, Kirielle Singarajah, Tom M Mitchell, and Brad A Myers. 2020. Interactive Task and Concept Learning from Natural Language Instructions and GUI Demonstrations. In The AAAI-20 Workshop on Intelligent Process Automation (IPA-20).				2020	main article Table 7 explicit included-paper ref [99]	Android AccessibilityService/UsageStats or related smartphone usage/sensor data; direct API/upstream relevance
R002	Toby Jia-Jun Li, Amos Azaria, and Brad A Myers. 2017. SUGILITE: creating multimodal smartphone automation by demonstration. In Proceedings of the 2017 CHI conference on human factors in computing systems. 6038–6049.				2017	main article Table 7 explicit included-paper ref [96]	Android AccessibilityService/UsageStats or related smartphone usage/sensor data; direct API/upstream relevance
R002	Toby Jia-Jun Li and Oriana Riva. 2018. KITE: Building conversational bots from mobile apps. In Proceedings of the 16th Annual International Conference on Mobile Systems, Applications, and Services. 96–109.				2018	main article Table 7 explicit included-paper ref [100]	Android AccessibilityService/UsageStats or related smartphone usage/sensor data; direct API/upstream relevance
R002	Pascal Bissig, Gino Brunner, Florian Gubler, Roger Wattenhofer, and Andreas Zingg. 2018. Towards Measuring Real-World Performance of Android Devices. In 2018 IEEE/ACS 15th International Conference on Computer Systems and Applications (AICCSA). IEEE, 1–8.				2018	main article Table 7 explicit included-paper ref [17]	Android AccessibilityService/UsageStats or related smartphone usage/sensor data; direct API/upstream relevance
R002	Zhengzhe Xiang, Shuiguang Deng, Javid Taheri, and Albert Zomaya. 2020. Dynamical service deployment and replacement in resource-constrained edges. Mobile Networks and Applications 25, 2 (2020), 674–689.				2020	main article Table 7 explicit included-paper ref [162]	Android AccessibilityService/UsageStats or related smartphone usage/sensor data; direct API/upstream relevance
R002	Mattia Fazzini, Eduardo Noronha De A Freitas, Shauvik Roy Choudhary, and Alessandro Orso. 2017. Barista: A technique for recording, encoding, and running platform independent android tests. In 2017 IEEE International Conference on Software Testing, Verification and Validation (ICST). IEEE, 149–160.				2017	main article Table 7 explicit included-paper ref [68]	Android AccessibilityService/UsageStats or related smartphone usage/sensor data; direct API/upstream relevance
R002	Kuei-Chun Liu, Yu-Yu Lai, and Ching-Hong Wu. 2017. A Mechanism of Reliable and Standalone Script Generator on Android. In 2017 IEEE International Conference on Software Testing, Verification and Validation Workshops (ICSTW). IEEE, 372–374.				2017	main article Table 7 explicit included-paper ref [105]	Android AccessibilityService/UsageStats or related smartphone usage/sensor data; direct API/upstream relevance
R002	Stas Negara, Naeem Esfahani, and Raymond Buse. 2019. Practical Android test recording with espresso test recorder. In 2019 IEEE/ACM 41st International Conference on Software Engineering: Software Engineering in Practice (ICSE-SEIP). IEEE, 193–202.				2019	main article Table 7 explicit included-paper ref [114]	Android AccessibilityService/UsageStats or related smartphone usage/sensor data; direct API/upstream relevance
R003	Scharkow, M. The accuracy of self-reported internet use—a validation study using client log data. Communication Methods and Measures, 10(1), 13–27 (2016).				2016	main manuscript bibliography ref 5, explicitly asterisk-marked as included	logged versus self-reported digital media use; objective logging and construction relevance
R003	Ellis, D. A., Davidson, B. I., Shaw, H., & Geyer, K. Do smartphone usage scales predict behavior? International Journal of Human-Computer Studies 130, 86–92 (2019).				2019	main manuscript bibliography ref 21, explicitly asterisk-marked as included	logged versus self-reported digital media use; objective logging and construction relevance
R003	Sewall, C. J., Bear, T. M., Merranko, J., & Rosen, D. How psychosocial well-being and usage amount predict inaccuracies in retrospective estimates of digital technology use. Mobile Media & Communication. (2020).				2020	main manuscript bibliography ref 31, explicitly asterisk-marked as included	logged versus self-reported digital media use; objective logging and construction relevance
R003	Andrews, S., Ellis, D. A., Shaw, H., & Piwek, L. Beyond self-report: Tools to compare estimated and real-world smartphone use. PloS one 10(10), (2015).				2015	main manuscript bibliography ref 32, explicitly asterisk-marked as included	logged versus self-reported digital media use; objective logging and construction relevance
R003	Boase, J., & Ling, R. Measuring mobile phone use: Self-report versus log data. Journal of Computer-Mediated Communication 18(4), 508–519 (2013).				2013	main manuscript bibliography ref 36, explicitly asterisk-marked as included	logged versus self-reported digital media use; objective logging and construction relevance
R003	Vanden Abeele, M., Beullens, K., & Roe, K. Measuring mobile phone use: Gender, age and real usage level in relation to the accuracy and validity of self-reported mobile phone use. Mobile Media & Communication 1(2), 213–236 (2013).				2013	main manuscript bibliography ref 37, explicitly asterisk-marked as included	logged versus self-reported digital media use; objective logging and construction relevance
R003	Kobayashi, T., & Boase, J. No such effect? The implications of measurement error in self-report measures of mobile communication use. Communication Methods and Measures 6(2), 126-143 (2012).				2012	main manuscript bibliography ref 38, explicitly asterisk-marked as included	logged versus self-reported digital media use; objective logging and construction relevance
R003	Deng, T. et al. Measuring smartphone usage and task switching with log tracking and self- reports. Mobile Media & Communication 7(1), 3-23 (2019).				2019	main manuscript bibliography ref 39, explicitly asterisk-marked as included	logged versus self-reported digital media use; objective logging and construction relevance
R003	Ahn, H., Nguyen, G. T., Lee, H., Jo, S. J., Kim, E. J., & Yim, H. W. Data collection and analysis of smartphone use and sleep of secondary school children. In 2017 IEEE International Conference on Big Data and Smart Computing (BigComp) (pp. 410-413). (2017).				2017	main manuscript bibliography ref 43, explicitly asterisk-marked as included	logged versus self-reported digital media use; objective logging and construction relevance
R003	Araujo, T., Wonneberger, A., Neijens, P., & de Vreese, C. How much time do you spend online? Understanding and improving the accuracy of self-reported measures of Internet use. Communication Methods and Measures, 11(3), 173-190 (2017).				2017	main manuscript bibliography ref 44, explicitly asterisk-marked as included	logged versus self-reported digital media use; objective logging and construction relevance
R003	Burke, M., Marlow, C., & Lento, T. Social network activity and social well-being. In Proceedings of the SIGCHI conference on human factors in computing systems (pp. 1909-1912). . (2010).				1909	main manuscript bibliography ref 45, explicitly asterisk-marked as included	logged versus self-reported digital media use; objective logging and construction relevance
R003	Elhai, J. et al. Depression and emotion regulation predict objective smartphone use measured over one week. Personality and Individual Differences 133, 21-28 (2018).				2018	main manuscript bibliography ref 46, explicitly asterisk-marked as included	logged versus self-reported digital media use; objective logging and construction relevance
R003	Ernala, S. K., Burke, M., Leavitt, A., & Ellison, N. B. How well do people report time spent on Facebook? An evaluation of established survey questions with recommendations. In Proceedings of the 2020 CHI Conference on Human Factors in Computing Systems (pp. 1-14). (2020).				2020	main manuscript bibliography ref 47, explicitly asterisk-marked as included	logged versus self-reported digital media use; objective logging and construction relevance
R003	Felisoni, D. D., & Godoi, A. S. Cell phone usage and academic performance: An experiment. Computers & Education 117, 175-187, (2018).				2018	main manuscript bibliography ref 48, explicitly asterisk-marked as included	logged versus self-reported digital media use; objective logging and construction relevance
R003	Inyang, I., Benke, G., Morrissey, J., McKenzie, R., & Abramson, M. How well do adolescents recall use of mobile telephones? Results of a validation study. BMC Medical Research Methodology 9(1), (2009).				2009	main manuscript bibliography ref 49, explicitly asterisk-marked as included	logged versus self-reported digital media use; objective logging and construction relevance
R003	Jones-Jang, S. M., Heo, Y. J., McKeever, R., Kim, J. H., Moscowitz, L., & Moscowitz, D). Good News! Communication Findings May be Underestimated: Comparing Effect Sizes with Self- Reported and Logged Smartphone Use Data. Journal of Computer-Mediated Communication. (2020).				2020	main manuscript bibliography ref 50, explicitly asterisk-marked as included	logged versus self-reported digital media use; objective logging and construction relevance
R003	Junco, R. Comparing actual and self-reported measures of Facebook use. Computers in Human Behavior, 29(3), 626–631 (2013). 536 52. *Kahn, A. S., Ratan, R., & Williams, D. Why we distort in self-report: Predictors of self-report errors in video game play. Journal of Computer-Mediated Communication 19(4), 1010–1023, (2014).				2013	main manuscript bibliography ref 51, explicitly asterisk-marked as included	logged versus self-reported digital media use; objective logging and construction relevance
R003	Katapally, T. R., & Chu, L. M. Methodology to derive objective screen-state from smartphones: A SMART platform study. International journal of environmental research and public health, 16(13), (2019).				2019	main manuscript bibliography ref 53, explicitly asterisk-marked as included	logged versus self-reported digital media use; objective logging and construction relevance
R003	Lee, H., Ahn, H., Choi, S., & Choi, W. The SAMS: Smartphone addiction management system and verification. Journal of medical systems 38(1), (2014).				2014	main manuscript bibliography ref 54, explicitly asterisk-marked as included	logged versus self-reported digital media use; objective logging and construction relevance
R003	Lee, H., Ahn, H., Nguyen, T. G., Choi, S. W., & Kim, D. J. Comparing the self-report and measured smartphone usage of college students: a pilot study. Psychiatry investigation 14(2) (2017).				2017	main manuscript bibliography ref 55, explicitly asterisk-marked as included	logged versus self-reported digital media use; objective logging and construction relevance
R003	Lin, Y. et al. Time distortion associated with smartphone addiction: Identifying smartphone addiction via a mobile application (App). Journal of psychiatric research 65, 139-145. (2015).				2015	main manuscript bibliography ref 56, explicitly asterisk-marked as included	logged versus self-reported digital media use; objective logging and construction relevance
R003	Loid, K., Täht, K., & Rozgonjuk, D. Do pop-up notifications regarding smartphone use decrease screen time, phone checking behavior, and self-reported problematic smartphone use? Evidence from a two-month experimental study. Computers in Human Behavior 102, 22-30 (2020).				2020	main manuscript bibliography ref 57, explicitly asterisk-marked as included	logged versus self-reported digital media use; objective logging and construction relevance
R003	Mikkelsen, S., Vilstrup, I., Lassen, C. F., Kryger, A. I., Thomsen, J. F., & Andersen, J. H. Validity of questionnaire self-reports on computer, mouse and keyboard usage during a four-week period. Occupational and Environmental Medicine 64(8), 541-547. (2007).				2007	main manuscript bibliography ref 58, explicitly asterisk-marked as included	logged versus self-reported digital media use; objective logging and construction relevance
R003	Montag, C. et al.. Recorded behavior as a valuable resource for diagnostics in mobile phone addiction: evidence from psychoinformatics. Behavioral Sciences 5(4), 434-442. (2015).				2015	main manuscript bibliography ref 59, explicitly asterisk-marked as included	logged versus self-reported digital media use; objective logging and construction relevance
R003	Newell, C. A. Smartphone and Social Media use and its Health Associations (Masters dissertation). The University of Texas at Arlington. (2018).				2018	main manuscript bibliography ref 60, explicitly asterisk-marked as included	logged versus self-reported digital media use; objective logging and construction relevance
R003	Noë, B., Turner, L. D., Linden, D. E., Allen, S. M., Winkens, B., & Whitaker, R. M. Identifying indicators of smartphone addiction through user-app interaction. Computers in human behavior 99, 56-65. (2019).				2019	main manuscript bibliography ref 61, explicitly asterisk-marked as included	logged versus self-reported digital media use; objective logging and construction relevance
R003	Oeldorf-Hirsch, A., & Chen, Y. Who Cares about Screen Time? Predicting the use of Mobile Phone Tracking Features. Paper presented at The 70th annual conference of the International Communication Association (ICA), Gold Coast, Australia (Virtual Conference). (2020) 566 63. *Pan, Y. C., Lin, H. H., Chiu, Y. C., Lin, S. H., & Lin, Y. H. Temporal stability of smartphone use data: Determining fundamental time unit and independent cycle. JMIR mHealth and uHealth, 7(3). (2019).				2020	main manuscript bibliography ref 62, explicitly asterisk-marked as included	logged versus self-reported digital media use; objective logging and construction relevance
R003	Prasad, S. et al. A study of magnitude and psychological correlates of smartphone use in medical students: A pilot study with a novel telemetric approach. Indian journal of psychological medicine 40(5), 468-475 (2018).				2018	main manuscript bibliography ref 64, explicitly asterisk-marked as included	logged versus self-reported digital media use; objective logging and construction relevance
R003	Rosen, L. D., Carrier, L. M., Pedroza, J. A., Elias, S., O’Brien, K. M., Lozano, J., ... & Ruiz, A. The role of executive functioning and technological anxiety (FOMO) in college course performance as mediated by technology usage and multitasking habits. Educational Psychology 24(1), 14-25 (2017).				2017	main manuscript bibliography ref 65, explicitly asterisk-marked as included	logged versus self-reported digital media use; objective logging and construction relevance
R003	Rozgonjuk, D., Levine, J. C., Hall, B. J., & Elhai, J. D. The association between problematic smartphone use, depression and anxiety symptom severity, and objectively measured smartphone use over one week. Computers in Human Behavior 87, 10-17 (2018).				2018	main manuscript bibliography ref 66, explicitly asterisk-marked as included	logged versus self-reported digital media use; objective logging and construction relevance
R003	Rozgonjuk, D., Pruunsild, P., Jürimäe, K., Schwarz, R. J., & Aru, J. Instagram use frequency is associated with problematic smartphone use, but not with depression and anxiety symptom severity. Mobile Media & Communication (2020).				2020	main manuscript bibliography ref 67, explicitly asterisk-marked as included	logged versus self-reported digital media use; objective logging and construction relevance
R003	Sela, Y., Zach, M., Amichay-Hamburger, Y., Mishali, M., & Omer, H. Family environment and problematic internet use among adolescents: the mediating roles of depression and fear of missing out. Computers in Human Behavior 106, (2020).				2020	main manuscript bibliography ref 68, explicitly asterisk-marked as included	logged versus self-reported digital media use; objective logging and construction relevance
R003	Shaw, H., Ellis, D., Geyer, K., Davidson, B., Ziegler, F., & Smith, A. Quantifying smartphone “use”: Choice of measurement impacts relationships between “usage” and health. Technology, Mind, and Behavior 1(2), (2020).				2020	main manuscript bibliography ref 69, explicitly asterisk-marked as included	logged versus self-reported digital media use; objective logging and construction relevance
R003	Shin, C., & Dey, A. K. Automatically detecting problematic use of smartphones. In Proceedings of the 2013 ACM international joint conference on Pervasive and ubiquitous computing (pp. 335- 344). (2013).				2013	main manuscript bibliography ref 70, explicitly asterisk-marked as included	logged versus self-reported digital media use; objective logging and construction relevance
R003	Shin, M., & Lee, K. Measuring smartphone usage time is not sufficient to predict smartphone addiction. Journal of Theoretical and Applied Information Technology, 95(19), (2017).				2017	main manuscript bibliography ref 71, explicitly asterisk-marked as included	logged versus self-reported digital media use; objective logging and construction relevance
R003	Shum, M., Kelsh, M. A., Sheppard, A. R., & Zhao, K. An evaluation of self-reported mobile phone use compared to billing records among a group of engineers and scientists. Bioelectromagnetics 32(1), 37-48 (2011). 596 73. *Singh, V. K., & Jain, A. Toward harmonizing self-reported and logged social data for understanding human behavior. In Proceedings of the 2017 CHI Conference on Human Factors in Computing Systems (pp. 2233-2238). (2017).				2011	main manuscript bibliography ref 72, explicitly asterisk-marked as included	logged versus self-reported digital media use; objective logging and construction relevance
R003	Timotijevic, L., Barnett, J., Shepherd, R., & Senior, V. Factors influencing self-report of mobile phone use: the role of response prompt, time reference and mobile phone use in recall. Applied Cognitive Psychology: The Official Journal of the Society for Applied Research in Memory and Cognition 23(5), 664-683. (2009).				2009	main manuscript bibliography ref 74, explicitly asterisk-marked as included	logged versus self-reported digital media use; objective logging and construction relevance
R003	Tokola, K., Kurttio, P., Salminen, T., & Auvinen, A. Reducing overestimation in reported mobile phone use associated with epidemiological studies. Bioelectromagnetics: Journal of the Bioelectromagnetics Society, The Society for Physical Regulation in Biology and Medicine, The European Bioelectromagnetics Association 29(7), 559-563 (2008).				2008	main manuscript bibliography ref 75, explicitly asterisk-marked as included	logged versus self-reported digital media use; objective logging and construction relevance
R003	van Berkel, N., Goncalves, J., Lovén, L., Ferreira, D., Hosio, S., & Kostakos, V. Effect of experience sampling schedules on response rate and recall accuracy of objective self-reports. International Journal of Human-Computer Studies 125, 118-128 (2019).				2019	main manuscript bibliography ref 76, explicitly asterisk-marked as included	logged versus self-reported digital media use; objective logging and construction relevance
R003	Wilmer, H. H., Hampton, W. H., Olino, T. M., Olson, I. R., & Chein, J. M. Wired to be connected? Links between mobile technology engagement, intertemporal preference and frontostriatal white matter connectivity. Social cognitive and affective neuroscience 14(4), 367-379 (2019).				2019	main manuscript bibliography ref 77, explicitly asterisk-marked as included	logged versus self-reported digital media use; objective logging and construction relevance
R003	Yuan, N., Weeks, H. M., Ball, R., Newman, M. W., Chang, Y. J., & Radesky, J. S. How much do parents actually use their smartphones? Pilot study comparing self-report to passive sensing. Pediatric research 86(4), 416-418 (2019).				2019	main manuscript bibliography ref 78, explicitly asterisk-marked as included	logged versus self-reported digital media use; objective logging and construction relevance
R005	surname:Osmani;given-names:V; surname:Maxhuni;given-names:A; surname:Grünerbl;given-names:A; surname:Lukowicz;given-names:P; surname:Haring;given-names:C; surname:Mayora;given-names:O. Monitoring Activity of Patients with Bipolar Disorder Using Smart Phones. Proceedings of International Conference on Advances in Mobile Computing & Multimedia. 2013.			Monitoring Activity of Patients with Bipolar Disorder Using Smart Phones	2013	accepted-manuscript included-study table explicit row; first-author/year match osmani 2013	smartphone passive sensing for health/wellbeing; upstream collection and processing
R005	surname:Grünerbl;given-names:A; surname:Osmani;given-names:V; surname:Bahle;given-names:G; surname:Carrasco;given-names:JC; surname:Oehler;given-names:S; surname:Mayora;given-names:O. Using Smart Phone Mobility Traces for the Diagnosis of Depressive and Manic Episodes in Bipolar Patients. Proceedings of the 5th Augmented Human International Conference. 2014.			Using Smart Phone Mobility Traces for the Diagnosis of Depressive and Manic Episodes in Bipolar Patients	2014	accepted-manuscript included-study table explicit row; first-author/year match grünerbl 2014	smartphone passive sensing for health/wellbeing; upstream collection and processing
R005	surname:Grünerbl;given-names:A; surname:Muaremi;given-names:A; surname:Osmani;given-names:V; surname:Bahle;given-names:G; surname:Ohler;given-names:S; surname:Troster;given-names:G. Smartphone-Based Recognition of States and State Changes in Bipolar Disorder Patients. Ieee Journal of Biomedical and Health Informatics. 2015.		25073181	Smartphone-Based Recognition of States and State Changes in Bipolar Disorder Patients	2015	accepted-manuscript included-study table explicit row; first-author/year match grünerbl 2015	smartphone passive sensing for health/wellbeing; upstream collection and processing
R005	surname:Abdullah;given-names:S; surname:Matthews;given-names:M; surname:Frank;given-names:E; surname:Doherty;given-names:G; surname:Gay;given-names:G; surname:Choudhury;given-names:T. Automatic Detection of Social Rhythms in Bipolar Disorder. J Am Med Inform Assoc. 2016.		26977102	Automatic Detection of Social Rhythms in Bipolar Disorder	2016	accepted-manuscript included-study table explicit row; first-author/year match abdullah 2016	smartphone passive sensing for health/wellbeing; upstream collection and processing
R005	surname:Beiwinkel;given-names:T; surname:Kindermann;given-names:S; surname:Maier;given-names:A; surname:Kerl;given-names:C; surname:Moock;given-names:J; surname:Barbian;given-names:G. Using Smartphones to Monitor Bipolar Disorder Symptoms: A Pilot Study. JMIR Mental Health. 2016.		26740354	Using Smartphones to Monitor Bipolar Disorder Symptoms: A Pilot Study	2016	accepted-manuscript included-study table explicit row; first-author/year match beiwinkel 2016	smartphone passive sensing for health/wellbeing; upstream collection and processing
R005	surname:Burns;given-names:MN; surname:Begale;given-names:M; surname:Duffecy;given-names:J; surname:Gergle;given-names:D; surname:Karr;given-names:CJ; surname:Giangrande;given-names:E. Harnessing Context Sensing to Develop a Mobile Intervention for Depression. J Med Internet Res. 2011.			Harnessing Context Sensing to Develop a Mobile Intervention for Depression	2011	accepted-manuscript included-study table explicit row; first-author/year match burns 2011	smartphone passive sensing for health/wellbeing; upstream collection and processing
R005	surname:Canzian;given-names:L; surname:Musolesi;given-names:M. Trajectories of depression: unobtrusive monitoring of depressive states by means of smartphone mobility traces analysis. Proceedings of the 2015 ACM International Joint Conference on Pervasive and Ubiquitous Computing. 2015.			Trajectories of depression: unobtrusive monitoring of depressive states by means of smartphone mobility traces analysis	2015	accepted-manuscript included-study table explicit row; first-author/year match canzian 2015	smartphone passive sensing for health/wellbeing; upstream collection and processing
R005	surname:Saeb;given-names:S; surname:Zhang;given-names:M; surname:Karr;given-names:CJ; surname:Schueller;given-names:SM; surname:Corden;given-names:ME; surname:Kording;given-names:KP. Mobile Phone Sensor Correlates of Depressive Symptom Severity in Daily-Life Behavior: An Exploratory Study. J Med Internet Res. 2015.			Mobile Phone Sensor Correlates of Depressive Symptom Severity in Daily-Life Behavior: An Exploratory Study	2015	accepted-manuscript included-study table explicit row; first-author/year match saeb 2015	smartphone passive sensing for health/wellbeing; upstream collection and processing
R005	surname:Saeb;given-names:S; surname:Lattie;given-names:EG; surname:Schueller;given-names:SM; surname:Kording;given-names:KP; surname:Mohr;given-names:DC. The Relationship Between Mobile Phone Location Sensor Data and Depressive Symptom Severity. PeerJ. 2016.			The Relationship Between Mobile Phone Location Sensor Data and Depressive Symptom Severity	2016	accepted-manuscript included-study table explicit row; first-author/year match saeb 2016	smartphone passive sensing for health/wellbeing; upstream collection and processing
R005	surname:Wahle;given-names:F; surname:Kowatsch;given-names:T; surname:Fleisch;given-names:E; surname:Rufer;given-names:M; surname:Weidt;given-names:S. Mobile Sensing and Support for People With Depression: A Pilot Trial in the Wild. JMIR mHealth uHealth. 2016.		27655245	Mobile Sensing and Support for People With Depression: A Pilot Trial in the Wild	2016	accepted-manuscript included-study table explicit row; first-author/year match wahle 2016	smartphone passive sensing for health/wellbeing; upstream collection and processing
R005	surname:Ben-Zeev;given-names:D; surname:Wang;given-names:R; surname:Abdullah;given-names:S; surname:Brian;given-names:R; surname:Scherer;given-names:EA; surname:Mistler;given-names:LA. Mobile Behavioral Sensing for Outpatients and Inpatients With Schizophrenia. Psychiatr Serv. 2016.		26695497	Mobile Behavioral Sensing for Outpatients and Inpatients With Schizophrenia	2016	accepted-manuscript included-study table explicit row; first-author/year match ben-zeev 2016	smartphone passive sensing for health/wellbeing; upstream collection and processing
R005	surname:Difrancesco;given-names:S; surname:Fraccaro;given-names:P; surname:van der Veer;given-names:SN; surname:Alshoumr;given-names:B; surname:Ainsworth;given-names:J; surname:Bellazzi;given-names:R. Out-of-Home Activity Recognition from GPS Data in Schizophrenic Patients. 2016 Ieee 29th International Symposium on Computer-Based Medical Systems. 2016.			Out-of-Home Activity Recognition from GPS Data in Schizophrenic Patients	2016	accepted-manuscript included-study table explicit row; first-author/year match difrancesco 2016	smartphone passive sensing for health/wellbeing; upstream collection and processing
R005	surname:Wang;given-names:R; surname:Aung;given-names:MSH; surname:Abdullah;given-names:S; surname:Brian;given-names:R; surname:Campbell;given-names:AT; surname:Choudhury;given-names:T. CrossCheck: Toward Passive Sensing and Detection of Mental Health Changes in People with Schizophrenia. Proceedings of the 2016 ACM International Joint Conference on Pervasive and Ubiquitous Computing. 2016.			CrossCheck: Toward Passive Sensing and Detection of Mental Health Changes in People with Schizophrenia	2016	accepted-manuscript included-study table explicit row; first-author/year match wang 2016	smartphone passive sensing for health/wellbeing; upstream collection and processing
R005	surname:Ma;given-names:YC; surname:Xu;given-names:B; surname:Bai;given-names:Y; surname:Sun;given-names:GD; surname:Zhu;given-names:R. Infer Daily Mood using Mobile Phone Sensing. Ad Hoc & Sensor Wireless Networks. 2014.			Infer Daily Mood using Mobile Phone Sensing	2014	accepted-manuscript included-study table explicit row; first-author/year match ma 2014	smartphone passive sensing for health/wellbeing; upstream collection and processing
R005	surname:Wang;given-names:R; surname:Chen;given-names:F; surname:Chen;given-names:Z; surname:Li;given-names:T; surname:Harari;given-names:G; surname:Tignor;given-names:S. StudentLife: Assessing Mental Health, Academic Performance and Behavioral Trends of College Students Using Smartphones. Proceedings of the 2014 ACM International Joint Conference on Pervasive and Ubiquitous Computing. 2014.			StudentLife: Assessing Mental Health, Academic Performance and Behavioral Trends of College Students Using Smartphones	2014	accepted-manuscript included-study table explicit row; first-author/year match wang 2014	smartphone passive sensing for health/wellbeing; upstream collection and processing
R005	surname:Ben-Zeev;given-names:D; surname:Scherer;given-names:EA; surname:Wang;given-names:R; surname:Xie;given-names:HY; surname:Campbell;given-names:AT. Next-Generation Psychiatric Assessment: Using Smartphone Sensors to Monitor Behavior and Mental Health. Psychiatr Rehabil J. 2015.		25844912	Next-Generation Psychiatric Assessment: Using Smartphone Sensors to Monitor Behavior and Mental Health	2015	accepted-manuscript included-study table explicit row; first-author/year match ben-zeev 2015	smartphone passive sensing for health/wellbeing; upstream collection and processing
R005	surname:Asselbergs;given-names:J; surname:Ruwaard;given-names:J; surname:Ejdys;given-names:M; surname:Schrader;given-names:N; surname:Sijbrandij;given-names:M; surname:Riper;given-names:H. Mobile Phone-Based Unobtrusive Ecological Momentary Assessment of Day-to-Day Mood: An Explorative Study. J Med Internet Res. 2016.		27025287	Mobile Phone-Based Unobtrusive Ecological Momentary Assessment of Day-to-Day Mood: An Explorative Study	2016	accepted-manuscript included-study table explicit row; first-author/year match asselbergs 2016	smartphone passive sensing for health/wellbeing; upstream collection and processing
R005	surname:Huang;given-names:Y; surname:Xiong;given-names:H; surname:Leach;given-names:K; surname:Zhang;given-names:Y; surname:Chow;given-names:P; surname:Fua;given-names:K. Assessing Social Anxiety Using GPS Trajectories and Point-of-Interest Data. Proceedings of the 2016 ACM International Joint Conference on Pervasive and Ubiquitous Computing. 2016.			Assessing Social Anxiety Using GPS Trajectories and Point-of-Interest Data	2016	accepted-manuscript included-study table explicit row; first-author/year match huang 2016	smartphone passive sensing for health/wellbeing; upstream collection and processing
R005	surname:Bai;given-names:Y; surname:Xu;given-names:B; surname:Ma;given-names:Y; surname:Sun;given-names:G; surname:Zhao;given-names:Y. Will You Have a Good Sleep Tonight?: Sleep Quality Prediction with Mobile Phone. Proceedings of the 7th International Conference on Body Area Networks. 2012.			Will You Have a Good Sleep Tonight?: Sleep Quality Prediction with Mobile Phone	2012	accepted-manuscript included-study table explicit row; first-author/year match bai 2012	smartphone passive sensing for health/wellbeing; upstream collection and processing
R005	surname:Natale;given-names:V; surname:Drejak;given-names:M; surname:Erbacci;given-names:A; surname:Tonetti;given-names:L; surname:Fabbri;given-names:M; surname:Martoni;given-names:M. Monitoring Sleep with a Smartphone Accelerometer. Sleep and Biological Rhythms. 2012.			Monitoring Sleep with a Smartphone Accelerometer	2012	accepted-manuscript included-study table explicit row; first-author/year match natale 2012	smartphone passive sensing for health/wellbeing; upstream collection and processing
R005	surname:Chen;given-names:Z; surname:Lin;given-names:M; surname:Chen;given-names:F; surname:Lane;given-names:ND; surname:Cardone;given-names:G; surname:Wang;given-names:R. Unobtrusive Sleep Monitoring Using Smartphones. Proceedings of the 7th International Conference on Pervasive Computing Technologies for Healthcare. 2013.			Unobtrusive Sleep Monitoring Using Smartphones	2013	accepted-manuscript included-study table explicit row; first-author/year match chen 2013	smartphone passive sensing for health/wellbeing; upstream collection and processing
R005	surname:Abdullah;given-names:S; surname:Matthews;given-names:M; surname:Murnane;given-names:EL; surname:Gay;given-names:G; surname:Choudhury;given-names:T. Towards Circadian Computing: “Early to Bed and Early to Rise” Makes Some of Us Unhealthy and Sleep Deprived. Proceedings of the 2014 ACM International Joint Conference on Pervasive and Ubiquitous Computing. 2014.			Towards Circadian Computing: “Early to Bed and Early to Rise” Makes Some of Us Unhealthy and Sleep Deprived	2014	accepted-manuscript included-study table explicit row; first-author/year match abdullah 2014	smartphone passive sensing for health/wellbeing; upstream collection and processing
R005	surname:Min;given-names:J-K; surname:Doryab;given-names:A; surname:Wiese;given-names:J; surname:Amini;given-names:S; surname:Zimmerman;given-names:J; surname:Hong;given-names:JI. Toss ‘N’ Turn: Smartphone as Sleep and Sleep Quality Detector. Proceedings of the SIGCHI Conference on Human Factors in Computing Systems. 2014.			Toss ‘N’ Turn: Smartphone as Sleep and Sleep Quality Detector	2014	accepted-manuscript included-study table explicit row; first-author/year match min 2014	smartphone passive sensing for health/wellbeing; upstream collection and processing
R005	surname:Bhat;given-names:S; surname:Ferraris;given-names:A; surname:Gupta;given-names:D; surname:Mozafarian;given-names:M; surname:DeBari;given-names:VA; surname:Gushway-Henry;given-names:N. Is There a Clinical Role For Smartphone Sleep Apps? Comparison of Sleep Cycle Detection by a Smartphone Application to Polysomnography. J Clin Sleep Med. 2015.		25766719	Is There a Clinical Role For Smartphone Sleep Apps? Comparison of Sleep Cycle Detection by a Smartphone Application to Polysomnography	2015	accepted-manuscript included-study table explicit row; first-author/year match bhat 2015	smartphone passive sensing for health/wellbeing; upstream collection and processing
R005	surname:Rabbi;given-names:M; surname:Aung;given-names:MH; surname:Zhang;given-names:M; surname:Choudhury;given-names:T. MyBehavior: Automatic Personalized Health Feedback from User Behaviors and Preferences Using Smartphones. Proceedings of the 2015 ACM International Joint Conference on Pervasive and Ubiquitous Computing. 2015.			MyBehavior: Automatic Personalized Health Feedback from User Behaviors and Preferences Using Smartphones	2015	accepted-manuscript included-study table explicit row; first-author/year match rabbi 2015	smartphone passive sensing for health/wellbeing; upstream collection and processing
R005	surname:Rabbi;given-names:M; surname:Pfammatter;given-names:A; surname:Zhang;given-names:M; surname:Spring;given-names:B; surname:Choudhury;given-names:T. Automated Personalized Feedback for Physical Activity and Dietary Behavior Change With Mobile Phones: A Randomized Controlled Trial on Adults. Jmir Mhealth and Uhealth. 2015.			Automated Personalized Feedback for Physical Activity and Dietary Behavior Change With Mobile Phones: A Randomized Controlled Trial on Adults	2015	accepted-manuscript included-study table explicit row; first-author/year match rabbi 2015	smartphone passive sensing for health/wellbeing; upstream collection and processing
R005	surname:Eskes;given-names:P; surname:Spruit;given-names:M; surname:Brinkkemper;given-names:S; surname:Vorstman;given-names:J; surname:Kas;given-names:MJ. The Sociability Score: App-based Social Profiling from a Healthcare Perspective. Computers in Human Behavior. 2016.			The Sociability Score: App-based Social Profiling from a Healthcare Perspective	2016	accepted-manuscript included-study table explicit row; first-author/year match eskes 2016	smartphone passive sensing for health/wellbeing; upstream collection and processing
R005	surname:Kelly;given-names:D; surname:Curran;given-names:K; surname:Caulfield;given-names:B. Automatic Prediction of Health Status using Smartphone Derived Behaviour Profiles. IEEE J Biomed Health Inform. 2017.			Automatic Prediction of Health Status using Smartphone Derived Behaviour Profiles	2017	accepted-manuscript included-study table explicit row; first-author/year match kelly 2017	smartphone passive sensing for health/wellbeing; upstream collection and processing
R005	surname:Lee;given-names:H; surname:Ahn;given-names:H; surname:Choi;given-names:S; surname:Choi;given-names:W. The SAMS: Smartphone Addiction Management System and Verification. J Med Syst. 2014.		24469684	The SAMS: Smartphone Addiction Management System and Verification	2014	accepted-manuscript included-study table explicit row; first-author/year match lee 2014	smartphone passive sensing for health/wellbeing; upstream collection and processing
R005	surname:Naughton;given-names:F; surname:Hopewell;given-names:S; surname:Lathia;given-names:N; surname:Schalbroeck;given-names:R; surname:Brown;given-names:C; surname:Mascolo;given-names:C. A Context-Sensing Mobile Phone App (Q Sense) for Smoking Cessation: A Mixed-Methods Study. JMIR mHealth uHealth. 2016.		27637405	A Context-Sensing Mobile Phone App (Q Sense) for Smoking Cessation: A Mixed-Methods Study	2016	accepted-manuscript included-study table explicit row; first-author/year match naughton 2016	smartphone passive sensing for health/wellbeing; upstream collection and processing
R005	surname:Aranki;given-names:D; surname:Kurillo;given-names:G; surname:Yan;given-names:PS; surname:Liebovitz;given-names:DM; surname:Bajcsy;given-names:R. Real-Time Tele-Monitoring of Patients with Chronic Heart-Failure Using a Smartphone: Lessons Learned. IEEE Transactions on Affective Computing. 2016.			Real-Time Tele-Monitoring of Patients with Chronic Heart-Failure Using a Smartphone: Lessons Learned	2016	accepted-manuscript included-study table explicit row; first-author/year match aranki 2016	smartphone passive sensing for health/wellbeing; upstream collection and processing
R005	surname:Vathsangam;given-names:H; surname:Sukhatme;given-names:GS. Using Phone-Based Activity Monitors to Promote Physical Activity in Older Adults: A Pilot Study. 2014 IEEE Healthcare Innovation Conference (HIC). 2014.			Using Phone-Based Activity Monitors to Promote Physical Activity in Older Adults: A Pilot Study	2014	accepted-manuscript included-study table explicit row; first-author/year match vathsangam 2014	smartphone passive sensing for health/wellbeing; upstream collection and processing
R005	surname:Sanchez;given-names:W; surname:Martinez;given-names:A; surname:Campos;given-names:W; surname:Estrada;given-names:H; surname:Pelechano;given-names:V. Inferring loneliness levels in older adults from smartphones. Journal of Ambient Intelligence and Smart Environments. 2015.			Inferring loneliness levels in older adults from smartphones	2015	accepted-manuscript included-study table explicit row; first-author/year match sanchez 2015	smartphone passive sensing for health/wellbeing; upstream collection and processing
R005	surname:Stutz;given-names:T; surname:Kowar;given-names:T; surname:Kager;given-names:M; surname:Tiefengrabner;given-names:M; surname:Stuppner;given-names:M; surname:Blechert;given-names:J. . Smartphone Based Stress Prediction In: Ricci F, Bontcheva K, Conlan O, Lawless S, editors International Conference on User Modeling, Adaptation, and Personalization. 2015.				2015	accepted-manuscript included-study table explicit row; first-author/year match stutz 2015	smartphone passive sensing for health/wellbeing; upstream collection and processing
R005	surname:Garcia-Ceja;given-names:E; surname:Osmani;given-names:V; surname:Mayora;given-names:O. Automatic Stress Detection in Working Environments From Smartphones’ Accelerometer Data: A First Step. Ieee Journal of Biomedical and Health Informatics. 2016.		26087509	Automatic Stress Detection in Working Environments From Smartphones’ Accelerometer Data: A First Step	2016	accepted-manuscript included-study table explicit row; first-author/year match garcia-ceja 2016	smartphone passive sensing for health/wellbeing; upstream collection and processing
R019	45 Ben-Zeev D. Scherer E.A. Wang R. Xie H. Campbell A.T. Next-generation psychiatric assessment: using smartphone sensors to monitor behavior and mental health Psychiatr. Rehabil. J. 38 2015 218 226 10.1037/prj0000130 25844912 PMC4564327	10.1037/prj0000130	25844912	Next-generation psychiatric assessment: using smartphone sensors to monitor behavior and mental health	2015	main article Table 1 explicit included row Ben-Zeev et al. (2015); matched to bib45	prospective passive smartphone sensing for youth depression/anxiety; sensor/app/screen preprocessing
R019	59 Chikersal P. Doryab A. Tumminia M. Villalba D.K. Dutcher J.M. Liu X. Cohen S. Creswell K.G. Mankoff J. Creswell D.J. Goel M. Dey A.K. Detecting depression and predicting its onset using longitudinal symptoms captured by passive sensing: a machine learning approach with robust feature selection ACM Trans. Comput. Hum. Interact. 28 2021 1 41 10.1145/3422821	10.1145/3422821		Detecting depression and predicting its onset using longitudinal symptoms captured by passive sensing: a machine learning approach with robust feature selection	2021	main article Table 1 explicit included row Chikersal et al. (2021); matched to bib59	prospective passive smartphone sensing for youth depression/anxiety; sensor/app/screen preprocessing
R019	46 Demasi O. Aguilera A. Recht B. Detecting change in depressive symptoms from daily wellbeing questions, personality, and activity IEEE 2016 1 8 10.1109/WH.2016.7764552	10.1109/WH.2016.7764552		Detecting change in depressive symptoms from daily wellbeing questions, personality, and activity	2016	main article Table 1 explicit included row Demasi et al. (2016); matched to bib46	prospective passive smartphone sensing for youth depression/anxiety; sensor/app/screen preprocessing
R019	51 Dissing A.S. Hulvej Rod N. Gerds T.A. Lund R. Smartphone interactions and mental well-being in young adults: a longitudinal study based on objective high-resolution smartphone data Scand. J. Publ. Health 49 2021 325 332 10.1177/1403494820920418 32536319	10.1177/1403494820920418	32536319	Smartphone interactions and mental well-being in young adults: a longitudinal study based on objective high-resolution smartphone data	2021	main article Table 1 explicit included row Dissing et al. (2021); matched to bib51	prospective passive smartphone sensing for youth depression/anxiety; sensor/app/screen preprocessing
R019	53 Elhai J.D. Tiamiyu M.F. Weeks J.W. Levine J.C. Picard K.J. Hall B.J. Depression and emotion regulation predict objective smartphone use measured over one week Pers. Indiv. Differ. 133 2018 21 28			Depression and emotion regulation predict objective smartphone use measured over one week	2018	main article Table 1 explicit included row Elhai et al. (2018); matched to bib53	prospective passive smartphone sensing for youth depression/anxiety; sensor/app/screen preprocessing
R019	60 Farhan A.A. Lu J. Bi J. Russell A. Wang B. Bamis A. Multi-view bi-clustering to identify smartphone sensing features indicative of depression IEEE First International Conference on Connected Health: Applications 2016 Systems and Engineering Technologies (CHASE) 264 273 10.1109/CHASE.2016.27	10.1109/CHASE.2016.27			2016	main article Table 1 explicit included row Farhan, Lu, et al. (2016); matched to bib60	prospective passive smartphone sensing for youth depression/anxiety; sensor/app/screen preprocessing
R019	34 Farhan A.A. Yue C. Morillo R. Ware S. Lu J. Bi J. Kamath J. Russell A. Bamis A. Wang B. Behavior vs. Introspection: Refining Prediction of Clinical Depression via Smartphone Sensing Data 2016 IEEE 1 8 10.1109/WH.2016.7764553	10.1109/WH.2016.7764553			2016	main article Table 1 explicit included row Farhan, Yue, et al. (2016); matched to bib34	prospective passive smartphone sensing for youth depression/anxiety; sensor/app/screen preprocessing
R019	63 Gerych W. Agu E. Rundensteiner E. Classifying depression in imbalanced datasets using an autoencoder- based anomaly detection approach IEEE 13th International Conference on Semantic Computing (ICSC) 2019 124 127 10.1109/ICOSC.2019.8665535	10.1109/ICOSC.2019.8665535			2019	main article Table 1 explicit included row Gerych et al. (2019); matched to bib63	prospective passive smartphone sensing for youth depression/anxiety; sensor/app/screen preprocessing
R019	64 Jacobson N.C. Chung Y.J. Passive sensing of prediction of moment-to-moment depressed mood among undergraduates with clinical levels of depression sample using smartphones Sensors 20 2020 10.3390/s20123572 PMC7349045 32599801	10.3390/s20123572	32599801	Passive sensing of prediction of moment-to-moment depressed mood among undergraduates with clinical levels of depression sample using smartphones	2020	main article Table 1 explicit included row Jacobson & Chung (2020); matched to bib64	prospective passive smartphone sensing for youth depression/anxiety; sensor/app/screen preprocessing
R019	56 Kim J. Hong J. Choi Y. Automatic depression prediction using screen lock/unlock data on the smartphone 18th International Conference on Ubiquitous Robots (UR) 2021 1 4 10.1109/UR52253.2021.9494673	10.1109/UR52253.2021.9494673			2021	main article Table 1 explicit included row Kim et al. (2021); matched to bib56	prospective passive smartphone sensing for youth depression/anxiety; sensor/app/screen preprocessing
R019	37 Li T.M.H. Li C.-T. Wong P.W.C. Cao J. Withdrawal behaviors and mental health among college students Behavioral Psychology/Psicología Conductual: Revista Internacional Clínica y de la Salud 25 2017 99 109			Withdrawal behaviors and mental health among college students	2017	main article Table 1 explicit included row Li et al. (2017); matched to bib37	prospective passive smartphone sensing for youth depression/anxiety; sensor/app/screen preprocessing
R019	31 Lu J. Shang C. Yue C. Morillo R. Ware S. Kamath J. Bamis A. Russell A. Wang B. Bi J. Joint modeling of heterogeneous sensing data for depression assessment via multi-task learning Proceedings of the ACM on Interactive, Mobile, Wearable and Ubiquitous Technologies 2 2018 1 21 10.1145/3191753	10.1145/3191753		Joint modeling of heterogeneous sensing data for depression assessment via multi-task learning	2018	main article Table 1 explicit included row Lu et al. (2018); matched to bib31	prospective passive smartphone sensing for youth depression/anxiety; sensor/app/screen preprocessing
R019	32 Saeb S. Lattie E.G. Schueller S.M. Kording K.P. Mohr D.C. The relationship between mobile phone location sensor data and depressive symptom severity PeerJ 4 2016 e2537 10.7717/peerj.2537 PMC5361882 28344895	10.7717/peerj.2537	28344895	The relationship between mobile phone location sensor data and depressive symptom severity	2016	main article Table 1 explicit included row Saeb et al. (2016); matched to bib32	prospective passive smartphone sensing for youth depression/anxiety; sensor/app/screen preprocessing
R019	47 Wang R. Chen F. Chen Z. Li T. Harari G. Tignor S. Zhou X. Ben-Zeev D. Campbell A.T. Comp Assoc Studentlife M. Assessing mental health, academic performance and behavioral trends of college students using smartphones Proceedings of the 2014 ACM International Joint Conference on Pervasive and Ubiquitous Computing 2014 3 14 10.1145/2632048.2632054	10.1145/2632048.2632054			2014	main article Table 1 explicit included row Wang, Chen et al. (2014); matched to bib47	prospective passive smartphone sensing for youth depression/anxiety; sensor/app/screen preprocessing
R019	36 Wang R. Wang W. daSilva A. Huckins J.F. Kelley W.M. Heatherton T.F. Campbell A.T. Tracking depression dynamics in college students using mobile phone and wearable sensing Proceedings of the ACM on Interactive, Mobile, Wearable and Ubiquitous Technologies 2 2018 1 26 10.1145/3191775	10.1145/3191775		Tracking depression dynamics in college students using mobile phone and wearable sensing	2018	main article Table 1 explicit included row Wang, Wang, et al. (2018); matched to bib36	prospective passive smartphone sensing for youth depression/anxiety; sensor/app/screen preprocessing
R019	61 Ware S. Yue C. Morillo R. Lu J. Shang C. Bi J. Kamath J. Russell A. Bamis A. Wang B. Predicting depressive symptoms using smartphone data Smart Health 15 2020 10.1016/j.smhl.2019.100093 PMC7544007 33043105	10.1016/j.smhl.2019.100093	33043105	Predicting depressive symptoms using smartphone data	2020	main article Table 1 explicit included row Ware, Yue, et al. (2019); matched to bib61	prospective passive smartphone sensing for youth depression/anxiety; sensor/app/screen preprocessing
R019	48 Xu X. Chikersal P. Doryab A. Villalba D.K. Dutcher J.M. Tumminia M.J. Althoff T. Cohen S. Creswell K.G. Creswell D.J. Mankoff J. Dey A.K. Leveraging routine behavior and contextually-filtered features for depression detection among college students Proceedings of the ACM on Interactive, Mobile, Wearable and Ubiquitous Technologies 3 2019 1 33 10.1145/3351274	10.1145/3351274		Leveraging routine behavior and contextually-filtered features for depression detection among college students	2019	main article Table 1 explicit included row Xu, Chikersal, Doryab, et al. (2019); matched to bib48	prospective passive smartphone sensing for youth depression/anxiety; sensor/app/screen preprocessing
R019	62 Xu X. Chikersal P. Dutcher J.M. Sefidgar Y.S. Seo W. Tumminia M.J. Villalba D.K. Cohen S. Creswell K.G. Creswell D.J. Doryab A. Nurius P.S. Riskin E. Dey A.K. Mankoff J. Leveraging collaborative-filtering for personalized behavior modeling: a case study of depression detection among college students Proceedings of the ACM on Interactive, Mobile, Wearable and Ubiquitous Technologies vol. 5 2021 1 27 10.1145/3448107	10.1145/3448107			2021	main article Table 1 explicit included row Xu, Chikersal, Dutcher, et al. (2021); matched to bib62	prospective passive smartphone sensing for youth depression/anxiety; sensor/app/screen preprocessing
R019	57 Yang Z. Mo X. Shi D. Wang R. Mining relationships between mental health, academic performance and human behaviour 2017 IEEE SmartWorld, Ubiquitous Intelligence & Computing, Advanced & Trusted Computed, Scalable Computing & Communications, Cloud & Big Data Computing, Internet of People and Smart City Innovation 2017 SmartWorld/SCALCOM/UIC/ATC/CBDCom/IOP/SCI) 1 8 10.1109/UIC-ATC.2017.8397544	10.1109/UIC-ATC.2017.8397544			2017	main article Table 1 explicit included row Yang, Mo, et al. (2017); matched to bib57	prospective passive smartphone sensing for youth depression/anxiety; sensor/app/screen preprocessing
R019	33 Yue C. Ware S. Morillo R. Lu J. Shang C. Bi J. Kamath J. Russell A. Bamis A. Wang B. Fusing location data for depression prediction IEEE Transactions on Big Data 7 2017 355 370 10.1109/UIC-ATC.2017.8397515 PMC9053381 35498556	10.1109/UIC-ATC.2017.8397515	35498556	Fusing location data for depression prediction	2017	main article Table 1 explicit included row Yue et al. (2017); matched to bib33	prospective passive smartphone sensing for youth depression/anxiety; sensor/app/screen preprocessing
R019	39 Boukhechba M. Chow P. Fua K. Teachman B.A. Barnes L.E. Predicting social anxiety from global positioning system traces of college students: feasibility study JMIR Ment Health 5 2018 e10101 10.2196/10101 PMC6053606 29973337	10.2196/10101	29973337	Predicting social anxiety from global positioning system traces of college students: feasibility study	2018	main article Table 1 explicit included row Boukhechba, Chow, et al. (2018); matched to bib39	prospective passive smartphone sensing for youth depression/anxiety; sensor/app/screen preprocessing
R019	42 Boukhechba M. Huang Y. Chow P. Fua K. Teachman B.A. Barnes L.E. Monitoring social anxiety from mobility and communication patterns Proceedings of the 2017 ACM International Joint Conference on Pervasive and Ubiquitous Computing and Proceedings of the 2017 ACM International Symposium on Wearable Computers 2017 749 753 10.1145/3123024.3125607	10.1145/3123024.3125607			2017	main article Table 1 explicit included row Boukhechba, Huang, et al. (2017); matched to bib42	prospective passive smartphone sensing for youth depression/anxiety; sensor/app/screen preprocessing
R019	58 Fukazawa Y. Ito T. Okimura T. Yamashita Y. Maeda T. Ota J. Predicting anxiety state using smartphone-based passive sensing J. Biomed. Inf. 93 2019 103151 10.1016/j.jbi.2019.103151 30880254	10.1016/j.jbi.2019.103151	30880254	Predicting anxiety state using smartphone-based passive sensing	2019	main article Table 1 explicit included row Fukazawa et al. (2019); matched to bib58	prospective passive smartphone sensing for youth depression/anxiety; sensor/app/screen preprocessing
R019	50 Gong J. Huang Y. Chow P.I. Fua K. Gerber M.S. Teachman B.A. Barnes L.E. Understanding behavioral dynamics of social anxiety among college students through smartphone sensors Inf. Fusion 49 2019 57 68 10.1016/j.inffus.2018.09.002	10.1016/j.inffus.2018.09.002		Understanding behavioral dynamics of social anxiety among college students through smartphone sensors	2019	main article Table 1 explicit included row Gong et al. (2019); matched to bib50	prospective passive smartphone sensing for youth depression/anxiety; sensor/app/screen preprocessing
R019	44 Huang Y. Xiong H. Leach K. Zhang Y. Chow P. Fua K. Teachman B.A. Barnes L.E. Assessing social anxiety using gps trajectories and point-of-interest data Proceedings of the 2016 ACM International Joint Conference on Pervasive and Ubiquitous Computing 2016 898 903 10.1145/2971648.2971761	10.1145/2971648.2971761			2016	main article Table 1 explicit included row Huang et al. (2016); matched to bib44	prospective passive smartphone sensing for youth depression/anxiety; sensor/app/screen preprocessing
R019	65 Yang M. Tang J. Wu Y. Liu Z. Hu X. Hu B. A behaviour patterns extraction method for recognizing generalized anxiety disorder 2020 IEEE International Conference on E-Health Networking, Application & Services (HEALTHCOM) 2021 1 4 10.1109/HEALTHCOM49281.2021.9398995	10.1109/HEALTHCOM49281.2021.9398995			2021	main article Table 1 explicit included row Yang, Tang, et al. (2021); matched to bib65	prospective passive smartphone sensing for youth depression/anxiety; sensor/app/screen preprocessing
R019	38 Boukhechba M. Daros A.R. Fua K. Chow P.I. Teachman B.A. Barnes L.E. Demonicsalmon: monitoring mental health and social interactions of college students using smartphones Smart Health 9–10 2018 192 203 10.1016/j.smhl.2018.07.005	10.1016/j.smhl.2018.07.005		Demonicsalmon: monitoring mental health and social interactions of college students using smartphones	2018	main article Table 1 explicit included row Boukhechba, Daros, et al. (2018); matched to bib38	prospective passive smartphone sensing for youth depression/anxiety; sensor/app/screen preprocessing
R019	35 Cao J. Anh Lan T. Banu S. Shah A.A. Sabharwal A. Moukaddam N. Tracking and predicting depressive symptoms of adolescents using smartphone-based self-reports, parental evaluations, and passive phone sensor data: development and usability study JMIR Ment Health 7 2020 10.2196/14045 PMC7007590 32012072	10.2196/14045	32012072	Tracking and predicting depressive symptoms of adolescents using smartphone-based self-reports, parental evaluations, and passive phone sensor data: development and usability study	2020	main article Table 1 explicit included row Cao et al. (2020); matched to bib35	prospective passive smartphone sensing for youth depression/anxiety; sensor/app/screen preprocessing
R019	40 Chow P.I. Fua K. Huang Y. Bonelli W. Xiong H. Barnes L.E. Teachman B.A. Using mobile sensing to test clinical models of depression, social anxiety, state affect, and social isolation among college students J. Med. Internet Res. 19 2017 e62 10.2196/jmir.6820 28258049 PMC5357317	10.2196/jmir.6820	28258049	Using mobile sensing to test clinical models of depression, social anxiety, state affect, and social isolation among college students	2017	main article Table 1 explicit included row Chow et al. (2017); matched to bib40	prospective passive smartphone sensing for youth depression/anxiety; sensor/app/screen preprocessing
R019	43 Knight A. Bidargaddi N. Commonly available activity tracker apps and wearables as a mental health outcome indicator: a prospective observational cohort study among young adults with psychological distress J. Affect. Disord. 236 2018 31 36 10.1016/j.jad.2018.04.099 29709718	10.1016/j.jad.2018.04.099	29709718	Commonly available activity tracker apps and wearables as a mental health outcome indicator: a prospective observational cohort study among young adults with psychological distress	2018	main article Table 1 explicit included row Knight & Bidargaddi (2018); matched to bib43	prospective passive smartphone sensing for youth depression/anxiety; sensor/app/screen preprocessing
R019	49 MacLeod L. Suruliraj B. Gall D. Bessenyei K. Hamm S. Romkey I. Bagnell A. Mattheisen M. Muthukumaraswamy V. Orji R. Meier S. A mobile sensing app to monitor youth mental health: observational pilot study JMIR Mhealth Uhealth 9 2021 e20638 10.2196/20638 PMC8579216 34698650	10.2196/20638	34698650	A mobile sensing app to monitor youth mental health: observational pilot study	2021	main article Table 1 explicit included row MacLeod et al. (2021); matched to bib49	prospective passive smartphone sensing for youth depression/anxiety; sensor/app/screen preprocessing
R019	41 Melcher J. Lavoie J. Hays R. D'Mello R. Rauseo-Ricupero N. Camacho E. Rodriguez-Villa E. Wisniewski H. Lagan S. Vaidyam A. Torous J. Digital phenotyping of student mental health during covid-19: an observational study of 100 college students J. Am. Coll. Health 2021 10.1080/07448481.2021.1905650 33769927	10.1080/07448481.2021.1905650	33769927	Digital phenotyping of student mental health during covid-19: an observational study of 100 college students	2021	main article Table 1 explicit included row Melcher et al. (2021); matched to bib41	prospective passive smartphone sensing for youth depression/anxiety; sensor/app/screen preprocessing
R019	52 Rozgonjuk D. Levine J.C. Hall B.J. Elhai J.D. The association between problematic smartphone use, depression and anxiety symptom severity, and objectively measured smartphone use over one week Comput. Hum. Behav. 87 2018 10 17			The association between problematic smartphone use, depression and anxiety symptom severity, and objectively measured smartphone use over one week	2018	main article Table 1 explicit included row Rozgonjuk et al. (2018); matched to bib52	prospective passive smartphone sensing for youth depression/anxiety; sensor/app/screen preprocessing
R019	54 Shoval D. Tal N. Tzischinsky O. Relationship of smartphone use at night with sleep quality and psychological well-being among healthy students: a pilot study Sleep Health 6 2020 495 497 10.1016/j.sleh.2020.01.011 32336603	10.1016/j.sleh.2020.01.011	32336603	Relationship of smartphone use at night with sleep quality and psychological well-being among healthy students: a pilot study	2020	main article Table 1 explicit included row Shoval et al. (2020); matched to bib54	prospective passive smartphone sensing for youth depression/anxiety; sensor/app/screen preprocessing
R017	J.D. Berry, S. Paganoni, K. Carlson, K. Burke, H. Weber, P. Staples, J. Salinas, J. Chan, J.R. Green, K. Connaghan, J. Barback, J.P. Onnela, Design and results of a smartphone-based digital phenotyping study to quantify ALS progression, Ann. Clin. Transl. Neurol. 6 (2019) 873–881.				2019	main article Table 2 explicit included row [6] (correct set is ref 6 plus refs 23–61)	passive smartphone digital phenotyping; raw sensor collection, feature extraction, and preprocessing
R017	S. Abdullah, M. Matthews, E. Frank, G. Doherty, G. Gay, T. Choudhury, Automatic detection of social rhythms in bipolar disorder, J. Am. Med. Inform. Assoc. 23 (2016) 538–543.				2016	main article Table 2 explicit included row [23] (correct set is ref 6 plus refs 23–61)	passive smartphone digital phenotyping; raw sensor collection, feature extraction, and preprocessing
R017	I. Barnett, J. Torous, P. Staples, L. Sandoval, M. Keshavan, J.-P. Onnela, Relapse prediction in schizophrenia through digital phenotyping: A pilot study, Neuropsychopharmacology 43 (2018) 1660–1666.				2018	main article Table 2 explicit included row [24] (correct set is ref 6 plus refs 23–61)	passive smartphone digital phenotyping; raw sensor collection, feature extraction, and preprocessing
R017	D. Ben-Zeev, E.A. Scherer, R. Wang, H. Xie, A.T. Campbell, Next-generation psychiatric assessment: Using smartphone sensors to monitor behavior and mental health, Psychiatr. Rehabil. J. 38 (2015) 218–226.				2015	main article Table 2 explicit included row [25] (correct set is ref 6 plus refs 23–61)	passive smartphone digital phenotyping; raw sensor collection, feature extraction, and preprocessing
R017	M. Boukhechba, P. Chow, K. Fua, B.A. Teachman, L.E. Barnes, Predicting social anxiety from global positioning system traces of college students: feasibility study, JMIR mental health 5 (2018) e10101.				2018	main article Table 2 explicit included row [26] (correct set is ref 6 plus refs 23–61)	passive smartphone digital phenotyping; raw sensor collection, feature extraction, and preprocessing
R017	M. Boukhechba, A.R. Daros, K. Fua, P.I. Chow, B.A. Teachman, L.E. Barnes, DemonicSalmon: Monitoring mental health and social interactions of college students using smartphones, Smart Health 9–10 (2018) 192–203.				2018	main article Table 2 explicit included row [27] (correct set is ref 6 plus refs 23–61)	passive smartphone digital phenotyping; raw sensor collection, feature extraction, and preprocessing
R017	L. Canzian, M. Musolesi, Trajectories of depression: Unobtrusive monitoring of depressive states by means of smartphone mobility traces analysis, in: 3rd ACM International Joint Conference on Pervasive and Ubiquitous Computing, 2015, 1293-1304.				2015	main article Table 2 explicit included row [28] (correct set is ref 6 plus refs 23–61)	passive smartphone digital phenotyping; raw sensor collection, feature extraction, and preprocessing
R017	J. Cao, A.L. Truong, S. Banu, A.A. Shah, A. Sabharwal, N. Moukaddam, Tracking and Predicting Depressive Symptoms of Adolescents Using Smartphone-Based Self- Reports, Parental Evaluations, and Passive Phone Sensor Data: Development and Usability Study, JMIR Ment Health 7 (2020) e14045.				2020	main article Table 2 explicit included row [29] (correct set is ref 6 plus refs 23–61)	passive smartphone digital phenotyping; raw sensor collection, feature extraction, and preprocessing
R017	P. Fraccaro, S. Lavery-Blackie, S.N. Van der Veer, N. Peek, Behavioural Phenotyping of Daily Activities Relevant to Social Functioning Based on Smartphone-Collected Geolocation Data, Stud. Health Technol. Inform. 264 (2019) 945–949.				2019	main article Table 2 explicit included row [30] (correct set is ref 6 plus refs 23–61)	passive smartphone digital phenotyping; raw sensor collection, feature extraction, and preprocessing
R017	Y. Gao, A. Li, T. Zhu, X. Liu, X. Liu, How smartphone usage correlates with social anxiety and loneliness, PeerJ 4 (2016) e2197.				2016	main article Table 2 explicit included row [31] (correct set is ref 6 plus refs 23–61)	passive smartphone digital phenotyping; raw sensor collection, feature extraction, and preprocessing
R017	J. Gong, Y. Huang, P.I. Chow, K. Fua, M.S. Gerber, B.A. Teachman, L.E. Barnes, Understanding behavioral dynamics of social anxiety among college students through smartphone sensors, Inf. Fusion 49 (2019) 57–68.				2019	main article Table 2 explicit included row [32] (correct set is ref 6 plus refs 23–61)	passive smartphone digital phenotyping; raw sensor collection, feature extraction, and preprocessing
R017	P. Henson, I. Barnett, M. Keshavan, J. Torous, Towards clinically actionable digital phenotyping targets in schizophrenia, npj Schizophrenia 6 (1) (2020) 13.				2020	main article Table 2 explicit included row [33] (correct set is ref 6 plus refs 23–61)	passive smartphone digital phenotyping; raw sensor collection, feature extraction, and preprocessing
R017	J. He-Yueya, B. Buck, A. Campbell, T. Choudhury, J.M. Kane, D. Ben-Zeev, T. Althoff, Assessing the relationship between routine and schizophrenia symptoms with passively sensed measures of behavioral stability, npj Schizophrenia 6 (35) (2020) 35.				2020	main article Table 2 explicit included row [34] (correct set is ref 6 plus refs 23–61)	passive smartphone digital phenotyping; raw sensor collection, feature extraction, and preprocessing
R017	Y. Huang, H. Xiong, K. Leach, Y. Zhang, P. Chow, K. Fua, B.A. Teachman, L.E. Barnes, Assessing social anxiety using GPS trajectories and point-of-interest data, in: ACM International Joint Conference on Pervasive and Ubiquitous Computing, 2016, 898-903.				2016	main article Table 2 explicit included row [35] (correct set is ref 6 plus refs 23–61)	passive smartphone digital phenotyping; raw sensor collection, feature extraction, and preprocessing
R017	M.T. Masud, M.A. Mamun, K. Thapa, D.H. Lee, M.D. Griffiths, S.H. Yang, Unobtrusive monitoring of behavior and movement patterns to detect clinical depression severity level via smartphone, J. Biomed. Inform. 103 (2020), 103371.				2020	main article Table 2 explicit included row [36] (correct set is ref 6 plus refs 23–61)	passive smartphone digital phenotyping; raw sensor collection, feature extraction, and preprocessing
R017	M.T. Masud, N. Rahman, A. Alam, M.D. Griffiths, M. Alamin, Non-Pervasive Monitoring of Daily-Life Behavior to Access Depressive Symptom Severity Via Smartphone Technology, 2020 IEEE Region 10 Symposium (TENSYMP) (2020) 602-607.				2020	main article Table 2 explicit included row [37] (correct set is ref 6 plus refs 23–61)	passive smartphone digital phenotyping; raw sensor collection, feature extraction, and preprocessing
R017	S. Rhim, U. Lee, K. Han, Tracking and modeling subjective well-being using smartphone-based digital phenotype, Proceedings of the 28th ACM Conference on User Modeling, Adaptation and Personalization (2020) 211-220.				2020	main article Table 2 explicit included row [38] (correct set is ref 6 plus refs 23–61)	passive smartphone digital phenotyping; raw sensor collection, feature extraction, and preprocessing
R017	S. Saeb, E.G. Lattie, K.P. Kording, D.C. Mohr, Mobile phone detection of semantic location and its relationship to depression and anxiety, JMIR mHealth and uHealth 5 (8) (2017) e7297.				2017	main article Table 2 explicit included row [39] (correct set is ref 6 plus refs 23–61)	passive smartphone digital phenotyping; raw sensor collection, feature extraction, and preprocessing
R017	S. Saeb, E.G. Lattie, S.M. Schueller, K.P. Kording, D.C. Mohr, The relationship between mobile phone location sensor data and depressive symptom severity, PeerJ 4 (2016) e2537.				2016	main article Table 2 explicit included row [40] (correct set is ref 6 plus refs 23–61)	passive smartphone digital phenotyping; raw sensor collection, feature extraction, and preprocessing
R017	S. Saeb, M. Zhang, C.J. Karr, S.M. Schueller, M.E. Corden, K.P. Kording, D.C. Mohr, Mobile phone sensor correlates of depressive symptom severity in daily-life behavior: An exploratory study, J. Med. Internet Res. 17 (7) (2015) e4273.				2015	main article Table 2 explicit included row [41] (correct set is ref 6 plus refs 23–61)	passive smartphone digital phenotyping; raw sensor collection, feature extraction, and preprocessing
R017	S. Saeb, M. Zhang, M. Kwasny, C.J. Karr, K. Kording, D.C. Mohr, The relationship between clinical, momentary, and sensor-based assessment of depression, in: 2015 9th International Conference on Pervasive Computing Technologies for Healthcare (PervasiveHealth), IEEE (2015) 229-232.				2015	main article Table 2 explicit included row [42] (correct set is ref 6 plus refs 23–61)	passive smartphone digital phenotyping; raw sensor collection, feature extraction, and preprocessing
R017	A. Sarda, S. Munuswamy, S. Sarda, V. Subramanian, Using Passive Smartphone Sensing for Improved Risk Stratification of Patients With Depression and Diabetes: Cross-Sectional Observational Study, JMIR Mhealth Uhealth 7 (1) (2019) e11041.				2019	main article Table 2 explicit included row [43] (correct set is ref 6 plus refs 23–61)	passive smartphone digital phenotyping; raw sensor collection, feature extraction, and preprocessing
R017	V.K. Singh, R. Goyal, S. Wu, Riskalyzer: Inferring Individual Risk-Taking Propensity Using Phone Metadata, Proceedings of the ACM on Interactive, Mobile, Wearable and Ubiquitous Technologies 2 (2018) 1-21.				2018	main article Table 2 explicit included row [44] (correct set is ref 6 plus refs 23–61)	passive smartphone digital phenotyping; raw sensor collection, feature extraction, and preprocessing
R017	S.S. Thakur, R.B. Roy, Predicting mental health using smart-phone usage and sensor data, J. Ambient Intell. Human Comput. 12 (2021) 9145–9161.				2021	main article Table 2 explicit included row [45] (correct set is ref 6 plus refs 23–61)	passive smartphone digital phenotyping; raw sensor collection, feature extraction, and preprocessing
R017	C. Yue, S. Ware, R. Morillo, J. Lu, C. Shang, J. Bi, J. Kamath, A. Russell, A. Bamis, B. Wang, Automatic Depression Prediction Using Internet Traffic Characteristics on Smartphones, Smart Health 18 (2020), 100137.				2020	main article Table 2 explicit included row [46] (correct set is ref 6 plus refs 23–61)	passive smartphone digital phenotyping; raw sensor collection, feature extraction, and preprocessing
R017	T.W. Boonstra, M.E. Larsen, H. Christensen, Mapping dynamic social networks in real life using participants’ own smartphones, Heliyon 1 (3) (2015) e00037.				2015	main article Table 2 explicit included row [47] (correct set is ref 6 plus refs 23–61)	passive smartphone digital phenotyping; raw sensor collection, feature extraction, and preprocessing
R017	T.W. Boonstra, A. Werner-Seidler, B. O’Dea, M.E. Larsen, H. Christensen, Smartphone app to investigate the relationship between social connectivity and mental health, Annu Int Conf IEEE Eng Med Biol Soc. (2017) 287-290.				2017	main article Table 2 explicit included row [48] (correct set is ref 6 plus refs 23–61)	passive smartphone digital phenotyping; raw sensor collection, feature extraction, and preprocessing
R017	G. Pulekar, E. Agu, Autonomously sensing loneliness and its interactions with personality traits using smartphones, 2016 IEEE Healthcare Innovation Point-Of- Care Technologies Conference (HI-POCT), IEEE (2016) 134-137.				2016	main article Table 2 explicit included row [49] (correct set is ref 6 plus refs 23–61)	passive smartphone digital phenotyping; raw sensor collection, feature extraction, and preprocessing
R017	G.M. Harari, S.D. Gosling, R. Wang, F. Chen, Z. Chen, A.T. Campbell, Patterns of behavior change in students over an academic term: A preliminary study of activity and sociability behaviors using smartphone sensing methods, Comput. Hum. Behav. 67 (2017) 129–138.				2017	main article Table 2 explicit included row [50] (correct set is ref 6 plus refs 23–61)	passive smartphone digital phenotyping; raw sensor collection, feature extraction, and preprocessing
R017	A.S. Dissing, N. Hulvej Rod, T.A. Gerds, R. Lund, Smartphone interactions and mental well-being in young adults: A longitudinal study based on objective high- resolution smartphone data, Scand. J. Public Health. 49 (2020) 325–332.				2020	main article Table 2 explicit included row [51] (correct set is ref 6 plus refs 23–61)	passive smartphone digital phenotyping; raw sensor collection, feature extraction, and preprocessing
R017	E.M. Messner, R. Sariyska, B. Mayer, C. Montag, C. Kannen, A. Schwerdtfeger, H. Baumeister, Insights - Future Implications of Passive Smartphone Sensing in the Therapeutic Context, Verhaltenstherapie (2019) 1–10.				2019	main article Table 2 explicit included row [52] (correct set is ref 6 plus refs 23–61)	passive smartphone digital phenotyping; raw sensor collection, feature extraction, and preprocessing
R017	Y. Huang, J. Gong, M. Rucker, P. Chow, K. Fua, M.S. Gerber, B. Teachman, L.E. Barnes, Discovery of behavioral markers of social anxiety from smartphone sensor data, 1st ACM Workshop on Digital Biomarkers (2017) 9-14.				2017	main article Table 2 explicit included row [53] (correct set is ref 6 plus refs 23–61)	passive smartphone digital phenotyping; raw sensor collection, feature extraction, and preprocessing
R017	S. King, M. Ebraheem, K. Zanna, T. Neal, Learning a Privacy-Preserving Global Feature Set for Mood Classification Using Smartphone Activity and Sensor Data, 15th IEEE International Conference on Automatic Face and Gesture Recognition (2020) 582-586.				2020	main article Table 2 explicit included row [54] (correct set is ref 6 plus refs 23–61)	passive smartphone digital phenotyping; raw sensor collection, feature extraction, and preprocessing
R017	K.A. Ryan, P. Babu, R. Easter, E. Saunders, A.J. Lee, P. Klasnja, L. Verchinina, V. Micol, B. Doil, M.G. McInnis, A.M. Kilbourne, A smartphone app to monitor mood symptoms in bipolar disorder: Development and usability study, JMIR Mental Health 7 (9) (2020) e19476.				2020	main article Table 2 explicit included row [55] (correct set is ref 6 plus refs 23–61)	passive smartphone digital phenotyping; raw sensor collection, feature extraction, and preprocessing
R017	S. Stanislaus, M. Vinberg, S. Melbye, M. Frost, J. Busk, J.E. Bardram, L.V. Kessing, M. Faurholt-Jepsen, Smartphone-based activity measurements in patients with newly diagnosed bipolar disorder, unaffected relatives and control individuals, Int. J. Bipolar Disord. 8 (2020) 1–14. K. Lee et al. International Journal of Medical Informatics 174 (2023) 105061 12				2020	main article Table 2 explicit included row [56] (correct set is ref 6 plus refs 23–61)	passive smartphone digital phenotyping; raw sensor collection, feature extraction, and preprocessing
R017	P. Henson, E. Rodriguez-Villa, J. Torous, Investigating Associations Between Screen Time and Symptomatology in Individuals With Serious Mental Illness: Longitudinal Observational Study, J Med Internet Res. 23 (2021) e23144.				2021	main article Table 2 explicit included row [57] (correct set is ref 6 plus refs 23–61)	passive smartphone digital phenotyping; raw sensor collection, feature extraction, and preprocessing
R017	R. Wang, W. Wang, M.S. Aung, D. Ben-Zeev, R. Brian, A. Campbell, T. Choudhury, M. Hauser, J. Kane, E. Scherer, M. Walsh, Predicting symptom trajectories of schizophrenia using mobile sensing, Proceedings of the ACM on Interactive, Mobile, Wearable and Ubiquitous Technologies 1(3) (2017) 1-24.				2017	main article Table 2 explicit included row [58] (correct set is ref 6 plus refs 23–61)	passive smartphone digital phenotyping; raw sensor collection, feature extraction, and preprocessing
R017	O. Demasi, S. Feygin, A. Dembo, A. Aguilera, B. Recht, Well-being tracking via smartphone-measured activity and sleep: Cohort study, JMIR mHealth and uHealth 5 (10) (2017) e7820.				2017	main article Table 2 explicit included row [59] (correct set is ref 6 plus refs 23–61)	passive smartphone digital phenotyping; raw sensor collection, feature extraction, and preprocessing
R017	D. Kelly, B. Caulfield, K. Curran, Crowdsourced data collection of physical activity and health status, in: An App Solution, International Conference on Wireless Mobile Communication and Healthcare, Springer, 2016, pp. 151–159.				2016	main article Table 2 explicit included row [60] (correct set is ref 6 plus refs 23–61)	passive smartphone digital phenotyping; raw sensor collection, feature extraction, and preprocessing
R017	P. Staples, J. Torous, I. Barnett, K. Carlson, L. Sandoval, M. Keshavan, J.P. Onnela, A comparison of passive and active estimates of sleep in a cohort with schizophrenia, npj Schizophrenia 3 (1) (2017) 37.				2017	main article Table 2 explicit included row [61] (correct set is ref 6 plus refs 23–61)	passive smartphone digital phenotyping; raw sensor collection, feature extraction, and preprocessing
R019	55 Jacobson N.C. Summers B. Wilhelm S. Digital biomarkers of social anxiety severity: digital phenotyping using passive smartphone sensors J. Med. Internet Res. 22 2020 e16875 10.2196/16875 PMC7293055 32348284	10.2196/16875	32348284	Digital biomarkers of social anxiety severity: digital phenotyping using passive smartphone sensors	2020	main article Table 1 explicit row Jacobson et al. (2020); disambiguated from Jacobson & Chung as bibliography bib55	prospective passive smartphone sensing for youth social anxiety; sensor/app/screen preprocessing
R007	Aubrey D Gower; Megan A Moreno. A Novel Approach to Evaluating Mobile Smartphone Screen Time for iPhones: Feasibility and Preliminary Findings. JMIR mHealth and uHealth. 2018. DOI 10.2196/11012.	10.2196/11012		A Novel Approach to Evaluating Mobile Smartphone Screen Time for iPhones: Feasibility and Preliminary Findings	2018	Browne supplement database/grey included-source tables and supplement reference list; objective/device candidate explicitly audited	objective smartphone screen logging, passive device sensing, RFID TV, or XMobiSense; upstream measurement relevant
R007	Mohammad Ali Alahmadi. Direct Measurement of TV Viewing Time and Physical Activity in Children - A Pilot Study. Proceedings of the 3rd International Congress on Sport Sciences Research and Technology Support. 2015. DOI 10.5220/0005611401450149.	10.5220/0005611401450149		Direct Measurement of TV Viewing Time and Physical Activity in Children - A Pilot Study	2015	Browne supplement database/grey included-source tables and supplement reference list; objective/device candidate explicitly audited	objective smartphone screen logging, passive device sensing, RFID TV, or XMobiSense; upstream measurement relevant
R007	Cedric Busschaert; Ilse De Bourdeaudhuij; Veerle Van Holle; Sebastien FM Chastin; Greet Cardon; Katrien De Cocker. Reliability and validity of three questionnaires measuring context-specific sedentary behaviour and associated correlates in adolescents, adults and older adults. International Journal of Behavioral Nutrition and Physical Activity. 2015. DOI 10.1186/s12966-015-0277-2.	10.1186/s12966-015-0277-2		Reliability and validity of three questionnaires measuring context-specific sedentary behaviour and associated correlates in adolescents, adults and older adults	2015	Browne supplement database/grey included-source tables and supplement reference list; objective/device candidate explicitly audited	objective smartphone screen logging, passive device sensing, RFID TV, or XMobiSense; upstream measurement relevant
R007	Geertje Goedhart; Luuk van Wel; Chelsea E. Langer; Patricia de Llobet Viladoms; Joe Wiart; Martine Hours; Hans Kromhout; Geza Benke; Evdoxia Bouka; Revital Bruchim; Kyung-Hwa Choi; Amanda Eng; Mina Ha; Anke Huss; Kosuke Kiyohara; Noriko Kojimahara; Daniel Krewski; Brigitte Lacour; Andrea ‘t Mannetje; Milena Maule; Enrica Migliore; Charmaine Mohipp; Franco Momoli; Eleni Th. Petridou; Katja Radon; Thomas Remen; Siegal Sadetzki; Malcolm Sim; Tobias Weinmann; Elisabeth Cardis; Martine Vrijheid; Roel Vermeulen. Recall of mobile phone usage and laterality in young people: The multinational Mobi-Expo study. Environmental Research. 2018. DOI 10.1016/j.envres.2018.04.018.	10.1016/j.envres.2018.04.018		Recall of mobile phone usage and laterality in young people: The multinational Mobi-Expo study	2018	Browne supplement database/grey included-source tables and supplement reference list; objective/device candidate explicitly audited	objective smartphone screen logging, passive device sensing, RFID TV, or XMobiSense; upstream measurement relevant
R025	Silvia Marin-Dragu; Alyssa Forbes; Sana Sheikh; Ravishankar Subramani Iyer; Davi Pereira dos Santos; Martin Alda; Tomas Hajek; Rudolf Uher; Lori Wozney; Fernando V. Paulovich; Leslie Anne Campbell; Igor Yakovenko; Sherry H. Stewart; Penny Corkum; Alexa Bagnell; Rita Orji; Sandra Meier. Associations of active and passive smartphone use with measures of youth mental health during the COVID-19 pandemic. Psychiatry Research. 2023. DOI 10.1016/j.psychres.2023.115298.	10.1016/j.psychres.2023.115298		Associations of active and passive smartphone use with measures of youth mental health during the COVID-19 pandemic	2023	main review objective/background-monitoring app row explicitly identified; electronic supplement unavailable, so only recoverable objective rows mapped	objective installed smartphone background monitoring in under-18 study; app/screen measurement relevant
R025	Lucia Fortunato; Gianluca Lo Coco; Arianna Teti; Rubinia Celeste Bonfanti; Laura Salerno. Time Spent on Mobile Apps Matters: A Latent Class Analysis of Patterns of Smartphone Use among Adolescents. International Journal of Environmental Research and Public Health. 2023. DOI 10.3390/ijerph20156439.	10.3390/ijerph20156439		Time Spent on Mobile Apps Matters: A Latent Class Analysis of Patterns of Smartphone Use among Adolescents	2023	main review objective/background-monitoring app row explicitly identified; electronic supplement unavailable, so only recoverable objective rows mapped	objective installed smartphone background monitoring in under-18 study; app/screen measurement relevant
R027	Nada Terzimehic; Florian Bemmann; Miriam Halsner; Sven Mayer. A Mixed-Method Exploration into the Mobile Phone Rabbit Hole. Proceedings of the ACM on Human-Computer Interaction. 2023. DOI 10.1145/3604241.	10.1145/3604241		A Mixed-Method Exploration into the Mobile Phone Rabbit Hole	2023	Springer review included-study taxonomy/table high-yield seed explicitly audited; one of 52 quality-retained studies	problematic technology-use digital phenotyping; passive telemetry/app/screen/system-event construction relevant
R027	Adiba Orzikulova; Hyunsung Cho; Hye-Young Chung; Hwajung Hong; Uichin Lee; Sung-Ju Lee. FinerMe: Examining App-level and Feature-level Interventions to Regulate Mobile Social Media Use. Proceedings of the ACM on Human-Computer Interaction. 2023. DOI 10.1145/3610065.	10.1145/3610065		FinerMe: Examining App-level and Feature-level Interventions to Regulate Mobile Social Media Use	2023	Springer review included-study taxonomy/table high-yield seed explicitly audited; one of 52 quality-retained studies	problematic technology-use digital phenotyping; passive telemetry/app/screen/system-event construction relevant
R027	Adiba Orzikulova; Han Xiao; Zhipeng Li; Yukang Yan; Yuntao Wang; Yuanchun Shi; Marzyeh Ghassemi; Sung-Ju Lee; Anind K Dey; Xuhai Xu. Time2Stop: Adaptive and Explainable Human-AI Loop for Smartphone Overuse Intervention. Proceedings of the CHI Conference on Human Factors in Computing Systems. 2024. DOI 10.1145/3613904.3642747.	10.1145/3613904.3642747		Time2Stop: Adaptive and Explainable Human-AI Loop for Smartphone Overuse Intervention	2024	Springer review included-study taxonomy/table high-yield seed explicitly audited; one of 52 quality-retained studies	problematic technology-use digital phenotyping; passive telemetry/app/screen/system-event construction relevant
R027	Xuhai Xu; Tianyuan Zou; Han Xiao; Yanzhang Li; Ruolin Wang; Tianyi Yuan; Yuntao Wang; Yuanchun Shi; Jennifer Mankoff; Anind K Dey. TypeOut: Leveraging Just-in-Time Self-Affirmation for Smartphone Overuse Reduction. CHI Conference on Human Factors in Computing Systems. 2022. DOI 10.1145/3491102.3517476.	10.1145/3491102.3517476		TypeOut: Leveraging Just-in-Time Self-Affirmation for Smartphone Overuse Reduction	2022	Springer review included-study taxonomy/table high-yield seed explicitly audited; one of 52 quality-retained studies	problematic technology-use digital phenotyping; passive telemetry/app/screen/system-event construction relevant
R027	Longjie Guo; Yue Fu; Xiran Lin; Xuhai Xu; Yung-Ju Chang; Alexis Hiniker. What Social Media Use Do People Regret? An Analysis of 34K Smartphone Screenshots with Multimodal LLM. Proceedings of the 2025 CHI Conference on Human Factors in Computing Systems. 2025. DOI 10.1145/3706598.3713724.	10.1145/3706598.3713724		What Social Media Use Do People Regret? An Analysis of 34K Smartphone Screenshots with Multimodal LLM	2025	Springer review included-study taxonomy/table high-yield seed explicitly audited; one of 52 quality-retained studies	problematic technology-use digital phenotyping; passive telemetry/app/screen/system-event construction relevant
R027	Hongyi Wen; Michael Sobolev; Rachel Vitale; James Kizer; J P Pollak; Frederick Muench; Deborah Estrin. mPulse Mobile Sensing Model for Passive Detection of Impulsive Behavior: Exploratory Prediction Study. JMIR Mental Health. 2021. DOI 10.2196/25019.	10.2196/25019		mPulse Mobile Sensing Model for Passive Detection of Impulsive Behavior: Exploratory Prediction Study	2021	Springer review included-study taxonomy/table high-yield seed explicitly audited; one of 52 quality-retained studies	problematic technology-use digital phenotyping; passive telemetry/app/screen/system-event construction relevant
R027	Natasha E Wade; Joseph M Ortigara; Ryan M Sullivan; Rachel L Tomko; Florence J Breslin; Fiona C Baker; Bernard F Fuemmeler; Katia Delrahim Howlett; Krista M Lisdahl; Andrew T Marshall; Michael J Mason; Michael C Neale; Lindsay M Squeglia; Dana L Wolff-Hughes; Susan F Tapert; Kara S Bagot; . Passive Sensing of Preteens’ Smartphone Use: An Adolescent Brain Cognitive Development (ABCD) Cohort Substudy. JMIR Mental Health. 2021. DOI 10.2196/29426.	10.2196/29426		Passive Sensing of Preteens’ Smartphone Use: An Adolescent Brain Cognitive Development (ABCD) Cohort Substudy	2021	Springer review included-study taxonomy/table high-yield seed explicitly audited; one of 52 quality-retained studies	problematic technology-use digital phenotyping; passive telemetry/app/screen/system-event construction relevant
R027	Yuan-Chien Pan; Hsiao-Han Lin; Yu-Chuan Chiu; Sheng-Hsuan Lin; Yu-Hsuan Lin. Temporal Stability of Smartphone Use Data: Determining Fundamental Time Unit and Independent Cycle. JMIR mHealth and uHealth. 2019. DOI 10.2196/12171.	10.2196/12171		Temporal Stability of Smartphone Use Data: Determining Fundamental Time Unit and Independent Cycle	2019	Springer review included-study taxonomy/table high-yield seed explicitly audited; one of 52 quality-retained studies	problematic technology-use digital phenotyping; passive telemetry/app/screen/system-event construction relevant
R027	Silvia Marin-Dragu; Alyssa Forbes; Sana Sheikh; Ravishankar Subramani Iyer; Davi Pereira dos Santos; Martin Alda; Tomas Hajek; Rudolf Uher; Lori Wozney; Fernando V. Paulovich; Leslie Anne Campbell; Igor Yakovenko; Sherry H. Stewart; Penny Corkum; Alexa Bagnell; Rita Orji; Sandra Meier. Associations of active and passive smartphone use with measures of youth mental health during the COVID-19 pandemic. Psychiatry Research. 2023. DOI 10.1016/j.psychres.2023.115298.	10.1016/j.psychres.2023.115298		Associations of active and passive smartphone use with measures of youth mental health during the COVID-19 pandemic	2023	Springer review included-study taxonomy/table high-yield seed explicitly audited; one of 52 quality-retained studies	problematic technology-use digital phenotyping; passive telemetry/app/screen/system-event construction relevant
R027	Meredith Gansner; Melanie Nisenson; Vanessa Lin; Nicholas Carson; John Torous. Piloting Smartphone Digital Phenotyping to Understand Problematic Internet Use in an Adolescent and Young Adult Sample. Child Psychiatry &amp; Human Development. 2023. DOI 10.1007/s10578-022-01313-y.	10.1007/s10578-022-01313-y		Piloting Smartphone Digital Phenotyping to Understand Problematic Internet Use in an Adolescent and Young Adult Sample	2023	Springer review included-study taxonomy/table high-yield seed explicitly audited; one of 52 quality-retained studies	problematic technology-use digital phenotyping; passive telemetry/app/screen/system-event construction relevant
R027	Maitri Vaghela; Kalyan Sasidhar; Alka Parikh; Rekha Wagani. Assessing Mobile Usage, Physical Activity and Sleep Through Smartphone Sensing: A Digital Phenotype Study. SN Computer Science. 2022. DOI 10.1007/s42979-022-01221-x.	10.1007/s42979-022-01221-x		Assessing Mobile Usage, Physical Activity and Sleep Through Smartphone Sensing: A Digital Phenotype Study	2022	Springer review included-study taxonomy/table high-yield seed explicitly audited; one of 52 quality-retained studies	problematic technology-use digital phenotyping; passive telemetry/app/screen/system-event construction relevant
R027	Kimberly M. Molaib; Xiaoran Sun; Nilam Ram; Byron Reeves; Thomas N. Robinson. Agreement between self-reported and objectively measured smartphone use among adolescents and adults. Computers in Human Behavior Reports. 2025. DOI 10.1016/j.chbr.2024.100569.	10.1016/j.chbr.2024.100569		Agreement between self-reported and objectively measured smartphone use among adolescents and adults	2025	Springer review included-study taxonomy/table high-yield seed explicitly audited; one of 52 quality-retained studies	problematic technology-use digital phenotyping; passive telemetry/app/screen/system-event construction relevant
R027	Joseph A. Gyorda; Damien Lekkas; Nicholas C. Jacobson. Detecting Longitudinal Trends between Passively Collected Phone Use and Anxiety among College Students. Digital Biomarkers. 2024. DOI 10.1159/000540546.	10.1159/000540546		Detecting Longitudinal Trends between Passively Collected Phone Use and Anxiety among College Students	2024	Springer review included-study taxonomy/table high-yield seed explicitly audited; one of 52 quality-retained studies	problematic technology-use digital phenotyping; passive telemetry/app/screen/system-event construction relevant
R027	Brandon T. McDaniel; Jenny Radesky; Jessica Pater; Adam M. Galovan; Annalise Harrison; Victor Cornet; Lauren Reining; Alexandria Schaller; Michelle Drouin. Heavy Users, Mobile Gamers, and Social Networkers: Patterns of Objective Smartphone Use in Parents of Infants and Associations With Parent Depression, Sleep, Parenting, and Problematic Phone Use. Human Behavior and Emerging Technologies. 2024. DOI 10.1155/2024/3601969.	10.1155/2024/3601969		Heavy Users, Mobile Gamers, and Social Networkers: Patterns of Objective Smartphone Use in Parents of Infants and Associations With Parent Depression, Sleep, Parenting, and Problematic Phone Use	2024	Springer review included-study taxonomy/table high-yield seed explicitly audited; one of 52 quality-retained studies	problematic technology-use digital phenotyping; passive telemetry/app/screen/system-event construction relevant
R027	Laura Marciano; Charles C. Driver; Peter J. Schulz; Anne-Linda Camerini. Dynamics of adolescents’ smartphone use and well-being are positive but ephemeral. Scientific Reports. 2022. DOI 10.1038/s41598-022-05291-y.	10.1038/s41598-022-05291-y		Dynamics of adolescents’ smartphone use and well-being are positive but ephemeral	2022	Springer review included-study taxonomy/table high-yield seed explicitly audited; one of 52 quality-retained studies	problematic technology-use digital phenotyping; passive telemetry/app/screen/system-event construction relevant
R027	Nastasia Griffioen; Hanneke Scholten; Anna Lichtwarck-Aschoff; Marieke van Rooij; Isabela Granic. Everyone does it—differently: A window into emerging adults’ smartphone use. Humanities and Social Sciences Communications. 2021. DOI 10.1057/s41599-021-00863-1.	10.1057/s41599-021-00863-1		Everyone does it—differently: A window into emerging adults’ smartphone use	2021	Springer review included-study taxonomy/table high-yield seed explicitly audited; one of 52 quality-retained studies	problematic technology-use digital phenotyping; passive telemetry/app/screen/system-event construction relevant
R027	Ross Jacobucci; Miguel Blacutt; Nilàm Ram; Brooke A. Ammerman. Smartphone screen time and suicide risk in daily life captured through high-resolution screenshot data. npj Digital Medicine. 2025. DOI 10.1038/s41746-025-01740-w.	10.1038/s41746-025-01740-w		Smartphone screen time and suicide risk in daily life captured through high-resolution screenshot data	2025	Springer review included-study taxonomy/table high-yield seed explicitly audited; one of 52 quality-retained studies	problematic technology-use digital phenotyping; passive telemetry/app/screen/system-event construction relevant
R027	Olivia L. Finnegan; R. Glenn Weaver; Hongpeng Yang; James W. White; Srihari Nelakuditi; Zifei Zhong; Rahul Ghosal; Yan Tong; Aliye B. Cepni; Elizabeth L. Adams; Sarah Burkart; Michael W. Beets; Bridget Armstrong. Advancing Objective Mobile Device Use Measurement in Children Ages 6–11 Through Built-In Device Sensors: A Proof-of-Concept Study. Human Behavior and Emerging Technologies. 2024. DOI 10.1155/2024/5860114.	10.1155/2024/5860114		Advancing Objective Mobile Device Use Measurement in Children Ages 6–11 Through Built-In Device Sensors: A Proof-of-Concept Study	2024	Springer review included-study taxonomy/table high-yield seed explicitly audited; one of 52 quality-retained studies	problematic technology-use digital phenotyping; passive telemetry/app/screen/system-event construction relevant
R027	Davide Marengo; Rayna Sariyska; Helena Sophia Schmitt; Eva-Maria Messner; Harald Baumeister; Matthias Brand; Christopher Kannen; Christian Montag. Exploring the Associations Between Self-reported Tendencies Toward Smartphone Use Disorder and Objective Recordings of Smartphone, Instant Messaging, and Social Networking App Usage: Correlational Study. Journal of Medical Internet Research. 2021. DOI 10.2196/27093.	10.2196/27093		Exploring the Associations Between Self-reported Tendencies Toward Smartphone Use Disorder and Objective Recordings of Smartphone, Instant Messaging, and Social Networking App Usage: Correlational Study	2021	Springer review included-study taxonomy/table high-yield seed explicitly audited; one of 52 quality-retained studies	problematic technology-use digital phenotyping; passive telemetry/app/screen/system-event construction relevant
R027	Dmitri Rozgonjuk; Jon D. Elhai; Onur Sapci; Christian Montag. Discrepancies between Self-Reports and Behavior: Fear of Missing Out (FoMO), Self-Reported Problematic Smartphone Use Severity, and Objectively Measured Smartphone Use. Digital Psychology. 2021. DOI 10.24989/dp.v2i2.2002.	10.24989/dp.v2i2.2002		Discrepancies between Self-Reports and Behavior: Fear of Missing Out (FoMO), Self-Reported Problematic Smartphone Use Severity, and Objectively Measured Smartphone Use	2021	Springer review included-study taxonomy/table high-yield seed explicitly audited; one of 52 quality-retained studies	problematic technology-use digital phenotyping; passive telemetry/app/screen/system-event construction relevant
