app_package_name,application_label,num_labels,frequency,total_sec,total_min,genreId_scraped,genreId_manual,broad_app_category_manual,medium_app_category_manual,fine_app_category_manual,alternate_fine_app_category_manual,app_category_kids_manual
com.adobe.psmobile,Adobe Photoshop Express,1,114,807.972999,13.4662167,ART_AND_DESIGN,PHOTOGRAPHY,ARTS_AND_LEISURE,PHOTO_AND_VIDEO,PHOTO_AND_VIDEO,,
com.adobe.spark.post,Adobe Express,1,8,0.307,0.00511667,ART_AND_DESIGN,PHOTOGRAPHY,ARTS_AND_LEISURE,PHOTO_AND_VIDEO,PHOTO_AND_VIDEO,AI_CHATBOT,
com.canva.editor,Canva,1,639,4779.85398,79.6642331,ART_AND_DESIGN,PHOTOGRAPHY,ARTS_AND_LEISURE,PHOTO_AND_VIDEO,PHOTO_AND_VIDEO,AI_CHATBOT,
com.sec.penup,PENUP,1,27,8.198,0.13663333,ART_AND_DESIGN,ENTERTAINMENT,ARTS_AND_LEISURE,ENTERTAINMENT,ENTERTAINMENT,SOCIAL_MEDIA,
com.starryai,starryai,1,36,0,0,ART_AND_DESIGN,PRODUCTIVITY,KNOWLEDGE_AND_INFORMATION,INFORMATION_SEEKING,AI_CHATBOT,,
com.vyroai.aiart,Imagine,1,26,2.718,0.0453,ART_AND_DESIGN,PRODUCTIVITY,KNOWLEDGE_AND_INFORMATION,INFORMATION_SEEKING,AI_CHATBOT,,
app.aawireless,AAWireless,1,394,0,0,AUTO_AND_VEHICLES,AUTO_AND_VEHICLES,LIFESTYLE_MANAGEMENT,HOUSE_AND_HOME,AUTO_AND_VEHICLES,,
com.blinknetwork.mobile2,Blink Charging,1,12,1.107,0.01845,AUTO_AND_VEHICLES,AUTO_AND_VEHICLES,LIFESTYLE_MANAGEMENT,HOUSE_AND_HOME,AUTO_AND_VEHICLES,MAPS,
com.dontdrivedirty.myqq.twa,myQQ,1,11,0.274,0.00456667,AUTO_AND_VEHICLES,SHOPPING,LIFESTYLE_MANAGEMENT,SHOPPING,SHOPPING,,
com.driivz.mobile.android.evgo.driver,EVgo Charger,1,35,326.071999,5.43453332,AUTO_AND_VEHICLES,AUTO_AND_VEHICLES,LIFESTYLE_MANAGEMENT,HOUSE_AND_HOME,AUTO_AND_VEHICLES,,
com.fbfs.driveologyapp,Driveology¬¨√Ü,1,5,42.886,0.71476667,AUTO_AND_VEHICLES,FINANCE,PRODUCTIVITY_AND_BUSINESS,MONEY_MANAGEMENT,INSURANCE,AUTO_AND_VEHICLES,
com.google.android.projection.gearhead,"Android Auto, com.google.android.projection.gearhead",2,69070,154592.347,2576.53911,AUTO_AND_VEHICLES,AUTO_AND_VEHICLES,LIFESTYLE_MANAGEMENT,HOUSE_AND_HOME,AUTO_AND_VEHICLES,,
com.hyundaiusa.hyundai.digitalcarkey,Hyundai Digital Key,1,288,393.662,6.56103333,AUTO_AND_VEHICLES,AUTO_AND_VEHICLES,LIFESTYLE_MANAGEMENT,HOUSE_AND_HOME,AUTO_AND_VEHICLES,,
com.pumafastpay.app1,FastPay,1,47,29.018,0.48363333,AUTO_AND_VEHICLES,SHOPPING,LIFESTYLE_MANAGEMENT,SHOPPING,SHOPPING,FINANCE,
com.shell.sitibv.motorist.america,Shell,1,92,327.722997,5.46204995,AUTO_AND_VEHICLES,SHOPPING,LIFESTYLE_MANAGEMENT,SHOPPING,SHOPPING,,
com.stuzo.chevron,Chevron,1,13,66.98,1.11633333,AUTO_AND_VEHICLES,SHOPPING,LIFESTYLE_MANAGEMENT,SHOPPING,SHOPPING,,
com.tmri.app.main,‚Ä∞‚à´¬ß√Å√Ü¬∞12123,1,66,455.973998,7.59956663,AUTO_AND_VEHICLES,AUTO_AND_VEHICLES,LIFESTYLE_MANAGEMENT,HOUSE_AND_HOME,AUTO_AND_VEHICLES,,
com.toyota.oneapp,Toyota,1,188,218.923998,3.6487333,AUTO_AND_VEHICLES,AUTO_AND_VEHICLES,LIFESTYLE_MANAGEMENT,HOUSE_AND_HOME,AUTO_AND_VEHICLES,,
com.usaa.mobile.android.safedriving,USAA SafePilot,1,12,0,0,AUTO_AND_VEHICLES,FINANCE,PRODUCTIVITY_AND_BUSINESS,MONEY_MANAGEMENT,INSURANCE,AUTO_AND_VEHICLES,
net.sharewire.parkmobilev2,"ParkMobile, net.sharewire.parkmobilev2",2,442,4055.895,67.5982499,AUTO_AND_VEHICLES,TRAVEL_AND_LOCAL,LIFESTYLE_MANAGEMENT,TRAVEL_AND_LOCAL,TRANSPORTATION,,
se.volvo.vcc,Volvo Cars,1,102,511.304999,8.52174998,AUTO_AND_VEHICLES,AUTO_AND_VEHICLES,LIFESTYLE_MANAGEMENT,HOUSE_AND_HOME,AUTO_AND_VEHICLES,,
com.ipsy.mobile.production,"IPSY, com.ipsy.mobile.production",2,32,1569.551,26.1591833,BEAUTY,SHOPPING,LIFESTYLE_MANAGEMENT,SHOPPING,SHOPPING,,
com.standysoftware.colorstyle,Dressika,1,8,49.047,0.81745,BEAUTY,PRODUCTIVITY,KNOWLEDGE_AND_INFORMATION,INFORMATION_SEEKING,AI_CHATBOT,SHOPPING,
app.hallow.android,Hallow,1,371,2128.788,35.4798,BOOKS_AND_REFERENCE,HEALTH_AND_FITNESS,LIFESTYLE_MANAGEMENT,HEALTH,MEDITATION,,
app.librivox.android,LibriVox,1,10,60.649,1.01081667,BOOKS_AND_REFERENCE,BOOKS_AND_REFERENCE,ARTS_AND_LEISURE,READING,READING,,
apps.syst.com.devbib,Devotional Bible,1,34,315.417,5.25695,BOOKS_AND_REFERENCE,BOOKS_AND_REFERENCE,ARTS_AND_LEISURE,READING,READING,,
bn.ereader,B&N NOOK,1,116,0,0,BOOKS_AND_REFERENCE,BOOKS_AND_REFERENCE,ARTS_AND_LEISURE,READING,READING,,
capiratech.com.napervillemobile,Naperville Mobile,1,177,418.350994,6.97251657,BOOKS_AND_REFERENCE,HOUSE_AND_HOME,LIFESTYLE_MANAGEMENT,HOUSE_AND_HOME,COMMUNITY_AND_PUBLIC_SERVICES,,
com.aldiko.android,"Aldiko, Cantook",2,12,179.612,2.99353333,BOOKS_AND_REFERENCE,BOOKS_AND_REFERENCE,ARTS_AND_LEISURE,READING,READING,,
com.amazon.kindle,"Kindle, com.amazon.kindle",2,7178,240270.676,4004.51127,BOOKS_AND_REFERENCE,BOOKS_AND_REFERENCE,ARTS_AND_LEISURE,READING,READING,,
com.ancestry.android.apps.ancestry,Ancestry,1,668,3963.973,66.0662166,BOOKS_AND_REFERENCE,BOOKS_AND_REFERENCE,KNOWLEDGE_AND_INFORMATION,KNOWLEDGE_SEEKING,REFERENCE,,
com.appuraja.notestore,zLibrary by BookBoard,1,25,111.492,1.8582,BOOKS_AND_REFERENCE,BOOKS_AND_REFERENCE,ARTS_AND_LEISURE,READING,READING,,
com.audible.application,"Audible, com.audible.application",2,6191,28137.977,468.966283,BOOKS_AND_REFERENCE,BOOKS_AND_REFERENCE,ARTS_AND_LEISURE,READING,READING,,
com.audiobooks.androidapp,Audiobooks,1,373,4085.00199,68.0833665,BOOKS_AND_REFERENCE,BOOKS_AND_REFERENCE,ARTS_AND_LEISURE,READING,READING,,
com.bookofthemonth,BOTM,1,19,190.398994,3.17331657,BOOKS_AND_REFERENCE,BOOKS_AND_REFERENCE,ARTS_AND_LEISURE,READING,READING,SHOPPING,
com.capiratech.nyplny,com.capiratech.nyplny,1,226,678.963,11.31605,BOOKS_AND_REFERENCE,HOUSE_AND_HOME,LIFESTYLE_MANAGEMENT,HOUSE_AND_HOME,COMMUNITY_AND_PUBLIC_SERVICES,,
com.capiratech.prairiecat,PrairieCat,1,112,1079.492,17.9915333,BOOKS_AND_REFERENCE,HOUSE_AND_HOME,LIFESTYLE_MANAGEMENT,HOUSE_AND_HOME,COMMUNITY_AND_PUBLIC_SERVICES,,
com.coreapps.android.followme.aaas_am2017,AAAS Events,1,11,2.443,0.04071667,BOOKS_AND_REFERENCE,EVENTS,ARTS_AND_LEISURE,ENTERTAINMENT,EVENTS,WORK,
com.dawateislami.alquranulkareem,Al-Quran-ul-Kareem,1,14,705.76,11.7626667,BOOKS_AND_REFERENCE,BOOKS_AND_REFERENCE,ARTS_AND_LEISURE,READING,READING,,
com.deepl.mobiletranslator,DeepL,1,6,80.726,1.34543333,BOOKS_AND_REFERENCE,PRODUCTIVITY,PRODUCTIVITY_AND_BUSINESS,PRODUCTIVITY,PRODUCTIVITY,,
com.dreame.reader,Dreame,1,75,5.287998,0.0881333,BOOKS_AND_REFERENCE,BOOKS_AND_REFERENCE,ARTS_AND_LEISURE,READING,READING,,
com.egbadiocese.iom,IOM,1,33,537.752,8.96253333,BOOKS_AND_REFERENCE,BOOKS_AND_REFERENCE,ARTS_AND_LEISURE,READING,READING,,
com.goodreads,"Goodreads, com.goodreads",2,1387,15134.5749,252.242916,BOOKS_AND_REFERENCE,BOOKS_AND_REFERENCE,ARTS_AND_LEISURE,READING,READING,SOCIAL_MEDIA,
com.google.android.apps.books,"Google Play Books, com.google.android.apps.books",2,2134,137308.222,2288.47037,BOOKS_AND_REFERENCE,BOOKS_AND_REFERENCE,ARTS_AND_LEISURE,READING,READING,,
com.google.android.stardroid,Sky Map,1,93,13.667,0.22778333,BOOKS_AND_REFERENCE,BOOKS_AND_REFERENCE,KNOWLEDGE_AND_INFORMATION,KNOWLEDGE_SEEKING,REFERENCE,,
com.handylibrary.main,Handy Library,1,195,5275.92199,87.9320332,BOOKS_AND_REFERENCE,BOOKS_AND_REFERENCE,ARTS_AND_LEISURE,READING,READING,,
com.histech360.baptisthymnal,Baptist Hymnal,1,9,67.269,1.12115,BOOKS_AND_REFERENCE,BOOKS_AND_REFERENCE,ARTS_AND_LEISURE,READING,READING,,
com.hoopladigital.android,hoopla,1,1737,31181.908,519.698466,BOOKS_AND_REFERENCE,BOOKS_AND_REFERENCE,ARTS_AND_LEISURE,READING,READING,,
com.hyperionics.avar,@Voice Aloud Reader,1,15,86.372,1.43953333,BOOKS_AND_REFERENCE,PRODUCTIVITY,PRODUCTIVITY_AND_BUSINESS,PRODUCTIVITY,PRODUCTIVITY,,
com.ipieta.ipieta001,iPieta,1,11,22.735,0.37891667,BOOKS_AND_REFERENCE,BOOKS_AND_REFERENCE,ARTS_AND_LEISURE,READING,READING,,
com.labs.merlinbirdid.app,Merlin Bird ID,1,141,67.743997,1.12906662,BOOKS_AND_REFERENCE,BOOKS_AND_REFERENCE,KNOWLEDGE_AND_INFORMATION,KNOWLEDGE_SEEKING,REFERENCE,,
com.literotica.android,Lit,1,67,1175.372,19.5895333,BOOKS_AND_REFERENCE,BOOKS_AND_REFERENCE,ARTS_AND_LEISURE,READING,READING,,
com.merriamwebster,Merriam-Webster Dictionary,1,6,12.400999,0.20668332,BOOKS_AND_REFERENCE,BOOKS_AND_REFERENCE,KNOWLEDGE_AND_INFORMATION,KNOWLEDGE_SEEKING,REFERENCE,,
com.offline.bible,¬¨‚Ä†Bible,1,316,368.419,6.14031667,BOOKS_AND_REFERENCE,BOOKS_AND_REFERENCE,ARTS_AND_LEISURE,READING,READING,,
com.overdrive.mobile.android.libby,"Libby, com.overdrive.mobile.android.libby",2,16629,224660.92,3744.34867,BOOKS_AND_REFERENCE,BOOKS_AND_REFERENCE,ARTS_AND_LEISURE,READING,READING,,
com.qidian.Int.reader,WebNovel,1,751,11485.68,191.428,BOOKS_AND_REFERENCE,BOOKS_AND_REFERENCE,ARTS_AND_LEISURE,READING,READING,,
com.reelshortnovel.reader,ReelShort Novel,1,150,3069.022,51.1503666,BOOKS_AND_REFERENCE,BOOKS_AND_REFERENCE,ARTS_AND_LEISURE,READING,READING,,
com.sirma.mobile.bible.android,"Bible, Biblia",2,1401,50698.502,844.975033,BOOKS_AND_REFERENCE,BOOKS_AND_REFERENCE,ARTS_AND_LEISURE,READING,READING,,
com.softissimo.reverso.context,Reverso Context,1,10,0,0,BOOKS_AND_REFERENCE,BOOKS_AND_REFERENCE,KNOWLEDGE_AND_INFORMATION,KNOWLEDGE_SEEKING,REFERENCE,,
com.spanishdict.spanishdict,SpanishDictionary.com,1,113,1328.081,22.1346833,BOOKS_AND_REFERENCE,BOOKS_AND_REFERENCE,KNOWLEDGE_AND_INFORMATION,KNOWLEDGE_SEEKING,REFERENCE,,
com.tecarta.kjv2,Bible,1,166,10356.278,172.604633,BOOKS_AND_REFERENCE,BOOKS_AND_REFERENCE,ARTS_AND_LEISURE,READING,READING,,
com.thriftbooks.mobile,ThriftBooks,1,20,79.164,1.3194,BOOKS_AND_REFERENCE,SHOPPING,LIFESTYLE_MANAGEMENT,SHOPPING,SHOPPING,,
com.txtr.android.mmm,cloudLibrary,1,143,74.835999,1.24726665,BOOKS_AND_REFERENCE,HOUSE_AND_HOME,LIFESTYLE_MANAGEMENT,HOUSE_AND_HOME,COMMUNITY_AND_PUBLIC_SERVICES,,
eu.kanade.tachiyomi.sy,TachiyomiSY,1,148,349.75,5.82916667,BOOKS_AND_REFERENCE,BOOKS_AND_REFERENCE,ARTS_AND_LEISURE,READING,READING,,
livio.pack.lang.en_US,English,1,26,22.85,0.38083333,BOOKS_AND_REFERENCE,BOOKS_AND_REFERENCE,KNOWLEDGE_AND_INFORMATION,KNOWLEDGE_SEEKING,REFERENCE,,
ns.free.light.novel.reader,NovelReader,1,5,335.189,5.58648333,BOOKS_AND_REFERENCE,BOOKS_AND_REFERENCE,ARTS_AND_LEISURE,READING,READING,,
org.a5calls.android.a5calls,5 Calls,1,139,80.601,1.34335,BOOKS_AND_REFERENCE,HOUSE_AND_HOME,LIFESTYLE_MANAGEMENT,HOUSE_AND_HOME,COMMUNITY_AND_PUBLIC_SERVICES,,
org.amenapp.amen,Amen,1,101,343.771,5.72951667,BOOKS_AND_REFERENCE,BOOKS_AND_REFERENCE,ARTS_AND_LEISURE,READING,READING,,
org.blueletterbible.blb,BLB,1,28,1545.986,25.7664333,BOOKS_AND_REFERENCE,BOOKS_AND_REFERENCE,ARTS_AND_LEISURE,READING,READING,,
org.familysearch.mobile,Family Tree,1,23,47.802,0.7967,BOOKS_AND_REFERENCE,ENTERTAINMENT,ARTS_AND_LEISURE,ENTERTAINMENT,ENTERTAINMENT,,
org.jw.jwlibrary.mobile,JW Library,1,1067,65024.93,1083.74883,BOOKS_AND_REFERENCE,BOOKS_AND_REFERENCE,ARTS_AND_LEISURE,READING,READING,,
org.lds.ldsmusic,Sacred Music,1,267,3880.28598,64.671433,BOOKS_AND_REFERENCE,MUSIC_AND_AUDIO,ARTS_AND_LEISURE,MUSIC_AND_AUDIO,MUSIC_AND_AUDIO,,
org.lds.ldssa,"Gospel Library, org.lds.ldssa",2,1416,30521.346,508.689099,BOOKS_AND_REFERENCE,BOOKS_AND_REFERENCE,ARTS_AND_LEISURE,READING,READING,MUSIC_AND_PODCASTS,
org.lds.ldstools,"Member Tools, org.lds.ldstools",2,1577,7017.86297,116.964383,BOOKS_AND_REFERENCE,HOUSE_AND_HOME,LIFESTYLE_MANAGEMENT,HOUSE_AND_HOME,COMMUNITY_AND_PUBLIC_SERVICES,,
org.missionaldigerati.operationworld,Operation World,1,28,651.896,10.8649333,BOOKS_AND_REFERENCE,BOOKS_AND_REFERENCE,ARTS_AND_LEISURE,READING,READING,,
org.wikipedia,Wikipedia,1,343,5058.259,84.3043166,BOOKS_AND_REFERENCE,BOOKS_AND_REFERENCE,KNOWLEDGE_AND_INFORMATION,KNOWLEDGE_SEEKING,REFERENCE,,
ru.litres.android,Litres: Books,1,82,85.273,1.42121667,BOOKS_AND_REFERENCE,BOOKS_AND_REFERENCE,ARTS_AND_LEISURE,READING,READING,,
wp.wattpad,Wattpad,1,119,3274.175,54.5695833,BOOKS_AND_REFERENCE,BOOKS_AND_REFERENCE,ARTS_AND_LEISURE,READING,READING,,
biz.faxapp.app,Fax,1,36,122.573,2.04288333,BUSINESS,PRODUCTIVITY,PRODUCTIVITY_AND_BUSINESS,PRODUCTIVITY,PRODUCTIVITY,,
com.adobe.scan.android,Adobe Scan,1,351,894.299,14.9049833,BUSINESS,PRODUCTIVITY,PRODUCTIVITY_AND_BUSINESS,PRODUCTIVITY,PRODUCTIVITY,,
com.adpmobile.android,"ADPMobile, com.adpmobile.android",2,221,1349.32,22.4886667,BUSINESS,BUSINESS,PRODUCTIVITY_AND_BUSINESS,MONEY_MAKING,WORK,,
com.amazon.rabbit,"Amazon Flex, Entrega m‚àö‚â•vil de Amazon",2,13348,268586.512,4476.44187,BUSINESS,BUSINESS,PRODUCTIVITY_AND_BUSINESS,MONEY_MAKING,WORK,,
com.apptivatellc.iSS,iSecretShop,1,253,6518.92299,108.648717,BUSINESS,BUSINESS,PRODUCTIVITY_AND_BUSINESS,MONEY_MAKING,WORK,SHOPPING,
com.asana.app,Asana,1,220,416.813999,6.94689998,BUSINESS,BUSINESS,PRODUCTIVITY_AND_BUSINESS,MONEY_MAKING,WORK,,
com.azure.authenticator,"Authenticator, com.azure.authenticator",2,5523,2529.13898,42.1523163,BUSINESS,PRODUCTIVITY,PRODUCTIVITY_AND_BUSINESS,PRODUCTIVITY,ONLINE_SECURITY,,
com.bravuratech.APSMeetings,APS Physics Meetings & Events,1,14,0.384,0.0064,BUSINESS,EVENTS,ARTS_AND_LEISURE,ENTERTAINMENT,EVENTS,WORK,
com.cisco.webex.meetings,Webex Meet,1,558,82329.181,1372.15302,BUSINESS,COMMUNICATION,COMMUNICATION,INTERPERSONAL_COMMUNICATION,COLLABORATIVE_COMMUNICATION,,
com.cisco.wx2.android,Webex,1,3534,68331.461,1138.85768,BUSINESS,COMMUNICATION,COMMUNICATION,INTERPERSONAL_COMMUNICATION,COLLABORATIVE_COMMUNICATION,,
com.concur.breeze,SAP Concur,1,176,505.136,8.41893333,BUSINESS,BUSINESS,PRODUCTIVITY_AND_BUSINESS,MONEY_MAKING,WORK,TRAVEL,
com.dancefxsunrise.mi,Dance FX,1,41,118.186,1.96976667,BUSINESS,EVENTS,ARTS_AND_LEISURE,ENTERTAINMENT,EVENTS,,
com.dayforce.mobile,Dayforce,1,96,198.232997,3.30388328,BUSINESS,BUSINESS,PRODUCTIVITY_AND_BUSINESS,MONEY_MAKING,WORK,,
com.dcgov.oucdc311,DC 311,1,48,585.075,9.75125,BUSINESS,HOUSE_AND_HOME,LIFESTYLE_MANAGEMENT,HOUSE_AND_HOME,COMMUNITY_AND_PUBLIC_SERVICES,,
com.dhl.exp.dhlmobile,DHL Express,1,72,408.319,6.80531667,BUSINESS,PRODUCTIVITY,PRODUCTIVITY_AND_BUSINESS,PRODUCTIVITY,PRODUCTIVITY,,
com.doordash.driverapp,Dasher,1,484,3524.806,58.7467667,BUSINESS,BUSINESS,PRODUCTIVITY_AND_BUSINESS,MONEY_MAKING,WORK,,
com.dotloop.mobile,Dotloop,1,30,7.054,0.11756667,BUSINESS,HOUSE_AND_HOME,LIFESTYLE_MANAGEMENT,HOUSE_AND_HOME,REAL_ESTATE,,
com.duosecurity.duomobile,"Duo Mobile, com.duosecurity.duomobile",2,5255,1467.48298,24.4580496,BUSINESS,PRODUCTIVITY,PRODUCTIVITY_AND_BUSINESS,PRODUCTIVITY,ONLINE_SECURITY,,
com.emilybellefreeman.dontmissthis,com.emilybellefreeman.dontmissthis,1,14,11.654,0.19423333,BUSINESS,BOOKS_AND_REFERENCE,ARTS_AND_LEISURE,READING,READING,,
com.enphaseenergy.myenlighten,Enlighten,1,23,263.642998,4.39404997,BUSINESS,HOUSE_AND_HOME,LIFESTYLE_MANAGEMENT,HOUSE_AND_HOME,HOUSE_AND_HOME,,
com.etsy.butter.sell_on_etsy,Etsy Seller,1,63,247.496,4.12493333,BUSINESS,BUSINESS,PRODUCTIVITY_AND_BUSINESS,MONEY_MAKING,WORK,,
com.facebook.pages.app,Business Suite,1,404,301.031,5.01718333,BUSINESS,BUSINESS,PRODUCTIVITY_AND_BUSINESS,MONEY_MAKING,WORK,,
com.facebook.work,"Workplace, com.facebook.work",2,886,7314.51798,121.908633,BUSINESS,BUSINESS,PRODUCTIVITY_AND_BUSINESS,MONEY_MAKING,WORK,,
com.facebook.workchat,"Work Chat, com.facebook.workchat",2,1388,6764.96999,112.7495,BUSINESS,COMMUNICATION,COMMUNICATION,INTERPERSONAL_COMMUNICATION,MESSAGING,WORK,
com.fishbowlmedia.fishbowl,Fishbowl,1,366,346.963,5.78271667,BUSINESS,BUSINESS,PRODUCTIVITY_AND_BUSINESS,MONEY_MAKING,WORK,SOCIAL_MEDIA,
com.gfs.gordonnow,Gordon Now,1,153,205.233,3.42055,BUSINESS,BUSINESS,PRODUCTIVITY_AND_BUSINESS,MONEY_MAKING,WORK,,
com.glip.mobile,"RingCentral, com.glip.mobile",2,19541,126772.246,2112.87077,BUSINESS,COMMUNICATION,COMMUNICATION,INTERPERSONAL_COMMUNICATION,MESSAGING,WORK,
com.google.android.apps.dynamite,Chat,1,46109,185325.364,3088.75606,BUSINESS,COMMUNICATION,COMMUNICATION,INTERPERSONAL_COMMUNICATION,COLLABORATIVE_COMMUNICATION,,
com.google.android.apps.meetings,"Meet, Meet (original)",2,365,5387.024,89.7837333,BUSINESS,COMMUNICATION,COMMUNICATION,INTERPERSONAL_COMMUNICATION,COLLABORATIVE_COMMUNICATION,,
com.google.android.talk,"Hangouts, com.google.android.talk",2,2172,2659.30199,44.3216998,BUSINESS,COMMUNICATION,COMMUNICATION,INTERPERSONAL_COMMUNICATION,COLLABORATIVE_COMMUNICATION,,
com.googlebusinessprofilegrowthmanager,GBPGM,1,24,0,0,BUSINESS,BUSINESS,PRODUCTIVITY_AND_BUSINESS,MONEY_MAKING,WORK,,
com.indeed.android.jobsearch,Indeed Job Search,1,585,14260.252,237.670867,BUSINESS,BUSINESS,PRODUCTIVITY_AND_BUSINESS,MONEY_MAKING,WORK,,
com.inklings.institute,Inklings Institute,1,23,1.03,0.01716667,BUSINESS,BOOKS_AND_REFERENCE,ARTS_AND_LEISURE,READING,READING,,
com.intuit.quickbooks,QuickBooks Online,1,633,910.853,15.1808833,BUSINESS,FINANCE,PRODUCTIVITY_AND_BUSINESS,MONEY_MANAGEMENT,FINANCE,WORK,
com.joinhandshake.student,Handshake Student,1,16,21.555,0.35925,BUSINESS,BUSINESS,PRODUCTIVITY_AND_BUSINESS,MONEY_MAKING,WORK,,
com.kronos.mobile.android,UKG Workforce Central,1,404,1463.413,24.3902167,BUSINESS,BUSINESS,PRODUCTIVITY_AND_BUSINESS,MONEY_MAKING,WORK,,
com.linkedin.android,"LinkedIn, com.linkedin.android",2,17658,105746.015,1762.43358,BUSINESS,BUSINESS,PRODUCTIVITY_AND_BUSINESS,MONEY_MAKING,WORK,SOCIAL_MEDIA,
com.manageengine.sdp.ondemand,ServiceDesk Plus SaaS HelpDesk,1,90,0,0,BUSINESS,BUSINESS,PRODUCTIVITY_AND_BUSINESS,MONEY_MAKING,WORK,,
com.mapyourshow.ANCCMobileApp,ANCC 2024,1,555,7251.574,120.859567,BUSINESS,EVENTS,ARTS_AND_LEISURE,ENTERTAINMENT,EVENTS,WORK,
com.maverik.rewards,Maverik Rewards,1,10,24.709,0.41181667,BUSINESS,SHOPPING,LIFESTYLE_MANAGEMENT,SHOPPING,SHOPPING,,
com.metropcs.service.vvm,Visual Voicemail,1,111,348.507,5.80845,BUSINESS,COMMUNICATION,COMMUNICATION,INTERPERSONAL_COMMUNICATION,CALLS,,
com.microsoft.teams,"Teams, com.microsoft.teams",2,18933,140273.896,2337.89826,BUSINESS,COMMUNICATION,COMMUNICATION,INTERPERSONAL_COMMUNICATION,COLLABORATIVE_COMMUNICATION,,
com.microsoft.windowsintune.companyportal,"Company Portal, Portal de empresa",2,3816,3519.33093,58.6555156,BUSINESS,BUSINESS,PRODUCTIVITY_AND_BUSINESS,MONEY_MAKING,WORK,,
com.mobilads,Mobilads,1,226,2980.705,49.6784167,BUSINESS,BUSINESS,PRODUCTIVITY_AND_BUSINESS,MONEY_MAKING,WORK,,
com.mor.tedooo,Tedooo,1,541,0,0,BUSINESS,ENTERTAINMENT,ARTS_AND_LEISURE,ENTERTAINMENT,ENTERTAINMENT,SOCIAL_MEDIA,
com.ms.portal,My Portal,1,107,229.227,3.82045,BUSINESS,BUSINESS,PRODUCTIVITY_AND_BUSINESS,MONEY_MAKING,WORK,,
com.nee.fpl,FPL,1,74,112.857,1.88095,BUSINESS,HOUSE_AND_HOME,LIFESTYLE_MANAGEMENT,HOUSE_AND_HOME,HOUSE_AND_HOME,,
com.novelcoworking,Expansive,1,20,7.867,0.13111667,BUSINESS,BUSINESS,PRODUCTIVITY_AND_BUSINESS,MONEY_MAKING,WORK,,
com.panthersoftware.practicepanther,PracticePanther,1,79,1344.524,22.4087333,BUSINESS,BUSINESS,PRODUCTIVITY_AND_BUSINESS,MONEY_MAKING,WORK,,
com.paycor.perform,Paycor,1,79,300.127,5.00211667,BUSINESS,FINANCE,PRODUCTIVITY_AND_BUSINESS,MONEY_MANAGEMENT,FINANCE,WORK,
com.paylocity.paylocitymobile,Paylocity,1,324,3416.78199,56.9463666,BUSINESS,FINANCE,PRODUCTIVITY_AND_BUSINESS,MONEY_MANAGEMENT,FINANCE,WORK,
com.paypal.merchant.client,PayPal Business,1,35,3.017,0.05028333,BUSINESS,FINANCE,PRODUCTIVITY_AND_BUSINESS,MONEY_MANAGEMENT,FINANCE,WORK,
com.publicstorage.officialapp,Public Storage,1,41,216.612,3.6102,BUSINESS,HOUSE_AND_HOME,LIFESTYLE_MANAGEMENT,HOUSE_AND_HOME,HOUSE_AND_HOME,,
com.sevenshifts.android,7shifts,1,1679,5769.62097,96.1603495,BUSINESS,BUSINESS,PRODUCTIVITY_AND_BUSINESS,MONEY_MAKING,WORK,,
com.shopkite.merchant,Shopkite Merchant,1,250,2118.079,35.3013166,BUSINESS,BUSINESS,PRODUCTIVITY_AND_BUSINESS,MONEY_MAKING,WORK,,
com.Slack,Slack,1,6380,31615.5207,526.925346,BUSINESS,COMMUNICATION,COMMUNICATION,INTERPERSONAL_COMMUNICATION,COLLABORATIVE_COMMUNICATION,,
com.snpx.courier,Senpex Courier,1,393,2336.258,38.9376333,BUSINESS,BUSINESS,PRODUCTIVITY_AND_BUSINESS,MONEY_MAKING,WORK,,
com.srpnet.custsvcs.srpmpower,SRP M-Power,1,25,3.044,0.05073333,BUSINESS,HOUSE_AND_HOME,LIFESTYLE_MANAGEMENT,HOUSE_AND_HOME,HOUSE_AND_HOME,,
com.sudshare.sudster,Laundry Pro,1,916,265.737,4.42895,BUSINESS,BUSINESS,PRODUCTIVITY_AND_BUSINESS,MONEY_MAKING,WORK,,
com.teamblind.blind,blind,1,217,1147.08799,19.1181331,BUSINESS,SOCIAL,SOCIAL,BROADCAST_SOCIAL,SOCIAL_MEDIA,,
com.teamup.teamup,Teamup,1,7,142.57,2.37616667,BUSINESS,PRODUCTIVITY,PRODUCTIVITY_AND_BUSINESS,PRODUCTIVITY,PRODUCTIVITY,,
com.thegrizzlylabs.geniusscan.free,"Genius Scan, com.thegrizzlylabs.geniusscan.free",2,236,657.147996,10.9524666,BUSINESS,PRODUCTIVITY,PRODUCTIVITY_AND_BUSINESS,PRODUCTIVITY,PRODUCTIVITY,,
com.thisclicks.wiw,When I Work,1,160,483.37,8.05616667,BUSINESS,BUSINESS,PRODUCTIVITY_AND_BUSINESS,MONEY_MAKING,WORK,,
com.ubercab.driver,Uber Driver,1,786,15726.526,262.108767,BUSINESS,BUSINESS,PRODUCTIVITY_AND_BUSINESS,MONEY_MAKING,WORK,,
com.umongous.paidviewpoint,"Paid Viewpoint, PaidViewpoint",2,303,3385.28799,56.4214665,BUSINESS,BUSINESS,PRODUCTIVITY_AND_BUSINESS,MONEY_MAKING,QUICK_CASH,,
com.unify.circuit,Circuit,1,39,1.154,0.01923333,BUSINESS,BUSINESS,PRODUCTIVITY_AND_BUSINESS,MONEY_MAKING,WORK,,
com.upwork.android.apps.main,Upwork Talent,1,222,3086.715,51.44525,BUSINESS,BUSINESS,PRODUCTIVITY_AND_BUSINESS,MONEY_MAKING,WORK,,
com.ureandroid,UtahRealEstate,1,82,4738.965,78.98275,BUSINESS,HOUSE_AND_HOME,LIFESTYLE_MANAGEMENT,HOUSE_AND_HOME,REAL_ESTATE,,
com.walmart.sparkdriver,Spark Driver,1,737,1777.578,29.6263,BUSINESS,BUSINESS,PRODUCTIVITY_AND_BUSINESS,MONEY_MAKING,WORK,,
com.wecenergygroup.we,We Energies,1,510,593.812999,9.89688332,BUSINESS,HOUSE_AND_HOME,LIFESTYLE_MANAGEMENT,HOUSE_AND_HOME,HOUSE_AND_HOME,,
com.workday.workdroidapp,Workday,1,170,732.938,12.2156333,BUSINESS,BUSINESS,PRODUCTIVITY_AND_BUSINESS,MONEY_MAKING,WORK,,
com.ziprecruiter.android.release,ZipRecruiter,1,347,2750.45599,45.8409332,BUSINESS,BUSINESS,PRODUCTIVITY_AND_BUSINESS,MONEY_MAKING,WORK,,
net.globalme.robson,Robson,1,42,1.914999,0.03191665,BUSINESS,BUSINESS,PRODUCTIVITY_AND_BUSINESS,MONEY_MAKING,WORK,,
to.tawk.android,tawk.to,1,79,7.025,0.11708333,BUSINESS,COMMUNICATION,COMMUNICATION,INTERPERSONAL_COMMUNICATION,MESSAGING,,
us.zoom.videomeetings,"Zoom, us.zoom.videomeetings",2,13775,285893.984,4764.89973,BUSINESS,COMMUNICATION,COMMUNICATION,INTERPERSONAL_COMMUNICATION,CALLS,,
via.driver,Via Driver,1,61,500.979,8.34965,BUSINESS,BUSINESS,PRODUCTIVITY_AND_BUSINESS,MONEY_MAKING,WORK,,
com.naver.linewebtoon,WEBTOON,1,4261,109403.562,1823.3927,COMICS,BOOKS_AND_REFERENCE,ARTS_AND_LEISURE,READING,READING,,
net.manta.comic,Manta,1,4,1.038,0.0173,COMICS,BOOKS_AND_REFERENCE,ARTS_AND_LEISURE,READING,READING,,
ch.protonmail.android,Proton Mail,1,3070,19471.572,324.5262,COMMUNICATION,COMMUNICATION,COMMUNICATION,INTERPERSONAL_COMMUNICATION,EMAIL,,
co.happybits.marcopolo,"Marco Polo, co.happybits.marcopolo",2,30404,758287.396,12638.1233,COMMUNICATION,COMMUNICATION,COMMUNICATION,INTERPERSONAL_COMMUNICATION,CALLS,,
com.android.chrome,"Chrome, com.android.chrome",2,380259,9587418.95,159790.316,COMMUNICATION,PRODUCTIVITY,KNOWLEDGE_AND_INFORMATION,INFORMATION_SEEKING,BROWSER,,
com.android.contacts,"Contactos, Contacts, Contacts and dialer",3,3262,9172.05599,152.8676,COMMUNICATION,COMMUNICATION,COMMUNICATION,INTERPERSONAL_COMMUNICATION,CALLS,,
com.android.dialer,"Phone, Tel‚àö¬©fono, com.android.dialer",3,2737,40911.819,681.86365,COMMUNICATION,COMMUNICATION,COMMUNICATION,INTERPERSONAL_COMMUNICATION,CALLS,,
com.android.incallui,"Call screen, Dialer, Phone",3,3657,27330.989,455.516483,COMMUNICATION,TOOLS,UTILITIES,UTILITIES,UTILITIES,,
com.android.mms,"Messages, Messaging",2,4900,18540.305,309.005083,COMMUNICATION,COMMUNICATION,COMMUNICATION,INTERPERSONAL_COMMUNICATION,MESSAGING,,
com.android.phone,"Call services, Phone, Phone Services, Phone services, Servicios telef‚àö‚â•nicos, Tel‚àö¬©fono",6,4437,23664.882,394.4147,COMMUNICATION,COMMUNICATION,COMMUNICATION,INTERPERSONAL_COMMUNICATION,CALLS,,
com.app.fanytelbusiness,Fanytel Business,1,465,2943.927,49.06545,COMMUNICATION,COMMUNICATION,COMMUNICATION,INTERPERSONAL_COMMUNICATION,CALLS,,
com.att.mobile.android.vvm,Visual Voicemail,1,15,6.213,0.10355,COMMUNICATION,COMMUNICATION,COMMUNICATION,INTERPERSONAL_COMMUNICATION,CALLS,,
com.brave.browser,Brave,1,1893,86938.112,1448.96853,COMMUNICATION,PRODUCTIVITY,KNOWLEDGE_AND_INFORMATION,INFORMATION_SEEKING,BROWSER,,
com.brighthorizons.mybrightday,My Bright Day,1,3609,19648.647,327.47745,COMMUNICATION,PARENTING,LIFESTYLE_MANAGEMENT,PARENTING,PARENT_CHILD_COMMUNICATION,,
com.callapp.contacts,CallApp,1,1228,21655.099,360.918317,COMMUNICATION,COMMUNICATION,COMMUNICATION,INTERPERSONAL_COMMUNICATION,CALLS,,
com.discord,Discord,1,9357,252878.01,4214.6335,COMMUNICATION,COMMUNICATION,COMMUNICATION,INTERPERSONAL_COMMUNICATION,COLLABORATIVE_COMMUNICATION,SOCIAL_MEDIA,
com.dm.apps.textreader,Text Reader,1,99,0,0,COMMUNICATION,PRODUCTIVITY,PRODUCTIVITY_AND_BUSINESS,PRODUCTIVITY,PRODUCTIVITY,,
com.ecosia.android,Ecosia,1,9,2.956,0.04926667,COMMUNICATION,PRODUCTIVITY,KNOWLEDGE_AND_INFORMATION,INFORMATION_SEEKING,BROWSER,,
com.enflick.android.TextNow,TextNow,1,583,8297.944,138.299067,COMMUNICATION,COMMUNICATION,COMMUNICATION,INTERPERSONAL_COMMUNICATION,MESSAGING,,
com.facebook.orca,"Messenger, com.facebook.orca",2,215960,1334507.47,22241.7911,COMMUNICATION,COMMUNICATION,COMMUNICATION,INTERPERSONAL_COMMUNICATION,MESSAGING,,
com.facebook.talk,Messenger Kids,1,481,6492.109,108.201817,COMMUNICATION,COMMUNICATION,COMMUNICATION,INTERPERSONAL_COMMUNICATION,MESSAGING,,KIDS
com.finazzi.distquake,Sismo Detector,1,13,0,0,COMMUNICATION,WEATHER,LIFESTYLE_MANAGEMENT,TRAVEL_AND_LOCAL,WEATHER,,
com.gabbwireless.mygabb,MyGabb,1,12,0,0,COMMUNICATION,HOUSE_AND_HOME,LIFESTYLE_MANAGEMENT,HOUSE_AND_HOME,DEVICE_TRACKING,PARENTING,
com.gbwhatsapp,GBWhatsApp,1,70633,266780.294,4446.33823,COMMUNICATION,COMMUNICATION,COMMUNICATION,INTERPERSONAL_COMMUNICATION,MESSAGING,,
com.genevachat.prod,Geneva,1,20,9.034,0.15056667,COMMUNICATION,SOCIAL,SOCIAL,BROADCAST_SOCIAL,SOCIAL_MEDIA,MESSAGING,
com.google.android.apps.googlevoice,"Voice, com.google.android.apps.googlevoice",2,35048,82378.9309,1372.98218,COMMUNICATION,COMMUNICATION,COMMUNICATION,INTERPERSONAL_COMMUNICATION,CALLS,,
com.google.android.apps.messaging,"Mensajes, Messages, com.google.android.apps.messaging",3,553497,3001660.43,50027.6738,COMMUNICATION,COMMUNICATION,COMMUNICATION,INTERPERSONAL_COMMUNICATION,MESSAGING,,
com.google.android.apps.tachyon,"Duo, Meet, com.google.android.apps.tachyon",3,108318,427047.046,7117.45076,COMMUNICATION,COMMUNICATION,COMMUNICATION,INTERPERSONAL_COMMUNICATION,COLLABORATIVE_COMMUNICATION,,
com.google.android.apps.wear.companion,Google Pixel Watch,1,223,336.107997,5.60179995,COMMUNICATION,HOUSE_AND_HOME,LIFESTYLE_MANAGEMENT,HOUSE_AND_HOME,HOUSE_AND_HOME,,
com.google.android.contacts,"Contactos, Contacts, com.google.android.contacts",3,17497,30000.9018,500.015031,COMMUNICATION,COMMUNICATION,COMMUNICATION,INTERPERSONAL_COMMUNICATION,CALLS,,
com.google.android.gm,"Gmail, com.google.android.gm",2,454849,1934514,32241.8999,COMMUNICATION,COMMUNICATION,COMMUNICATION,INTERPERSONAL_COMMUNICATION,EMAIL,,
com.google.audio.hearing.visualization.accessibility.scribe,"Live Transcribe & Sound Notifications, Transcripci‚àö‚â•n instant‚àö¬∞nea y notificaciones de sonidos, com.google.audio.hearing.visualization.accessibility.scribe",3,783,63.584,1.05973333,COMMUNICATION,PRODUCTIVITY,PRODUCTIVITY_AND_BUSINESS,PRODUCTIVITY,PRODUCTIVITY,,
com.groupme.android,"GroupMe, com.groupme.android",2,11045,26715.7238,445.262063,COMMUNICATION,COMMUNICATION,COMMUNICATION,INTERPERSONAL_COMMUNICATION,MESSAGING,,
com.kakao.talk,KakaoTalk,1,335,1143.547,19.0591166,COMMUNICATION,COMMUNICATION,COMMUNICATION,INTERPERSONAL_COMMUNICATION,MESSAGING,,
com.kiwibrowser.browser,Kiwi Browser,1,2538,78821.078,1313.68463,COMMUNICATION,PRODUCTIVITY,KNOWLEDGE_AND_INFORMATION,INFORMATION_SEEKING,BROWSER,,
com.lemi.smsautoreplytextmessagefree,Auto Reply Free,1,30,0,0,COMMUNICATION,PRODUCTIVITY,PRODUCTIVITY_AND_BUSINESS,PRODUCTIVITY,PRODUCTIVITY,,
com.mcu.reolink,Reolink,1,106,1116.806,18.6134333,COMMUNICATION,HOUSE_AND_HOME,LIFESTYLE_MANAGEMENT,HOUSE_AND_HOME,HOUSE_AND_HOME,,
com.microsoft.emmx,"Edge, com.microsoft.emmx",2,6223,199774.744,3329.57907,COMMUNICATION,PRODUCTIVITY,KNOWLEDGE_AND_INFORMATION,INFORMATION_SEEKING,BROWSER,,
com.opera.mini.native,Opera Mini,1,307,344.001,5.73335,COMMUNICATION,PRODUCTIVITY,KNOWLEDGE_AND_INFORMATION,INFORMATION_SEEKING,BROWSER,,
com.parentsquare.psapp,ParentSquare,1,289,502.305999,8.37176665,COMMUNICATION,PARENTING,LIFESTYLE_MANAGEMENT,PARENTING,PARENT_CHILD_COMMUNICATION,,
com.pumble,Pumble,1,20,90.392999,1.50654998,COMMUNICATION,BUSINESS,PRODUCTIVITY_AND_BUSINESS,MONEY_MAKING,WORK,,
com.receivesms24.usa,USA Numbers,1,43,0.59,0.00983333,COMMUNICATION,PRODUCTIVITY,PRODUCTIVITY_AND_BUSINESS,PRODUCTIVITY,PRODUCTIVITY,,
com.samsung.accessory,Samsung Accessory Service,1,1963,51.433,0.85721667,COMMUNICATION,TOOLS,UTILITIES,UTILITIES,UTILITIES,,
com.samsung.android.app.contacts,"Contactos, Contacts, com.samsung.android.app.contacts",3,2086,8791.24299,146.520717,COMMUNICATION,COMMUNICATION,COMMUNICATION,INTERPERSONAL_COMMUNICATION,CALLS,,
com.samsung.android.dialer,"Phone, Tel‚àö¬©fono",2,24614,178916.2,2981.93667,COMMUNICATION,COMMUNICATION,COMMUNICATION,INTERPERSONAL_COMMUNICATION,CALLS,,
com.samsung.android.messaging,"Mensajes, Messages",2,170486,853379.314,14222.9886,COMMUNICATION,COMMUNICATION,COMMUNICATION,INTERPERSONAL_COMMUNICATION,MESSAGING,,
com.samsung.vvm,"Correo de voz visual, Visual Voicemail, Voicemail, com.samsung.vvm",4,1978,2865.658,47.7609667,COMMUNICATION,COMMUNICATION,COMMUNICATION,INTERPERSONAL_COMMUNICATION,CALLS,,
com.samsung.vvm.se,Voicemail,1,1313,3279.166,54.6527667,COMMUNICATION,COMMUNICATION,COMMUNICATION,INTERPERSONAL_COMMUNICATION,CALLS,,
com.sec.android.app.sbrowser,"Internet de Samsung, Samsung Internet",2,37809,1131887.5,18864.7917,COMMUNICATION,PRODUCTIVITY,KNOWLEDGE_AND_INFORMATION,INFORMATION_SEEKING,BROWSER,,
com.sec.spp.push,Samsung Push Service,1,347,0,0,COMMUNICATION,TOOLS,UTILITIES,UTILITIES,UTILITIES,,
com.skype.raider,"Skype, com.skype.raider",2,269,9742.706,162.378433,COMMUNICATION,COMMUNICATION,COMMUNICATION,INTERPERSONAL_COMMUNICATION,CALLS,,
com.snapchat.android,"Snapchat, com.snapchat.android",2,47500,367048.856,6117.48093,COMMUNICATION,SOCIAL,SOCIAL,BROADCAST_SOCIAL,SOCIAL_MEDIA,MESSAGING,
com.talkatone.android,Talkatone,1,72,1.657,0.02761667,COMMUNICATION,COMMUNICATION,COMMUNICATION,INTERPERSONAL_COMMUNICATION,CALLS,,
com.tello.ui,My Tello,1,61,252.213997,4.20356662,COMMUNICATION,HOUSE_AND_HOME,LIFESTYLE_MANAGEMENT,HOUSE_AND_HOME,HOUSE_AND_HOME,,
com.tencent.mm,WeChat,1,16556,105224.831,1753.74719,COMMUNICATION,COMMUNICATION,COMMUNICATION,INTERPERSONAL_COMMUNICATION,MESSAGING,,
com.textra,Textra,1,7200,56175.505,936.258416,COMMUNICATION,COMMUNICATION,COMMUNICATION,INTERPERSONAL_COMMUNICATION,MESSAGING,,
com.tmobile.services.nameid,Scam Shield,1,338,1.817,0.03028333,COMMUNICATION,PRODUCTIVITY,PRODUCTIVITY_AND_BUSINESS,PRODUCTIVITY,ONLINE_SECURITY,,
com.tmobile.vvm.application,Visual Voicemail,1,1109,3896.79,64.9465,COMMUNICATION,COMMUNICATION,COMMUNICATION,INTERPERSONAL_COMMUNICATION,CALLS,,
com.transsion.phoenix,Phoenix,1,880,24631.696,410.528267,COMMUNICATION,PRODUCTIVITY,KNOWLEDGE_AND_INFORMATION,INFORMATION_SEEKING,BROWSER,,
com.truecaller,Truecaller,1,13706,23391.58,389.859666,COMMUNICATION,PRODUCTIVITY,PRODUCTIVITY_AND_BUSINESS,PRODUCTIVITY,ONLINE_SECURITY,,
com.UCMobile.intl,UC Browser,1,201,582.854,9.71423333,COMMUNICATION,PRODUCTIVITY,KNOWLEDGE_AND_INFORMATION,INFORMATION_SEEKING,BROWSER,,
com.v2cross.shadowrocket,Shadowrocket,1,8,91.977,1.53295,COMMUNICATION,PRODUCTIVITY,PRODUCTIVITY_AND_BUSINESS,PRODUCTIVITY,ONLINE_SECURITY,,
com.verizon.messaging.vzmsgs,Message+,1,13115,38188.0419,636.467365,COMMUNICATION,COMMUNICATION,COMMUNICATION,INTERPERSONAL_COMMUNICATION,MESSAGING,,
com.viber.voip,Viber,1,4661,67201.324,1120.02207,COMMUNICATION,COMMUNICATION,COMMUNICATION,INTERPERSONAL_COMMUNICATION,MESSAGING,,
com.vzw.ecid,Call Filter,1,443,71.961,1.19935,COMMUNICATION,PRODUCTIVITY,PRODUCTIVITY_AND_BUSINESS,PRODUCTIVITY,ONLINE_SECURITY,,
com.vzw.gizmopal,GizmoHub,1,34,157.077999,2.61796665,COMMUNICATION,HOUSE_AND_HOME,LIFESTYLE_MANAGEMENT,HOUSE_AND_HOME,DEVICE_TRACKING,PARENTING,
com.whatsapp,"WhatsApp, com.whatsapp",2,939156,4269401.83,71156.6972,COMMUNICATION,COMMUNICATION,COMMUNICATION,INTERPERSONAL_COMMUNICATION,MESSAGING,CALLS,
com.whatsapp.w4b,WhatsApp¬¨‚Ä†Business,1,43430,140073.409,2334.55681,COMMUNICATION,BUSINESS,PRODUCTIVITY_AND_BUSINESS,MONEY_MAKING,WORK,,
com.willowtree.vocable,Vocable,1,33,219.683,3.66138333,COMMUNICATION,MEDICAL,LIFESTYLE_MANAGEMENT,HEALTH,MEDICAL,,
com.yahoo.mobile.client.android.mail,Yahoo Mail,1,23299,137768.331,2296.13885,COMMUNICATION,COMMUNICATION,COMMUNICATION,INTERPERSONAL_COMMUNICATION,EMAIL,,
com.youmail.android.vvm,YouMail,1,223,445.707,7.42845,COMMUNICATION,PRODUCTIVITY,PRODUCTIVITY_AND_BUSINESS,PRODUCTIVITY,ONLINE_SECURITY,,
com.yowhatsapp,YoWhatsApp,1,5736,21045.836,350.763933,COMMUNICATION,COMMUNICATION,COMMUNICATION,INTERPERSONAL_COMMUNICATION,MESSAGING,CALLS,
com.zoho.mail,"Zoho Mail, com.zoho.mail",2,713,1993.56099,33.2260165,COMMUNICATION,COMMUNICATION,COMMUNICATION,INTERPERSONAL_COMMUNICATION,EMAIL,,
eu.siacs.conversations,Conversations,1,1543,10982.025,183.03375,COMMUNICATION,COMMUNICATION,COMMUNICATION,INTERPERSONAL_COMMUNICATION,MESSAGING,,
jp.naver.line.android,LINE,1,163,210.247999,3.50413332,COMMUNICATION,COMMUNICATION,COMMUNICATION,INTERPERSONAL_COMMUNICATION,MESSAGING,CALLS,
kik.android,Kik,1,218,179.322998,2.98871663,COMMUNICATION,SOCIAL,SOCIAL,BROADCAST_SOCIAL,SOCIAL_MEDIA,MESSAGING,
me.nextplus.smsfreetext.phonecalls,Nextplus,1,266,924.179997,15.403,COMMUNICATION,COMMUNICATION,COMMUNICATION,INTERPERSONAL_COMMUNICATION,MESSAGING,CALLS,
net.idt.um.android.bossrevapp,BOSS Revolution,1,5,0,0,COMMUNICATION,COMMUNICATION,COMMUNICATION,INTERPERSONAL_COMMUNICATION,CALLS,FINANCE,
net.oneplus.forums,Community,1,17,7.689,0.12815,COMMUNICATION,SOCIAL,SOCIAL,BROADCAST_SOCIAL,SOCIAL_MEDIA,,
network.loki.messenger,Session,1,74,1002.299,16.7049833,COMMUNICATION,COMMUNICATION,COMMUNICATION,INTERPERSONAL_COMMUNICATION,MESSAGING,,
nl.asoft.speechassistant,Speech Assistant,1,22,368.331,6.13885,COMMUNICATION,MEDICAL,LIFESTYLE_MANAGEMENT,HEALTH,MEDICAL,,
org.mozilla.firefox,Firefox,1,10789,752037.01,12533.9502,COMMUNICATION,PRODUCTIVITY,KNOWLEDGE_AND_INFORMATION,INFORMATION_SEEKING,BROWSER,,
org.mozilla.focus,Firefox Focus,1,3581,178559.62,2975.99367,COMMUNICATION,PRODUCTIVITY,KNOWLEDGE_AND_INFORMATION,INFORMATION_SEEKING,BROWSER,,
org.telegram.messenger,Telegram,1,37619,319803.29,5330.05483,COMMUNICATION,COMMUNICATION,COMMUNICATION,INTERPERSONAL_COMMUNICATION,MESSAGING,,
org.telegram.messenger.web,Telegram,1,434,17302.222,288.370367,COMMUNICATION,COMMUNICATION,COMMUNICATION,INTERPERSONAL_COMMUNICATION,MESSAGING,,
org.thoughtcrime.securesms,"Signal, org.thoughtcrime.securesms",2,82135,396304.442,6605.07404,COMMUNICATION,COMMUNICATION,COMMUNICATION,INTERPERSONAL_COMMUNICATION,MESSAGING,CALLS,
ro.telekom.myaccount,Telekom RO,1,8,10.666,0.17776667,COMMUNICATION,HOUSE_AND_HOME,LIFESTYLE_MANAGEMENT,HOUSE_AND_HOME,HOUSE_AND_HOME,,
co.hinge.app,Hinge,1,1065,20552.271,342.53785,DATING,DATING,SOCIAL,BROADCAST_SOCIAL,DATING,,
com.bumble.app,Bumble,1,1162,4850.686,80.8447667,DATING,DATING,SOCIAL,BROADCAST_SOCIAL,DATING,,
com.coffeemeetsbagel,Coffee Meets Bagel,1,37,267.838,4.46396667,DATING,DATING,SOCIAL,BROADCAST_SOCIAL,DATING,,
com.match.android.stir,Stir,1,29,113.753,1.89588333,DATING,DATING,SOCIAL,BROADCAST_SOCIAL,DATING,,
com.pof.android,POF,1,49,1677.92,27.9653333,DATING,DATING,SOCIAL,BROADCAST_SOCIAL,DATING,,
com.tinder,Tinder,1,31,70.709,1.17848333,DATING,DATING,SOCIAL,BROADCAST_SOCIAL,DATING,,
cn.danatech.xingseus,PictureThis,1,372,1279.941,21.33235,EDUCATION,HOUSE_AND_HOME,LIFESTYLE_MANAGEMENT,HOUSE_AND_HOME,REAL_ESTATE,,
co.communico.evanston,Evanston Public Library,1,16,52.607,0.87678333,EDUCATION,HOUSE_AND_HOME,LIFESTYLE_MANAGEMENT,HOUSE_AND_HOME,COMMUNITY_AND_PUBLIC_SERVICES,,
co.kidcasa.app,"brightwheel, co.kidcasa.app",2,11838,26247.4258,437.457097,EDUCATION,PARENTING,LIFESTYLE_MANAGEMENT,PARENTING,PARENT_CHILD_COMMUNICATION,,
com.absu,ABSU Quick Check,1,19,107.966,1.79943333,EDUCATION,PARENTING,LIFESTYLE_MANAGEMENT,PARENTING,PARENT_CHILD_COMMUNICATION,,
com.afterschooldevelopment.carline,Playground,1,691,3569.785,59.4964167,EDUCATION,PARENTING,LIFESTYLE_MANAGEMENT,PARENTING,PARENT_CHILD_COMMUNICATION,,
com.aquatots,Aqua-Tots,1,24,0.074,0.00123333,EDUCATION,PARENTING,LIFESTYLE_MANAGEMENT,PARENTING,PARENT_CHILD_COMMUNICATION,HEALTH_AND_FITNESS,
com.avokiddo.games.thinkrolls_space,Thinkrolls Space,1,41,115.221,1.92035,EDUCATION,GAME_EDUCATIONAL,GAMING,GAMING,GAME_EDUCATIONAL,,KIDS
com.babbel.mobile.android.en,Babbel,1,137,1237.193,20.6198833,EDUCATION,EDUCATION,KNOWLEDGE_AND_INFORMATION,KNOWLEDGE_SEEKING,LEARNING,,
com.beanstack,"Beanstack, com.beanstack",2,320,7654.37298,127.572883,EDUCATION,BOOKS_AND_REFERENCE,ARTS_AND_LEISURE,READING,READING,,
com.bestfungames.asvab,ASVAB,1,9,730.513,12.1752167,EDUCATION,EDUCATION,KNOWLEDGE_AND_INFORMATION,KNOWLEDGE_SEEKING,LEARNING,,
com.blackboard.android.bbstudent,Blackboard,1,301,1638.375,27.30625,EDUCATION,PARENTING,LIFESTYLE_MANAGEMENT,PARENTING,PARENT_CHILD_COMMUNICATION,,
com.blinkslabs.blinkist.android,Blinkist,1,14,149.472,2.4912,EDUCATION,BOOKS_AND_REFERENCE,ARTS_AND_LEISURE,READING,READING,,
com.classdojo.android,"ClassDojo, com.classdojo.android",2,2320,16594.502,276.575033,EDUCATION,PARENTING,LIFESTYLE_MANAGEMENT,PARENTING,PARENT_CHILD_COMMUNICATION,,
com.classtag,ClassTag,1,42,1.586,0.02643333,EDUCATION,PARENTING,LIFESTYLE_MANAGEMENT,PARENTING,PARENT_CHILD_COMMUNICATION,,
com.criticalcommunicationsmedia.hamradioprep3,Ham Radio Prep,1,8,51.721,0.86201667,EDUCATION,EDUCATION,KNOWLEDGE_AND_INFORMATION,KNOWLEDGE_SEEKING,LEARNING,,
com.drpanda.learningworld,Dr. Panda,1,878,87382.063,1456.36772,EDUCATION,GAME_EDUCATIONAL,GAMING,GAMING,GAME_EDUCATIONAL,,KIDS
com.duckduckmoosedesign.ibs,Itsy Bitsy,1,89,3165.78799,52.7631332,EDUCATION,BOOKS_AND_REFERENCE,ARTS_AND_LEISURE,READING,READING,,KIDS
com.duolingo,"Duolingo, com.duolingo",2,4184,70938.362,1182.30603,EDUCATION,EDUCATION,KNOWLEDGE_AND_INFORMATION,KNOWLEDGE_SEEKING,LEARNING,,
com.duolingo.literacy,Duo ABC,1,560,11667.457,194.457617,EDUCATION,EDUCATION,KNOWLEDGE_AND_INFORMATION,KNOWLEDGE_SEEKING,LEARNING,,KIDS
com.fehnerssoftware.visualtimer,com.fehnerssoftware.visualtimer,1,7,142.126,2.36876667,EDUCATION,PARENTING,LIFESTYLE_MANAGEMENT,PARENTING,PARENTING,,KIDS
com.fws.plantsnap2,Plantsnap,1,16,351.831,5.86385,EDUCATION,BOOKS_AND_REFERENCE,KNOWLEDGE_AND_INFORMATION,KNOWLEDGE_SEEKING,REFERENCE,,
com.glority.pictureinsect,Picture Insect,1,72,233.621995,3.89369992,EDUCATION,BOOKS_AND_REFERENCE,KNOWLEDGE_AND_INFORMATION,KNOWLEDGE_SEEKING,REFERENCE,,
com.headway.books,Headway,1,265,15.46,0.25766667,EDUCATION,BOOKS_AND_REFERENCE,ARTS_AND_LEISURE,READING,READING,,
com.himama.educator,"HiMama, Lillio",2,1341,6294.905,104.915083,EDUCATION,PARENTING,LIFESTYLE_MANAGEMENT,PARENTING,PARENT_CHILD_COMMUNICATION,,
com.ilumivu.mema,mema,1,424,6704.136,111.7356,EDUCATION,PRODUCTIVITY,PRODUCTIVITY_AND_BUSINESS,PRODUCTIVITY,RESEARCH,,
com.infinitecampus.parent.campusportalhybrid,"Parent, com.infinitecampus.parent.campusportalhybrid",2,272,2536.665,42.27775,EDUCATION,PARENTING,LIFESTYLE_MANAGEMENT,PARENTING,PARENT_CHILD_COMMUNICATION,,
com.instructure.candroid,"Canvas Student, com.instructure.candroid",2,960,16585.206,276.420099,EDUCATION,PARENTING,LIFESTYLE_MANAGEMENT,PARENTING,PARENT_CHILD_COMMUNICATION,,
com.kinderlime.dev,Procare,1,5503,12606.826,210.113766,EDUCATION,PARENTING,LIFESTYLE_MANAGEMENT,PARENTING,PARENT_CHILD_COMMUNICATION,,
com.learningcaregroup.sproutabout,SproutAbout,1,5381,73420.1778,1223.66963,EDUCATION,PARENTING,LIFESTYLE_MANAGEMENT,PARENTING,PARENT_CHILD_COMMUNICATION,,
com.learnwithhomer.webapp,Homer Learning,1,4423,196786.426,3279.77377,EDUCATION,EDUCATION,KNOWLEDGE_AND_INFORMATION,KNOWLEDGE_SEEKING,LEARNING,,KIDS
com.listeneng.sp,Habla ingl‚àö¬©s,1,48,5668.418,94.4736333,EDUCATION,EDUCATION,KNOWLEDGE_AND_INFORMATION,KNOWLEDGE_SEEKING,LEARNING,,
com.mindcandy.sleepstories,Moshi,1,152,3629.385,60.48975,EDUCATION,HEALTH_AND_FITNESS,LIFESTYLE_MANAGEMENT,HEALTH,HEALTH_AND_FITNESS,GAME_EDUCATIONAL,KIDS
com.mobireactor.signlanguage,Pocket Sign,1,30,1058.54,17.6423333,EDUCATION,EDUCATION,KNOWLEDGE_AND_INFORMATION,KNOWLEDGE_SEEKING,LEARNING,,
com.moodle.moodlemobile,Moodle,1,15,75.963,1.26605,EDUCATION,PARENTING,LIFESTYLE_MANAGEMENT,PARENTING,PARENT_CHILD_COMMUNICATION,,
com.musictogether.hello_everybody_android,"Hello Everybody, Music Together",2,258,2412.387,40.20645,EDUCATION,MUSIC_AND_AUDIO,ARTS_AND_LEISURE,MUSIC_AND_AUDIO,MUSIC_AND_AUDIO,,KIDS
com.nascentlabs.letsplaymusic,Let's Play Music,1,373,5821.146,97.0191,EDUCATION,MUSIC_AND_AUDIO,ARTS_AND_LEISURE,MUSIC_AND_AUDIO,MUSIC_AND_AUDIO,,KIDS
com.nhaparentportal,NHA Parent Portal,1,8,64.975,1.08291667,EDUCATION,PARENTING,LIFESTYLE_MANAGEMENT,PARENTING,PARENT_CHILD_COMMUNICATION,,
com.nick.noggin,Noggin,1,343,13709.171,228.486183,EDUCATION,ENTERTAINMENT,ARTS_AND_LEISURE,ENTERTAINMENT,ENTERTAINMENT,LEARNING,KIDS
com.originatorkids.EndlessAlphabet,Endless ABC,1,20,3349.088,55.8181333,EDUCATION,GAME_EDUCATIONAL,GAMING,GAMING,GAME_EDUCATIONAL,,KIDS
com.originatorkids.EndlessNumbers,Endless 123,1,33,206.893999,3.44823332,EDUCATION,GAME_EDUCATIONAL,GAMING,GAMING,GAME_EDUCATIONAL,,KIDS
com.originatorkids.paw,PAW Academy,1,85,15169.846,252.830767,EDUCATION,GAME_EDUCATIONAL,GAMING,GAMING,GAME_EDUCATIONAL,,KIDS
com.photofunsafaris.newzoo,NEW Zoo,1,82,526.495,8.77491667,EDUCATION,EDUCATION,KNOWLEDGE_AND_INFORMATION,KNOWLEDGE_SEEKING,LEARNING,,KIDS
com.pocketprep.android.nursing,Nursing,1,285,12887.44,214.790667,EDUCATION,EDUCATION,KNOWLEDGE_AND_INFORMATION,KNOWLEDGE_SEEKING,LEARNING,,
com.powerschool.portal,PowerSchool,1,1578,9674.52794,161.242132,EDUCATION,PARENTING,LIFESTYLE_MANAGEMENT,PARENTING,PARENT_CHILD_COMMUNICATION,,
com.readsquared.R2,READsquared,1,16,93.002,1.55003333,EDUCATION,BOOKS_AND_REFERENCE,ARTS_AND_LEISURE,READING,READING,,
com.remind101,Remind,1,254,995.898998,16.5983166,EDUCATION,PARENTING,LIFESTYLE_MANAGEMENT,PARENTING,PARENT_CHILD_COMMUNICATION,,
com.sagosago.ForestFlyer.googleplay,Forest Flyer,1,39,3958.715,65.9785833,EDUCATION,GAME_ARCADE,GAMING,GAMING,GAME_ARCADE,,KIDS
com.samsung.sree,"Samsung Global Goals, com.samsung.sree",2,519,455.266,7.58776667,EDUCATION,HOUSE_AND_HOME,LIFESTYLE_MANAGEMENT,HOUSE_AND_HOME,COMMUNITY_AND_PUBLIC_SERVICES,FINANCE,
com.seacloud.dc,Daily Connect,1,836,1377.649,22.9608167,EDUCATION,PARENTING,LIFESTYLE_MANAGEMENT,PARENTING,PARENT_CHILD_COMMUNICATION,,
com.selabs.speak,Speak,1,123,29589.312,493.1552,EDUCATION,EDUCATION,KNOWLEDGE_AND_INFORMATION,KNOWLEDGE_SEEKING,LEARNING,,
com.sesame.apps.elmocalls.android,Elmo Calls,1,47,1594.484,26.5747333,EDUCATION,PARENTING,LIFESTYLE_MANAGEMENT,PARENTING,PARENTING,GAME_EDUCATIONAL,KIDS
com.sesame.go,Sesame Street,1,28,665.738,11.0956333,EDUCATION,GAME_EDUCATIONAL,GAMING,GAMING,GAME_EDUCATIONAL,STREAMING,KIDS
com.sigmasoftware.flwise,Florida WIC,1,56,222.091,3.70151667,EDUCATION,HOUSE_AND_HOME,LIFESTYLE_MANAGEMENT,HOUSE_AND_HOME,COMMUNITY_AND_PUBLIC_SERVICES,SHOPPING,
com.simulationcurriculum.skysafari5,SkySafari,1,11,297.061,4.95101667,EDUCATION,BOOKS_AND_REFERENCE,KNOWLEDGE_AND_INFORMATION,KNOWLEDGE_SEEKING,REFERENCE,,
com.starfall.StarfallABCs,Starfall ABCs,1,9,167.891,2.79818333,EDUCATION,EDUCATION,KNOWLEDGE_AND_INFORMATION,KNOWLEDGE_SEEKING,LEARNING,,KIDS
com.subsplash.thechurchapp.ligonier,Ligonier,1,7,93.8,1.56333333,EDUCATION,HOUSE_AND_HOME,LIFESTYLE_MANAGEMENT,HOUSE_AND_HOME,COMMUNITY_AND_PUBLIC_SERVICES,,
com.subsplash.thechurchapp.s_FG4GG4,Evergreen,1,51,289.301,4.82168333,EDUCATION,HOUSE_AND_HOME,LIFESTYLE_MANAGEMENT,HOUSE_AND_HOME,COMMUNITY_AND_PUBLIC_SERVICES,,
com.tadpoles.parent,Tadpoles Parent,1,244,449.795996,7.49659993,EDUCATION,PARENTING,LIFESTYLE_MANAGEMENT,PARENTING,PARENT_CHILD_COMMUNICATION,,
com.taydanenterprises.android.directoryspot,DirectorySpot,1,48,167.498998,2.79164997,EDUCATION,PARENTING,LIFESTYLE_MANAGEMENT,PARENTING,PARENT_CHILD_COMMUNICATION,,
com.teachingstrategies.myts.family,TS Family,1,94,198.617999,3.31029998,EDUCATION,PARENTING,LIFESTYLE_MANAGEMENT,PARENTING,PARENT_CHILD_COMMUNICATION,,
com.udemy.android,Udemy,1,58,0,0,EDUCATION,EDUCATION,KNOWLEDGE_AND_INFORMATION,KNOWLEDGE_SEEKING,LEARNING,,
com.vexcel.mywic,myWIC,1,15,11.967,0.19945,EDUCATION,HOUSE_AND_HOME,LIFESTYLE_MANAGEMENT,HOUSE_AND_HOME,COMMUNITY_AND_PUBLIC_SERVICES,SHOPPING,
com.vidku.app.flipgrid,Flip,1,317,4640.241,77.33735,EDUCATION,PARENTING,LIFESTYLE_MANAGEMENT,PARENTING,PARENT_CHILD_COMMUNICATION,,
com.wlingua.curso,Wlingua,1,261,27673.798,461.229967,EDUCATION,EDUCATION,KNOWLEDGE_AND_INFORMATION,KNOWLEDGE_SEEKING,LEARNING,,
de.tu_chemnitz.mi.kahst.birdnet,BirdNET,1,138,494.611,8.24351667,EDUCATION,BOOKS_AND_REFERENCE,KNOWLEDGE_AND_INFORMATION,KNOWLEDGE_SEEKING,REFERENCE,,
edu.byu.suite,"BYU, edu.byu.suite",2,22,374.562998,6.24271663,EDUCATION,BUSINESS,PRODUCTIVITY_AND_BUSINESS,MONEY_MAKING,WORK,,
edu.uvu.studentMobile,UVU Student,1,224,4436.28498,73.938083,EDUCATION,PARENTING,LIFESTYLE_MANAGEMENT,PARENTING,PARENT_CHILD_COMMUNICATION,,
education.classlife.app,Classlife,1,13,55.997,0.93328333,EDUCATION,PARENTING,LIFESTYLE_MANAGEMENT,PARENTING,PARENT_CHILD_COMMUNICATION,,
gov.ca.cdph.cawic,"California WIC, California WIC App",2,38,119.525,1.99208333,EDUCATION,HOUSE_AND_HOME,LIFESTYLE_MANAGEMENT,HOUSE_AND_HOME,COMMUNITY_AND_PUBLIC_SERVICES,SHOPPING,
net.researchgate.shellapp,ResearchGate,1,512,2961.25999,49.3543332,EDUCATION,BOOKS_AND_REFERENCE,KNOWLEDGE_AND_INFORMATION,KNOWLEDGE_SEEKING,REFERENCE,,
org.coursera.android,Coursera,1,22,36.313,0.60521667,EDUCATION,EDUCATION,KNOWLEDGE_AND_INFORMATION,KNOWLEDGE_SEEKING,LEARNING,,
org.domestika,Domestika,1,335,15342.202,255.703367,EDUCATION,EDUCATION,KNOWLEDGE_AND_INFORMATION,KNOWLEDGE_SEEKING,LEARNING,,
org.inaturalist.android,iNaturalist,1,332,684.033,11.40055,EDUCATION,BOOKS_AND_REFERENCE,KNOWLEDGE_AND_INFORMATION,KNOWLEDGE_SEEKING,REFERENCE,,
org.inaturalist.seek,Seek,1,17,106.444999,1.77408332,EDUCATION,BOOKS_AND_REFERENCE,KNOWLEDGE_AND_INFORMATION,KNOWLEDGE_SEEKING,REFERENCE,,
org.khanacademy.android,Khan Academy,1,6,824.492999,13.74155,EDUCATION,EDUCATION,KNOWLEDGE_AND_INFORMATION,KNOWLEDGE_SEEKING,LEARNING,,
org.khankids.android,Khan Kids,1,95,9346.753,155.779217,EDUCATION,EDUCATION,KNOWLEDGE_AND_INFORMATION,KNOWLEDGE_SEEKING,LEARNING,,KIDS
org.lds.gospelforkids,Gospel for Kids,1,6,561.859,9.36431667,EDUCATION,GAME_EDUCATIONAL,GAMING,GAMING,GAME_EDUCATIONAL,,KIDS
org.pbskids.scratchjr,PBS KIDS ScratchJr,1,8,20.078,0.33463333,EDUCATION,GAME_EDUCATIONAL,GAMING,GAMING,GAME_EDUCATIONAL,,KIDS
org.pbskids.video,PBS KIDS Video,1,33,117.846,1.9641,EDUCATION,VIDEO_PLAYERS,VIDEO,VIDEO,STREAMING,LEARNING,KIDS
org.sairegion3.sairhythms,Sai Rhythms,1,88,1208.636,20.1439333,EDUCATION,MUSIC_AND_AUDIO,ARTS_AND_LEISURE,MUSIC_AND_AUDIO,MUSIC_AND_AUDIO,,
org.scratchjr.android,ScratchJr,1,9,66.596,1.10993333,EDUCATION,GAME_EDUCATIONAL,GAMING,GAMING,GAME_EDUCATIONAL,,KIDS
seesaw.shadowpuppet.co.classroom,"Seesaw, seesaw.shadowpuppet.co.classroom",2,264,1308.704,21.8117333,EDUCATION,PARENTING,LIFESTYLE_MANAGEMENT,PARENTING,PARENT_CHILD_COMMUNICATION,,
seesaw.shadowpuppet.co.seesaw,seesaw.shadowpuppet.co.seesaw,1,252,559.321999,9.32203332,EDUCATION,PARENTING,LIFESTYLE_MANAGEMENT,PARENTING,PARENT_CHILD_COMMUNICATION,,
tv.skyship.supersimple,"Super Simple, tv.skyship.supersimple",2,189,4907.12299,81.7853832,EDUCATION,EDUCATION,KNOWLEDGE_AND_INFORMATION,KNOWLEDGE_SEEKING,LEARNING,MUSIC_AND_AUDIO,KIDS
ai.character.app,Character.AI,1,35,190.829,3.18048333,ENTERTAINMENT,PRODUCTIVITY,KNOWLEDGE_AND_INFORMATION,INFORMATION_SEEKING,AI_CHATBOT,,
co.rtvcplay,RTVCPlay,1,12,69.623,1.16038333,ENTERTAINMENT,VIDEO_PLAYERS,VIDEO,VIDEO,STREAMING,,
com.aetn.history.watch,HISTORY,1,6,0.515,0.00858333,ENTERTAINMENT,VIDEO_PLAYERS,VIDEO,VIDEO,STREAMING,,
com.amazon.avod.thirdpartyclient,"Prime Video, com.amazon.avod.thirdpartyclient",2,6604,185724.729,3095.41215,ENTERTAINMENT,VIDEO_PLAYERS,VIDEO,VIDEO,STREAMING,,
com.amc,AMC Theatres,1,55,1441.855,24.0309167,ENTERTAINMENT,EVENTS,ARTS_AND_LEISURE,ENTERTAINMENT,EVENTS,,
com.birdbuddy.app,Bird Buddy: Smart Bird Feeder,1,38,550.983999,9.18306665,ENTERTAINMENT,HOUSE_AND_HOME,LIFESTYLE_MANAGEMENT,HOUSE_AND_HOME,HOUSE_AND_HOME,,
com.bitstrips.imoji,"Bitmoji, com.bitstrips.imoji",2,859,48.915,0.81525,ENTERTAINMENT,ENTERTAINMENT,ARTS_AND_LEISURE,ENTERTAINMENT,ENTERTAINMENT,,
com.buzzfeed.android,BuzzFeed,1,23,84.793999,1.41323332,ENTERTAINMENT,ENTERTAINMENT,ARTS_AND_LEISURE,ENTERTAINMENT,ENTERTAINMENT,NEWS,
com.cbs.app,Paramount+,1,314,637.205,10.6200833,ENTERTAINMENT,VIDEO_PLAYERS,VIDEO,VIDEO,STREAMING,,
com.cinemark.mobile,Cinemark Theatres,1,226,1022.041,17.0340167,ENTERTAINMENT,EVENTS,ARTS_AND_LEISURE,ENTERTAINMENT,EVENTS,,
com.collegehumor.chdropout,"DROPOUT, Dropout",2,268,28533.561,475.55935,ENTERTAINMENT,VIDEO_PLAYERS,VIDEO,VIDEO,STREAMING,,
com.coloros.gamespaceui,Game Space,1,26,18.556,0.30926667,ENTERTAINMENT,PRODUCTIVITY,PRODUCTIVITY_AND_BUSINESS,PRODUCTIVITY,PRODUCTIVITY,,
com.coloros.video,Video (System),1,35,169.611,2.82685,ENTERTAINMENT,VIDEO_PLAYERS,VIDEO,VIDEO,STREAMING,,
com.crunchyroll.crunchyroid,Crunchyroll,1,29,5599.687,93.3281167,ENTERTAINMENT,VIDEO_PLAYERS,VIDEO,VIDEO,STREAMING,,
com.digitalturbine.android.apps.news.att,Essentials,1,665,129.300999,2.15501665,ENTERTAINMENT,ENTERTAINMENT,ARTS_AND_LEISURE,ENTERTAINMENT,ENTERTAINMENT,,
com.discovery.discoveryplus.mobile,discovery+,1,35,5.793999,0.09656665,ENTERTAINMENT,VIDEO_PLAYERS,VIDEO,VIDEO,STREAMING,,
com.disney.datg.videoplatforms.android.watchdc,DisneyNOW,1,40,7544.893,125.748217,ENTERTAINMENT,VIDEO_PLAYERS,VIDEO,VIDEO,STREAMING,,
com.disney.disneymovieinsiders_goo,Insiders,1,118,426.541,7.10901667,ENTERTAINMENT,ENTERTAINMENT,ARTS_AND_LEISURE,ENTERTAINMENT,ENTERTAINMENT,,
com.disney.disneyplus,Disney+,1,1409,97285.91,1621.43183,ENTERTAINMENT,VIDEO_PLAYERS,VIDEO,VIDEO,STREAMING,,
com.eventbrite.attendee,Eventbrite,1,201,1439.196,23.9866,ENTERTAINMENT,EVENTS,ARTS_AND_LEISURE,ENTERTAINMENT,EVENTS,,
com.fandango,Fandango,1,61,369.228,6.1538,ENTERTAINMENT,EVENTS,ARTS_AND_LEISURE,ENTERTAINMENT,EVENTS,,
com.fandango.regal,Regal,1,250,1878.67799,31.3112999,ENTERTAINMENT,EVENTS,ARTS_AND_LEISURE,ENTERTAINMENT,EVENTS,,
com.fantasyflightgames.XCOM,XCOM:TBG,1,5,3.016,0.05026667,ENTERTAINMENT,GAME_BOARD,GAMING,GAMING,GAME_BOARD,,
com.google.android.apps.youtube.unplugged,YouTube TV,1,703,31689.004,528.150067,ENTERTAINMENT,VIDEO_PLAYERS,VIDEO,VIDEO,YOUTUBE,,
com.google.android.play.games,Google Play Games,1,172,1078.319,17.9719833,ENTERTAINMENT,TOOLS,UTILITIES,UTILITIES,UTILITIES,,
com.hamrahradio,Radio Hamrah,1,18,39.980999,0.66634998,ENTERTAINMENT,MUSIC_AND_AUDIO,ARTS_AND_LEISURE,MUSIC_AND_AUDIO,MUSIC_AND_AUDIO,,
com.hbo.hbonow,"HBO MAX, HBO Max",2,82,27.972,0.4662,ENTERTAINMENT,VIDEO_PLAYERS,VIDEO,VIDEO,STREAMING,,
com.hulu.plus,"Hulu, com.hulu.plus",2,5494,363681.126,6061.3521,ENTERTAINMENT,VIDEO_PLAYERS,VIDEO,VIDEO,STREAMING,,
com.imdb.mobile,IMDb,1,415,16534.544,275.575733,ENTERTAINMENT,ENTERTAINMENT,ARTS_AND_LEISURE,ENTERTAINMENT,ENTERTAINMENT,,
com.influx.marcus.theatres,MT - Tickets,1,476,661.983995,11.0330666,ENTERTAINMENT,EVENTS,ARTS_AND_LEISURE,ENTERTAINMENT,EVENTS,,
com.instantencore.arttix_5186256,ArtTix,1,55,184.339999,3.07233332,ENTERTAINMENT,EVENTS,ARTS_AND_LEISURE,ENTERTAINMENT,EVENTS,,
com.iqiyi.i18n,iQIYI,1,36,98.708,1.64513333,ENTERTAINMENT,VIDEO_PLAYERS,VIDEO,VIDEO,STREAMING,,
com.justplay.app,JustPlay,1,11,0,0,ENTERTAINMENT,GAME_CASINO,GAMING,GAMING,CASINO_AND_BETTING,,
com.kanopy,Kanopy,1,16,56.992999,0.94988332,ENTERTAINMENT,VIDEO_PLAYERS,VIDEO,VIDEO,STREAMING,,
com.kidsbowlfree.mobile,Kids Bowl Free,1,34,118.644,1.9774,ENTERTAINMENT,EVENTS,ARTS_AND_LEISURE,ENTERTAINMENT,EVENTS,,
com.Likewise.apps.Likewise,Likewise,1,34,0,0,ENTERTAINMENT,ENTERTAINMENT,ARTS_AND_LEISURE,ENTERTAINMENT,ENTERTAINMENT,,
com.maritlabs.topdecked.mtg,TopDecked,1,12,7.94,0.13233333,ENTERTAINMENT,GAME_CARD,GAMING,GAMING,GAME_CARD,,
com.mentormate.android.inboxdollars,InboxDollars,1,184,1057.499,17.6249833,ENTERTAINMENT,BUSINESS,PRODUCTIVITY_AND_BUSINESS,MONEY_MAKING,QUICK_CASH,,
com.metropcs.metrozone,"metroZONE, metroZone",2,4653,961.831,16.0305167,ENTERTAINMENT,ENTERTAINMENT,ARTS_AND_LEISURE,ENTERTAINMENT,ENTERTAINMENT,,
com.microsoft.xboxone.smartglass,Xbox,1,18,10.355,0.17258333,ENTERTAINMENT,ENTERTAINMENT,ARTS_AND_LEISURE,ENTERTAINMENT,ENTERTAINMENT,,
com.mistplay.mistplay,Mistplay,1,27,23.796,0.3966,ENTERTAINMENT,GAME_CASINO,GAMING,GAMING,CASINO_AND_BETTING,,
com.miui.videoplayer,Mi Video,1,563,1682.361,28.03935,ENTERTAINMENT,VIDEO_PLAYERS,VIDEO,VIDEO,STREAMING,,
com.mtgarenapro.mtgaproapp,Pro Tool MTGA,1,92,7427.772,123.7962,ENTERTAINMENT,ENTERTAINMENT,ARTS_AND_LEISURE,ENTERTAINMENT,ENTERTAINMENT,,
com.nbcuni.nbc,NBC,1,122,6351.13,105.852167,ENTERTAINMENT,VIDEO_PLAYERS,VIDEO,VIDEO,STREAMING,,
com.netflix.mediaclient,"Netflix, com.netflix.mediaclient",2,12034,978682.612,16311.3769,ENTERTAINMENT,VIDEO_PLAYERS,VIDEO,VIDEO,STREAMING,,
com.newleaf.app.android.victor,ReelShort,1,345,7143.546,119.0591,ENTERTAINMENT,BOOKS_AND_REFERENCE,ARTS_AND_LEISURE,READING,READING,,
com.oplus.games,Games,1,27,5.621,0.09368333,ENTERTAINMENT,TOOLS,UTILITIES,UTILITIES,UTILITIES,,
com.patreon.android,Patreon,1,59,166.414,2.77356667,ENTERTAINMENT,SOCIAL,SOCIAL,BROADCAST_SOCIAL,SOCIAL_MEDIA,STREAMING,
com.peacocktv.peacockandroid,Peacock,1,644,14356.429,239.273817,ENTERTAINMENT,VIDEO_PLAYERS,VIDEO,VIDEO,STREAMING,,
com.plexapp.android,Plex,1,1880,166615.371,2776.92285,ENTERTAINMENT,VIDEO_PLAYERS,VIDEO,VIDEO,STREAMING,,
com.roku.remote,"Roku, com.roku.remote",2,2354,66708.241,1111.80402,ENTERTAINMENT,VIDEO_PLAYERS,VIDEO,VIDEO,STREAMING,,
com.showtime.showtimeanytime,SHO Anytime,1,381,81683.203,1361.38672,ENTERTAINMENT,VIDEO_PLAYERS,VIDEO,VIDEO,STREAMING,,
com.thechive,theCHIVE,1,103,35150.684,585.844733,ENTERTAINMENT,ENTERTAINMENT,ARTS_AND_LEISURE,ENTERTAINMENT,ENTERTAINMENT,,
com.tickethoss.tickethoss,Ticket Hoss,1,3,0,0,ENTERTAINMENT,EVENTS,ARTS_AND_LEISURE,ENTERTAINMENT,EVENTS,,
com.tmobile.m1,T-Mobile Play,1,257,0.992,0.01653333,ENTERTAINMENT,VIDEO_PLAYERS,VIDEO,VIDEO,STREAMING,,
com.tonies.app,mytonies,1,406,1119.658,18.6609667,ENTERTAINMENT,HOUSE_AND_HOME,LIFESTYLE_MANAGEMENT,HOUSE_AND_HOME,HOUSE_AND_HOME,,KIDS
com.tubitv,Tubi,1,34,6354.536,105.908933,ENTERTAINMENT,VIDEO_PLAYERS,VIDEO,VIDEO,STREAMING,,
com.univision.prendetv,ViX,1,34,20.857,0.34761667,ENTERTAINMENT,VIDEO_PLAYERS,VIDEO,VIDEO,STREAMING,,
com.valvesoftware.android.steam.community,Steam,1,227,2276.98899,37.9498165,ENTERTAINMENT,ENTERTAINMENT,ARTS_AND_LEISURE,ENTERTAINMENT,ENTERTAINMENT,,
com.vidangel,"VidAngel, com.vidangel",2,40,1577.97,26.2995,ENTERTAINMENT,PARENTING,LIFESTYLE_MANAGEMENT,PARENTING,PARENTING,ONLINE_SECURITY,
com.viki.android,Viki,1,739,68518.821,1141.98035,ENTERTAINMENT,VIDEO_PLAYERS,VIDEO,VIDEO,STREAMING,,
com.visicommedia.manycam,ManyCam,1,8,14.777,0.24628333,ENTERTAINMENT,PHOTOGRAPHY,ARTS_AND_LEISURE,PHOTO_AND_VIDEO,PHOTO_AND_VIDEO,,
com.vizio.vue.launcher,VIZIO Mobile,1,42,280.130999,4.66884998,ENTERTAINMENT,VIDEO_PLAYERS,VIDEO,VIDEO,STREAMING,,
com.wbd.stream,Max,1,1912,388693.762,6478.22937,ENTERTAINMENT,VIDEO_PLAYERS,VIDEO,VIDEO,STREAMING,,
com.wilottery.mobile,WI Lottery,1,59,700.949999,11.6825,ENTERTAINMENT,GAME_CASINO,GAMING,GAMING,CASINO_AND_BETTING,,
com.yotoplay.yoto,Yoto,1,82,905.089,15.0848167,ENTERTAINMENT,MUSIC_AND_AUDIO,ARTS_AND_LEISURE,MUSIC_AND_AUDIO,MUSIC_AND_AUDIO,,KIDS
mobi.ifunny,iFunny,1,70,15.55,0.25916667,ENTERTAINMENT,SOCIAL,SOCIAL,BROADCAST_SOCIAL,SOCIAL_MEDIA,,
tv.remote.control.firetv,Fire Remote,1,25,99.929,1.66548333,ENTERTAINMENT,VIDEO_PLAYERS,VIDEO,VIDEO,STREAMING,,
tv.startupshow.android,StartupShow,1,17,3450.25,57.5041667,ENTERTAINMENT,VIDEO_PLAYERS,VIDEO,VIDEO,STREAMING,,
tv.twitch.android.app,"Twitch, tv.twitch.android.app",2,1314,79424.954,1323.74923,ENTERTAINMENT,VIDEO_PLAYERS,VIDEO,VIDEO,STREAMING,,
tv.vhx.worldofwonder,WOW,1,67,3660.389,61.0064833,ENTERTAINMENT,VIDEO_PLAYERS,VIDEO,VIDEO,STREAMING,,
com.feverup.fever,Fever,1,16,90.135,1.50225,EVENTS,EVENTS,ARTS_AND_LEISURE,ENTERTAINMENT,EVENTS,,
com.pheedloop.go,PheedLoop Go!,1,62,3157.905,52.63175,EVENTS,EVENTS,ARTS_AND_LEISURE,ENTERTAINMENT,EVENTS,,
com.stubhub,StubHub,1,24,2352.574,39.2095667,EVENTS,EVENTS,ARTS_AND_LEISURE,ENTERTAINMENT,EVENTS,,
com.ticketmaster.mobile.android.na,Ticketmaster,1,573,2159.03699,35.9839499,EVENTS,EVENTS,ARTS_AND_LEISURE,ENTERTAINMENT,EVENTS,,
com.tickpickllc.ceobrien.tickpick,TickPick,1,94,20.84,0.34733333,EVENTS,EVENTS,ARTS_AND_LEISURE,ENTERTAINMENT,EVENTS,,
com.wizards.winter_orb,Companion,1,27,2.372,0.03953333,EVENTS,EVENTS,ARTS_AND_LEISURE,ENTERTAINMENT,EVENTS,,
ci.atlasearth.client,"Atlas Earth, Atlas: Earth",2,6857,90465.4139,1507.7569,FINANCE,GAME_CASINO,GAMING,GAMING,CASINO_AND_BETTING,,
co.grey.mobile.android,Grey,1,40,390.488,6.50813333,FINANCE,FINANCE,PRODUCTIVITY_AND_BUSINESS,MONEY_MANAGEMENT,FINANCE,,
co.mona.android,Crypto.com,1,273,18.652,0.31086667,FINANCE,FINANCE,PRODUCTIVITY_AND_BUSINESS,MONEY_MANAGEMENT,FINANCE,,
co.peeksoft.stocks,My Stocks Portfolio,1,48,302.959999,5.04933332,FINANCE,FINANCE,PRODUCTIVITY_AND_BUSINESS,MONEY_MANAGEMENT,FINANCE,,
com.abegapp,PocketApp,1,2872,21083.166,351.3861,FINANCE,FINANCE,PRODUCTIVITY_AND_BUSINESS,MONEY_MANAGEMENT,FINANCE,,
com.accessbank.nextgen,Access More,1,119,5017.635,83.6272499,FINANCE,FINANCE,PRODUCTIVITY_AND_BUSINESS,MONEY_MANAGEMENT,FINANCE,,
com.acorns.android,Acorns,1,39,287.962998,4.7993833,FINANCE,FINANCE,PRODUCTIVITY_AND_BUSINESS,MONEY_MANAGEMENT,FINANCE,,
com.afcu.mobilebanking,AFCU Mobile,1,14,119.198,1.98663333,FINANCE,FINANCE,PRODUCTIVITY_AND_BUSINESS,MONEY_MANAGEMENT,FINANCE,,
com.africa.smartcash,Smartcash PSB,1,37,5.172,0.0862,FINANCE,FINANCE,PRODUCTIVITY_AND_BUSINESS,MONEY_MANAGEMENT,FINANCE,,
com.algorand.android,Pera Algo Wallet,1,21,76.653,1.27755,FINANCE,FINANCE,PRODUCTIVITY_AND_BUSINESS,MONEY_MANAGEMENT,FINANCE,,
com.alkamitech.educators,Educators CU,1,50,395.717997,6.59529995,FINANCE,FINANCE,PRODUCTIVITY_AND_BUSINESS,MONEY_MANAGEMENT,FINANCE,,
com.allstate.view,Allstate,1,40,9.127997,0.15213328,FINANCE,FINANCE,PRODUCTIVITY_AND_BUSINESS,MONEY_MANAGEMENT,INSURANCE,,
com.ally.MobileBanking,"Ally, com.ally.MobileBanking",2,1278,6804.98498,113.416416,FINANCE,FINANCE,PRODUCTIVITY_AND_BUSINESS,MONEY_MANAGEMENT,FINANCE,,
com.americanexpress.android.acctsvcs.us,Amex,1,2843,12264.731,204.412183,FINANCE,FINANCE,PRODUCTIVITY_AND_BUSINESS,MONEY_MANAGEMENT,FINANCE,,
com.apmex.spot,APMEX,1,102,457.307,7.62178333,FINANCE,FINANCE,PRODUCTIVITY_AND_BUSINESS,MONEY_MANAGEMENT,FINANCE,,
com.application.ultrapro,Ultrapro,1,32,143.696,2.39493333,FINANCE,FINANCE,PRODUCTIVITY_AND_BUSINESS,MONEY_MANAGEMENT,FINANCE,,
com.ascensus.readysave529,READYSAVE,1,82,340.656995,5.67761658,FINANCE,FINANCE,PRODUCTIVITY_AND_BUSINESS,MONEY_MANAGEMENT,FINANCE,,
com.barclaycardus,Barclays US,1,86,532.74,8.879,FINANCE,FINANCE,PRODUCTIVITY_AND_BUSINESS,MONEY_MANAGEMENT,FINANCE,,
com.betterment,Betterment,1,35,116.171,1.93618333,FINANCE,FINANCE,PRODUCTIVITY_AND_BUSINESS,MONEY_MANAGEMENT,FINANCE,,
com.binance.dev,Binance,1,570,3677.72598,61.2954331,FINANCE,FINANCE,PRODUCTIVITY_AND_BUSINESS,MONEY_MANAGEMENT,FINANCE,,
com.binance.us,BinanceUS,1,16,0,0,FINANCE,FINANCE,PRODUCTIVITY_AND_BUSINESS,MONEY_MANAGEMENT,FINANCE,,
com.blackhawk.myprepaidcenter,"My Prepaid Center, MyCardWallet",2,27,56.528,0.94213333,FINANCE,FINANCE,PRODUCTIVITY_AND_BUSINESS,MONEY_MANAGEMENT,FINANCE,,
com.bloomberg.android.anywhere,Bloomberg Professional,1,62,38.411,0.64018333,FINANCE,FINANCE,PRODUCTIVITY_AND_BUSINESS,MONEY_MANAGEMENT,FINANCE,NEWS,
com.bmoharris.digital,BMO Digital Banking,1,23,54.617,0.91028333,FINANCE,FINANCE,PRODUCTIVITY_AND_BUSINESS,MONEY_MANAGEMENT,FINANCE,,
com.bossrevolution.money.production,BOSS Money,1,3,0,0,FINANCE,FINANCE,PRODUCTIVITY_AND_BUSINESS,MONEY_MANAGEMENT,FINANCE,,
com.bybit.app,Bybit,1,230,972.345,16.20575,FINANCE,FINANCE,PRODUCTIVITY_AND_BUSINESS,MONEY_MANAGEMENT,FINANCE,,
com.cashewapp.android,Cashew,1,112,94.992,1.5832,FINANCE,FINANCE,PRODUCTIVITY_AND_BUSINESS,MONEY_MANAGEMENT,FINANCE,,
com.changEd.administrator.changedapp_production,The Changed App,1,11,15.351,0.25585,FINANCE,FINANCE,PRODUCTIVITY_AND_BUSINESS,MONEY_MANAGEMENT,FINANCE,,
com.chase.sig.android,"Chase, com.chase.sig.android",2,15471,64479.6667,1074.66111,FINANCE,FINANCE,PRODUCTIVITY_AND_BUSINESS,MONEY_MANAGEMENT,FINANCE,,
com.chippercash,Chipper Cash,1,169,1761.251,29.3541833,FINANCE,FINANCE,PRODUCTIVITY_AND_BUSINESS,MONEY_MANAGEMENT,FINANCE,,
com.citi.citimobile,"Citi Mobile, com.citi.citimobile",2,315,480.231998,8.00386663,FINANCE,FINANCE,PRODUCTIVITY_AND_BUSINESS,MONEY_MANAGEMENT,FINANCE,,
com.clairmail.fth,Fifth Third,1,45,102.490997,1.70818328,FINANCE,FINANCE,PRODUCTIVITY_AND_BUSINESS,MONEY_MANAGEMENT,FINANCE,,
com.coinbase.android,Coinbase,1,222,1038.723,17.31205,FINANCE,FINANCE,PRODUCTIVITY_AND_BUSINESS,MONEY_MANAGEMENT,FINANCE,,
com.conduent.ebt,ConnectEBT,1,28,275.483,4.59138333,FINANCE,HOUSE_AND_HOME,LIFESTYLE_MANAGEMENT,HOUSE_AND_HOME,COMMUNITY_AND_PUBLIC_SERVICES,SHOPPING,
com.connectyourcare.mobile30,Optum Financial,1,62,414.79,6.91316667,FINANCE,FINANCE,PRODUCTIVITY_AND_BUSINESS,MONEY_MANAGEMENT,FINANCE,MEDICAL,
com.creditkarma.mobile,Credit Karma,1,880,2157.057,35.95095,FINANCE,FINANCE,PRODUCTIVITY_AND_BUSINESS,MONEY_MANAGEMENT,FINANCE,,
com.creditonebank.mobile,Credit One,1,226,808.207,13.4701167,FINANCE,FINANCE,PRODUCTIVITY_AND_BUSINESS,MONEY_MANAGEMENT,FINANCE,,
com.crypter.cryptocyrrency,The Crypto App,1,312,1167.036,19.4505999,FINANCE,FINANCE,PRODUCTIVITY_AND_BUSINESS,MONEY_MANAGEMENT,FINANCE,,
com.dayspringtech.envelopes,Goodbudget,1,93,343.045,5.71741667,FINANCE,FINANCE,PRODUCTIVITY_AND_BUSINESS,MONEY_MANAGEMENT,FINANCE,,
com.digitalinsight.cma.fiid01712,Police CU,1,28,215.692,3.59486667,FINANCE,FINANCE,PRODUCTIVITY_AND_BUSINESS,MONEY_MANAGEMENT,FINANCE,,
com.discoverfinancial.mobile,Discover,1,1388,13442.684,224.044733,FINANCE,FINANCE,PRODUCTIVITY_AND_BUSINESS,MONEY_MANAGEMENT,FINANCE,,
com.eg.android.AlipayGphone,Alipay,1,881,6766.31897,112.771983,FINANCE,FINANCE,PRODUCTIVITY_AND_BUSINESS,MONEY_MANAGEMENT,FINANCE,,
com.etrade.mobilepro.activity,E*TRADE,1,351,4314.49399,71.9082332,FINANCE,FINANCE,PRODUCTIVITY_AND_BUSINESS,MONEY_MANAGEMENT,FINANCE,,
com.evertec.athmovil.android,ATH M‚àö‚â•vil,1,252,385.79,6.42983333,FINANCE,FINANCE,PRODUCTIVITY_AND_BUSINESS,MONEY_MANAGEMENT,FINANCE,,
com.everydollar.android,EveryDollar,1,340,4200.865,70.0144167,FINANCE,FINANCE,PRODUCTIVITY_AND_BUSINESS,MONEY_MANAGEMENT,FINANCE,,
com.exness.android.pa,Exness,1,36,0,0,FINANCE,FINANCE,PRODUCTIVITY_AND_BUSINESS,MONEY_MANAGEMENT,FINANCE,,
com.fcbanking.grip,First Commonwealth Banking,1,21,99.927,1.66545,FINANCE,FINANCE,PRODUCTIVITY_AND_BUSINESS,MONEY_MANAGEMENT,FINANCE,,
com.fidelity.android,Fidelity,1,433,1742.596,29.0432666,FINANCE,FINANCE,PRODUCTIVITY_AND_BUSINESS,MONEY_MANAGEMENT,FINANCE,,
com.finsusapp.msantana.dimmerdevelopment,Finsus,1,223,4886.771,81.4461833,FINANCE,FINANCE,PRODUCTIVITY_AND_BUSINESS,MONEY_MANAGEMENT,FINANCE,,
com.firstbank.firstmobile,FirstMobile,1,88,99.362,1.65603333,FINANCE,FINANCE,PRODUCTIVITY_AND_BUSINESS,MONEY_MANAGEMENT,FINANCE,,
com.firstbankcard.mobilebanking,Card by FNBO,1,27,97.987,1.63311667,FINANCE,FINANCE,PRODUCTIVITY_AND_BUSINESS,MONEY_MANAGEMENT,FINANCE,,
com.firsttech.firsttech,First Tech,1,62,385.153998,6.4192333,FINANCE,FINANCE,PRODUCTIVITY_AND_BUSINESS,MONEY_MANAGEMENT,FINANCE,,
com.fis.ebtedge,ebtEDGE,1,155,766.669,12.7778167,FINANCE,HOUSE_AND_HOME,LIFESTYLE_MANAGEMENT,HOUSE_AND_HOME,COMMUNITY_AND_PUBLIC_SERVICES,SHOPPING,
com.fiserv.touchbankingasp,TouchBanking,1,60,319.719,5.32865,FINANCE,FINANCE,PRODUCTIVITY_AND_BUSINESS,MONEY_MANAGEMENT,FINANCE,,
com.fmr.eca.android.wealthscapeinvestor,Wealthscape Investor,1,778,3717.322,61.9553667,FINANCE,FINANCE,PRODUCTIVITY_AND_BUSINESS,MONEY_MANAGEMENT,FINANCE,,
com.fortnofffinancial.dealcheck_rentals,DealCheck,1,139,2666.677,44.4446167,FINANCE,FINANCE,PRODUCTIVITY_AND_BUSINESS,MONEY_MANAGEMENT,FINANCE,,
com.geico.mobile,GEICO Mobile,1,350,2170.74399,36.1790666,FINANCE,FINANCE,PRODUCTIVITY_AND_BUSINESS,MONEY_MANAGEMENT,INSURANCE,,
com.golden1.mobilebanking,Golden 1,1,18,119.752,1.99586667,FINANCE,FINANCE,PRODUCTIVITY_AND_BUSINESS,MONEY_MANAGEMENT,FINANCE,,
com.google.android.apps.nbu.paisa.user,"GPay, com.google.android.apps.nbu.paisa.user",2,858,794.939999,13.249,FINANCE,FINANCE,PRODUCTIVITY_AND_BUSINESS,MONEY_MANAGEMENT,FINANCE,,
com.google.android.apps.walletnfcrel,"Billetera de¬¨‚Ä†Google, Google Pay, Google Wallet, Google¬¨‚Ä†Wallet, com.google.android.apps.walletnfcrel",5,2670,5945.86299,99.0977164,FINANCE,FINANCE,PRODUCTIVITY_AND_BUSINESS,MONEY_MANAGEMENT,FINANCE,,
com.grifin.invest,grifin,1,9,54.896,0.91493333,FINANCE,FINANCE,PRODUCTIVITY_AND_BUSINESS,MONEY_MANAGEMENT,FINANCE,,
com.gusto.money,Gusto Wallet,1,114,98.090996,1.63484993,FINANCE,BUSINESS,PRODUCTIVITY_AND_BUSINESS,MONEY_MAKING,WORK,FINANCE,
com.heartland.micropaymentsgs,MicroPayments,1,15,1.948,0.03246667,FINANCE,HOUSE_AND_HOME,LIFESTYLE_MANAGEMENT,HOUSE_AND_HOME,HOUSE_AND_HOME,,
com.huntington.m,Huntington,1,43,837.672996,13.9612166,FINANCE,FINANCE,PRODUCTIVITY_AND_BUSINESS,MONEY_MANAGEMENT,FINANCE,,
com.idamob.tinkoff.android,Tinkoff,1,735,1731.54299,28.8590498,FINANCE,FINANCE,PRODUCTIVITY_AND_BUSINESS,MONEY_MANAGEMENT,FINANCE,,
com.imbank.digital.retail.app,I&M OTG Personal KE,1,324,6934.952,115.582533,FINANCE,FINANCE,PRODUCTIVITY_AND_BUSINESS,MONEY_MANAGEMENT,FINANCE,,
com.infonow.bofa,BofA,1,4744,16713.4539,278.557566,FINANCE,FINANCE,PRODUCTIVITY_AND_BUSINESS,MONEY_MANAGEMENT,FINANCE,,
com.key.android,KeyBank,1,165,1367.68499,22.7947499,FINANCE,FINANCE,PRODUCTIVITY_AND_BUSINESS,MONEY_MANAGEMENT,FINANCE,,
com.konylabs.capitalone,"Capital One, com.konylabs.capitalone",2,8114,31182.1229,519.702049,FINANCE,FINANCE,PRODUCTIVITY_AND_BUSINESS,MONEY_MANAGEMENT,FINANCE,,
com.kudabank.app,Kuda,1,931,599.878,9.99796667,FINANCE,FINANCE,PRODUCTIVITY_AND_BUSINESS,MONEY_MANAGEMENT,FINANCE,,
com.ledger.live,Ledger Live,1,45,0,0,FINANCE,FINANCE,PRODUCTIVITY_AND_BUSINESS,MONEY_MANAGEMENT,FINANCE,,
com.lemonadeinc.lemonade,Lemonade,1,2,0.862,0.01436667,FINANCE,FINANCE,PRODUCTIVITY_AND_BUSINESS,MONEY_MANAGEMENT,INSURANCE,,
com.logixbanking.mobile,Logix,1,17,102.535,1.70891667,FINANCE,FINANCE,PRODUCTIVITY_AND_BUSINESS,MONEY_MANAGEMENT,FINANCE,,
com.marcus.android,Marcus,1,10,135.182999,2.25304998,FINANCE,FINANCE,PRODUCTIVITY_AND_BUSINESS,MONEY_MANAGEMENT,FINANCE,,
com.merrickbank.smartclient.prod,Merrick Mobile,1,43,469.409999,7.82349998,FINANCE,FINANCE,PRODUCTIVITY_AND_BUSINESS,MONEY_MANAGEMENT,FINANCE,,
com.metlifeapps.metlifeus,MetLife,1,74,1826.588,30.4431333,FINANCE,FINANCE,PRODUCTIVITY_AND_BUSINESS,MONEY_MANAGEMENT,FINANCE,,
com.mint,"Mint, com.mint",2,582,1486.95999,24.7826665,FINANCE,FINANCE,PRODUCTIVITY_AND_BUSINESS,MONEY_MANAGEMENT,FINANCE,,
com.monarchmoney.mobile,Monarch,1,192,783.500998,13.05835,FINANCE,FINANCE,PRODUCTIVITY_AND_BUSINESS,MONEY_MANAGEMENT,FINANCE,,
com.moniepoint.business,Moniepoint,1,5,114.844,1.91406667,FINANCE,FINANCE,PRODUCTIVITY_AND_BUSINESS,MONEY_MANAGEMENT,FINANCE,,
com.mrcooper.apollo.beta,Mr. Cooper,1,61,200.044,3.33406667,FINANCE,FINANCE,PRODUCTIVITY_AND_BUSINESS,MONEY_MANAGEMENT,FINANCE,,
com.msorgdevelopers.ogiedata,Ogiedata,1,56,999.442,16.6573667,FINANCE,FINANCE,PRODUCTIVITY_AND_BUSINESS,MONEY_MANAGEMENT,FINANCE,,
com.navyfederal.android,Navy Federal,1,396,2148.166,35.8027667,FINANCE,FINANCE,PRODUCTIVITY_AND_BUSINESS,MONEY_MANAGEMENT,FINANCE,,
com.nusendacreditunion5093.mobile,Nusenda CU,1,94,3000.222,50.0037,FINANCE,FINANCE,PRODUCTIVITY_AND_BUSINESS,MONEY_MANAGEMENT,FINANCE,,
com.okinc.okex.gp,OKX,1,65,98.877,1.64795,FINANCE,FINANCE,PRODUCTIVITY_AND_BUSINESS,MONEY_MANAGEMENT,FINANCE,,
com.onedebit.chime,Chime,1,213,232.359999,3.87266665,FINANCE,FINANCE,PRODUCTIVITY_AND_BUSINESS,MONEY_MANAGEMENT,FINANCE,,
com.onefinance.one,One,1,217,2666.85399,44.4475666,FINANCE,FINANCE,PRODUCTIVITY_AND_BUSINESS,MONEY_MANAGEMENT,FINANCE,,
com.paypal.android.p2pmobile,"PayPal, com.paypal.android.p2pmobile",2,2952,8526.24997,142.104166,FINANCE,FINANCE,PRODUCTIVITY_AND_BUSINESS,MONEY_MANAGEMENT,FINANCE,,
com.pennymac.app,PENNYMAC MOBILE,1,28,424.559,7.07598333,FINANCE,FINANCE,PRODUCTIVITY_AND_BUSINESS,MONEY_MANAGEMENT,FINANCE,,
com.phonevalley.progressive,Progressive,1,213,617.716,10.2952667,FINANCE,FINANCE,PRODUCTIVITY_AND_BUSINESS,MONEY_MANAGEMENT,INSURANCE,,
com.pnc.ecommerce.mobile,PNC,1,322,3957.21699,65.9536164,FINANCE,FINANCE,PRODUCTIVITY_AND_BUSINESS,MONEY_MANAGEMENT,FINANCE,,
com.popular.android.mibanco,MiBanco,1,215,719.596,11.9932667,FINANCE,FINANCE,PRODUCTIVITY_AND_BUSINESS,MONEY_MANAGEMENT,FINANCE,,
com.prestolabs.android.prex,Flipster,1,5,0,0,FINANCE,FINANCE,PRODUCTIVITY_AND_BUSINESS,MONEY_MANAGEMENT,FINANCE,,
com.privacy.pay,Privacy,1,18,128.013,2.13355,FINANCE,FINANCE,PRODUCTIVITY_AND_BUSINESS,MONEY_MANAGEMENT,FINANCE,,
com.propel.ebenefits,"Fresh EBT, Providers",2,94,683.871,11.39785,FINANCE,HOUSE_AND_HOME,LIFESTYLE_MANAGEMENT,HOUSE_AND_HOME,COMMUNITY_AND_PUBLIC_SERVICES,SHOPPING,
com.q2e.cyprusfcu5032android.cyprusmobilebanking.uwnmobile,Cyprus CU,1,17,99.039,1.65065,FINANCE,FINANCE,PRODUCTIVITY_AND_BUSINESS,MONEY_MANAGEMENT,FINANCE,,
com.quicken.acme,Quicken Simplifi,1,110,3670.992,61.1832,FINANCE,FINANCE,PRODUCTIVITY_AND_BUSINESS,MONEY_MANAGEMENT,FINANCE,,
com.regions.mobbanking,Regions,1,24,378.426,6.3071,FINANCE,FINANCE,PRODUCTIVITY_AND_BUSINESS,MONEY_MANAGEMENT,FINANCE,,
com.remitly.androidapp,Remitly,1,18,61.965,1.03275,FINANCE,FINANCE,PRODUCTIVITY_AND_BUSINESS,MONEY_MANAGEMENT,FINANCE,,
com.revolut.revolut,Revolut,1,75,756.339999,12.6056667,FINANCE,FINANCE,PRODUCTIVITY_AND_BUSINESS,MONEY_MANAGEMENT,FINANCE,,
com.robinhood.android,Robinhood,1,1001,2782.81399,46.3802332,FINANCE,FINANCE,PRODUCTIVITY_AND_BUSINESS,MONEY_MANAGEMENT,FINANCE,,
com.salliemae.android,Sallie Mae,1,17,162.403,2.70671667,FINANCE,FINANCE,PRODUCTIVITY_AND_BUSINESS,MONEY_MANAGEMENT,FINANCE,,
com.schwab.mobile,Schwab,1,784,3159.30199,52.6550332,FINANCE,FINANCE,PRODUCTIVITY_AND_BUSINESS,MONEY_MANAGEMENT,FINANCE,,
com.secu.secu,SECU - Maryland,1,233,4001.76299,66.6960499,FINANCE,FINANCE,PRODUCTIVITY_AND_BUSINESS,MONEY_MANAGEMENT,FINANCE,,
com.signalfinancialfcu.signalfinancialfcu,Signal Financial FCU,1,29,347.79,5.7965,FINANCE,FINANCE,PRODUCTIVITY_AND_BUSINESS,MONEY_MANAGEMENT,FINANCE,,
com.sofi.mobile,"SoFi, com.sofi.mobile",2,141,1112.466,18.5411,FINANCE,FINANCE,PRODUCTIVITY_AND_BUSINESS,MONEY_MANAGEMENT,FINANCE,,
com.softek.ofxclmobile.macu,MACU,1,107,2552.708,42.5451333,FINANCE,FINANCE,PRODUCTIVITY_AND_BUSINESS,MONEY_MANAGEMENT,FINANCE,,
com.softek.ofxclmobile.summitcu,"Summit CU, com.softek.ofxclmobile.summitcu",2,460,852.740969,14.2123495,FINANCE,FINANCE,PRODUCTIVITY_AND_BUSINESS,MONEY_MANAGEMENT,FINANCE,,
com.sovereign.santander,Santander,1,44,128.214,2.1369,FINANCE,FINANCE,PRODUCTIVITY_AND_BUSINESS,MONEY_MANAGEMENT,FINANCE,,
com.Splitwise.SplitwiseMobile,Splitwise,1,349,1021.25299,17.0208831,FINANCE,FINANCE,PRODUCTIVITY_AND_BUSINESS,MONEY_MANAGEMENT,FINANCE,,
com.squareup.cash,"Cash App, com.squareup.cash",2,1975,15933.056,265.550933,FINANCE,FINANCE,PRODUCTIVITY_AND_BUSINESS,MONEY_MANAGEMENT,FINANCE,,
com.squareup.payroll.team,Square Team,1,411,1515.06099,25.2510166,FINANCE,BUSINESS,PRODUCTIVITY_AND_BUSINESS,MONEY_MAKING,WORK,FINANCE,
com.statefarm.dssm,Drive Safe & Save‚Äö√ë¬¢,1,491,905.918,15.0986333,FINANCE,FINANCE,PRODUCTIVITY_AND_BUSINESS,MONEY_MANAGEMENT,INSURANCE,AUTO_AND_VEHICLES,
com.statefarm.pocketagent,State Farm,1,109,3.261,0.05435,FINANCE,FINANCE,PRODUCTIVITY_AND_BUSINESS,MONEY_MANAGEMENT,INSURANCE,,
com.syf.mysynchrony,MySynchrony,1,45,92.026999,1.53378332,FINANCE,FINANCE,PRODUCTIVITY_AND_BUSINESS,MONEY_MANAGEMENT,FINANCE,,
com.todo1.mobile,Bancolombia,1,39,366.494,6.10823333,FINANCE,FINANCE,PRODUCTIVITY_AND_BUSINESS,MONEY_MANAGEMENT,FINANCE,,
com.transferwise.android,Wise,1,43,302.738,5.04563333,FINANCE,FINANCE,PRODUCTIVITY_AND_BUSINESS,MONEY_MANAGEMENT,FINANCE,,
com.transsnet.palmpay,PalmPay,1,9629,18678.295,311.304916,FINANCE,FINANCE,PRODUCTIVITY_AND_BUSINESS,MONEY_MANAGEMENT,FINANCE,,
com.twoergo.foxbusiness,Fox Business,1,10,1.945,0.03241667,FINANCE,NEWS_AND_MAGAZINES,KNOWLEDGE_AND_INFORMATION,KNOWLEDGE_SEEKING,NEWS,FINANCE,
com.uba.vericash,UBA Mobile,1,4519,14124.964,235.416067,FINANCE,FINANCE,PRODUCTIVITY_AND_BUSINESS,MONEY_MANAGEMENT,FINANCE,,
com.ubanquity.redd.uba,UBA Mobile,1,87,56.35,0.93916667,FINANCE,FINANCE,PRODUCTIVITY_AND_BUSINESS,MONEY_MANAGEMENT,FINANCE,,
com.usaa.mobile.android.usaa,"USAA, com.usaa.mobile.android.usaa",2,3779,17981.1839,299.686399,FINANCE,FINANCE,PRODUCTIVITY_AND_BUSINESS,MONEY_MANAGEMENT,INSURANCE,,
com.usbank.mobilebanking,U.S. Bank,1,849,1584.84599,26.4140999,FINANCE,FINANCE,PRODUCTIVITY_AND_BUSINESS,MONEY_MANAGEMENT,FINANCE,,
com.vanguard,Vanguard,1,41,633.31,10.5551667,FINANCE,FINANCE,PRODUCTIVITY_AND_BUSINESS,MONEY_MANAGEMENT,FINANCE,,
com.venmo,"Venmo, com.venmo",2,12199,70321.9817,1172.03303,FINANCE,FINANCE,PRODUCTIVITY_AND_BUSINESS,MONEY_MANAGEMENT,FINANCE,,
com.vfd.app,V,1,268,14118.389,235.306483,FINANCE,FINANCE,PRODUCTIVITY_AND_BUSINESS,MONEY_MANAGEMENT,FINANCE,,
com.wageworks.ezreceipts,EZ Receipts,1,113,594.934999,9.91558332,FINANCE,FINANCE,PRODUCTIVITY_AND_BUSINESS,MONEY_MANAGEMENT,FINANCE,,
com.wallet.crypto.trustapp,Trust Wallet,1,148,78.051,1.30085,FINANCE,FINANCE,PRODUCTIVITY_AND_BUSINESS,MONEY_MANAGEMENT,FINANCE,,
com.wealthfront,Wealthfront,1,9,415.926,6.9321,FINANCE,FINANCE,PRODUCTIVITY_AND_BUSINESS,MONEY_MANAGEMENT,FINANCE,,
com.wf.wellsfargomobile,"Wells Fargo, com.wf.wellsfargomobile",2,1062,12316.113,205.26855,FINANCE,FINANCE,PRODUCTIVITY_AND_BUSINESS,MONEY_MANAGEMENT,FINANCE,,
com.worldcoin,World App,1,31,74.055,1.23425,FINANCE,FINANCE,PRODUCTIVITY_AND_BUSINESS,MONEY_MANAGEMENT,FINANCE,,
com.youneedabudget.evergreen.app,"YNAB, com.youneedabudget.evergreen.app",2,361,564.777999,9.41296665,FINANCE,FINANCE,PRODUCTIVITY_AND_BUSINESS,MONEY_MANAGEMENT,FINANCE,,
com.youneedabudget.evergreen.app.labs,YNAB Labs,1,191,400.937,6.68228333,FINANCE,FINANCE,PRODUCTIVITY_AND_BUSINESS,MONEY_MANAGEMENT,FINANCE,,
com.zellepay.zelle,Zelle,1,35,118.841,1.98068333,FINANCE,FINANCE,PRODUCTIVITY_AND_BUSINESS,MONEY_MANAGEMENT,FINANCE,,
com.zenithBank.eazymoney,ZenithMobile,1,145,1725.716,28.7619333,FINANCE,FINANCE,PRODUCTIVITY_AND_BUSINESS,MONEY_MANAGEMENT,FINANCE,,
coop.hometowncu.grip,HomeTown Mobile,1,95,275.604999,4.59341665,FINANCE,FINANCE,PRODUCTIVITY_AND_BUSINESS,MONEY_MANAGEMENT,FINANCE,,
ke.co.equitygroup.equitymobile,Equity Mobile,1,34,410.252,6.83753333,FINANCE,FINANCE,PRODUCTIVITY_AND_BUSINESS,MONEY_MANAGEMENT,FINANCE,,
mx.hsbc.hsbcmexico,HSBC M‚àö¬©xico,1,215,1838.13099,30.6355166,FINANCE,FINANCE,PRODUCTIVITY_AND_BUSINESS,MONEY_MANAGEMENT,FINANCE,,
net.bac.sbe.android,BancaMovil,1,38,211.317999,3.52196665,FINANCE,FINANCE,PRODUCTIVITY_AND_BUSINESS,MONEY_MANAGEMENT,FINANCE,,
org.affinityplus.bankingon,Affinity Plus,1,165,1500.726,25.0121,FINANCE,FINANCE,PRODUCTIVITY_AND_BUSINESS,MONEY_MANAGEMENT,FINANCE,,
org.becu.androidapp,BECU,1,56,291.073997,4.85123328,FINANCE,FINANCE,PRODUCTIVITY_AND_BUSINESS,MONEY_MANAGEMENT,FINANCE,,
org.dayup.stocks,Webull,1,1572,4162.507,69.3751167,FINANCE,FINANCE,PRODUCTIVITY_AND_BUSINESS,MONEY_MANAGEMENT,FINANCE,,
org.foxcu.foxcu,Fox CU,1,377,3702.759,61.71265,FINANCE,FINANCE,PRODUCTIVITY_AND_BUSINESS,MONEY_MANAGEMENT,FINANCE,,
org.microemu.android.model.common.VTUserApplicationBNRTMB,Banorte M‚àö‚â•vil,1,212,1993.396,33.2232667,FINANCE,FINANCE,PRODUCTIVITY_AND_BUSINESS,MONEY_MANAGEMENT,FINANCE,,
org.mytonwallet.app,MyTonWallet,1,49,12.77,0.21283333,FINANCE,FINANCE,PRODUCTIVITY_AND_BUSINESS,MONEY_MANAGEMENT,FINANCE,,
org.penfed.mobile.banking,PenFed,1,15,16.201,0.27001667,FINANCE,FINANCE,PRODUCTIVITY_AND_BUSINESS,MONEY_MANAGEMENT,FINANCE,,
org.schoolsfirstfcu.mobile.banking.isam,SchoolsFirst FCU Mobile,1,54,222.301,3.70501667,FINANCE,FINANCE,PRODUCTIVITY_AND_BUSINESS,MONEY_MANAGEMENT,FINANCE,,
org.toshi,Wallet,1,35,41.147,0.68578333,FINANCE,FINANCE,PRODUCTIVITY_AND_BUSINESS,MONEY_MANAGEMENT,FINANCE,,
org.uwcu.app.mobile,"UWCU, org.uwcu.app.mobile",2,345,2915.88199,48.5980332,FINANCE,FINANCE,PRODUCTIVITY_AND_BUSINESS,MONEY_MANAGEMENT,FINANCE,,
org.vystarcu.vystar,VyStar,1,100,1039.375,17.3229167,FINANCE,FINANCE,PRODUCTIVITY_AND_BUSINESS,MONEY_MANAGEMENT,FINANCE,,
org.wescom.ibranch,Wescom,1,41,190.638,3.1773,FINANCE,FINANCE,PRODUCTIVITY_AND_BUSINESS,MONEY_MANAGEMENT,FINANCE,,
team.opay.pay,OPay,1,16156,45517.3549,758.622581,FINANCE,FINANCE,PRODUCTIVITY_AND_BUSINESS,MONEY_MANAGEMENT,FINANCE,,
club.sorted.cook,Sidekick,1,1260,46100.19,768.3365,FOOD_AND_DRINK,FOOD_AND_DRINK,LIFESTYLE_MANAGEMENT,SHOPPING,FOOD_AND_DRINK,,
com.andpizza.andpizza.android.app,&pizza,1,16,421.757999,7.02929998,FOOD_AND_DRINK,FOOD_AND_DRINK,LIFESTYLE_MANAGEMENT,SHOPPING,FOOD_AND_DRINK,,
com.app.tgtg,"Too Good To Go, TooGoodToGo",2,1494,4286.11097,71.4351829,FOOD_AND_DRINK,FOOD_AND_DRINK,LIFESTYLE_MANAGEMENT,SHOPPING,FOOD_AND_DRINK,,
com.arbys.android.arbysapp,Arby's,1,204,1541.018,25.6836333,FOOD_AND_DRINK,FOOD_AND_DRINK,LIFESTYLE_MANAGEMENT,SHOPPING,FOOD_AND_DRINK,,
com.baskinrobbins.app,Baskin-Robbins,1,13,8.553,0.14255,FOOD_AND_DRINK,FOOD_AND_DRINK,LIFESTYLE_MANAGEMENT,SHOPPING,FOOD_AND_DRINK,,
com.bibibop.mobile.punchh,BIBIBOP Rewards,1,75,1183.302,19.7217,FOOD_AND_DRINK,FOOD_AND_DRINK,LIFESTYLE_MANAGEMENT,SHOPPING,FOOD_AND_DRINK,,
com.blueapron.blueapron.release,"Blue Apron, com.blueapron.blueapron.release",2,156,828.045996,13.8007666,FOOD_AND_DRINK,FOOD_AND_DRINK,LIFESTYLE_MANAGEMENT,SHOPPING,FOOD_AND_DRINK,,
com.buffalowildwings.blazinrewards,Buffalo Wild Wings,1,142,743.676,12.3946,FOOD_AND_DRINK,FOOD_AND_DRINK,LIFESTYLE_MANAGEMENT,SHOPPING,FOOD_AND_DRINK,,
com.cardfree.android.redlobster,Red Lobster,1,71,0,0,FOOD_AND_DRINK,FOOD_AND_DRINK,LIFESTYLE_MANAGEMENT,SHOPPING,FOOD_AND_DRINK,,
com.caribou.caribouapp,Caribou Coffee,1,67,0,0,FOOD_AND_DRINK,FOOD_AND_DRINK,LIFESTYLE_MANAGEMENT,SHOPPING,FOOD_AND_DRINK,,
com.cavagrill.cavagrill.android.app,CAVA,1,138,518.291998,8.63819997,FOOD_AND_DRINK,FOOD_AND_DRINK,LIFESTYLE_MANAGEMENT,SHOPPING,FOOD_AND_DRINK,,
com.cellit.flexilist.leye,LettuceEats,1,46,236.93,3.94883333,FOOD_AND_DRINK,FOOD_AND_DRINK,LIFESTYLE_MANAGEMENT,SHOPPING,FOOD_AND_DRINK,,
com.chickfila.cfaflagship,Chick-fil-A,1,3118,17716.13,295.268833,FOOD_AND_DRINK,FOOD_AND_DRINK,LIFESTYLE_MANAGEMENT,SHOPPING,FOOD_AND_DRINK,,
com.chipotle.ordering,"Chipotle, com.chipotle.ordering",2,404,2171.855,36.1975833,FOOD_AND_DRINK,FOOD_AND_DRINK,LIFESTYLE_MANAGEMENT,SHOPPING,FOOD_AND_DRINK,,
com.chowbus.chowbus,Chowbus,1,98,803.306,13.3884333,FOOD_AND_DRINK,FOOD_AND_DRINK,LIFESTYLE_MANAGEMENT,SHOPPING,FOOD_AND_DRINK,,
com.cinnfocus.app,Cinnabon,1,24,2.949,0.04915,FOOD_AND_DRINK,FOOD_AND_DRINK,LIFESTYLE_MANAGEMENT,SHOPPING,FOOD_AND_DRINK,,
com.cookunity.android.app,CookUnity,1,10,52.795,0.87991667,FOOD_AND_DRINK,FOOD_AND_DRINK,LIFESTYLE_MANAGEMENT,SHOPPING,FOOD_AND_DRINK,,
com.darden.mobile.olivegarden,Olive Garden,1,29,170.719,2.84531667,FOOD_AND_DRINK,FOOD_AND_DRINK,LIFESTYLE_MANAGEMENT,SHOPPING,FOOD_AND_DRINK,,
com.dd.doordash,"DoorDash, com.dd.doordash",2,7350,55754.528,929.242133,FOOD_AND_DRINK,FOOD_AND_DRINK,LIFESTYLE_MANAGEMENT,SHOPPING,FOOD_AND_DRINK,,
com.deliveryclub,‚Äì√Æ‚Äì¬µ‚Äì¬™‚Äì‚àè‚Äì‚â§‚Äì¬µ‚Äî√Ñ‚Äì‚àè,1,22,43.051,0.71751667,FOOD_AND_DRINK,FOOD_AND_DRINK,LIFESTYLE_MANAGEMENT,SHOPPING,FOOD_AND_DRINK,,
com.dianping.v1,Dianping,1,2032,11978.5679,199.642799,FOOD_AND_DRINK,FOOD_AND_DRINK,LIFESTYLE_MANAGEMENT,SHOPPING,FOOD_AND_DRINK,,
com.dominospizza,Domino's,1,808,4909.87599,81.8312665,FOOD_AND_DRINK,FOOD_AND_DRINK,LIFESTYLE_MANAGEMENT,SHOPPING,FOOD_AND_DRINK,,
com.dostoros.dostorosapp.android.app,Dos Toros,1,55,292.990999,4.88318332,FOOD_AND_DRINK,FOOD_AND_DRINK,LIFESTYLE_MANAGEMENT,SHOPPING,FOOD_AND_DRINK,,
com.dunkinbrands.otgo,"Dunkin', com.dunkinbrands.otgo",2,1752,7777.518,129.6253,FOOD_AND_DRINK,FOOD_AND_DRINK,LIFESTYLE_MANAGEMENT,SHOPPING,FOOD_AND_DRINK,,
com.dutchbros.loyalty,"Dutch Bros, Dutch Bros‚Äö√ë¬¢",2,253,1747.702,29.1283666,FOOD_AND_DRINK,FOOD_AND_DRINK,LIFESTYLE_MANAGEMENT,SHOPPING,FOOD_AND_DRINK,,
com.eatstreet.android,"EatStreet, com.eatstreet.android",2,196,1420.125,23.66875,FOOD_AND_DRINK,FOOD_AND_DRINK,LIFESTYLE_MANAGEMENT,SHOPPING,FOOD_AND_DRINK,,
com.emn8.mobilem8.nativeapp.bk,Burger King,1,1235,8825.23297,147.087216,FOOD_AND_DRINK,FOOD_AND_DRINK,LIFESTYLE_MANAGEMENT,SHOPPING,FOOD_AND_DRINK,,
com.emn8.mobilem8.nativeapp.popeyes,Popeyes,1,32,593.068,9.88446667,FOOD_AND_DRINK,FOOD_AND_DRINK,LIFESTYLE_MANAGEMENT,SHOPPING,FOOD_AND_DRINK,,
com.everyplate.android,EveryPlate,1,34,386.790999,6.44651665,FOOD_AND_DRINK,FOOD_AND_DRINK,LIFESTYLE_MANAGEMENT,SHOPPING,FOOD_AND_DRINK,,
com.flashfoodapp.android,Flashfood,1,391,7078.053,117.96755,FOOD_AND_DRINK,FOOD_AND_DRINK,LIFESTYLE_MANAGEMENT,SHOPPING,FOOD_AND_DRINK,,
com.foodient.whisk,Samsung Food,1,35,327.061,5.45101667,FOOD_AND_DRINK,FOOD_AND_DRINK,LIFESTYLE_MANAGEMENT,SHOPPING,FOOD_AND_DRINK,,
com.giftcertificatesandmore,GCM Gift Certificates & More,1,19,3.11,0.05183333,FOOD_AND_DRINK,SHOPPING,LIFESTYLE_MANAGEMENT,SHOPPING,SHOPPING,,
com.goldencorralapp.app,Golden Corral,1,124,70.318,1.17196667,FOOD_AND_DRINK,FOOD_AND_DRINK,LIFESTYLE_MANAGEMENT,SHOPPING,FOOD_AND_DRINK,,
com.grubhub.android,Grubhub,1,886,7107.06999,118.451167,FOOD_AND_DRINK,FOOD_AND_DRINK,LIFESTYLE_MANAGEMENT,SHOPPING,FOOD_AND_DRINK,,
com.habit.mobile,Habit Burger,1,20,0,0,FOOD_AND_DRINK,FOOD_AND_DRINK,LIFESTYLE_MANAGEMENT,SHOPPING,FOOD_AND_DRINK,,
com.harristeeter.htmobile,Harris Teeter,1,78,182.313,3.03855,FOOD_AND_DRINK,FOOD_AND_DRINK,LIFESTYLE_MANAGEMENT,SHOPPING,FOOD_AND_DRINK,,
com.hellofresh.androidapp,HelloFresh,1,216,898.008996,14.9668166,FOOD_AND_DRINK,FOOD_AND_DRINK,LIFESTYLE_MANAGEMENT,SHOPPING,FOOD_AND_DRINK,,
com.hindsightlabs.paprika.android.v3,Paprika 3,1,866,48677.1919,811.286532,FOOD_AND_DRINK,FOOD_AND_DRINK,LIFESTYLE_MANAGEMENT,SHOPPING,FOOD_AND_DRINK,,
com.hw.blaze,Blaze Pizza,1,59,30.277999,0.50463332,FOOD_AND_DRINK,FOOD_AND_DRINK,LIFESTYLE_MANAGEMENT,SHOPPING,FOOD_AND_DRINK,,
com.hyvee.grocery,Hy-Vee,1,30,27.745999,0.46243332,FOOD_AND_DRINK,SHOPPING,LIFESTYLE_MANAGEMENT,SHOPPING,SHOPPING,,
com.inkind.inkind,inKind,1,10,36.745,0.61241667,FOOD_AND_DRINK,FOOD_AND_DRINK,LIFESTYLE_MANAGEMENT,SHOPPING,FOOD_AND_DRINK,,
com.instacart.client,Instacart,1,1062,16319.02,271.983666,FOOD_AND_DRINK,FOOD_AND_DRINK,LIFESTYLE_MANAGEMENT,SHOPPING,FOOD_AND_DRINK,,
com.jackintheboxinc.JackMobileApp,Jack in the Box,1,16,697.218,11.6203,FOOD_AND_DRINK,FOOD_AND_DRINK,LIFESTYLE_MANAGEMENT,SHOPPING,FOOD_AND_DRINK,,
com.jacks.app,Jack's,1,33,0,0,FOOD_AND_DRINK,FOOD_AND_DRINK,LIFESTYLE_MANAGEMENT,SHOPPING,FOOD_AND_DRINK,,
com.jimmyjohns,Jimmy John's,1,129,399.136,6.65226667,FOOD_AND_DRINK,FOOD_AND_DRINK,LIFESTYLE_MANAGEMENT,SHOPPING,FOOD_AND_DRINK,,
com.krispykreme.HotLights,Krispy Kreme,1,215,380.757998,6.34596663,FOOD_AND_DRINK,FOOD_AND_DRINK,LIFESTYLE_MANAGEMENT,SHOPPING,FOOD_AND_DRINK,,
com.littlecaesars,Little Caesars,1,60,374.72,6.24533333,FOOD_AND_DRINK,FOOD_AND_DRINK,LIFESTYLE_MANAGEMENT,SHOPPING,FOOD_AND_DRINK,,
com.mcdonalds.app,"McDonald's, com.mcdonalds.app",2,7928,35142.7259,585.712099,FOOD_AND_DRINK,FOOD_AND_DRINK,LIFESTYLE_MANAGEMENT,SHOPPING,FOOD_AND_DRINK,,
com.mealime,Mealime,1,99,334.475999,5.57459998,FOOD_AND_DRINK,FOOD_AND_DRINK,LIFESTYLE_MANAGEMENT,SHOPPING,FOOD_AND_DRINK,,
com.ncr.crispandgreen,CRISP & GREEN,1,47,621.964,10.3660667,FOOD_AND_DRINK,FOOD_AND_DRINK,LIFESTYLE_MANAGEMENT,SHOPPING,FOOD_AND_DRINK,,
com.nightowlcookies.app,Night Owl Cookies,1,26,0.901,0.01501667,FOOD_AND_DRINK,FOOD_AND_DRINK,LIFESTYLE_MANAGEMENT,SHOPPING,FOOD_AND_DRINK,,
com.nytimes.cooking,"NYT Cooking, com.nytimes.cooking",2,1083,24837.027,413.95045,FOOD_AND_DRINK,FOOD_AND_DRINK,LIFESTYLE_MANAGEMENT,SHOPPING,FOOD_AND_DRINK,,
com.olo.coldstone,Cold Stone Creamery,1,36,0,0,FOOD_AND_DRINK,FOOD_AND_DRINK,LIFESTYLE_MANAGEMENT,SHOPPING,FOOD_AND_DRINK,,
com.olo.dairyqueen.production,Dairy Queen¬¨√Ü,1,176,536.221999,8.93703332,FOOD_AND_DRINK,FOOD_AND_DRINK,LIFESTYLE_MANAGEMENT,SHOPPING,FOOD_AND_DRINK,,
com.olo.elpolloloco,El Pollo Loco,1,21,914.717,15.2452833,FOOD_AND_DRINK,FOOD_AND_DRINK,LIFESTYLE_MANAGEMENT,SHOPPING,FOOD_AND_DRINK,,
com.olo.jambajuice,Jamba,1,140,0,0,FOOD_AND_DRINK,FOOD_AND_DRINK,LIFESTYLE_MANAGEMENT,SHOPPING,FOOD_AND_DRINK,,
com.olo.jenissplendidicecreams,Jeni's,1,140,432.634999,7.21058332,FOOD_AND_DRINK,FOOD_AND_DRINK,LIFESTYLE_MANAGEMENT,SHOPPING,FOOD_AND_DRINK,,
com.olo.noodles,Noodles,1,137,160.872999,2.68121665,FOOD_AND_DRINK,FOOD_AND_DRINK,LIFESTYLE_MANAGEMENT,SHOPPING,FOOD_AND_DRINK,,
com.ooni.app,Ooni,1,35,287.445999,4.79076665,FOOD_AND_DRINK,FOOD_AND_DRINK,LIFESTYLE_MANAGEMENT,SHOPPING,FOOD_AND_DRINK,,
com.opentable,OpenTable,1,339,827.149,13.7858167,FOOD_AND_DRINK,EVENTS,ARTS_AND_LEISURE,ENTERTAINMENT,EVENTS,FOOD_AND_DRINK,
com.pandaexpress.app,Panda Express,1,112,440.368998,7.3394833,FOOD_AND_DRINK,FOOD_AND_DRINK,LIFESTYLE_MANAGEMENT,SHOPPING,FOOD_AND_DRINK,,
com.panera.bread,Panera,1,916,4698.23699,78.3039499,FOOD_AND_DRINK,FOOD_AND_DRINK,LIFESTYLE_MANAGEMENT,SHOPPING,FOOD_AND_DRINK,,
com.papajohns.android,Papa Johns,1,185,682.788999,11.3798167,FOOD_AND_DRINK,FOOD_AND_DRINK,LIFESTYLE_MANAGEMENT,SHOPPING,FOOD_AND_DRINK,,
com.paytronix.client.android.app.checkersandrallys,Checkers&Rally‚Äö√Ñ√¥s,1,26,127.41,2.1235,FOOD_AND_DRINK,FOOD_AND_DRINK,LIFESTYLE_MANAGEMENT,SHOPPING,FOOD_AND_DRINK,,
com.paytronix.client.android.app.chopshop,ChopShop,1,36,127.643,2.12738333,FOOD_AND_DRINK,FOOD_AND_DRINK,LIFESTYLE_MANAGEMENT,SHOPPING,FOOD_AND_DRINK,,
com.paytronix.client.android.app.eatpdq,MyPDQ,1,56,0,0,FOOD_AND_DRINK,FOOD_AND_DRINK,LIFESTYLE_MANAGEMENT,SHOPPING,FOOD_AND_DRINK,,
com.paytronix.client.android.app.MOKA,MOKA,1,429,2888.593,48.1432167,FOOD_AND_DRINK,FOOD_AND_DRINK,LIFESTYLE_MANAGEMENT,SHOPPING,FOOD_AND_DRINK,,
com.pollocampero.app,Pollo Campero,1,19,0,0,FOOD_AND_DRINK,FOOD_AND_DRINK,LIFESTYLE_MANAGEMENT,SHOPPING,FOOD_AND_DRINK,,
com.pressedcafe.engage,Pressed Cafe,1,25,244.253999,4.07089998,FOOD_AND_DRINK,FOOD_AND_DRINK,LIFESTYLE_MANAGEMENT,SHOPPING,FOOD_AND_DRINK,,
com.punchh.pancheros,"Pancheros, com.punchh.pancheros",2,55,0,0,FOOD_AND_DRINK,FOOD_AND_DRINK,LIFESTYLE_MANAGEMENT,SHOPPING,FOOD_AND_DRINK,,
com.qdoba.android,Qdoba,1,30,318.091,5.30151667,FOOD_AND_DRINK,FOOD_AND_DRINK,LIFESTYLE_MANAGEMENT,SHOPPING,FOOD_AND_DRINK,,
com.relevantmobile.texasroadhouse,Texas Roadhouse,1,140,128.127998,2.13546663,FOOD_AND_DRINK,FOOD_AND_DRINK,LIFESTYLE_MANAGEMENT,SHOPPING,FOOD_AND_DRINK,,
com.roxberryjuice.app,Roxberry Juice,1,328,1054.11099,17.5685166,FOOD_AND_DRINK,FOOD_AND_DRINK,LIFESTYLE_MANAGEMENT,SHOPPING,FOOD_AND_DRINK,,
com.sayweee.weee,Weee!,1,96,463.326999,7.72211665,FOOD_AND_DRINK,SHOPPING,LIFESTYLE_MANAGEMENT,SHOPPING,SHOPPING,,
com.seamlessweb.android.view,"Seamless, com.seamlessweb.android.view",2,9,41.203999,0.68673332,FOOD_AND_DRINK,FOOD_AND_DRINK,LIFESTYLE_MANAGEMENT,SHOPPING,FOOD_AND_DRINK,,
com.seattleapplab.jerseymikes,Jersey Mike's,1,66,523.094,8.71823333,FOOD_AND_DRINK,FOOD_AND_DRINK,LIFESTYLE_MANAGEMENT,SHOPPING,FOOD_AND_DRINK,,
com.sei.android,7-Eleven,1,291,1989.754,33.1625666,FOOD_AND_DRINK,FOOD_AND_DRINK,LIFESTYLE_MANAGEMENT,SHOPPING,FOOD_AND_DRINK,,
com.slicelife.storefront,Slice,1,46,0,0,FOOD_AND_DRINK,FOOD_AND_DRINK,LIFESTYLE_MANAGEMENT,SHOPPING,FOOD_AND_DRINK,,
com.snackpassapp,Snackpass,1,79,866.781998,14.4463666,FOOD_AND_DRINK,FOOD_AND_DRINK,LIFESTYLE_MANAGEMENT,SHOPPING,FOOD_AND_DRINK,,
com.sonic.sonicdrivein,"SONIC, Sonic",2,289,811.593997,13.5265666,FOOD_AND_DRINK,FOOD_AND_DRINK,LIFESTYLE_MANAGEMENT,SHOPPING,FOOD_AND_DRINK,,
com.sourceapp.bru,"Bruegger 's Bagels, com.sourceapp.bru",2,18,16.596,0.2766,FOOD_AND_DRINK,FOOD_AND_DRINK,LIFESTYLE_MANAGEMENT,SHOPPING,FOOD_AND_DRINK,,
com.splickit.pitapit,Pita Pit,1,22,300.26,5.00433333,FOOD_AND_DRINK,FOOD_AND_DRINK,LIFESTYLE_MANAGEMENT,SHOPPING,FOOD_AND_DRINK,,
com.spoonity.meetfresh,Meet Fresh,1,16,257.938999,4.29898332,FOOD_AND_DRINK,FOOD_AND_DRINK,LIFESTYLE_MANAGEMENT,SHOPPING,FOOD_AND_DRINK,,
com.starbucks.mobilecard,"Starbucks, com.starbucks.mobilecard",2,3774,26423.295,440.388249,FOOD_AND_DRINK,FOOD_AND_DRINK,LIFESTYLE_MANAGEMENT,SHOPPING,FOOD_AND_DRINK,,
com.subway.mobile.subwayapp03,SUBWAY¬¨√Ü,1,410,2294.141,38.2356833,FOOD_AND_DRINK,FOOD_AND_DRINK,LIFESTYLE_MANAGEMENT,SHOPPING,FOOD_AND_DRINK,,
com.sweetgreen.android.app,sweetgreen,1,73,433.261999,7.22103332,FOOD_AND_DRINK,FOOD_AND_DRINK,LIFESTYLE_MANAGEMENT,SHOPPING,FOOD_AND_DRINK,,
com.swignsweets.app,Swig,1,61,257.342998,4.28904997,FOOD_AND_DRINK,FOOD_AND_DRINK,LIFESTYLE_MANAGEMENT,SHOPPING,FOOD_AND_DRINK,,
com.tacobell.ordering,Taco Bell,1,649,3460.555,57.6759166,FOOD_AND_DRINK,FOOD_AND_DRINK,LIFESTYLE_MANAGEMENT,SHOPPING,FOOD_AND_DRINK,,
com.tapmango.teaspoon,Teaspoon,1,103,658.807,10.9801167,FOOD_AND_DRINK,FOOD_AND_DRINK,LIFESTYLE_MANAGEMENT,SHOPPING,FOOD_AND_DRINK,,
com.thanx.choolaah,Choolaah,1,7,0.265,0.00441667,FOOD_AND_DRINK,FOOD_AND_DRINK,LIFESTYLE_MANAGEMENT,SHOPPING,FOOD_AND_DRINK,,
com.thehumanbean.thehumanbean.android.app,The Human Bean,1,72,662.435997,11.0406,FOOD_AND_DRINK,FOOD_AND_DRINK,LIFESTYLE_MANAGEMENT,SHOPPING,FOOD_AND_DRINK,,
com.tillster.frd_us_mobile,Freddys,1,89,978.762999,16.3127167,FOOD_AND_DRINK,FOOD_AND_DRINK,LIFESTYLE_MANAGEMENT,SHOPPING,FOOD_AND_DRINK,,
com.toasttab.consumer,Toast Takeout,1,33,746.411,12.4401833,FOOD_AND_DRINK,FOOD_AND_DRINK,LIFESTYLE_MANAGEMENT,SHOPPING,FOOD_AND_DRINK,,
com.toppers.app,Toppers Pizza,1,20,0,0,FOOD_AND_DRINK,FOOD_AND_DRINK,LIFESTYLE_MANAGEMENT,SHOPPING,FOOD_AND_DRINK,,
com.totalwine.app.store,Total Wine,1,40,22.831,0.38051667,FOOD_AND_DRINK,SHOPPING,LIFESTYLE_MANAGEMENT,SHOPPING,SHOPPING,,
com.tropicalsmoothie.tropicalsmoothiecafe.android.app,Tropical Smoothie Cafe,1,106,2148.574,35.8095667,FOOD_AND_DRINK,FOOD_AND_DRINK,LIFESTYLE_MANAGEMENT,SHOPPING,FOOD_AND_DRINK,,
com.trubeacon.scooters_mobile_android,Scooter's Coffee,1,77,156.974998,2.61624997,FOOD_AND_DRINK,FOOD_AND_DRINK,LIFESTYLE_MANAGEMENT,SHOPPING,FOOD_AND_DRINK,,
com.trycaviar.customer,Caviar,1,100,274.688999,4.57814998,FOOD_AND_DRINK,FOOD_AND_DRINK,LIFESTYLE_MANAGEMENT,SHOPPING,FOOD_AND_DRINK,,
com.ubercab.eats,Uber Eats,1,2051,9269.48699,154.49145,FOOD_AND_DRINK,FOOD_AND_DRINK,LIFESTYLE_MANAGEMENT,SHOPPING,FOOD_AND_DRINK,,
com.untappdllc.app,Untappd,1,64,252.927,4.21545,FOOD_AND_DRINK,FOOD_AND_DRINK,LIFESTYLE_MANAGEMENT,SHOPPING,FOOD_AND_DRINK,,
com.wawa.android.appv2,Wawa,1,952,16022.858,267.047633,FOOD_AND_DRINK,FOOD_AND_DRINK,LIFESTYLE_MANAGEMENT,SHOPPING,FOOD_AND_DRINK,,
com.wendys.nutritiontool,Wendy's,1,731,4006.343,66.7723833,FOOD_AND_DRINK,FOOD_AND_DRINK,LIFESTYLE_MANAGEMENT,SHOPPING,FOOD_AND_DRINK,,
com.yelp.android,"Yelp, com.yelp.android",2,2609,8824.39699,147.073283,FOOD_AND_DRINK,FOOD_AND_DRINK,LIFESTYLE_MANAGEMENT,SHOPPING,FOOD_AND_DRINK,,
com.yum.pizzahut,Pizza Hut,1,537,1960.195,32.6699166,FOOD_AND_DRINK,FOOD_AND_DRINK,LIFESTYLE_MANAGEMENT,SHOPPING,FOOD_AND_DRINK,,
crumbl.cookies,Crumbl,1,497,3029.02099,50.4836832,FOOD_AND_DRINK,FOOD_AND_DRINK,LIFESTYLE_MANAGEMENT,SHOPPING,FOOD_AND_DRINK,,
gov.pa.pda.fmnp,Farmers Market Nutritional Program,1,4,1.504,0.02506667,FOOD_AND_DRINK,HOUSE_AND_HOME,LIFESTYLE_MANAGEMENT,HOUSE_AND_HOME,COMMUNITY_AND_PUBLIC_SERVICES,SHOPPING,
io.applova.clermont.pkgP47D98WR36NF1,Goodlyfe,1,24,62.783,1.04638333,FOOD_AND_DRINK,FOOD_AND_DRINK,LIFESTYLE_MANAGEMENT,SHOPPING,FOOD_AND_DRINK,,
net.futasaji.meal,Meal,1,112,1157.906,19.2984333,FOOD_AND_DRINK,PRODUCTIVITY,PRODUCTIVITY_AND_BUSINESS,PRODUCTIVITY,PRODUCTIVITY,FOOD_AND_DRINK,
vivino.web.app,Vivino,1,117,106.002,1.7667,FOOD_AND_DRINK,FOOD_AND_DRINK,LIFESTYLE_MANAGEMENT,SHOPPING,FOOD_AND_DRINK,,
wb.mobile.cx.client.droid,Whataburger,1,75,365.556998,6.09261663,FOOD_AND_DRINK,FOOD_AND_DRINK,LIFESTYLE_MANAGEMENT,SHOPPING,FOOD_AND_DRINK,,
com.activision.callofduty.shooter,Call of Duty,1,75,621.745,10.3624167,GAME_ACTION,GAME_ACTION,GAMING,GAMING,GAME_ACTION,,
com.aldagames.zombero.bullet.hell,Zombero,1,71,2271.873,37.86455,GAME_ACTION,GAME_ACTION,GAMING,GAMING,GAME_ACTION,,
com.dts.freefireth,Free Fire,1,103,3054.638,50.9106333,GAME_ACTION,GAME_ACTION,GAMING,GAMING,GAME_ACTION,,
com.innersloth.spacemafia,Among Us,1,22,552.089,9.20148333,GAME_ACTION,GAME_ACTION,GAMING,GAMING,GAME_ACTION,,
com.nintendo.zaka,Mario Kart,1,8,210.923,3.51538333,GAME_ACTION,GAME_RACING,GAMING,GAMING,GAME_RACING,,
com.pixonic.wwr,War Robots,1,62,0,0,GAME_ACTION,GAME_ACTION,GAMING,GAMING,GAME_ACTION,,
com.playgendary.tom,com.playgendary.tom,1,9,38.15,0.63583333,GAME_ACTION,GAME_ARCADE,GAMING,GAMING,GAME_ARCADE,,
com.playgendary.tombpaint,"TotM: Color, com.playgendary.tombpaint",2,146,1847.028,30.7838,GAME_ACTION,GAME_CASUAL,GAMING,GAMING,GAME_CASUAL,,
com.sa.number.merge.run,"Number Run Shooting, com.sa.number.merge.run",2,76,1102.037,18.3672833,GAME_ACTION,GAME_ACTION,GAMING,GAMING,GAME_ACTION,,
com.Seabaa.Dual,DUAL,1,12,741.734999,12.36225,GAME_ACTION,GAME_ACTION,GAMING,GAMING,GAME_ACTION,,
com.tencent.ig,PUBG MOBILE,1,596,30866.102,514.435033,GAME_ACTION,GAME_ACTION,GAMING,GAMING,GAME_ACTION,,
com.wb.goog.mkx,Mortal Kombat,1,37,494.461,8.24101667,GAME_ACTION,GAME_ACTION,GAMING,GAMING,GAME_ACTION,,
org.ppsspp.ppsspp,PPSSPP,1,147,71433.64,1190.56067,GAME_ACTION,GAME_ACTION,GAMING,GAMING,GAME_ACTION,,
wild.west.sniper,Western Sniper,1,423,6348.143,105.802383,GAME_ACTION,GAME_ACTION,GAMING,GAMING,GAME_ACTION,,
com.haiku.adventure.escape.game.mystery.stories,AE Mysteries,1,5,19.102,0.31836667,GAME_ADVENTURE,GAME_STRATEGY,GAMING,GAMING,GAME_STRATEGY,,
com.kleientertainment.doNotStarvePocket,Dont Starve,1,508,76565.862,1276.0977,GAME_ADVENTURE,GAME_ADVENTURE,GAMING,GAMING,GAME_ADVENTURE,,
com.nianticlabs.pokemongo,Pok‚àö¬©mon GO,1,3138,208637.185,3477.28642,GAME_ADVENTURE,GAME_CASUAL,GAMING,GAMING,GAME_CASUAL,,
com.one.m1.world,Pop's World,1,221,1647.654,27.4609,GAME_ADVENTURE,GAME_ADVENTURE,GAMING,GAMING,GAME_ADVENTURE,,
com.roblox.client,Roblox,1,172,24793.653,413.22755,GAME_ADVENTURE,GAME_CASUAL,GAMING,GAMING,GAME_CASUAL,MESSAGING,
com.swiftgames.survival,Heroes v. Hordes,1,125,7958.545,132.642417,GAME_ADVENTURE,GAME_ACTION,GAMING,GAMING,GAME_ACTION,,
com.vincellstudios.hiddenescapelosttemple,Hidden Escape Mysteries,1,5,22.91,0.38183333,GAME_ADVENTURE,GAME_STRATEGY,GAMING,GAMING,GAME_STRATEGY,,
net.wooga.junes_journey_hidden_object_mystery_game,June's Journey,1,1323,56229.513,937.15855,GAME_ADVENTURE,GAME_STRATEGY,GAMING,GAMING,GAME_STRATEGY,,
com.baptisted.jellytowerendless,Build Up!!,1,46,3839.506,63.9917667,GAME_ARCADE,GAME_CASUAL,GAMING,GAMING,GAME_CASUAL,,
com.BuddyMattEnt.ChainReaction,Chain Reaction,1,13,18.843999,0.31406665,GAME_ARCADE,GAME_STRATEGY,GAMING,GAMING,GAME_STRATEGY,,
com.game.space.shooter2,Space Shooter,1,23,344.697,5.74495,GAME_ARCADE,GAME_ARCADE,GAMING,GAMING,GAME_ARCADE,,
com.games.bottle,Bottle Jump 3D,1,166,1233.761,20.5626833,GAME_ARCADE,GAME_ARCADE,GAMING,GAMING,GAME_ARCADE,,
com.halfbrick.fruitninjafree,Fruit Ninja,1,80,2082.899,34.7149833,GAME_ARCADE,GAME_ARCADE,GAMING,GAMING,GAME_ARCADE,,
com.hipsterwhale.piffle,Piffle,1,8,11.895,0.19825,GAME_ARCADE,GAME_ARCADE,GAMING,GAMING,GAME_ARCADE,,
com.ketchapp.divineko,Divineko,1,567,19226.058,320.4343,GAME_ARCADE,GAME_ARCADE,GAMING,GAMING,GAME_ARCADE,,
com.kiloo.subwaysurf,Subway Surf,1,18,1110.413,18.5068833,GAME_ARCADE,GAME_RACING,GAMING,GAMING,GAME_RACING,,
com.nordcurrent.canteenhd,Cooking Fever,1,64,11.819,0.19698333,GAME_ARCADE,GAME_SIMULATION,GAMING,GAMING,GAME_SIMULATION,,
com.samsung.android.game.gamehome,"Game Launcher, Gaming Hub",2,3851,999.028,16.6504667,GAME_ARCADE,TOOLS,UTILITIES,UTILITIES,UTILITIES,,
games.vaveda.militaryoverturn,Tower War,1,1304,38699.504,644.991733,GAME_ARCADE,GAME_STRATEGY,GAMING,GAMING,GAME_STRATEGY,,
and.lihuhu.tiletriple3d,Tile Triple 3D,1,293,5958.407,99.3067833,GAME_BOARD,GAME_PUZZLE,GAMING,GAMING,GAME_PUZZLE,,
com.boardgamearena.bgaapp,Board Game Arena,1,1053,58.391993,0.97319988,GAME_BOARD,GAME_BOARD,GAMING,GAMING,GAME_BOARD,,
com.chess,Chess,1,6692,199804.72,3330.07867,GAME_BOARD,GAME_STRATEGY,GAMING,GAMING,GAME_STRATEGY,,
com.gamovation.quickcheckers,Quick Checkers,1,133,104.064,1.7344,GAME_BOARD,GAME_STRATEGY,GAMING,GAMING,GAME_STRATEGY,,
com.horriblegames.railroadink,RailRoadInk,1,10,40.721,0.67868333,GAME_BOARD,GAME_BOARD,GAMING,GAMING,GAME_BOARD,,
com.pixel.art.coloring.color.number,Happy Color,1,738,48398.669,806.644483,GAME_BOARD,GAME_CASUAL,GAMING,GAMING,GAME_CASUAL,,
com.scopely.monopolygo,MONOPOLY GO,1,879,22904.935,381.748917,GAME_BOARD,GAME_BOARD,GAMING,GAMING,GAME_BOARD,,
com.scopely.yux,YAHTZEE,1,91,1563.322,26.0553667,GAME_BOARD,GAME_BOARD,GAMING,GAMING,GAME_BOARD,,
com.usm.catanuniverse,Catan Universe,1,9,4.083999,0.06806665,GAME_BOARD,GAME_BOARD,GAMING,GAMING,GAME_BOARD,,
com.weplaydots.twodotsandroid,"Two Dots, com.weplaydots.twodotsandroid",2,317,44078.215,734.636917,GAME_BOARD,GAME_PUZZLE,GAMING,GAMING,GAME_PUZZLE,,
uk.co.aifactory.backgammonfree,Backgammon,1,9,440.879,7.34798333,GAME_BOARD,GAME_BOARD,GAMING,GAMING,GAME_BOARD,,
com.blackout.spades,Spades,1,468,31119.357,518.65595,GAME_CARD,GAME_CARD,GAMING,GAMING,GAME_CARD,,
com.dna.solitaireapp,Solitaire,1,6,7.303,0.12171667,GAME_CARD,GAME_CARD,GAMING,GAMING,GAME_CARD,,
com.gimica.solitaireverse,Solitaire Verse,1,10,196.383,3.27305,GAME_CARD,GAME_CARD,GAMING,GAMING,GAME_CARD,,
com.logickllc.yugipedia.android,Yugipedia,1,160,1638.53696,27.3089494,GAME_CARD,ENTERTAINMENT,ARTS_AND_LEISURE,ENTERTAINMENT,ENTERTAINMENT,,
com.mattel163.skipbo,Skip-Bo,1,1255,103650.874,1727.51457,GAME_CARD,GAME_CARD,GAMING,GAMING,GAME_CARD,,
com.matteljv.uno,UNO,1,16,73.428999,1.22381665,GAME_CARD,GAME_CARD,GAMING,GAMING,GAME_CARD,,
com.mintgames.king.solitaire,Solitaire,1,12,31.563,0.52605,GAME_CARD,GAME_CARD,GAMING,GAMING,GAME_CARD,,
com.mobilityware.Spades,Spades,1,310,3067.11198,51.1185331,GAME_CARD,GAME_CARD,GAMING,GAMING,GAME_CARD,,
com.tonielro.naijawhotfree,Naija Whot,1,254,6079.246,101.320767,GAME_CARD,GAME_CARD,GAMING,GAMING,GAME_CARD,,
de.tobiasbielefeld.solitaire,Simple Solitaire Collection,1,702,58178.104,969.635066,GAME_CARD,GAME_CARD,GAMING,GAMING,GAME_CARD,,
jp.konami.duellinks,Duel Links,1,538,106705.14,1778.419,GAME_CARD,GAME_CARD,GAMING,GAMING,GAME_CARD,,
net.supertreat.solitaire,Solitaire,1,5,1945.561,32.4260167,GAME_CARD,GAME_CARD,GAMING,GAMING,GAME_CARD,,
solitaire.patience.card.games.klondike.free,Solitaire,1,213,4550.209,75.8368167,GAME_CARD,GAME_CARD,GAMING,GAMING,GAME_CARD,,
air.com.playtika.slotomania,Slotomania,1,35,635.834999,10.59725,GAME_CASINO,GAME_CASINO,GAMING,GAMING,GAME_CASINO,,
com.murka.scatterslots,Scatter Slots,1,23,0,0,GAME_CASINO,GAME_CASINO,GAMING,GAMING,GAME_CASINO,,
com.papaya.solitairecash,Solitaire Cash,1,258,717.565,11.9594167,GAME_CASINO,GAME_CASINO,GAMING,GAMING,CASINO_AND_BETTING,,
lol.gapi.vxgames,VXGames,1,87,2310.581,38.5096833,GAME_CASINO,GAME_CASINO,GAMING,GAMING,GAME_CASINO,,
air.net.ideasam.games.cat,Secret Cat Forest,1,370,10992.656,183.210933,GAME_CASUAL,GAME_SIMULATION,GAMING,GAMING,GAME_SIMULATION,,
com.budgestudios.googleplay.BlueyBLU,Bluey: Let‚Äö√Ñ√¥s Play!,1,45,622.166,10.3694333,GAME_CASUAL,GAME_EDUCATIONAL,GAMING,GAMING,GAME_EDUCATIONAL,,KIDS
com.doodlejoy.studio.kidsdoojoy,KidsDoodle,1,298,10989.025,183.150417,GAME_CASUAL,GAME_SIMULATION,GAMING,GAMING,GAME_SIMULATION,,KIDS
com.firsttouchgames.dls3,Dream League,1,110,1434.758,23.9126333,GAME_CASUAL,GAME_ACTION,GAMING,GAMING,GAME_ACTION,,
com.funtomic.matchmasters,Match Masters,1,4,0,0,GAME_CASUAL,GAME_PUZZLE,GAMING,GAMING,GAME_PUZZLE,,
com.genetix.lonetower,Lone Tower,1,5,103.81,1.73016667,GAME_CASUAL,GAME_STRATEGY,GAMING,GAMING,GAME_STRATEGY,,
com.GMA.Ball.Sort.Puzzle,"Ball Sort, com.GMA.Ball.Sort.Puzzle",2,328,5482.203,91.37005,GAME_CASUAL,GAME_PUZZLE,GAMING,GAMING,GAME_PUZZLE,,
com.kayac.ball_run,BallRun2048,1,9,61.022,1.01703333,GAME_CASUAL,GAME_PUZZLE,GAMING,GAMING,GAME_PUZZLE,,
com.king.candycrushsaga,Candy Crush Saga,1,164,2800.282,46.6713667,GAME_CASUAL,GAME_PUZZLE,GAMING,GAMING,GAME_PUZZLE,,
com.king.candycrushsodasaga,Candy Crush Soda,1,298,30282.009,504.70015,GAME_CASUAL,GAME_PUZZLE,GAMING,GAMING,GAME_PUZZLE,,
com.landoncope.games.animalbubblepop,com.landoncope.games.animalbubblepop,1,46,1306.395,21.77325,GAME_CASUAL,GAME_PUZZLE,GAMING,GAMING,GAME_PUZZLE,,
com.moonactive.coinmaster,Coin Master,1,49,5047.111,84.1185167,GAME_CASUAL,GAME_CASUAL,GAMING,GAMING,GAME_CASUAL,,
com.Mykaelos.FrankiesBabyFireworks,Frankie's Baby Fireworks!,1,7,45.235,0.75391667,GAME_CASUAL,GAME_CASUAL,GAMING,GAMING,GAME_CASUAL,,KIDS
com.plato.android,Plato,1,23,711.05,11.8508333,GAME_CASUAL,GAME_CASUAL,GAMING,GAMING,GAME_CASUAL,SOCIAL_MEDIA,
com.Seriously.BestFiends,Best Fiends,1,13,107.174,1.78623333,GAME_CASUAL,GAME_PUZZLE,GAMING,GAMING,GAME_PUZZLE,,
com.sukhavati.gotoplaying.bubble.BubbleShooter.mint,"Bubble Shooter With Friends, Bubble¬¨‚Ä†Shooter¬¨‚Ä†And¬¨‚Ä†Friends",2,728,21424.682,357.078033,GAME_CASUAL,GAME_PUZZLE,GAMING,GAMING,GAME_PUZZLE,,
com.yg.balls.parkour,"Space Rolling Balls Race, com.yg.balls.parkour",2,184,1946.001,32.43335,GAME_CASUAL,GAME_CASUAL,GAMING,GAMING,GAME_CASUAL,,
com.bimiboo.coloring,Coloring,1,30,2104.814,35.0802333,GAME_EDUCATIONAL,GAME_EDUCATIONAL,GAMING,GAMING,GAME_EDUCATIONAL,,KIDS
com.binibambini.Mini,Drawing,1,22,818.258,13.6376333,GAME_EDUCATIONAL,GAME_EDUCATIONAL,GAMING,GAMING,GAME_EDUCATIONAL,,KIDS
com.boddle.learning,Boddle,1,22,2448.606,40.8101,GAME_EDUCATIONAL,GAME_EDUCATIONAL,GAMING,GAMING,GAME_EDUCATIONAL,,KIDS
com.ferrero.applayduGP,Applaydu,1,7,12.422,0.20703333,GAME_EDUCATIONAL,GAME_EDUCATIONAL,GAMING,GAMING,GAME_EDUCATIONAL,,KIDS
com.funcov.babyplay,BabyPlay,1,23,117.785,1.96308333,GAME_EDUCATIONAL,GAME_EDUCATIONAL,GAMING,GAMING,GAME_EDUCATIONAL,,KIDS
com.gamesforkids.preschoolworksheets.alphabets,ABC Preschool,1,10,4.92,0.082,GAME_EDUCATIONAL,GAME_EDUCATIONAL,GAMING,GAMING,GAME_EDUCATIONAL,,KIDS
com.kids.learn.reading.app,ABC Learn,1,135,8933.482,148.891367,GAME_EDUCATIONAL,GAME_EDUCATIONAL,GAMING,GAMING,GAME_EDUCATIONAL,,KIDS
com.LoogGuitars.com.LoogTuner,Loog Guitar,1,28,880.545,14.67575,GAME_EDUCATIONAL,GAME_EDUCATIONAL,GAMING,GAMING,GAME_EDUCATIONAL,,KIDS
com.missingames.kidsmusic,Kids Music,1,13,1099.957,18.3326167,GAME_EDUCATIONAL,GAME_EDUCATIONAL,GAMING,GAMING,GAME_EDUCATIONAL,,KIDS
com.missingames.kidsmusic.lite,Kids Music Lite,1,15,904.811,15.0801833,GAME_EDUCATIONAL,GAME_EDUCATIONAL,GAMING,GAMING,GAME_EDUCATIONAL,,KIDS
com.rvappstudios.baby.toddler.kids.games.learning.activity,Kids Games,1,391,38070.023,634.500383,GAME_EDUCATIONAL,GAME_EDUCATIONAL,GAMING,GAMING,GAME_EDUCATIONAL,,KIDS
com.rvappstudios.kids.coloring.book.color.painting,Coloring Games,1,178,13523.111,225.385183,GAME_EDUCATIONAL,GAME_EDUCATIONAL,GAMING,GAMING,GAME_EDUCATIONAL,,KIDS
com.rvappstudios.kids.drawing.games.coloring.book.paint,Drawing Games,1,6,182.754,3.0459,GAME_EDUCATIONAL,GAME_EDUCATIONAL,GAMING,GAMING,GAME_EDUCATIONAL,,KIDS
com.rvappstudios.math.kids.counting,Math Kids,1,145,7568.379,126.13965,GAME_EDUCATIONAL,GAME_EDUCATIONAL,GAMING,GAMING,GAME_EDUCATIONAL,,KIDS
com.spinmaster.gabbysdollhouse,Gabby's Dollhouse,1,17,7.925,0.13208333,GAME_EDUCATIONAL,GAME_EDUCATIONAL,GAMING,GAMING,GAME_EDUCATIONAL,,KIDS
com.storytoys.myveryhungrycaterpillar.free.android.googleplay,My Very Hungry Caterpillar,1,13,1255.451,20.9241833,GAME_EDUCATIONAL,GAME_EDUCATIONAL,GAMING,GAMING,GAME_EDUCATIONAL,,KIDS
com.vqh.sounds_for_kids,Sounds for Toddlers,1,14,1019.485,16.9914167,GAME_EDUCATIONAL,GAME_EDUCATIONAL,GAMING,GAMING,GAME_EDUCATIONAL,,KIDS
net.applabsinc.android_enchantedforest,Coloring Book,1,37,356.308999,5.93848332,GAME_EDUCATIONAL,GAME_CASUAL,GAMING,GAMING,GAME_CASUAL,,
net.fagames.android.playkids.animals,Animals,1,25,964.43,16.0738333,GAME_EDUCATIONAL,GAME_EDUCATIONAL,GAMING,GAMING,GAME_EDUCATIONAL,,KIDS
org.pbskids.gamesapp,"PBS KIDS Games, org.pbskids.gamesapp",2,393,50609.967,843.49945,GAME_EDUCATIONAL,GAME_EDUCATIONAL,GAMING,GAMING,GAME_EDUCATIONAL,,KIDS
com.appquiz.baby.musical,Baby musical instruments,1,19,212.313,3.53855,GAME_MUSIC,GAME_MUSIC,GAMING,GAMING,GAME_MUSIC,,KIDS
com.orange.kidspiano.music.songs,Piano Kids - Music Songs,1,54,887.627998,14.7938,GAME_MUSIC,GAME_MUSIC,GAMING,GAMING,GAME_MUSIC,,KIDS
com.Zeeppo.GuitarBand,Guitar Band,1,8,99.536,1.65893333,GAME_MUSIC,GAME_MUSIC,GAMING,GAMING,GAME_MUSIC,,
com.androbaby.original2048,2048,1,6,2.383,0.03971667,GAME_PUZZLE,GAME_PUZZLE,GAMING,GAMING,GAME_PUZZLE,,
com.balysv.loop,‚Äö√†√ª Loop,1,115,3457.637,57.6272833,GAME_PUZZLE,GAME_PUZZLE,GAMING,GAMING,GAME_PUZZLE,,
com.block.juggle,Block Blast!,1,7,10.396,0.17326667,GAME_PUZZLE,GAME_PUZZLE,GAMING,GAMING,GAME_PUZZLE,,
com.disney.emojimatch_goo,Emoji Blitz,1,2296,229700.309,3828.33848,GAME_PUZZLE,GAME_PUZZLE,GAMING,GAMING,GAME_PUZZLE,,
com.dreamgames.royalmatch,Royal Match,1,41,123.711,2.06185,GAME_PUZZLE,GAME_PUZZLE,GAMING,GAMING,GAME_PUZZLE,,
com.easybrain.block.puzzle.games,Blockudoku,1,14,235.153,3.91921667,GAME_PUZZLE,GAME_PUZZLE,GAMING,GAMING,GAME_PUZZLE,,
com.easybrain.cross.logic.puzzle,Logic Puzzles,1,77,1499.788,24.9964667,GAME_PUZZLE,GAME_PUZZLE,GAMING,GAMING,GAME_PUZZLE,,
com.easybrain.nonogram,Nonogram.com,1,203,15172.253,252.870883,GAME_PUZZLE,GAME_PUZZLE,GAMING,GAMING,GAME_PUZZLE,,
com.gma.water.sort.puzzle,"Water Sort, Water Sort Puzzle",2,83,2351.891,39.1981833,GAME_PUZZLE,GAME_PUZZLE,GAMING,GAMING,GAME_PUZZLE,,
com.gmail.joystudio808.nonogram,Nonogram galaxy,1,133,10186.273,169.771217,GAME_PUZZLE,GAME_PUZZLE,GAMING,GAMING,GAME_PUZZLE,,
com.gramgames.mergedragons,Merge Dragons!,1,296,27843.742,464.062367,GAME_PUZZLE,GAME_PUZZLE,GAMING,GAMING,GAME_PUZZLE,,
com.icenta.sudoku.ui,Sudoku,1,32,823.072,13.7178667,GAME_PUZZLE,GAME_PUZZLE,GAMING,GAMING,GAME_PUZZLE,,
com.ig.screw.puzzle.nuts.botls,"Wood Nuts & Bolts, Wood Nuts: Screw Puzzle",2,79,3972.866,66.2144333,GAME_PUZZLE,GAME_PUZZLE,GAMING,GAMING,GAME_PUZZLE,,
com.inspiredsquare.jupiter,2248,1,61,915.328,15.2554667,GAME_PUZZLE,GAME_PUZZLE,GAMING,GAMING,GAME_PUZZLE,,
com.jewelsblast.ivygames.Adventure.free,Jewels Blast,1,37,0,0,GAME_PUZZLE,GAME_PUZZLE,GAMING,GAMING,GAME_PUZZLE,,
com.mergeland.alices.wonder.adventure,Mergeland-Alice's Adventure,1,1077,97570.279,1626.17132,GAME_PUZZLE,GAME_PUZZLE,GAMING,GAMING,GAME_PUZZLE,,
com.mintgames.triplecrush.tile.fun,Tile Fun,1,12,0,0,GAME_PUZZLE,GAME_PUZZLE,GAMING,GAMING,GAME_PUZZLE,,
com.netflix.NGP.Minesweeper,MineSweeper,1,22,729.731,12.1621833,GAME_PUZZLE,GAME_PUZZLE,GAMING,GAMING,GAME_PUZZLE,,
com.nintendo.zama,Dr. Mario World,1,289,11985.415,199.756917,GAME_PUZZLE,GAME_PUZZLE,GAMING,GAMING,GAME_PUZZLE,,
com.skymoons.kittenmatch,KittenMatch,1,19,66.386,1.10643333,GAME_PUZZLE,GAME_PUZZLE,GAMING,GAMING,GAME_PUZZLE,,
com.smallgiantgames.empires,Empires‚Äö√∂√Æ√î‚àè√®,1,777,65499.103,1091.65172,GAME_PUZZLE,GAME_PUZZLE,GAMING,GAMING,GAME_PUZZLE,,
com.staplegames.blocksClassicSGGP,Blocks,1,34,1805.632,30.0938667,GAME_PUZZLE,GAME_PUZZLE,GAMING,GAMING,GAME_PUZZLE,,
com.staplegames.blocksWood,Wood Blocks,1,95,12800.153,213.335883,GAME_PUZZLE,GAME_PUZZLE,GAMING,GAMING,GAME_PUZZLE,,
com.summerProd,CDT001,1,137,6787.402,113.123367,GAME_PUZZLE,GAME_PUZZLE,GAMING,GAMING,GAME_PUZZLE,,
com.tomorrowcorporation.humanresourcemachine,Human Resource Machine,1,14,103.04,1.71733333,GAME_PUZZLE,GAME_PUZZLE,GAMING,GAMING,GAME_PUZZLE,,
com.tripledot.woodoku,Woodoku,1,4369,146653.131,2444.21885,GAME_PUZZLE,GAME_PUZZLE,GAMING,GAMING,GAME_PUZZLE,,
com.zutgames.ilovehue2,"I Love Hue Too, com.zutgames.ilovehue2",2,91,17221.789,287.029817,GAME_PUZZLE,GAME_PUZZLE,GAMING,GAMING,GAME_PUZZLE,,
math.puzzle.games.crossmath.number.puzzles.free,Cross Math,1,7,4.867,0.08111667,GAME_PUZZLE,GAME_PUZZLE,GAMING,GAMING,GAME_PUZZLE,,
net.cactii.mathdoku,"MathDoku, net.cactii.mathdoku",2,359,9318.31598,155.305266,GAME_PUZZLE,GAME_PUZZLE,GAMING,GAMING,GAME_PUZZLE,,
net.peakgames.toonblast,Toon Blast,1,13,45.59,0.75983333,GAME_PUZZLE,GAME_PUZZLE,GAMING,GAMING,GAME_PUZZLE,,
sudoku.puzzle.free.game.brain,Sudoku,1,616,19679,327.983333,GAME_PUZZLE,GAME_PUZZLE,GAMING,GAMING,GAME_PUZZLE,,
water.sort.puzzle.game.color.sorting.free,Water Sort Puzzle,1,19,23.506,0.39176667,GAME_PUZZLE,GAME_PUZZLE,GAMING,GAMING,GAME_PUZZLE,,
com.easygames.race,Race Master,1,4,2.136,0.0356,GAME_RACING,GAME_RACING,GAMING,GAMING,GAME_RACING,,
com.mars.crazyballs,Balls.io Rolling Race,1,64,558.561998,9.30936663,GAME_RACING,GAME_RACING,GAMING,GAMING,GAME_RACING,,
com.d3p.olympic,Magic: PQ,1,409,78184.689,1303.07815,GAME_ROLE_PLAYING,GAME_ROLE_PLAYING,GAMING,GAMING,GAME_ROLE_PLAYING,,
com.garena.ball.run.goingball.ironball.rollingball,Fast Ball Jump,1,167,236.682,3.9447,GAME_ROLE_PLAYING,GAME_ROLE_PLAYING,GAMING,GAMING,GAME_ROLE_PLAYING,,
com.shatteredpixel.shatteredpixeldungeon,Shattered Pixel Dungeon,1,34,4384.707,73.07845,GAME_ROLE_PLAYING,GAME_ROLE_PLAYING,GAMING,GAMING,GAME_ROLE_PLAYING,,
com.cattus.cattoy2,Cat Toy 2,1,13,1048.603,17.4767167,GAME_SIMULATION,HOUSE_AND_HOME,LIFESTYLE_MANAGEMENT,HOUSE_AND_HOME,HOUSE_AND_HOME,,
com.crazy.chef.cooking.madness.restaurant.food.games.cooking.fun,Cooking Fun,1,951,29632.283,493.871383,GAME_SIMULATION,GAME_SIMULATION,GAMING,GAMING,GAME_SIMULATION,,
com.GIZ.Sabz,Sabz,1,13,595.593999,9.92656665,GAME_SIMULATION,GAME_SIMULATION,GAMING,GAMING,GAME_SIMULATION,,
com.hidea.cat,Cats&Soup,1,18,944.814999,15.7469167,GAME_SIMULATION,GAME_SIMULATION,GAMING,GAMING,GAME_SIMULATION,,
com.luckyskeletonstudios.idlebanktycoon,Idle Bank Tycoon,1,298,32510.162,541.836033,GAME_SIMULATION,GAME_SIMULATION,GAMING,GAMING,GAME_SIMULATION,,
com.playrion.airportmanager,Airport Simulator,1,1132,96657.9939,1610.96657,GAME_SIMULATION,GAME_SIMULATION,GAMING,GAMING,GAME_SIMULATION,,
com.sharkfingames.food.stand,"Food Stand, com.sharkfingames.food.stand",2,235,3625.627,60.4271167,GAME_SIMULATION,GAME_SIMULATION,GAMING,GAMING,GAME_SIMULATION,,
com.wingjoy.secondlife2.inter,ModernLife,1,5,3.411,0.05685,GAME_SIMULATION,GAME_SIMULATION,GAMING,GAMING,GAME_SIMULATION,,
idle.goblins.wood.tycoon,Goblins Wood,1,2401,123796.83,2063.2805,GAME_SIMULATION,GAME_SIMULATION,GAMING,GAMING,GAME_SIMULATION,,
io.supercent.pizzaidle,Pizza Ready,1,10,224.774,3.74623333,GAME_SIMULATION,GAME_SIMULATION,GAMING,GAMING,GAME_SIMULATION,,
jp.pokemon.pokemonsleep,Pok‚àö¬©mon Sleep,1,16,79.043998,1.31739997,GAME_SIMULATION,HEALTH_AND_FITNESS,LIFESTYLE_MANAGEMENT,HEALTH,HEALTH_AND_FITNESS,,
nz.co.codepoint.minimetro,Mini Metro,1,17,12.645,0.21075,GAME_SIMULATION,GAME_SIMULATION,GAMING,GAMING,GAME_SIMULATION,,
com.com2us.ninepb3d.normal.freefull.google.global.android.common,MLB9Innings21,1,6,0,0,GAME_SPORTS,GAME_SPORTS,GAMING,GAMING,GAME_SPORTS,,
com.underdogsports.fantasy,Underdog,1,68,0.913,0.01521667,GAME_SPORTS,GAME_SPORTS,GAMING,GAMING,GAME_SPORTS,,
us.kr.baseballnine,BASEBALL 9,1,60,6392.504,106.541733,GAME_SPORTS,GAME_SPORTS,GAMING,GAMING,GAME_SPORTS,,
com.ea.game.pvzfree_row,Plants vs. Zombies FREE,1,116,6367.555,106.125917,GAME_STRATEGY,GAME_STRATEGY,GAMING,GAMING,GAME_STRATEGY,,
com.fun.lastwar.gp,Last War,1,3,276.327,4.60545,GAME_STRATEGY,GAME_STRATEGY,GAMING,GAMING,GAME_STRATEGY,,
com.my.defense,Rush Royale,1,21,7.04,0.11733333,GAME_STRATEGY,GAME_STRATEGY,GAMING,GAMING,GAME_STRATEGY,,
com.nuclearunicorn.kittensgame,Kittens Game,1,143,4747.854,79.1308999,GAME_STRATEGY,GAME_SIMULATION,GAMING,GAMING,GAME_SIMULATION,,
com.nvsgames.snap,SNAP,1,785,134508.174,2241.8029,GAME_STRATEGY,GAME_STRATEGY,GAMING,GAMING,GAME_STRATEGY,,
com.pixelfederation.ts2,TrainStation2,1,230,5757.71599,95.9619332,GAME_STRATEGY,GAME_CASUAL,GAMING,GAMING,GAME_CASUAL,,
com.riotgames.league.teamfighttactics,TFT,1,1951,837609.111,13960.1519,GAME_STRATEGY,GAME_STRATEGY,GAMING,GAMING,GAME_STRATEGY,,
com.riotgames.league.wildrift,Wild Rift,1,427,123579.626,2059.66043,GAME_STRATEGY,GAME_STRATEGY,GAMING,GAMING,GAME_STRATEGY,,
com.star.union.planetant,The Ants,1,199,15160.659,252.67765,GAME_STRATEGY,GAME_STRATEGY,GAMING,GAMING,GAME_STRATEGY,,
com.supercell.clashroyale,Clash Royale,1,24,34.399,0.57331667,GAME_STRATEGY,GAME_STRATEGY,GAMING,GAMING,GAME_STRATEGY,,
com.teamwood.spacewood.unity,Super Auto Pets,1,12,281.86,4.69766667,GAME_STRATEGY,GAME_STRATEGY,GAMING,GAMING,GAME_STRATEGY,,
com.topgamesinc.evony,Evony,1,3,177.863,2.96438333,GAME_STRATEGY,GAME_STRATEGY,GAMING,GAMING,GAME_STRATEGY,,
com.etermax.preguntados.lite,Trivia Crack,1,437,898.213,14.9702167,GAME_TRIVIA,GAME_TRIVIA,GAMING,GAMING,GAME_TRIVIA,,
com.trivia.star.android,Trivia Star,1,1433,25438.338,423.9723,GAME_TRIVIA,GAME_TRIVIA,GAMING,GAMING,GAME_TRIVIA,,
com.unicostudio.braintest,Brain Test,1,26,485.322,8.0887,GAME_TRIVIA,GAME_PUZZLE,GAMING,GAMING,GAME_PUZZLE,,
com.funcraft.whamzee,Yatzy,1,1042,32255.534,537.592233,GAME_WORD,GAME_WORD,GAMING,GAMING,GAME_WORD,,
com.gjohnson.bogl,"Muddle, com.gjohnson.bogl",2,449,10614.646,176.910766,GAME_WORD,GAME_WORD,GAMING,GAMING,GAME_WORD,,
com.nytimes.crossword,"Crossword, NYT Games, com.nytimes.crossword",3,10184,186544.459,3109.07431,GAME_WORD,GAME_WORD,GAMING,GAMING,GAME_WORD,,
com.TechTreeGames.Wordle,com.TechTreeGames.Wordle,1,118,4588.149,76.46915,GAME_WORD,GAME_WORD,GAMING,GAMING,GAME_WORD,,
com.wb.headsup,Heads Up!,1,41,311.516999,5.19194998,GAME_WORD,GAME_WORD,GAMING,GAMING,GAME_WORD,,
com.zynga.words3,Words 2,1,127,1776.27498,29.6045831,GAME_WORD,GAME_WORD,GAMING,GAMING,GAME_WORD,,
in.crossy.daily_crossword,Daily Themed Crossword,1,958,77371.503,1289.52505,GAME_WORD,GAME_WORD,GAMING,GAMING,GAME_WORD,,
se.maginteractive.wordbrain2,se.maginteractive.wordbrain2,1,35,643.098,10.7183,GAME_WORD,GAME_WORD,GAMING,GAMING,GAME_WORD,,
app.growwithjo.diet.fitness,growwithjo,1,6,0,0,HEALTH_AND_FITNESS,HEALTH_AND_FITNESS,LIFESTYLE_MANAGEMENT,HEALTH,HEALTH_AND_FITNESS,,
app.perfectposture,Perfect Posture,1,27,0,0,HEALTH_AND_FITNESS,HEALTH_AND_FITNESS,LIFESTYLE_MANAGEMENT,HEALTH,HEALTH_AND_FITNESS,,
ar.teovogel.yip,Pixels,1,118,77.713,1.29521667,HEALTH_AND_FITNESS,HEALTH_AND_FITNESS,LIFESTYLE_MANAGEMENT,HEALTH,HEALTH_AND_FITNESS,,
co.truecoach.client,TrueCoach,1,100,324.182,5.40303333,HEALTH_AND_FITNESS,HEALTH_AND_FITNESS,LIFESTYLE_MANAGEMENT,HEALTH,HEALTH_AND_FITNESS,,
com.achievemint.android,Evidation,1,64,549.012,9.1502,HEALTH_AND_FITNESS,HEALTH_AND_FITNESS,LIFESTYLE_MANAGEMENT,HEALTH,HEALTH_AND_FITNESS,,
com.alltrails.alltrails,AllTrails,1,17,0,0,HEALTH_AND_FITNESS,HEALTH_AND_FITNESS,LIFESTYLE_MANAGEMENT,HEALTH,HEALTH_AND_FITNESS,,
com.amikulich.babysleep,White Noise Baby Sleep Sounds,1,36,239.971998,3.9995333,HEALTH_AND_FITNESS,MUSIC_AND_AUDIO,ARTS_AND_LEISURE,MUSIC_AND_AUDIO,MUSIC_AND_AUDIO,,KIDS
com.app.wellable,Wellable,1,30,0,0,HEALTH_AND_FITNESS,HEALTH_AND_FITNESS,LIFESTYLE_MANAGEMENT,HEALTH,HEALTH_AND_FITNESS,,
com.barkinglabs.fi,Fi,1,545,31.043,0.51738333,HEALTH_AND_FITNESS,HOUSE_AND_HOME,LIFESTYLE_MANAGEMENT,HOUSE_AND_HOME,DEVICE_TRACKING,HOUSE_AND_HOME,
com.bcbsa.fepblue,"com.bcbsa.fepblue, fepblue",2,24,1.327,0.02211667,HEALTH_AND_FITNESS,MEDICAL,LIFESTYLE_MANAGEMENT,HEALTH,MEDICAL,,
com.benovate.Benovate,Ramp Health,1,104,2031.749,33.8624833,HEALTH_AND_FITNESS,HEALTH_AND_FITNESS,LIFESTYLE_MANAGEMENT,HEALTH,HEALTH_AND_FITNESS,,
com.blueberrypediatrics.BbpOtoscopeApplication,Blueberry Ear Scope,1,24,397.132998,6.6188833,HEALTH_AND_FITNESS,MEDICAL,LIFESTYLE_MANAGEMENT,HEALTH,MEDICAL,,
com.blueberrypediatrics.blueberrypediatrics,Blueberry Pediatrics,1,176,5260.01799,87.6669664,HEALTH_AND_FITNESS,MEDICAL,LIFESTYLE_MANAGEMENT,HEALTH,MEDICAL,,
com.c25k,C25K,1,147,2444.193,40.73655,HEALTH_AND_FITNESS,HEALTH_AND_FITNESS,LIFESTYLE_MANAGEMENT,HEALTH,HEALTH_AND_FITNESS,,
com.calm.android,"Calm, com.calm.android",2,764,2969.377,49.4896166,HEALTH_AND_FITNESS,HEALTH_AND_FITNESS,LIFESTYLE_MANAGEMENT,HEALTH,MEDITATION,,
com.cashwalklabs.cashwalk,CashWalk,1,14001,50470.4857,841.174762,HEALTH_AND_FITNESS,BUSINESS,PRODUCTIVITY_AND_BUSINESS,MONEY_MAKING,QUICK_CASH,HEALTH_AND_FITNESS,
com.changecollective.tenpercenthappier,Ten Percent,1,43,700.473,11.67455,HEALTH_AND_FITNESS,HEALTH_AND_FITNESS,LIFESTYLE_MANAGEMENT,HEALTH,MEDITATION,,
com.chris.mydays,MyDays,1,38,87.953,1.46588333,HEALTH_AND_FITNESS,HEALTH_AND_FITNESS,LIFESTYLE_MANAGEMENT,HEALTH,HEALTH_AND_FITNESS,,
com.clue.android,Clue,1,119,1631.192,27.1865333,HEALTH_AND_FITNESS,HEALTH_AND_FITNESS,LIFESTYLE_MANAGEMENT,HEALTH,HEALTH_AND_FITNESS,,
com.companyname.miwicpr,MiWicPR,1,86,2473.499,41.2249833,HEALTH_AND_FITNESS,HOUSE_AND_HOME,LIFESTYLE_MANAGEMENT,HOUSE_AND_HOME,COMMUNITY_AND_PUBLIC_SERVICES,SHOPPING,
com.corepowerschedule,CorePower Yoga,1,25,163.114,2.71856667,HEALTH_AND_FITNESS,HEALTH_AND_FITNESS,LIFESTYLE_MANAGEMENT,HEALTH,HEALTH_AND_FITNESS,,
com.coresource.portal,myLuminareHealth Mobile,1,164,2618.061,43.63435,HEALTH_AND_FITNESS,FINANCE,PRODUCTIVITY_AND_BUSINESS,MONEY_MANAGEMENT,INSURANCE,,
com.dailyyoga.inc,Daily Yoga,1,8,49.817,0.83028333,HEALTH_AND_FITNESS,HEALTH_AND_FITNESS,LIFESTYLE_MANAGEMENT,HEALTH,HEALTH_AND_FITNESS,,
com.daxko.mobile,Daxko,1,241,2368.813,39.4802167,HEALTH_AND_FITNESS,HEALTH_AND_FITNESS,LIFESTYLE_MANAGEMENT,HEALTH,HEALTH_AND_FITNESS,,
com.dhs.dc.access,"District Direct, District First",2,74,480.283,8.00471667,HEALTH_AND_FITNESS,HOUSE_AND_HOME,LIFESTYLE_MANAGEMENT,HOUSE_AND_HOME,COMMUNITY_AND_PUBLIC_SERVICES,,
com.ecw.healow,healow,1,404,2162.67599,36.0445998,HEALTH_AND_FITNESS,MEDICAL,LIFESTYLE_MANAGEMENT,HEALTH,MEDICAL,,
com.finch.finch,Finch,1,596,8293.36197,138.2227,HEALTH_AND_FITNESS,HEALTH_AND_FITNESS,LIFESTYLE_MANAGEMENT,HEALTH,MEDITATION,,
com.fitbit.FitbitMobile,"Fitbit, com.fitbit.FitbitMobile",2,6116,7051.70798,117.528466,HEALTH_AND_FITNESS,HEALTH_AND_FITNESS,LIFESTYLE_MANAGEMENT,HEALTH,HEALTH_AND_FITNESS,,
com.fitnesskeeper.runkeeper.pro,Runkeeper,1,22,0,0,HEALTH_AND_FITNESS,HEALTH_AND_FITNESS,LIFESTYLE_MANAGEMENT,HEALTH,HEALTH_AND_FITNESS,,
com.fitnessmobileapps.burnbootcamp,BurnBootCamp,1,217,942.377,15.7062833,HEALTH_AND_FITNESS,HEALTH_AND_FITNESS,LIFESTYLE_MANAGEMENT,HEALTH,HEALTH_AND_FITNESS,,
com.fitnow.loseit,Lose It!,1,199,9.150999,0.15251665,HEALTH_AND_FITNESS,HEALTH_AND_FITNESS,LIFESTYLE_MANAGEMENT,HEALTH,HEALTH_AND_FITNESS,,
com.fourtechnologies.mynetdiary.ad,MyNetDiary,1,245,3349.787,55.8297833,HEALTH_AND_FITNESS,HEALTH_AND_FITNESS,LIFESTYLE_MANAGEMENT,HEALTH,HEALTH_AND_FITNESS,,
com.garmin.android.apps.connectmobile,Connect,1,4931,3061.06299,51.0177164,HEALTH_AND_FITNESS,HEALTH_AND_FITNESS,LIFESTYLE_MANAGEMENT,HEALTH,HEALTH_AND_FITNESS,,
com.getmomstrong.SLAMApp,GetMomStrong,1,127,30168.773,502.812883,HEALTH_AND_FITNESS,HEALTH_AND_FITNESS,LIFESTYLE_MANAGEMENT,HEALTH,HEALTH_AND_FITNESS,,
com.getpaired.app,Paired,1,86,345.613,5.76021667,HEALTH_AND_FITNESS,DATING,SOCIAL,BROADCAST_SOCIAL,DATING,,
com.getsomeheadspace.android,Headspace,1,31,65.202,1.0867,HEALTH_AND_FITNESS,HEALTH_AND_FITNESS,LIFESTYLE_MANAGEMENT,HEALTH,MEDITATION,,
com.glo.mobile,Glo,1,5,0.451,0.00751667,HEALTH_AND_FITNESS,HEALTH_AND_FITNESS,LIFESTYLE_MANAGEMENT,HEALTH,HEALTH_AND_FITNESS,MEDITATION,
com.glow.android,Glow,1,140,658.715,10.9785833,HEALTH_AND_FITNESS,HEALTH_AND_FITNESS,LIFESTYLE_MANAGEMENT,HEALTH,MEDITATION,,
com.goldfishswimschool.icp,Goldfish,1,51,537.349,8.95581667,HEALTH_AND_FITNESS,PARENTING,LIFESTYLE_MANAGEMENT,PARENTING,PARENT_CHILD_COMMUNICATION,HEALTH_AND_FITNESS,
com.google.android.apps.fitness,Fit,1,857,4561.65,76.0274999,HEALTH_AND_FITNESS,HEALTH_AND_FITNESS,LIFESTYLE_MANAGEMENT,HEALTH,HEALTH_AND_FITNESS,,
com.greatergoods.smartbaby,Smart Baby,1,6,98.915,1.64858333,HEALTH_AND_FITNESS,PARENTING,LIFESTYLE_MANAGEMENT,PARENTING,PARENTING,,
com.groundspeak.geocaching.intro,Geocaching,1,479,3722.23899,62.0373165,HEALTH_AND_FITNESS,ENTERTAINMENT,ARTS_AND_LEISURE,ENTERTAINMENT,ENTERTAINMENT,,
com.gymstreak.GymStreakAI,GymStreak,1,26,0,0,HEALTH_AND_FITNESS,HEALTH_AND_FITNESS,LIFESTYLE_MANAGEMENT,HEALTH,HEALTH_AND_FITNESS,,
com.healthpartners.android.myhp,HealthPartners,1,13,72.089,1.20148333,HEALTH_AND_FITNESS,HEALTH_AND_FITNESS,LIFESTYLE_MANAGEMENT,HEALTH,HEALTH_AND_FITNESS,,
com.hesonline.tenk18,10K-A-Day,1,11,0.451,0.00751667,HEALTH_AND_FITNESS,HEALTH_AND_FITNESS,LIFESTYLE_MANAGEMENT,HEALTH,HEALTH_AND_FITNESS,,
com.himshers.hims,hims,1,70,1123.085,18.7180833,HEALTH_AND_FITNESS,HEALTH_AND_FITNESS,LIFESTYLE_MANAGEMENT,HEALTH,HEALTH_AND_FITNESS,,
com.humana.go365.medicaid,Healthy Horizons,1,20,470.710999,7.84518332,HEALTH_AND_FITNESS,HEALTH_AND_FITNESS,LIFESTYLE_MANAGEMENT,HEALTH,HEALTH_AND_FITNESS,,
com.jimber.workit,WorkIt,1,7,2.854,0.04756667,HEALTH_AND_FITNESS,HEALTH_AND_FITNESS,LIFESTYLE_MANAGEMENT,HEALTH,HEALTH_AND_FITNESS,,
com.kaylaitsines.sweatwithkayla,Sweat,1,33,8.266,0.13776667,HEALTH_AND_FITNESS,HEALTH_AND_FITNESS,LIFESTYLE_MANAGEMENT,HEALTH,HEALTH_AND_FITNESS,,
com.kinsa.polaris.app,Kinsa,1,131,1084.95,18.0825,HEALTH_AND_FITNESS,PARENTING,LIFESTYLE_MANAGEMENT,PARENTING,PARENTING,HEALTH_AND_FITNESS,
com.kitefaster.whitenoise,Deep Sleep Sounds,1,9,0.625,0.01041667,HEALTH_AND_FITNESS,MUSIC_AND_AUDIO,ARTS_AND_LEISURE,MUSIC_AND_AUDIO,MUSIC_AND_AUDIO,,
com.lafitness.lafitness,LA Fitness,1,88,948.886,15.8147667,HEALTH_AND_FITNESS,HEALTH_AND_FITNESS,LIFESTYLE_MANAGEMENT,HEALTH,HEALTH_AND_FITNESS,,
com.lifetimefitness.interests.fitness,Life Time,1,111,649.13,10.8188333,HEALTH_AND_FITNESS,HEALTH_AND_FITNESS,LIFESTYLE_MANAGEMENT,HEALTH,HEALTH_AND_FITNESS,,
com.mapmyrun.android2,MapMyRun,1,194,230.502,3.8417,HEALTH_AND_FITNESS,HEALTH_AND_FITNESS,LIFESTYLE_MANAGEMENT,HEALTH,HEALTH_AND_FITNESS,,
com.mapmywalk.android2,MapMyWalk,1,256,1366.64,22.7773333,HEALTH_AND_FITNESS,HEALTH_AND_FITNESS,LIFESTYLE_MANAGEMENT,HEALTH,HEALTH_AND_FITNESS,,
com.marriage365.app,Marriage365,1,151,2709.32,45.1553333,HEALTH_AND_FITNESS,DATING,SOCIAL,BROADCAST_SOCIAL,DATING,,
com.mdsol.aquila,Patient Cloud,1,44,88.361,1.47268333,HEALTH_AND_FITNESS,MEDICAL,LIFESTYLE_MANAGEMENT,HEALTH,MEDICAL,,
com.medbridgeed.hep.go,MedBridge GO,1,173,4300.269,71.67115,HEALTH_AND_FITNESS,HEALTH_AND_FITNESS,LIFESTYLE_MANAGEMENT,HEALTH,HEALTH_AND_FITNESS,,
com.mhealth.insight,Insight,1,8,1.274,0.02123333,HEALTH_AND_FITNESS,PRODUCTIVITY,PRODUCTIVITY_AND_BUSINESS,PRODUCTIVITY,RESEARCH,,
com.mindbodyonline.connect,Mindbody,1,264,615.935,10.2655833,HEALTH_AND_FITNESS,HEALTH_AND_FITNESS,LIFESTYLE_MANAGEMENT,HEALTH,HEALTH_AND_FITNESS,,
com.mindbodyonline.express,Business,1,558,3337.161,55.61935,HEALTH_AND_FITNESS,HEALTH_AND_FITNESS,LIFESTYLE_MANAGEMENT,HEALTH,HEALTH_AND_FITNESS,,
com.motionconnected.healthychoice,Healthy Choice,1,53,88.035997,1.46726662,HEALTH_AND_FITNESS,HEALTH_AND_FITNESS,LIFESTYLE_MANAGEMENT,HEALTH,HEALTH_AND_FITNESS,,
com.myfitnesspal.android,MyFitnessPal,1,1919,3543.56297,59.0593828,HEALTH_AND_FITNESS,HEALTH_AND_FITNESS,LIFESTYLE_MANAGEMENT,HEALTH,HEALTH_AND_FITNESS,,
com.mynoise.mynoise,myNoise,1,1110,30031.52,500.525333,HEALTH_AND_FITNESS,MUSIC_AND_AUDIO,ARTS_AND_LEISURE,MUSIC_AND_AUDIO,MUSIC_AND_AUDIO,,
com.onepeloton.callisto,Peloton,1,185,975.447,16.25745,HEALTH_AND_FITNESS,HEALTH_AND_FITNESS,LIFESTYLE_MANAGEMENT,HEALTH,HEALTH_AND_FITNESS,,
com.oraimo.joywear2,Joywear 2,1,2289,877.484,14.6247333,HEALTH_AND_FITNESS,HEALTH_AND_FITNESS,LIFESTYLE_MANAGEMENT,HEALTH,HEALTH_AND_FITNESS,,
com.orangetheoryfitness.orangetheory,"Orangetheory, com.orangetheoryfitness.orangetheory",2,157,874.740998,14.5790166,HEALTH_AND_FITNESS,HEALTH_AND_FITNESS,LIFESTYLE_MANAGEMENT,HEALTH,HEALTH_AND_FITNESS,,
com.ouraring.oura,Oura,1,132,378.34,6.30566667,HEALTH_AND_FITNESS,HEALTH_AND_FITNESS,LIFESTYLE_MANAGEMENT,HEALTH,HEALTH_AND_FITNESS,,
com.owletcare.owletcare,OwletCare,1,14913,69633.2869,1160.55478,HEALTH_AND_FITNESS,PARENTING,LIFESTYLE_MANAGEMENT,PARENTING,PARENTING,,
com.peaksware.labs.halbot,Run With Hal,1,12,9.041,0.15068333,HEALTH_AND_FITNESS,HEALTH_AND_FITNESS,LIFESTYLE_MANAGEMENT,HEALTH,HEALTH_AND_FITNESS,,
com.peaksware.trainingpeaks,TrainingPeaks,1,9,0,0,HEALTH_AND_FITNESS,HEALTH_AND_FITNESS,LIFESTYLE_MANAGEMENT,HEALTH,HEALTH_AND_FITNESS,,
com.period.tracker.lite,P Tracker,1,54,64.62,1.077,HEALTH_AND_FITNESS,HEALTH_AND_FITNESS,LIFESTYLE_MANAGEMENT,HEALTH,HEALTH_AND_FITNESS,,
com.pikethirteen.client.pickerapp,Pike13,1,100,603.359,10.0559833,HEALTH_AND_FITNESS,HEALTH_AND_FITNESS,LIFESTYLE_MANAGEMENT,HEALTH,HEALTH_AND_FITNESS,,
com.popularapp.periodcalendar,My Calendar,1,1002,3286.37199,54.7728665,HEALTH_AND_FITNESS,HEALTH_AND_FITNESS,LIFESTYLE_MANAGEMENT,HEALTH,HEALTH_AND_FITNESS,,
com.rally.wellness,Rally,1,21,21.35,0.35583333,HEALTH_AND_FITNESS,HEALTH_AND_FITNESS,LIFESTYLE_MANAGEMENT,HEALTH,HEALTH_AND_FITNESS,,
com.renpho.health,Renpho Health,1,71,383.583999,6.39306665,HEALTH_AND_FITNESS,HEALTH_AND_FITNESS,LIFESTYLE_MANAGEMENT,HEALTH,HEALTH_AND_FITNESS,,
com.runsmartproject.calendar,VDOT O2,1,67,126.528999,2.10881665,HEALTH_AND_FITNESS,HEALTH_AND_FITNESS,LIFESTYLE_MANAGEMENT,HEALTH,HEALTH_AND_FITNESS,,
com.sec.android.app.shealth,"Samsung Health, com.sec.android.app.shealth",2,5140,1136.77,18.9461667,HEALTH_AND_FITNESS,HEALTH_AND_FITNESS,LIFESTYLE_MANAGEMENT,HEALTH,HEALTH_AND_FITNESS,,
com.shred415,Shred415,1,61,369.113997,6.15189995,HEALTH_AND_FITNESS,HEALTH_AND_FITNESS,LIFESTYLE_MANAGEMENT,HEALTH,HEALTH_AND_FITNESS,,
com.silkandsonder,Silk & Sonder,1,14,138.954,2.3159,HEALTH_AND_FITNESS,HEALTH_AND_FITNESS,LIFESTYLE_MANAGEMENT,HEALTH,HEALTH_AND_FITNESS,,
com.snorelab.app,SnoreLab,1,472,380782.89,6346.3815,HEALTH_AND_FITNESS,HEALTH_AND_FITNESS,LIFESTYLE_MANAGEMENT,HEALTH,HEALTH_AND_FITNESS,,
com.spartan.plus,SPARTAN,1,26,325.058,5.41763333,HEALTH_AND_FITNESS,HEALTH_AND_FITNESS,LIFESTYLE_MANAGEMENT,HEALTH,HEALTH_AND_FITNESS,,
com.spotlightsix.zentimerlite2,Insight Timer,1,235,30176.638,502.943967,HEALTH_AND_FITNESS,HEALTH_AND_FITNESS,LIFESTYLE_MANAGEMENT,HEALTH,MEDITATION,,
com.springhealth.cherubi,com.springhealth.cherubi,1,15,177.025,2.95041667,HEALTH_AND_FITNESS,HEALTH_AND_FITNESS,LIFESTYLE_MANAGEMENT,HEALTH,HEALTH_AND_FITNESS,,
com.strava,Strava,1,1486,3175.69099,52.9281832,HEALTH_AND_FITNESS,HEALTH_AND_FITNESS,LIFESTYLE_MANAGEMENT,HEALTH,HEALTH_AND_FITNESS,,
com.tamtris.fertilityfriend,FF App,1,69,219.045997,3.65076662,HEALTH_AND_FITNESS,HEALTH_AND_FITNESS,LIFESTYLE_MANAGEMENT,HEALTH,HEALTH_AND_FITNESS,,
com.tarahonich.relaxsleepsounds,Sleep Sounds,1,44,707.762,11.7960333,HEALTH_AND_FITNESS,MUSIC_AND_AUDIO,ARTS_AND_LEISURE,MUSIC_AND_AUDIO,MUSIC_AND_AUDIO,,
com.thinkdirty.thinkdirtyapp,Think Dirty,1,40,239.081998,3.98469997,HEALTH_AND_FITNESS,HEALTH_AND_FITNESS,LIFESTYLE_MANAGEMENT,HEALTH,HEALTH_AND_FITNESS,,
com.tmsoft.whitenoise.lite,White Noise Lite,1,1581,3820.85692,63.6809487,HEALTH_AND_FITNESS,MUSIC_AND_AUDIO,ARTS_AND_LEISURE,MUSIC_AND_AUDIO,MUSIC_AND_AUDIO,,
com.trainerize.Trainerize,ABC Trainerize,1,8,53.469,0.89115,HEALTH_AND_FITNESS,HEALTH_AND_FITNESS,LIFESTYLE_MANAGEMENT,HEALTH,HEALTH_AND_FITNESS,,
com.twentythreeandme.app,23andMe,1,71,473.356,7.88926667,HEALTH_AND_FITNESS,HEALTH_AND_FITNESS,LIFESTYLE_MANAGEMENT,HEALTH,HEALTH_AND_FITNESS,,
com.unboozle,Unboozle,1,67,0,0,HEALTH_AND_FITNESS,HEALTH_AND_FITNESS,LIFESTYLE_MANAGEMENT,HEALTH,HEALTH_AND_FITNESS,,
com.urbandroid.lux,Twilight,1,1569,0,0,HEALTH_AND_FITNESS,HEALTH_AND_FITNESS,LIFESTYLE_MANAGEMENT,HEALTH,HEALTH_AND_FITNESS,,
com.virginpulse.virginpulse,"Virgin Pulse, com.virginpulse.virginpulse",2,373,2539.145,42.3190833,HEALTH_AND_FITNESS,HEALTH_AND_FITNESS,LIFESTYLE_MANAGEMENT,HEALTH,HEALTH_AND_FITNESS,,
com.watch.life,VeryFit,1,187,1240.297,20.6716167,HEALTH_AND_FITNESS,HEALTH_AND_FITNESS,LIFESTYLE_MANAGEMENT,HEALTH,HEALTH_AND_FITNESS,,
com.weightwatchers.mobile,WW,1,322,2460.58,41.0096667,HEALTH_AND_FITNESS,HEALTH_AND_FITNESS,LIFESTYLE_MANAGEMENT,HEALTH,HEALTH_AND_FITNESS,,
com.wellvation.managewell,"ManageWell, com.wellvation.managewell",2,14,270.203,4.50338333,HEALTH_AND_FITNESS,HEALTH_AND_FITNESS,LIFESTYLE_MANAGEMENT,HEALTH,HEALTH_AND_FITNESS,,
com.weward,"WeWard, Weward",2,902,16224.66,270.411,HEALTH_AND_FITNESS,HEALTH_AND_FITNESS,LIFESTYLE_MANAGEMENT,HEALTH,HEALTH_AND_FITNESS,,
com.whil.whilapp,com.whil.whilapp,1,24,523.261,8.72101667,HEALTH_AND_FITNESS,HEALTH_AND_FITNESS,LIFESTYLE_MANAGEMENT,HEALTH,HEALTH_AND_FITNESS,,
com.wodify.client.prd,Wodify,1,8,6.149,0.10248333,HEALTH_AND_FITNESS,HEALTH_AND_FITNESS,LIFESTYLE_MANAGEMENT,HEALTH,HEALTH_AND_FITNESS,,
com.wombatapps.carbmanager,Carb Manager,1,7,13.575,0.22625,HEALTH_AND_FITNESS,HEALTH_AND_FITNESS,LIFESTYLE_MANAGEMENT,HEALTH,HEALTH_AND_FITNESS,,
com.wsl.noom,Noom,1,5813,22145.9069,369.098449,HEALTH_AND_FITNESS,HEALTH_AND_FITNESS,LIFESTYLE_MANAGEMENT,HEALTH,HEALTH_AND_FITNESS,,
com.xiaomi.hm.health,Zepp Life,1,35,0,0,HEALTH_AND_FITNESS,HEALTH_AND_FITNESS,LIFESTYLE_MANAGEMENT,HEALTH,HEALTH_AND_FITNESS,,
com.yc.gloryfit,GloryFit,1,80,2.441,0.04068333,HEALTH_AND_FITNESS,HEALTH_AND_FITNESS,LIFESTYLE_MANAGEMENT,HEALTH,HEALTH_AND_FITNESS,,
com.yf.smart.coros.dist,COROS,1,47,325.967,5.43278333,HEALTH_AND_FITNESS,HEALTH_AND_FITNESS,LIFESTYLE_MANAGEMENT,HEALTH,HEALTH_AND_FITNESS,,
com.yourbind.bindapp,Surest,1,7,188.977,3.14961667,HEALTH_AND_FITNESS,HEALTH_AND_FITNESS,LIFESTYLE_MANAGEMENT,HEALTH,HEALTH_AND_FITNESS,,
com.zenoti.nerolispa,Neroli,1,5,101.273,1.68788333,HEALTH_AND_FITNESS,HEALTH_AND_FITNESS,LIFESTYLE_MANAGEMENT,HEALTH,HEALTH_AND_FITNESS,,
com.zenplanner.memberapp,Zen Planner,1,44,291.698,4.86163333,HEALTH_AND_FITNESS,HEALTH_AND_FITNESS,LIFESTYLE_MANAGEMENT,HEALTH,HEALTH_AND_FITNESS,,
com.zerofasting.zero,Zero,1,9,0,0,HEALTH_AND_FITNESS,HEALTH_AND_FITNESS,LIFESTYLE_MANAGEMENT,HEALTH,HEALTH_AND_FITNESS,,
dental.beam.beamapp,Beam,1,20,144.468,2.4078,HEALTH_AND_FITNESS,FINANCE,PRODUCTIVITY_AND_BUSINESS,MONEY_MANAGEMENT,INSURANCE,,
edu.brown.ccv.soma,SOMA Pain Manager,1,178,816.709,13.6118167,HEALTH_AND_FITNESS,HEALTH_AND_FITNESS,LIFESTYLE_MANAGEMENT,HEALTH,HEALTH_AND_FITNESS,,
edu.pitt.shrs.useit,UseIt!,1,50,1290.872,21.5145333,HEALTH_AND_FITNESS,PRODUCTIVITY,PRODUCTIVITY_AND_BUSINESS,PRODUCTIVITY,RESEARCH,,
edu.ucsf.eureka,Eureka,1,76,27.308,0.45513333,HEALTH_AND_FITNESS,PRODUCTIVITY,PRODUCTIVITY_AND_BUSINESS,PRODUCTIVITY,RESEARCH,,
fitness.home.workout.weight.loss,JustFit,1,40,975.713,16.2618833,HEALTH_AND_FITNESS,HEALTH_AND_FITNESS,LIFESTYLE_MANAGEMENT,HEALTH,HEALTH_AND_FITNESS,,
forward.head.posture.text.neck,Text Neck,1,57,66.153,1.10255,HEALTH_AND_FITNESS,HEALTH_AND_FITNESS,LIFESTYLE_MANAGEMENT,HEALTH,HEALTH_AND_FITNESS,,
gov.nyc.hra.SelfService,ACCESS HRA,1,256,1458.45,24.3075,HEALTH_AND_FITNESS,HOUSE_AND_HOME,LIFESTYLE_MANAGEMENT,HOUSE_AND_HOME,COMMUNITY_AND_PUBLIC_SERVICES,,
gov.or.oregonone,Oregon ONE Mobile,1,167,1026.165,17.10275,HEALTH_AND_FITNESS,HOUSE_AND_HOME,LIFESTYLE_MANAGEMENT,HOUSE_AND_HOME,COMMUNITY_AND_PUBLIC_SERVICES,,
gov.usda.startsimple,Start Simple with MyPlate,1,98,115.025,1.91708333,HEALTH_AND_FITNESS,HEALTH_AND_FITNESS,LIFESTYLE_MANAGEMENT,HEALTH,HEALTH_AND_FITNESS,,
gov.wisconsin.dhs.accessmobile,MyACCESS,1,43,217.407,3.62345,HEALTH_AND_FITNESS,HOUSE_AND_HOME,LIFESTYLE_MANAGEMENT,HOUSE_AND_HOME,COMMUNITY_AND_PUBLIC_SERVICES,,
homeworkout.homeworkouts.noequipment,Home Workout,1,46,1.519,0.02531667,HEALTH_AND_FITNESS,HEALTH_AND_FITNESS,LIFESTYLE_MANAGEMENT,HEALTH,HEALTH_AND_FITNESS,,
ic.mobile.patientportal,Patient Portal,1,82,789.815996,13.1635999,HEALTH_AND_FITNESS,MEDICAL,LIFESTYLE_MANAGEMENT,HEALTH,MEDICAL,,
ie.zappy.fennec.oneapp_glofox,Glofox,1,27,68.726999,1.14544998,HEALTH_AND_FITNESS,HEALTH_AND_FITNESS,LIFESTYLE_MANAGEMENT,HEALTH,HEALTH_AND_FITNESS,,
in.sweatco.app,Sweatcoin,1,3154,441.072,7.3512,HEALTH_AND_FITNESS,BUSINESS,PRODUCTIVITY_AND_BUSINESS,MONEY_MAKING,QUICK_CASH,HEALTH_AND_FITNESS,
net.relaxio.babysleep,Baby Sleep,1,854,2330.198,38.8366333,HEALTH_AND_FITNESS,PARENTING,LIFESTYLE_MANAGEMENT,PARENTING,PARENTING,,
nl.appyhapps.healthsync,Health Sync,1,13,15.979,0.26631667,HEALTH_AND_FITNESS,HEALTH_AND_FITNESS,LIFESTYLE_MANAGEMENT,HEALTH,HEALTH_AND_FITNESS,,
org.femmhealth.femm,FEMM,1,32,0,0,HEALTH_AND_FITNESS,HEALTH_AND_FITNESS,LIFESTYLE_MANAGEMENT,HEALTH,HEALTH_AND_FITNESS,,
org.iggymedia.periodtracker,Flo,1,719,1157.466,19.2911,HEALTH_AND_FITNESS,HEALTH_AND_FITNESS,LIFESTYLE_MANAGEMENT,HEALTH,HEALTH_AND_FITNESS,,
org.kp.m,KP,1,2212,9530.40394,158.840066,HEALTH_AND_FITNESS,MEDICAL,LIFESTYLE_MANAGEMENT,HEALTH,MEDICAL,,
org.twisevictory.apps,The Wonder Weeks,1,334,782.596999,13.0432833,HEALTH_AND_FITNESS,PARENTING,LIFESTYLE_MANAGEMENT,PARENTING,PARENTING,,
relax.sleep.relaxation.sleepingsounds,Sleep Sounds,1,574,1029.05,17.1508333,HEALTH_AND_FITNESS,MUSIC_AND_AUDIO,ARTS_AND_LEISURE,MUSIC_AND_AUDIO,MUSIC_AND_AUDIO,,
sworkitapp.sworkit.com,"Sworkit, sworkitapp.sworkit.com",2,23,51.378,0.8563,HEALTH_AND_FITNESS,HEALTH_AND_FITNESS,LIFESTYLE_MANAGEMENT,HEALTH,HEALTH_AND_FITNESS,,
com.allegion.leopard,SchlageHome,1,539,52.458,0.8743,HOUSE_AND_HOME,HOUSE_AND_HOME,LIFESTYLE_MANAGEMENT,HOUSE_AND_HOME,HOUSE_AND_HOME,,
com.apartmentlist.mobile,Apartment List,1,170,803.694999,13.3949167,HOUSE_AND_HOME,HOUSE_AND_HOME,LIFESTYLE_MANAGEMENT,HOUSE_AND_HOME,REAL_ESTATE,,
com.apartments.mobile.android,Apartments,1,22,639.225,10.65375,HOUSE_AND_HOME,HOUSE_AND_HOME,LIFESTYLE_MANAGEMENT,HOUSE_AND_HOME,REAL_ESTATE,,
com.appfolio.resident_portal,AppFolio Portal,1,39,907.872994,15.1312166,HOUSE_AND_HOME,HOUSE_AND_HOME,LIFESTYLE_MANAGEMENT,HOUSE_AND_HOME,REAL_ESTATE,,
com.compass.compass,Compass,1,20,333.062,5.55103333,HOUSE_AND_HOME,PRODUCTIVITY,PRODUCTIVITY_AND_BUSINESS,PRODUCTIVITY,PRODUCTIVITY,,
com.ecobee.athenamobile,ecobee,1,3544,12995.958,216.5993,HOUSE_AND_HOME,HOUSE_AND_HOME,LIFESTYLE_MANAGEMENT,HOUSE_AND_HOME,HOUSE_AND_HOME,,
com.flume_inc.flume,Flume,1,11,53.372,0.88953333,HOUSE_AND_HOME,HOUSE_AND_HOME,LIFESTYLE_MANAGEMENT,HOUSE_AND_HOME,HOUSE_AND_HOME,,
com.getnotion.android,Notion,1,150,9.833,0.16388333,HOUSE_AND_HOME,HOUSE_AND_HOME,LIFESTYLE_MANAGEMENT,HOUSE_AND_HOME,HOUSE_AND_HOME,,
com.hotpads.mobile,HotPads,1,419,2833.629,47.22715,HOUSE_AND_HOME,HOUSE_AND_HOME,LIFESTYLE_MANAGEMENT,HOUSE_AND_HOME,REAL_ESTATE,,
com.houzz.app,Houzz,1,72,108.839,1.81398333,HOUSE_AND_HOME,HOUSE_AND_HOME,LIFESTYLE_MANAGEMENT,HOUSE_AND_HOME,REAL_ESTATE,,
com.hubzu.android,Hubzu,1,32,571.382,9.52303333,HOUSE_AND_HOME,HOUSE_AND_HOME,LIFESTYLE_MANAGEMENT,HOUSE_AND_HOME,REAL_ESTATE,,
com.move.realtor,realtor.com,1,417,3428.895,57.1482499,HOUSE_AND_HOME,HOUSE_AND_HOME,LIFESTYLE_MANAGEMENT,HOUSE_AND_HOME,REAL_ESTATE,,
com.purascents.android,Pura,1,85,2277.25899,37.9543166,HOUSE_AND_HOME,HOUSE_AND_HOME,LIFESTYLE_MANAGEMENT,HOUSE_AND_HOME,HOUSE_AND_HOME,SHOPPING,
com.rachio.iro,Rachio,1,349,728.068995,12.1344833,HOUSE_AND_HOME,HOUSE_AND_HOME,LIFESTYLE_MANAGEMENT,HOUSE_AND_HOME,HOUSE_AND_HOME,,
com.redfin.android,"Redfin, com.redfin.android",2,1524,11114.8,185.246667,HOUSE_AND_HOME,HOUSE_AND_HOME,LIFESTYLE_MANAGEMENT,HOUSE_AND_HOME,REAL_ESTATE,,
com.rheem.econetconsumerandroid,EcoNet,1,766,2829.796,47.1632666,HOUSE_AND_HOME,HOUSE_AND_HOME,LIFESTYLE_MANAGEMENT,HOUSE_AND_HOME,HOUSE_AND_HOME,,
com.sav.tenantcloud,TenantCloud Pro,1,46,563.416,9.39026667,HOUSE_AND_HOME,HOUSE_AND_HOME,LIFESTYLE_MANAGEMENT,HOUSE_AND_HOME,REAL_ESTATE,,
com.stromming.planta,"Planta, com.stromming.planta",2,84,730.406998,12.17345,HOUSE_AND_HOME,BOOKS_AND_REFERENCE,KNOWLEDGE_AND_INFORMATION,KNOWLEDGE_SEEKING,REFERENCE,,
com.taskrabbit.droid.consumer,"TaskRabbit, Taskrabbit",2,56,1030.538,17.1756333,HOUSE_AND_HOME,HOUSE_AND_HOME,LIFESTYLE_MANAGEMENT,HOUSE_AND_HOME,HOUSE_AND_HOME,,
com.thumbtack.consumer,Thumbtack,1,94,26.548,0.44246667,HOUSE_AND_HOME,HOUSE_AND_HOME,LIFESTYLE_MANAGEMENT,HOUSE_AND_HOME,HOUSE_AND_HOME,,
com.zillow.android.streeteasy,StreetEasy,1,5115,32784.837,546.41395,HOUSE_AND_HOME,HOUSE_AND_HOME,LIFESTYLE_MANAGEMENT,HOUSE_AND_HOME,REAL_ESTATE,,
com.zillow.android.zillowmap,"Zillow, com.zillow.android.zillowmap",2,4825,46187.9339,769.798898,HOUSE_AND_HOME,HOUSE_AND_HOME,LIFESTYLE_MANAGEMENT,HOUSE_AND_HOME,REAL_ESTATE,,
io.afero.partner.hubspace,Hubspace,1,48,161.551,2.69251667,HOUSE_AND_HOME,HOUSE_AND_HOME,LIFESTYLE_MANAGEMENT,HOUSE_AND_HOME,HOUSE_AND_HOME,,
io.homeassistant.companion.android,Home Assistant,1,41,0,0,HOUSE_AND_HOME,HOUSE_AND_HOME,LIFESTYLE_MANAGEMENT,HOUSE_AND_HOME,HOUSE_AND_HOME,,
tech.brilliant.brilliant,Brilliant,1,76,246.885999,4.11476665,HOUSE_AND_HOME,HOUSE_AND_HOME,LIFESTYLE_MANAGEMENT,HOUSE_AND_HOME,HOUSE_AND_HOME,,
agency.blueyonder.alertya,AlertYa,1,27,6.131,0.10218333,LIFESTYLE,PRODUCTIVITY,PRODUCTIVITY_AND_BUSINESS,PRODUCTIVITY,RESEARCH,,
ca.bintec.meescan.c84038180,GFP_ Mobile Checkout,1,49,79.547,1.32578333,LIFESTYLE,HOUSE_AND_HOME,LIFESTYLE_MANAGEMENT,HOUSE_AND_HOME,COMMUNITY_AND_PUBLIC_SERVICES,,
cashgiraffe.app,Cash Giraffe,1,148,1335.036,22.2506,LIFESTYLE,BUSINESS,PRODUCTIVITY_AND_BUSINESS,MONEY_MAKING,QUICK_CASH,,
co.producttube,ProductTube,1,169,0,0,LIFESTYLE,BUSINESS,PRODUCTIVITY_AND_BUSINESS,MONEY_MAKING,QUICK_CASH,,
com.aaa.android.discounts,AAA,1,17,122.478,2.0413,LIFESTYLE,FINANCE,PRODUCTIVITY_AND_BUSINESS,MONEY_MANAGEMENT,INSURANCE,,
com.actolap.explore,Explore.org,1,11,36.815,0.61358333,LIFESTYLE,ENTERTAINMENT,ARTS_AND_LEISURE,ENTERTAINMENT,ENTERTAINMENT,,
com.adt.adtcontrolalarm,Control,1,221,435.211,7.25351667,LIFESTYLE,HOUSE_AND_HOME,LIFESTYLE_MANAGEMENT,HOUSE_AND_HOME,HOUSE_AND_HOME,,
com.adt.adtplus.prod,ADT+,1,307,559.713,9.32855,LIFESTYLE,HOUSE_AND_HOME,LIFESTYLE_MANAGEMENT,HOUSE_AND_HOME,HOUSE_AND_HOME,,
com.airtel.africa.selfcare,My Airtel,1,345,1610.326,26.8387667,LIFESTYLE,FINANCE,PRODUCTIVITY_AND_BUSINESS,MONEY_MANAGEMENT,FINANCE,,
com.amazon.dee.app,"Amazon Alexa, com.amazon.dee.app",2,2722,31899.988,531.666467,LIFESTYLE,HOUSE_AND_HOME,LIFESTYLE_MANAGEMENT,HOUSE_AND_HOME,HOUSE_AND_HOME,,
com.ants360.yicamera.international,YI Home,1,1453,2588.395,43.1399167,LIFESTYLE,HOUSE_AND_HOME,LIFESTYLE_MANAGEMENT,HOUSE_AND_HOME,HOUSE_AND_HOME,,
com.arlo.app,Arlo Secure,1,2022,973.165993,16.2194332,LIFESTYLE,HOUSE_AND_HOME,LIFESTYLE_MANAGEMENT,HOUSE_AND_HOME,HOUSE_AND_HOME,,
com.asynchrony.emerson.sensi,Sensi,1,10,4.738,0.07896667,LIFESTYLE,HOUSE_AND_HOME,LIFESTYLE_MANAGEMENT,HOUSE_AND_HOME,HOUSE_AND_HOME,,
com.athan,Athan,1,336,4.261,0.07101667,LIFESTYLE,BOOKS_AND_REFERENCE,ARTS_AND_LEISURE,READING,READING,,
com.august.bennu,Yale Access,1,10,8.701,0.14501667,LIFESTYLE,EDUCATION,KNOWLEDGE_AND_INFORMATION,KNOWLEDGE_SEEKING,LEARNING,,
com.baf.i6,Big Ass Fans,1,183,419.883996,6.9980666,LIFESTYLE,HOUSE_AND_HOME,LIFESTYLE_MANAGEMENT,HOUSE_AND_HOME,HOUSE_AND_HOME,SHOPPING,
com.bemyeyes.bemyeyes,Be My Eyes,1,7,0,0,LIFESTYLE,HOUSE_AND_HOME,LIFESTYLE_MANAGEMENT,HOUSE_AND_HOME,COMMUNITY_AND_PUBLIC_SERVICES,,
com.biloholdings.mywinndixie.prod,Winn-Dixie,1,36,224.759,3.74598333,LIFESTYLE,SHOPPING,LIFESTYLE_MANAGEMENT,SHOPPING,SHOPPING,,
com.brinker.chilis,Chili's,1,37,72.188,1.20313333,LIFESTYLE,FOOD_AND_DRINK,LIFESTYLE_MANAGEMENT,SHOPPING,FOOD_AND_DRINK,,
com.care.android.careview.providerapp,Caregiver,1,367,1510.769,25.1794833,LIFESTYLE,BUSINESS,PRODUCTIVITY_AND_BUSINESS,MONEY_MAKING,WORK,,
com.chamberlain.android.liftmaster.myq,myQ,1,3428,6455.60998,107.5935,LIFESTYLE,HOUSE_AND_HOME,LIFESTYLE_MANAGEMENT,HOUSE_AND_HOME,HOUSE_AND_HOME,,
com.compassion.compassion,Compassion,1,96,923.846997,15.39745,LIFESTYLE,HOUSE_AND_HOME,LIFESTYLE_MANAGEMENT,HOUSE_AND_HOME,COMMUNITY_AND_PUBLIC_SERVICES,,
com.costarastrology,Co ‚Äö√Ñ√Æ Star,1,1735,1333.785,22.22975,LIFESTYLE,ENTERTAINMENT,ARTS_AND_LEISURE,ENTERTAINMENT,ENTERTAINMENT,,
com.cricut.designspace,Cricut Design Space,1,84,894.406998,14.9067833,LIFESTYLE,ENTERTAINMENT,ARTS_AND_LEISURE,ENTERTAINMENT,ENTERTAINMENT,,
com.cumberlandfarms.mobile,SmartPay,1,29,759.169,12.6528167,LIFESTYLE,FINANCE,PRODUCTIVITY_AND_BUSINESS,MONEY_MANAGEMENT,FINANCE,,
com.dawateislami.namaz,PrayerTimes,1,58,0,0,LIFESTYLE,BOOKS_AND_REFERENCE,ARTS_AND_LEISURE,READING,READING,,
com.despdev.quitzilla,Quitzilla,1,106,0,0,LIFESTYLE,HEALTH_AND_FITNESS,LIFESTYLE_MANAGEMENT,HEALTH,HEALTH_AND_FITNESS,,
com.discovery.petfinder,Petfinder,1,662,26058.144,434.3024,LIFESTYLE,SHOPPING,LIFESTYLE_MANAGEMENT,SHOPPING,SHOPPING,,
com.dtop_mobile,CESCO Digital,1,19,0.967,0.01611667,LIFESTYLE,AUTO_AND_VEHICLES,LIFESTYLE_MANAGEMENT,HOUSE_AND_HOME,AUTO_AND_VEHICLES,,
com.dyson.mobile.android,My√î¬™√∏Dyson,1,8,3.402,0.0567,LIFESTYLE,HOUSE_AND_HOME,LIFESTYLE_MANAGEMENT,HOUSE_AND_HOME,HOUSE_AND_HOME,,
com.eero.android,eero,1,39,127.002,2.1167,LIFESTYLE,HOUSE_AND_HOME,LIFESTYLE_MANAGEMENT,HOUSE_AND_HOME,HOUSE_AND_HOME,,
com.emporiaenergy.emporos.v2,Emporia Energy,1,205,1120.905,18.68175,LIFESTYLE,HOUSE_AND_HOME,LIFESTYLE_MANAGEMENT,HOUSE_AND_HOME,HOUSE_AND_HOME,,
com.etekcity.vesyncplatform,VeSync,1,146,1661.368,27.6894667,LIFESTYLE,HOUSE_AND_HOME,LIFESTYLE_MANAGEMENT,HOUSE_AND_HOME,HOUSE_AND_HOME,,
com.eufylife.smarthome,eufy Clean,1,443,1306.94,21.7823333,LIFESTYLE,HOUSE_AND_HOME,LIFESTYLE_MANAGEMENT,HOUSE_AND_HOME,HOUSE_AND_HOME,,
com.excentus.frn.android,Fuel Rewards,1,1365,637.838,10.6306333,LIFESTYLE,SHOPPING,LIFESTYLE_MANAGEMENT,SHOPPING,SHOPPING,,
com.familywall,FamilyWall,1,344,2300.472,38.3412,LIFESTYLE,PARENTING,LIFESTYLE_MANAGEMENT,PARENTING,PARENTING,,
com.fivesurveys.mobile,Five Surveys,1,4,5.111,0.08518333,LIFESTYLE,BUSINESS,PRODUCTIVITY_AND_BUSINESS,MONEY_MAKING,QUICK_CASH,,
com.fmgf.free,Find Me GF,1,317,2810.60299,46.8433831,LIFESTYLE,DATING,SOCIAL,BROADCAST_SOCIAL,DATING,,
com.ford.fordpass,FordPass,1,825,4705.33599,78.4222665,LIFESTYLE,AUTO_AND_VEHICLES,LIFESTYLE_MANAGEMENT,HOUSE_AND_HOME,AUTO_AND_VEHICLES,,
com.fossil.wearables.fossil,Fossil Smartwatches,1,29,94.823,1.58038333,LIFESTYLE,HEALTH_AND_FITNESS,LIFESTYLE_MANAGEMENT,HEALTH,HEALTH_AND_FITNESS,,
com.geozilla.family,GeoZilla,1,3100,504.277994,8.40463323,LIFESTYLE,HOUSE_AND_HOME,LIFESTYLE_MANAGEMENT,HOUSE_AND_HOME,DEVICE_TRACKING,,
com.getmobee,com.getmobee,1,21,229.338997,3.82231662,LIFESTYLE,BUSINESS,PRODUCTIVITY_AND_BUSINESS,MONEY_MAKING,WORK,SHOPPING,
com.getperka.android,Clover,1,59,182.265,3.03775,LIFESTYLE,SHOPPING,LIFESTYLE_MANAGEMENT,SHOPPING,SHOPPING,,
com.gm.chevrolet.nomad.ownership,myChevrolet,1,20,45.603,0.76005,LIFESTYLE,AUTO_AND_VEHICLES,LIFESTYLE_MANAGEMENT,HOUSE_AND_HOME,AUTO_AND_VEHICLES,,
com.google.android.apps.chromecast.app,"Home, com.google.android.apps.chromecast.app",2,36514,55987.3788,933.12298,LIFESTYLE,HOUSE_AND_HOME,LIFESTYLE_MANAGEMENT,HOUSE_AND_HOME,HOUSE_AND_HOME,,
com.gosund.smart,Gosund,1,10,28.735,0.47891667,LIFESTYLE,HOUSE_AND_HOME,LIFESTYLE_MANAGEMENT,HOUSE_AND_HOME,HOUSE_AND_HOME,,
com.gratsy.gratsyv4,Gratsy,1,36,0,0,LIFESTYLE,BUSINESS,PRODUCTIVITY_AND_BUSINESS,MONEY_MAKING,WORK,SHOPPING,
com.handson.h2o.az2014,AstrologyZone,1,26,79.705,1.32841667,LIFESTYLE,ENTERTAINMENT,ARTS_AND_LEISURE,ENTERTAINMENT,ENTERTAINMENT,,
com.hantor.CozyMag,Magnifier & Microscope,1,7,146.393,2.43988333,LIFESTYLE,PRODUCTIVITY,PRODUCTIVITY_AND_BUSINESS,PRODUCTIVITY,PRODUCTIVITY,,
com.hatchbaby.rest,Hatch Sleep,1,3357,12823.722,213.7287,LIFESTYLE,HEALTH_AND_FITNESS,LIFESTYLE_MANAGEMENT,HEALTH,HEALTH_AND_FITNESS,,
com.hip.coupleapp,com.hip.coupleapp,1,64,0,0,LIFESTYLE,DATING,SOCIAL,BROADCAST_SOCIAL,DATING,,
com.hm.goe,H&M,1,1210,5606.504,93.4417333,LIFESTYLE,SHOPPING,LIFESTYLE_MANAGEMENT,SHOPPING,SHOPPING,,
com.homechef.android,Home Chef,1,51,545.380994,9.08968323,LIFESTYLE,FOOD_AND_DRINK,LIFESTYLE_MANAGEMENT,SHOPPING,FOOD_AND_DRINK,,
com.honeywell.android.lyric,Resideo,1,351,1199.61299,19.9935499,LIFESTYLE,HOUSE_AND_HOME,LIFESTYLE_MANAGEMENT,HOUSE_AND_HOME,HOUSE_AND_HOME,,
com.honeywell.mobile.android.totalComfort,TCC,1,298,343.401,5.72335,LIFESTYLE,HOUSE_AND_HOME,LIFESTYLE_MANAGEMENT,HOUSE_AND_HOME,HOUSE_AND_HOME,,
com.hualai,Wyze,1,10708,167071.394,2784.52323,LIFESTYLE,HOUSE_AND_HOME,LIFESTYLE_MANAGEMENT,HOUSE_AND_HOME,HOUSE_AND_HOME,,
com.hunterdouglas.powerview,PowerView,1,127,378.215997,6.30359995,LIFESTYLE,HOUSE_AND_HOME,LIFESTYLE_MANAGEMENT,HOUSE_AND_HOME,HOUSE_AND_HOME,,
com.irobot.home,"com.irobot.home, iRobot",2,1173,4381.33898,73.0223164,LIFESTYLE,HOUSE_AND_HOME,LIFESTYLE_MANAGEMENT,HOUSE_AND_HOME,HOUSE_AND_HOME,,
com.irononetech.ots,QualMobile,1,279,2702.628,45.0438,LIFESTYLE,PRODUCTIVITY,PRODUCTIVITY_AND_BUSINESS,PRODUCTIVITY,RESEARCH,,
com.kwiktrip,Kwik Rewards,1,354,1169.961,19.49935,LIFESTYLE,SHOPPING,LIFESTYLE_MANAGEMENT,SHOPPING,SHOPPING,,
com.lgeha.nuts,LG ThinQ,1,2644,4788.193,79.8032166,LIFESTYLE,HOUSE_AND_HOME,LIFESTYLE_MANAGEMENT,HOUSE_AND_HOME,HOUSE_AND_HOME,,
com.life360.android.safetymapd,Life360,1,67004,8897.93695,148.298949,LIFESTYLE,HOUSE_AND_HOME,LIFESTYLE_MANAGEMENT,HOUSE_AND_HOME,DEVICE_TRACKING,,
com.locai.petpartner,PetDesk,1,24,92.497998,1.5416333,LIFESTYLE,MEDICAL,LIFESTYLE_MANAGEMENT,HEALTH,MEDICAL,,
com.logans.app,Logan's Rewards,1,4,68.462,1.14103333,LIFESTYLE,FOOD_AND_DRINK,LIFESTYLE_MANAGEMENT,SHOPPING,FOOD_AND_DRINK,,
com.lutron.mmw,Lutron,1,34,16.776999,0.27961665,LIFESTYLE,HOUSE_AND_HOME,LIFESTYLE_MANAGEMENT,HOUSE_AND_HOME,HOUSE_AND_HOME,,
com.michaels.michaelsstores,Michaels,1,145,802.496998,13.37495,LIFESTYLE,SHOPPING,LIFESTYLE_MANAGEMENT,SHOPPING,SHOPPING,,
com.ministrycentered.churchcenter,Church Center,1,264,5048.31399,84.1385665,LIFESTYLE,HOUSE_AND_HOME,LIFESTYLE_MANAGEMENT,HOUSE_AND_HOME,COMMUNITY_AND_PUBLIC_SERVICES,,
com.mm.android.DMSS,DMSS,1,1996,25494.671,424.911183,LIFESTYLE,HOUSE_AND_HOME,LIFESTYLE_MANAGEMENT,HOUSE_AND_HOME,HOUSE_AND_HOME,,
com.modernmsg.communityrewards,Rewards,1,47,1.25,0.02083333,LIFESTYLE,BUSINESS,PRODUCTIVITY_AND_BUSINESS,MONEY_MAKING,QUICK_CASH,,
com.myregistry,MyRegistry,1,8,103.214,1.72023333,LIFESTYLE,PRODUCTIVITY,PRODUCTIVITY_AND_BUSINESS,PRODUCTIVITY,PRODUCTIVITY,SHOPPING,
com.nest.android,Nest,1,6642,12796.4259,213.273765,LIFESTYLE,HOUSE_AND_HOME,LIFESTYLE_MANAGEMENT,HOUSE_AND_HOME,HOUSE_AND_HOME,,
com.nextdoor,"Nextdoor, com.nextdoor",2,13725,64284.386,1071.40643,LIFESTYLE,SOCIAL,SOCIAL,BROADCAST_SOCIAL,SOCIAL_MEDIA,,
com.nokia.wifi,Nokia WiFi,1,19,161.363,2.68938333,LIFESTYLE,HOUSE_AND_HOME,LIFESTYLE_MANAGEMENT,HOUSE_AND_HOME,HOUSE_AND_HOME,,
com.northstar.gratitude,"Gratitude, com.northstar.gratitude",2,518,2670.478,44.5079667,LIFESTYLE,HEALTH_AND_FITNESS,LIFESTYLE_MANAGEMENT,HEALTH,MEDITATION,,
com.oceanwing.battery.cam,"EufySecurity, com.oceanwing.battery.cam, eufy Security",3,10814,7242.88693,120.714782,LIFESTYLE,HOUSE_AND_HOME,LIFESTYLE_MANAGEMENT,HOUSE_AND_HOME,HOUSE_AND_HOME,,
com.olo.cousins,Cousins Subs,1,29,0,0,LIFESTYLE,FOOD_AND_DRINK,LIFESTYLE_MANAGEMENT,SHOPPING,FOOD_AND_DRINK,,
com.pacesettertechnology.android.golfer.washingtonathleticclub,WAC,1,9,0,0,LIFESTYLE,HEALTH_AND_FITNESS,LIFESTYLE_MANAGEMENT,HEALTH,HEALTH_AND_FITNESS,,
com.paperless.paperlesspost,PaperlessPost,1,245,5027.7,83.795,LIFESTYLE,EVENTS,ARTS_AND_LEISURE,ENTERTAINMENT,EVENTS,,
com.philips.lighting.hue2,Hue,1,71,764.323,12.7387167,LIFESTYLE,HOUSE_AND_HOME,LIFESTYLE_MANAGEMENT,HOUSE_AND_HOME,HOUSE_AND_HOME,,
com.pinterest,"Pinterest, com.pinterest",2,6794,139996.204,2333.27007,LIFESTYLE,ENTERTAINMENT,ARTS_AND_LEISURE,ENTERTAINMENT,ENTERTAINMENT,SOCIAL_MEDIA,
com.pluto.news,Pluto,1,12,11.357,0.18928333,LIFESTYLE,NEWS_AND_MAGAZINES,KNOWLEDGE_AND_INFORMATION,KNOWLEDGE_SEEKING,NEWS,ENTERTAINMENT,
com.prodege.swagbucksmobile,Swagbucks,1,730,2429.363,40.4893833,LIFESTYLE,BUSINESS,PRODUCTIVITY_AND_BUSINESS,MONEY_MAKING,QUICK_CASH,,
com.productreportcard.app,Product Report Card,1,102,165.800998,2.76334997,LIFESTYLE,BUSINESS,PRODUCTIVITY_AND_BUSINESS,MONEY_MAKING,QUICK_CASH,,
com.psi.residentportal,ResidentPortal,1,28,4.217,0.07028333,LIFESTYLE,HOUSE_AND_HOME,LIFESTYLE_MANAGEMENT,HOUSE_AND_HOME,HOUSE_AND_HOME,,
com.publix.main,Publix,1,295,909.671999,15.1612,LIFESTYLE,SHOPPING,LIFESTYLE_MANAGEMENT,SHOPPING,SHOPPING,,
com.pulselabs.panelapp,"Pulse Voices, PulseLabs",2,52,0.373,0.00621667,LIFESTYLE,PRODUCTIVITY,PRODUCTIVITY_AND_BUSINESS,PRODUCTIVITY,RESEARCH,,
com.punchh.caferio,"Cafe Rio, com.punchh.caferio",2,51,171.871,2.86451667,LIFESTYLE,FOOD_AND_DRINK,LIFESTYLE_MANAGEMENT,SHOPPING,FOOD_AND_DRINK,,
com.punchh.moes,Moes,1,75,168.097,2.80161667,LIFESTYLE,FOOD_AND_DRINK,LIFESTYLE_MANAGEMENT,SHOPPING,FOOD_AND_DRINK,,
com.qmee.mobile,Qmee,1,177,21537.581,358.959683,LIFESTYLE,BUSINESS,PRODUCTIVITY_AND_BUSINESS,MONEY_MAKING,QUICK_CASH,,
com.ravemobilesafety.mysmart911,Smart911,1,24,29.850999,0.49751665,LIFESTYLE,HOUSE_AND_HOME,LIFESTYLE_MANAGEMENT,HOUSE_AND_HOME,COMMUNITY_AND_PUBLIC_SERVICES,,
com.ringapp,Ring,1,45918,76579.5039,1276.32507,LIFESTYLE,HOUSE_AND_HOME,LIFESTYLE_MANAGEMENT,HOUSE_AND_HOME,HOUSE_AND_HOME,,
com.rinse,Rinse,1,16,303.635,5.06058333,LIFESTYLE,SHOPPING,LIFESTYLE_MANAGEMENT,SHOPPING,SHOPPING,,
com.rjrt.NewPort,NP$,1,8,160.967,2.68278333,LIFESTYLE,SHOPPING,LIFESTYLE_MANAGEMENT,SHOPPING,SHOPPING,,
com.roborock.smart,Roborock,1,26,384.379,6.40631667,LIFESTYLE,HOUSE_AND_HOME,LIFESTYLE_MANAGEMENT,HOUSE_AND_HOME,HOUSE_AND_HOME,,
com.safaricom.mysafaricom,MySafaricom,1,17,0,0,LIFESTYLE,PRODUCTIVITY,KNOWLEDGE_AND_INFORMATION,INFORMATION_SEEKING,BROWSER,,
com.safeway.client.android.vons,Vons,1,15,73.953,1.23255,LIFESTYLE,SHOPPING,LIFESTYLE_MANAGEMENT,SHOPPING,SHOPPING,,
com.samsung.android.oneconnect,"SmartThings, com.samsung.android.oneconnect",2,6552,5839.36499,97.3227498,LIFESTYLE,HOUSE_AND_HOME,LIFESTYLE_MANAGEMENT,HOUSE_AND_HOME,HOUSE_AND_HOME,,
com.samsung.android.samsungpay.gear,Watch plug-in,1,678,10.26,0.171,LIFESTYLE,FINANCE,PRODUCTIVITY_AND_BUSINESS,MONEY_MANAGEMENT,FINANCE,,
com.samsung.android.spay,"Samsung Pay, Samsung Wallet, com.samsung.android.spay",3,2636,4525.071,75.41785,LIFESTYLE,FINANCE,PRODUCTIVITY_AND_BUSINESS,MONEY_MANAGEMENT,FINANCE,,
com.samsung.familyhub,Family Hub,1,95,334.16,5.56933333,LIFESTYLE,HOUSE_AND_HOME,LIFESTYLE_MANAGEMENT,HOUSE_AND_HOME,HOUSE_AND_HOME,,
com.seacloud.familydaily,Family Daily,1,35,351.135,5.85225,LIFESTYLE,PARENTING,LIFESTYLE_MANAGEMENT,PARENTING,PARENTING,PRODUCTIVITY,
com.sharkninja.shark,Shark Clean,1,250,1065.24299,17.7540498,LIFESTYLE,HOUSE_AND_HOME,LIFESTYLE_MANAGEMENT,HOUSE_AND_HOME,HOUSE_AND_HOME,,
com.simpaltek.nexxhome,Nexx,1,96,145.401,2.42335,LIFESTYLE,HOUSE_AND_HOME,LIFESTYLE_MANAGEMENT,HOUSE_AND_HOME,HOUSE_AND_HOME,,
com.simplisafe.mobile,SimpliSafe,1,139,227.697998,3.79496663,LIFESTYLE,HOUSE_AND_HOME,LIFESTYLE_MANAGEMENT,HOUSE_AND_HOME,HOUSE_AND_HOME,,
com.snapfinger.mobile.mcalisters,McAlisters,1,21,1.331,0.02218333,LIFESTYLE,FOOD_AND_DRINK,LIFESTYLE_MANAGEMENT,SHOPPING,FOOD_AND_DRINK,,
com.sotg.surveys,Surveys,1,3071,12157.675,202.627916,LIFESTYLE,BUSINESS,PRODUCTIVITY_AND_BUSINESS,MONEY_MAKING,QUICK_CASH,,
com.springbig.zenLeaf,Zenleaf,1,16,60.368,1.00613333,LIFESTYLE,SHOPPING,LIFESTYLE_MANAGEMENT,SHOPPING,SHOPPING,,
com.subsplashconsulting.s_JM2GKM,NCC,1,29,314.638,5.24396667,LIFESTYLE,HOUSE_AND_HOME,LIFESTYLE_MANAGEMENT,HOUSE_AND_HOME,COMMUNITY_AND_PUBLIC_SERVICES,,
com.substack.app,Substack,1,227,1203.286,20.0547667,LIFESTYLE,SOCIAL,SOCIAL,BROADCAST_SOCIAL,SOCIAL_MEDIA,READING,
com.surveymonkey.rewards,SurveyMonkey Rewards,1,94,93.792994,1.56321657,LIFESTYLE,BUSINESS,PRODUCTIVITY_AND_BUSINESS,MONEY_MAKING,QUICK_CASH,,
com.survjun,Survey Junkie,1,24996,661236.974,11020.6162,LIFESTYLE,BUSINESS,PRODUCTIVITY_AND_BUSINESS,MONEY_MAKING,QUICK_CASH,,
com.teslamotors.tesla,Tesla,1,3706,6163.06498,102.71775,LIFESTYLE,AUTO_AND_VEHICLES,LIFESTYLE_MANAGEMENT,HOUSE_AND_HOME,AUTO_AND_VEHICLES,,
com.thepattern.app,The Pattern,1,112,222.152,3.70253333,LIFESTYLE,ENTERTAINMENT,ARTS_AND_LEISURE,ENTERTAINMENT,ENTERTAINMENT,SOCIAL_MEDIA,
com.thetileapp.tile,"Tile, com.thetileapp.tile",2,651,2490.20598,41.5034331,LIFESTYLE,HOUSE_AND_HOME,LIFESTYLE_MANAGEMENT,HOUSE_AND_HOME,DEVICE_TRACKING,,
com.tmobile.tuesdays,"T Life, Tuesdays",2,669,3177.4,52.9566666,LIFESTYLE,HOUSE_AND_HOME,LIFESTYLE_MANAGEMENT,HOUSE_AND_HOME,HOUSE_AND_HOME,,
com.tplink.iot,Tapo,1,5163,21008.064,350.1344,LIFESTYLE,HOUSE_AND_HOME,LIFESTYLE_MANAGEMENT,HOUSE_AND_HOME,HOUSE_AND_HOME,,
com.tplink.kasa_android,Kasa,1,2198,92603.37,1543.3895,LIFESTYLE,HOUSE_AND_HOME,LIFESTYLE_MANAGEMENT,HOUSE_AND_HOME,HOUSE_AND_HOME,,
com.tuya.smartlife,Smart Life,1,165,447.309,7.45515,LIFESTYLE,HOUSE_AND_HOME,LIFESTYLE_MANAGEMENT,HOUSE_AND_HOME,HOUSE_AND_HOME,,
com.urbandroid.sleep,Sleep,1,1015,3394.26496,56.5710826,LIFESTYLE,HEALTH_AND_FITNESS,LIFESTYLE_MANAGEMENT,HEALTH,HEALTH_AND_FITNESS,HOUSE_AND_HOME,
com.vokal.dscout,"com.vokal.dscout, dscout",2,5127,16941.6269,282.360448,LIFESTYLE,BUSINESS,PRODUCTIVITY_AND_BUSINESS,MONEY_MAKING,QUICK_CASH,,
com.watchmegrow,WatchMeGrow,1,23,221.252,3.68753333,LIFESTYLE,PARENTING,LIFESTYLE_MANAGEMENT,PARENTING,PARENTING,PARENT_CHILD_COMMUNICATION,
com.xiaomi.smarthome,"Mi Home, Xiaomi Home",2,122,531.354,8.8559,LIFESTYLE,HOUSE_AND_HOME,LIFESTYLE_MANAGEMENT,HOUSE_AND_HOME,HOUSE_AND_HOME,,
com.zengge.wifi,"Magic Home, com.zengge.wifi",2,101,93.753,1.56255,LIFESTYLE,HOUSE_AND_HOME,LIFESTYLE_MANAGEMENT,HOUSE_AND_HOME,HOUSE_AND_HOME,,
com.zmodo,Zmodo,1,5136,3117.181,51.9530167,LIFESTYLE,HOUSE_AND_HOME,LIFESTYLE_MANAGEMENT,HOUSE_AND_HOME,HOUSE_AND_HOME,,
connectiq.miles.app,Miles,1,2026,324.586,5.40976667,LIFESTYLE,FINANCE,PRODUCTIVITY_AND_BUSINESS,MONEY_MANAGEMENT,FINANCE,TRAVEL,
me.afewthings,Delightful,1,102,3.901,0.06501667,LIFESTYLE,HEALTH_AND_FITNESS,LIFESTYLE_MANAGEMENT,HEALTH,HEALTH_AND_FITNESS,,
net.ajcloud.wansviewplus,Wansview Cloud,1,303,1513.011,25.21685,LIFESTYLE,HOUSE_AND_HOME,LIFESTYLE_MANAGEMENT,HOUSE_AND_HOME,HOUSE_AND_HOME,,
no.klokkprojects.driveelectricfortesla,DRIVE Electric For Tesla,1,22,177.973999,2.96623332,LIFESTYLE,AUTO_AND_VEHICLES,LIFESTYLE_MANAGEMENT,HOUSE_AND_HOME,AUTO_AND_VEHICLES,,
st.babyli.babylist,Babylist,1,14,2.634,0.0439,LIFESTYLE,PARENTING,LIFESTYLE_MANAGEMENT,PARENTING,PARENTING,SHOPPING,
us.sol.gp.MilwaukeeCountyFLS,CountyCat App,1,31,633.328998,10.5554833,LIFESTYLE,HOUSE_AND_HOME,LIFESTYLE_MANAGEMENT,HOUSE_AND_HOME,COMMUNITY_AND_PUBLIC_SERVICES,,
com.autonavi.minimap,Amap,1,287,3010.59399,50.1765665,MAPS_AND_NAVIGATION,MAPS_AND_NAVIGATION,LIFESTYLE_MANAGEMENT,TRAVEL_AND_LOCAL,MAPS,,
com.citibikenyc.citibike,Citi Bike,1,18,46.687,0.77811667,MAPS_AND_NAVIGATION,TRAVEL_AND_LOCAL,LIFESTYLE_MANAGEMENT,TRAVEL_AND_LOCAL,TRANSPORTATION,,
com.citymapper.app.release,"Citymapper, com.citymapper.app.release",2,65,138.426,2.3071,MAPS_AND_NAVIGATION,MAPS_AND_NAVIGATION,LIFESTYLE_MANAGEMENT,TRAVEL_AND_LOCAL,MAPS,,
com.coulombtech,ChargePoint,1,171,787.89,13.1315,MAPS_AND_NAVIGATION,AUTO_AND_VEHICLES,LIFESTYLE_MANAGEMENT,HOUSE_AND_HOME,AUTO_AND_VEHICLES,,
com.countryfinancial.driveriq.drivingapp,DriverIQ,1,510,0,0,MAPS_AND_NAVIGATION,FINANCE,PRODUCTIVITY_AND_BUSINESS,MONEY_MANAGEMENT,INSURANCE,AUTO_AND_VEHICLES,
com.ea.evowner,Electrify America,1,68,743.621,12.3936833,MAPS_AND_NAVIGATION,AUTO_AND_VEHICLES,LIFESTYLE_MANAGEMENT,HOUSE_AND_HOME,AUTO_AND_VEHICLES,,
com.intpark.android.iparkit,iParkit,1,29,253.996,4.23326667,MAPS_AND_NAVIGATION,TRAVEL_AND_LOCAL,LIFESTYLE_MANAGEMENT,TRAVEL_AND_LOCAL,TRANSPORTATION,,
com.mta.mobileapp,TrainTime,1,67,245.267,4.08778333,MAPS_AND_NAVIGATION,TRAVEL_AND_LOCAL,LIFESTYLE_MANAGEMENT,TRAVEL_AND_LOCAL,TRANSPORTATION,,
com.norta.lepass,Le Pass,1,308,3032.175,50.53625,MAPS_AND_NAVIGATION,TRAVEL_AND_LOCAL,LIFESTYLE_MANAGEMENT,TRAVEL_AND_LOCAL,TRANSPORTATION,,
com.nyclivebus.nyclivebus,"NYC Live Bus Tracker & Map, com.nyclivebus.nyclivebus",2,165,342.509997,5.70849995,MAPS_AND_NAVIGATION,TRAVEL_AND_LOCAL,LIFESTYLE_MANAGEMENT,TRAVEL_AND_LOCAL,TRANSPORTATION,,
com.odot.ohgo,OHGO,1,9,0.848,0.01413333,MAPS_AND_NAVIGATION,TRAVEL_AND_LOCAL,LIFESTYLE_MANAGEMENT,TRAVEL_AND_LOCAL,TRANSPORTATION,,
com.passportparking.mobile,Passport,1,105,465.144996,7.7524166,MAPS_AND_NAVIGATION,TRAVEL_AND_LOCAL,LIFESTYLE_MANAGEMENT,TRAVEL_AND_LOCAL,TRANSPORTATION,,
com.passportparking.mobile.parkchicago,ParkChicago,1,27,123.235,2.05391667,MAPS_AND_NAVIGATION,TRAVEL_AND_LOCAL,LIFESTYLE_MANAGEMENT,TRAVEL_AND_LOCAL,TRANSPORTATION,,
com.reportallusa.landglide,LandGlide,1,3,90.225999,1.50376665,MAPS_AND_NAVIGATION,HOUSE_AND_HOME,LIFESTYLE_MANAGEMENT,HOUSE_AND_HOME,REAL_ESTATE,,
com.ridemetro.houstontrip,ONE to Ride,1,28,116.608,1.94346667,MAPS_AND_NAVIGATION,TRAVEL_AND_LOCAL,LIFESTYLE_MANAGEMENT,TRAVEL_AND_LOCAL,TRANSPORTATION,,
com.sdu.didi.psnger,DiDi,1,1158,7231.10198,120.518366,MAPS_AND_NAVIGATION,TRAVEL_AND_LOCAL,LIFESTYLE_MANAGEMENT,TRAVEL_AND_LOCAL,TRANSPORTATION,,
com.spotangels.android,SpotAngels,1,10,87.157,1.45261667,MAPS_AND_NAVIGATION,TRAVEL_AND_LOCAL,LIFESTYLE_MANAGEMENT,TRAVEL_AND_LOCAL,TRANSPORTATION,,
com.thetransitapp.droid,Transit,1,155,1452.712,24.2118667,MAPS_AND_NAVIGATION,TRAVEL_AND_LOCAL,LIFESTYLE_MANAGEMENT,TRAVEL_AND_LOCAL,TRANSPORTATION,,
com.ubercab,"Uber, com.ubercab",2,2901,21605.545,360.092417,MAPS_AND_NAVIGATION,TRAVEL_AND_LOCAL,LIFESTYLE_MANAGEMENT,TRAVEL_AND_LOCAL,TRANSPORTATION,,
com.ventrachicago.riderapp,Ventra,1,51,789.332997,13.15555,MAPS_AND_NAVIGATION,TRAVEL_AND_LOCAL,LIFESTYLE_MANAGEMENT,TRAVEL_AND_LOCAL,TRANSPORTATION,,
com.waze,"Waze, com.waze",2,3263,106814.507,1780.24178,MAPS_AND_NAVIGATION,MAPS_AND_NAVIGATION,LIFESTYLE_MANAGEMENT,TRAVEL_AND_LOCAL,MAPS,,
com.webmarketing.exxonmpl,Exxon Mobil,1,23,10.244,0.17073333,MAPS_AND_NAVIGATION,SHOPPING,LIFESTYLE_MANAGEMENT,SHOPPING,SHOPPING,,
com.what3words.android,what3words,1,4,0,0,MAPS_AND_NAVIGATION,MAPS_AND_NAVIGATION,LIFESTYLE_MANAGEMENT,TRAVEL_AND_LOCAL,MAPS,,
ee.mtakso.client,Bolt,1,344,1349.487,22.49145,MAPS_AND_NAVIGATION,TRAVEL_AND_LOCAL,LIFESTYLE_MANAGEMENT,TRAVEL_AND_LOCAL,TRANSPORTATION,,
me.lyft.android,"Lyft, me.lyft.android",2,1545,12942.566,215.709433,MAPS_AND_NAVIGATION,TRAVEL_AND_LOCAL,LIFESTYLE_MANAGEMENT,TRAVEL_AND_LOCAL,TRANSPORTATION,,
sinet.startup.inDriver,inDrive,1,9,0,0,MAPS_AND_NAVIGATION,TRAVEL_AND_LOCAL,LIFESTYLE_MANAGEMENT,TRAVEL_AND_LOCAL,TRANSPORTATION,,
com.abqappsource.childgrowthtracker,Child Growth Tracker,1,46,427.673,7.12788333,MEDICAL,PARENTING,LIFESTYLE_MANAGEMENT,PARENTING,PARENTING,HEALTH_AND_FITNESS,
com.advocate.myadvocate,LiveWell,1,1658,12402.242,206.704033,MEDICAL,MEDICAL,LIFESTYLE_MANAGEMENT,HEALTH,MEDICAL,,
com.aetna.aetnahealth,Aetna Health,1,49,28.626997,0.47711662,MEDICAL,MEDICAL,LIFESTYLE_MANAGEMENT,HEALTH,MEDICAL,,
com.anthem.sydney,Sydney Health,1,125,1496.092,24.9348667,MEDICAL,MEDICAL,LIFESTYLE_MANAGEMENT,HEALTH,MEDICAL,,
com.bighealth.daylight.platgen.production,Daylight,1,229,4890.786,81.5131,MEDICAL,HEALTH_AND_FITNESS,LIFESTYLE_MANAGEMENT,HEALTH,HEALTH_AND_FITNESS,MEDITATION,
com.bluecrossma.bcbsma,BCBSMA,1,11,218.005,3.63341667,MEDICAL,MEDICAL,LIFESTYLE_MANAGEMENT,HEALTH,MEDICAL,,
com.blueshieldca.prod,Blue Shield,1,31,77.069999,1.28449998,MEDICAL,MEDICAL,LIFESTYLE_MANAGEMENT,HEALTH,MEDICAL,,
com.carestitch.clinician_app,CareStitch,1,40387,640402.986,10673.3831,MEDICAL,BUSINESS,PRODUCTIVITY_AND_BUSINESS,MONEY_MAKING,WORK,,
com.cube.arc.blood,"Blood Donor, com.cube.arc.blood",2,33,53.947,0.89911667,MEDICAL,MEDICAL,LIFESTYLE_MANAGEMENT,HEALTH,MEDICAL,,
com.cuehealth.healthapp,"Cue Health, com.cuehealth.healthapp",2,74,555.703998,9.2617333,MEDICAL,MEDICAL,LIFESTYLE_MANAGEMENT,HEALTH,MEDICAL,,
com.doximity.doximitydroid,Doximity,1,313,2515.52599,41.9254332,MEDICAL,MEDICAL,LIFESTYLE_MANAGEMENT,HEALTH,MEDICAL,,
com.dupagemedicalgroup.mychart,Duly Health and Care,1,148,360.551,6.00918333,MEDICAL,MEDICAL,LIFESTYLE_MANAGEMENT,HEALTH,MEDICAL,,
com.eehealth.mychart,MyEEHealth,1,38,102.371,1.70618333,MEDICAL,MEDICAL,LIFESTYLE_MANAGEMENT,HEALTH,MEDICAL,,
com.elsevier.elseviercp,Clinical Pharmacology,1,11,30.315,0.50525,MEDICAL,MEDICAL,LIFESTYLE_MANAGEMENT,HEALTH,MEDICAL,,
com.emdrtrisense,EMDR TriSense,1,13,12124.494,202.0749,MEDICAL,HEALTH_AND_FITNESS,LIFESTYLE_MANAGEMENT,HEALTH,HEALTH_AND_FITNESS,MEDITATION,
com.epic.haiku.android,Haiku,1,1228,4571.29796,76.1882993,MEDICAL,BUSINESS,PRODUCTIVITY_AND_BUSINESS,MONEY_MAKING,WORK,,
com.epocrates,Epocrates,1,191,659.985,10.99975,MEDICAL,BUSINESS,PRODUCTIVITY_AND_BUSINESS,MONEY_MAKING,WORK,,
com.froedtert.care,Froedtert&MCW,1,28,61.369,1.02281667,MEDICAL,MEDICAL,LIFESTYLE_MANAGEMENT,HEALTH,MEDICAL,,
com.goodrx,GoodRx,1,42,2.026,0.03376667,MEDICAL,MEDICAL,LIFESTYLE_MANAGEMENT,HEALTH,MEDICAL,,
com.hcsc.android.providerfinderil,BCBSIL,1,106,415.604,6.92673333,MEDICAL,MEDICAL,LIFESTYLE_MANAGEMENT,HEALTH,MEDICAL,,
com.healint.migraineapp,Migraine Buddy,1,85,0,0,MEDICAL,HEALTH_AND_FITNESS,LIFESTYLE_MANAGEMENT,HEALTH,HEALTH_AND_FITNESS,,
com.imprivata.imprivataid,Imprivata ID,1,907,10784.129,179.735483,MEDICAL,PRODUCTIVITY,PRODUCTIVITY_AND_BUSINESS,PRODUCTIVITY,ONLINE_SECURITY,,
com.kaiahealth.app,com.kaiahealth.app,1,50,232.791,3.87985,MEDICAL,HEALTH_AND_FITNESS,LIFESTYLE_MANAGEMENT,HEALTH,HEALTH_AND_FITNESS,,
com.kindara.pgap,Kindara,1,19,331.244,5.52073333,MEDICAL,HEALTH_AND_FITNESS,LIFESTYLE_MANAGEMENT,HEALTH,HEALTH_AND_FITNESS,,
com.latitude.foodallergycare,Latitude Food Allergy Care,1,318,1068.27699,17.8046165,MEDICAL,MEDICAL,LIFESTYLE_MANAGEMENT,HEALTH,MEDICAL,,
com.lbrc.PeriodCalendar,My Calendar,1,85,230.507,3.84178333,MEDICAL,HEALTH_AND_FITNESS,LIFESTYLE_MANAGEMENT,HEALTH,HEALTH_AND_FITNESS,,
com.lifedata.reallife_exp,RealLifeExp,1,3180,31809.992,530.166533,MEDICAL,PRODUCTIVITY,PRODUCTIVITY_AND_BUSINESS,PRODUCTIVITY,RESEARCH,,
com.lifescan.reveal,OneTouch,1,13,35.594,0.59323333,MEDICAL,MEDICAL,LIFESTYLE_MANAGEMENT,HEALTH,MEDICAL,,
com.medela.mymedela.live,Medela Family,1,5,0.173,0.00288333,MEDICAL,PARENTING,LIFESTYLE_MANAGEMENT,PARENTING,PARENTING,HEALTH_AND_FITNESS,
com.metricwire.android3,MetricWire,1,3278,15400.588,256.676467,MEDICAL,PRODUCTIVITY,PRODUCTIVITY_AND_BUSINESS,PRODUCTIVITY,RESEARCH,,
com.mobile.uhc,U‚Äö√Ñ√£HC,1,15,227.746999,3.79578332,MEDICAL,MEDICAL,LIFESTYLE_MANAGEMENT,HEALTH,MEDICAL,,
com.nextcare.health,Nextcare,1,12,8.652,0.1442,MEDICAL,MEDICAL,LIFESTYLE_MANAGEMENT,HEALTH,MEDICAL,,
com.octapharma.OctaApp,OctaApp,1,102,508.99,8.48316667,MEDICAL,MEDICAL,LIFESTYLE_MANAGEMENT,HEALTH,MEDICAL,,
com.ovuline.fertility,"Ovia, Ovia Fertility",2,210,1459.132,24.3188666,MEDICAL,HEALTH_AND_FITNESS,LIFESTYLE_MANAGEMENT,HEALTH,HEALTH_AND_FITNESS,PARENTING,
com.ovuline.pregnancy,Ovia Pregnancy,1,210,1219.343,20.3223833,MEDICAL,HEALTH_AND_FITNESS,LIFESTYLE_MANAGEMENT,HEALTH,HEALTH_AND_FITNESS,PARENTING,
com.participantapp,Virta,1,26,196.128,3.2688,MEDICAL,HEALTH_AND_FITNESS,LIFESTYLE_MANAGEMENT,HEALTH,HEALTH_AND_FITNESS,,
com.PerfectServe.Clinician,PerfectServe,1,909,11198.167,186.636116,MEDICAL,BUSINESS,PRODUCTIVITY_AND_BUSINESS,MONEY_MAKING,WORK,,
com.pointnclick.uwmadison.myuhs,MyUHS.Android,1,14,438.201,7.30335,MEDICAL,MEDICAL,LIFESTYLE_MANAGEMENT,HEALTH,MEDICAL,,
com.priviamedicalgroup.priviaapp,myPrivia,1,12,107.848,1.79746667,MEDICAL,MEDICAL,LIFESTYLE_MANAGEMENT,HEALTH,MEDICAL,,
com.resmed.myair,myAir,1,77,247.139,4.11898333,MEDICAL,HEALTH_AND_FITNESS,LIFESTYLE_MANAGEMENT,HEALTH,HEALTH_AND_FITNESS,,
com.sccm.thumbsup,Patient Communicator,1,4,2.522,0.04203333,MEDICAL,MEDICAL,LIFESTYLE_MANAGEMENT,HEALTH,MEDICAL,,
com.shire.biolife,BioLife,1,20,4.529,0.07548333,MEDICAL,MEDICAL,LIFESTYLE_MANAGEMENT,HEALTH,MEDICAL,,
com.simplepractice.video,Telehealth,1,89,7599.097,126.651617,MEDICAL,MEDICAL,LIFESTYLE_MANAGEMENT,HEALTH,MEDICAL,,
com.teladoc.members,Teladoc,1,98,2131.312,35.5218667,MEDICAL,MEDICAL,LIFESTYLE_MANAGEMENT,HEALTH,MEDICAL,,
com.televet.care,Otto,1,108,367.732,6.12886667,MEDICAL,HOUSE_AND_HOME,LIFESTYLE_MANAGEMENT,HOUSE_AND_HOME,HOUSE_AND_HOME,,
com.uptodate.android,UpToDate,1,212,1227.55,20.4591666,MEDICAL,MEDICAL,LIFESTYLE_MANAGEMENT,HEALTH,MEDICAL,WORK,
com.valant.mobileportal,MYIO,1,74,398.349999,6.63916665,MEDICAL,MEDICAL,LIFESTYLE_MANAGEMENT,HEALTH,MEDICAL,,
com.visualdx.android,VisualDx,1,18,328.418,5.47363333,MEDICAL,BUSINESS,PRODUCTIVITY_AND_BUSINESS,MONEY_MAKING,WORK,,
com.vitusvet.android,VitusVet,1,42,57.566,0.95943333,MEDICAL,HOUSE_AND_HOME,LIFESTYLE_MANAGEMENT,HOUSE_AND_HOME,HOUSE_AND_HOME,,
com.wellspan.wellspanmobileapp,WellSpan,1,312,940.626,15.6771,MEDICAL,MEDICAL,LIFESTYLE_MANAGEMENT,HEALTH,MEDICAL,,
epic.mychart.android,"MyChart, epic.mychart.android",2,9461,72984.8349,1216.41392,MEDICAL,MEDICAL,LIFESTYLE_MANAGEMENT,HEALTH,MEDICAL,,
gwicks.com.earsnokeyboard,EARS,1,368,1873.533,31.22555,MEDICAL,PRODUCTIVITY,PRODUCTIVITY_AND_BUSINESS,PRODUCTIVITY,RESEARCH,,
mobi.firedepartment,PulsePoint,1,995,181.311,3.02185,MEDICAL,HEALTH_AND_FITNESS,LIFESTYLE_MANAGEMENT,HEALTH,HEALTH_AND_FITNESS,,
org.ihc.dfd,"My Health+, org.ihc.dfd",2,128,1049.104,17.4850667,MEDICAL,MEDICAL,LIFESTYLE_MANAGEMENT,HEALTH,MEDICAL,,
org.nm.mobile.myNM,MyNM,1,117,312.861,5.21435,MEDICAL,MEDICAL,LIFESTYLE_MANAGEMENT,HEALTH,MEDICAL,,
org.northshore.northshoreconnect,NorthShore,1,210,1262.86599,21.0477666,MEDICAL,MEDICAL,LIFESTYLE_MANAGEMENT,HEALTH,MEDICAL,,
org.sutterhealth.myhealthonline,My Health Online,1,185,810.124998,13.5020833,MEDICAL,MEDICAL,LIFESTYLE_MANAGEMENT,HEALTH,MEDICAL,,
org.uwhealth.android.uhuw.videovisit,Care Anywhere,1,20,10.474,0.17456667,MEDICAL,MEDICAL,LIFESTYLE_MANAGEMENT,HEALTH,MEDICAL,,
ak.alizandro.smartaudiobookplayer,Smart AudioBook Player,1,7779,20119.5009,335.325014,MUSIC_AND_AUDIO,BOOKS_AND_REFERENCE,ARTS_AND_LEISURE,READING,READING,,
app.rvx.android.apps.youtube.music,"RVX Music, ReVanced Extended Music",2,1154,7376.096,122.934933,MUSIC_AND_AUDIO,MUSIC_AND_AUDIO,ARTS_AND_LEISURE,MUSIC_AND_AUDIO,MUSIC_AND_AUDIO,,
com.afmobi.boomplayer,Boomplay,1,1152,7523.68299,125.394717,MUSIC_AND_AUDIO,MUSIC_AND_AUDIO,ARTS_AND_LEISURE,MUSIC_AND_AUDIO,MUSIC_AND_AUDIO,,
com.amazon.mp3,"Amazon Music, com.amazon.mp3",2,4318,13739.498,228.991633,MUSIC_AND_AUDIO,MUSIC_AND_AUDIO,ARTS_AND_LEISURE,MUSIC_AND_AUDIO,MUSIC_AND_AUDIO,,
com.android.soundrecorder,Recorder,1,189,1722.245,28.7040833,MUSIC_AND_AUDIO,PRODUCTIVITY,PRODUCTIVITY_AND_BUSINESS,PRODUCTIVITY,PRODUCTIVITY,,
com.apple.android.music,Apple Music,1,623,14418.371,240.306183,MUSIC_AND_AUDIO,MUSIC_AND_AUDIO,ARTS_AND_LEISURE,MUSIC_AND_AUDIO,MUSIC_AND_AUDIO,,
com.appmind.radios.co,"Radio Colombia, Podcasts, M‚àö‚à´sica, Canci‚àö‚â•n Noticias",1,2097,42516.486,708.6081,MUSIC_AND_AUDIO,MUSIC_AND_AUDIO,ARTS_AND_LEISURE,MUSIC_AND_AUDIO,MUSIC_AND_AUDIO,NEWS,
com.aspiro.tidal,TIDAL,1,138,2520.378,42.0063,MUSIC_AND_AUDIO,MUSIC_AND_AUDIO,ARTS_AND_LEISURE,MUSIC_AND_AUDIO,MUSIC_AND_AUDIO,,
com.audiomack,Audio¬¨‚â†mack,1,178,3667.801,61.1300167,MUSIC_AND_AUDIO,MUSIC_AND_AUDIO,ARTS_AND_LEISURE,MUSIC_AND_AUDIO,MUSIC_AND_AUDIO,,
com.bambuna.podcastaddict,Podcast Addict,1,1187,3386.842,56.4473666,MUSIC_AND_AUDIO,MUSIC_AND_AUDIO,ARTS_AND_LEISURE,MUSIC_AND_AUDIO,MUSIC_AND_AUDIO,,
com.bose.bosemusic,"Bose, Bose Music",2,2268,9.07,0.15116667,MUSIC_AND_AUDIO,MUSIC_AND_AUDIO,ARTS_AND_LEISURE,MUSIC_AND_AUDIO,MUSIC_AND_AUDIO,,
com.bose.monet,Bose Connect,1,152,173.260998,2.8876833,MUSIC_AND_AUDIO,HOUSE_AND_HOME,LIFESTYLE_MANAGEMENT,HOUSE_AND_HOME,HOUSE_AND_HOME,,
com.clearchannel.iheartradio.controller,iHeartRadio,1,75,34.772,0.57953333,MUSIC_AND_AUDIO,MUSIC_AND_AUDIO,ARTS_AND_LEISURE,MUSIC_AND_AUDIO,MUSIC_AND_AUDIO,,
com.doubleTwist.cloudPlayer,CloudPlayer,1,50,196.708,3.27846667,MUSIC_AND_AUDIO,MUSIC_AND_AUDIO,ARTS_AND_LEISURE,MUSIC_AND_AUDIO,MUSIC_AND_AUDIO,,
com.fender.tuner,Fender Tune,1,17,624.228,10.4038,MUSIC_AND_AUDIO,ENTERTAINMENT,ARTS_AND_LEISURE,ENTERTAINMENT,ENTERTAINMENT,,
com.gamestar.perfectpiano,Perfect Piano,1,11,0,0,MUSIC_AND_AUDIO,ENTERTAINMENT,ARTS_AND_LEISURE,ENTERTAINMENT,ENTERTAINMENT,,
com.google.android.apps.podcasts,"Google Podcasts, com.google.android.apps.podcasts",2,1850,39.322997,0.65538328,MUSIC_AND_AUDIO,MUSIC_AND_AUDIO,ARTS_AND_LEISURE,MUSIC_AND_AUDIO,MUSIC_AND_AUDIO,,
com.google.android.apps.wearables.maestro.companion,"Pixel Buds, com.google.android.apps.wearables.maestro.companion",2,351,212.938,3.54896667,MUSIC_AND_AUDIO,HOUSE_AND_HOME,LIFESTYLE_MANAGEMENT,HOUSE_AND_HOME,HOUSE_AND_HOME,,
com.google.android.apps.youtube.music,"YouTube Music, com.google.android.apps.youtube.music",2,11956,67208.468,1120.14113,MUSIC_AND_AUDIO,MUSIC_AND_AUDIO,ARTS_AND_LEISURE,MUSIC_AND_AUDIO,MUSIC_AND_AUDIO,,
com.google.android.music,"Google Play Music, Google Play M‚àö‚à´sica, com.google.android.music",3,268,37.115,0.61858333,MUSIC_AND_AUDIO,MUSIC_AND_AUDIO,ARTS_AND_LEISURE,MUSIC_AND_AUDIO,MUSIC_AND_AUDIO,,
com.heytap.music,Music,1,284,676.002998,11.2667166,MUSIC_AND_AUDIO,MUSIC_AND_AUDIO,ARTS_AND_LEISURE,MUSIC_AND_AUDIO,MUSIC_AND_AUDIO,,
com.hubhopper,Hubhopper,1,21,14.281,0.23801667,MUSIC_AND_AUDIO,MUSIC_AND_AUDIO,ARTS_AND_LEISURE,MUSIC_AND_AUDIO,MUSIC_AND_AUDIO,,
com.korrisoft.voice.recorder,"#Grabadora de voz, #Voice Recorder",2,170,51.707,0.86178333,MUSIC_AND_AUDIO,PRODUCTIVITY,PRODUCTIVITY_AND_BUSINESS,PRODUCTIVITY,PRODUCTIVITY,,
com.livenation.mobile.android.na,Live Nation,1,43,76.602,1.2767,MUSIC_AND_AUDIO,EVENTS,ARTS_AND_LEISURE,ENTERTAINMENT,EVENTS,,
com.mci.zumba.student,Zumbini,1,13,2.950998,0.0491833,MUSIC_AND_AUDIO,ENTERTAINMENT,ARTS_AND_LEISURE,ENTERTAINMENT,ENTERTAINMENT,MUSIC_AND_PODCASTS,KIDS
com.media.bestrecorder.audiorecorder,Voice Recorder,1,222,4218.837,70.31395,MUSIC_AND_AUDIO,PRODUCTIVITY,PRODUCTIVITY_AND_BUSINESS,PRODUCTIVITY,PRODUCTIVITY,,
com.melodis.midomiMusicIdentifier.freemium,SoundHound,1,192,30.207997,0.50346662,MUSIC_AND_AUDIO,MUSIC_AND_AUDIO,ARTS_AND_LEISURE,MUSIC_AND_AUDIO,MUSIC_AND_AUDIO,,
com.miui.player,Music,1,321,820.312997,13.6718833,MUSIC_AND_AUDIO,MUSIC_AND_AUDIO,ARTS_AND_LEISURE,MUSIC_AND_AUDIO,MUSIC_AND_AUDIO,,
com.musicplayer.playermusic,Audify Music Player,1,126,1358.648,22.6441333,MUSIC_AND_AUDIO,MUSIC_AND_AUDIO,ARTS_AND_LEISURE,MUSIC_AND_AUDIO,MUSIC_AND_AUDIO,,
com.musixmatch.android.lyrify,Musixmatch,1,2,4.663,0.07771667,MUSIC_AND_AUDIO,MUSIC_AND_AUDIO,ARTS_AND_LEISURE,MUSIC_AND_AUDIO,MUSIC_AND_AUDIO,,
com.pandora.android,"Pandora, com.pandora.android",2,7163,35919.822,598.6637,MUSIC_AND_AUDIO,MUSIC_AND_AUDIO,ARTS_AND_LEISURE,MUSIC_AND_AUDIO,MUSIC_AND_AUDIO,,
com.prisaradio.replicapp.wradiomexico,WRadio Mx,1,82,367.928,6.13213333,MUSIC_AND_AUDIO,MUSIC_AND_AUDIO,ARTS_AND_LEISURE,MUSIC_AND_AUDIO,MUSIC_AND_AUDIO,,
com.radio.pocketfm,Pocket FM,1,105,0,0,MUSIC_AND_AUDIO,MUSIC_AND_AUDIO,ARTS_AND_LEISURE,MUSIC_AND_AUDIO,MUSIC_AND_AUDIO,,
com.sec.android.app.music,Samsung Music,1,147,384.279,6.40465,MUSIC_AND_AUDIO,MUSIC_AND_AUDIO,ARTS_AND_LEISURE,MUSIC_AND_AUDIO,MUSIC_AND_AUDIO,,
com.shazam.android,Shazam,1,2871,2412.68899,40.2114832,MUSIC_AND_AUDIO,MUSIC_AND_AUDIO,ARTS_AND_LEISURE,MUSIC_AND_AUDIO,MUSIC_AND_AUDIO,,
com.sirius,SiriusXM,1,482,755.267,12.5877833,MUSIC_AND_AUDIO,MUSIC_AND_AUDIO,ARTS_AND_LEISURE,MUSIC_AND_AUDIO,MUSIC_AND_AUDIO,,
com.sonos.acr2,Sonos,1,145,2231.072,37.1845333,MUSIC_AND_AUDIO,MUSIC_AND_AUDIO,ARTS_AND_LEISURE,MUSIC_AND_AUDIO,MUSIC_AND_AUDIO,,
com.soundcloud.android,SoundCloud,1,30,0,0,MUSIC_AND_AUDIO,MUSIC_AND_AUDIO,ARTS_AND_LEISURE,MUSIC_AND_AUDIO,MUSIC_AND_AUDIO,,
com.soundcorset.client.android,"Soundcorset Afinador y Metr‚àö¬•nomo, Soundcorset tuner & metronome, com.soundcorset.client.android",3,49,461.141999,7.68569998,MUSIC_AND_AUDIO,MUSIC_AND_AUDIO,ARTS_AND_LEISURE,MUSIC_AND_AUDIO,MUSIC_AND_AUDIO,,
com.spotify.music,"Spotify, com.spotify.music",2,57070,958.340998,15.97235,MUSIC_AND_AUDIO,MUSIC_AND_AUDIO,ARTS_AND_LEISURE,MUSIC_AND_AUDIO,MUSIC_AND_AUDIO,,
com.starmakerinteractive.starmaker,StarMaker,1,50,10.689,0.17815,MUSIC_AND_AUDIO,MUSIC_AND_AUDIO,ARTS_AND_LEISURE,MUSIC_AND_AUDIO,MUSIC_AND_AUDIO,ENTERTAINMENT,
com.stitcher.app,Stitcher,1,233,784.719,13.07865,MUSIC_AND_AUDIO,MUSIC_AND_AUDIO,ARTS_AND_LEISURE,MUSIC_AND_AUDIO,MUSIC_AND_AUDIO,,
com.ultimateguitar.tabs,Tabs,1,24,397.566998,6.62611663,MUSIC_AND_AUDIO,ENTERTAINMENT,ARTS_AND_LEISURE,ENTERTAINMENT,ENTERTAINMENT,,
deezer.android.app,Deezer,1,49,5.199999,0.08666665,MUSIC_AND_AUDIO,MUSIC_AND_AUDIO,ARTS_AND_LEISURE,MUSIC_AND_AUDIO,MUSIC_AND_AUDIO,,
dev.netlob.spotistats,"stats.fm, stats.fm (Spotistats)",2,81,468.561995,7.80936658,MUSIC_AND_AUDIO,ENTERTAINMENT,ARTS_AND_LEISURE,ENTERTAINMENT,ENTERTAINMENT,,
fm.castbox.audiobook.radio.podcast,Castbox,1,1019,3371.944,56.1990666,MUSIC_AND_AUDIO,MUSIC_AND_AUDIO,ARTS_AND_LEISURE,MUSIC_AND_AUDIO,MUSIC_AND_AUDIO,,
fm.dice,DICE,1,76,0,0,MUSIC_AND_AUDIO,EVENTS,ARTS_AND_LEISURE,ENTERTAINMENT,EVENTS,,
fm.player,Player FM,1,50,47.485999,0.79143332,MUSIC_AND_AUDIO,MUSIC_AND_AUDIO,ARTS_AND_LEISURE,MUSIC_AND_AUDIO,MUSIC_AND_AUDIO,,
in.krosbits.musicolet,Musicolet,1,326,4798.798,79.9799666,MUSIC_AND_AUDIO,MUSIC_AND_AUDIO,ARTS_AND_LEISURE,MUSIC_AND_AUDIO,MUSIC_AND_AUDIO,,
mobacorn.com.decibelmeter,Decibel Meter,1,18,131.565,2.19275,MUSIC_AND_AUDIO,PRODUCTIVITY,PRODUCTIVITY_AND_BUSINESS,PRODUCTIVITY,PRODUCTIVITY,,
net.chordify.chordify,Chordify,1,21,1493.27,24.8878333,MUSIC_AND_AUDIO,ENTERTAINMENT,ARTS_AND_LEISURE,ENTERTAINMENT,ENTERTAINMENT,,
net.relaxio.relaxio,White Noise Generator,1,77,85.169,1.41948333,MUSIC_AND_AUDIO,MUSIC_AND_AUDIO,ARTS_AND_LEISURE,MUSIC_AND_AUDIO,MUSIC_AND_AUDIO,,
org.npr.one,NPR One,1,293,1532.114,25.5352333,MUSIC_AND_AUDIO,MUSIC_AND_AUDIO,ARTS_AND_LEISURE,MUSIC_AND_AUDIO,MUSIC_AND_AUDIO,NEWS,
tunein.player,TuneIn Radio,1,114,4162.093,69.3682167,MUSIC_AND_AUDIO,MUSIC_AND_AUDIO,ARTS_AND_LEISURE,MUSIC_AND_AUDIO,MUSIC_AND_AUDIO,,
tv.plex.labs.plexamp,Plexamp,1,140,450.925,7.51541667,MUSIC_AND_AUDIO,MUSIC_AND_AUDIO,ARTS_AND_LEISURE,MUSIC_AND_AUDIO,MUSIC_AND_AUDIO,,
au.com.shiftyjelly.pocketcasts,"Pocket Casts, au.com.shiftyjelly.pocketcasts",2,4834,20598.321,343.30535,NEWS_AND_MAGAZINES,MUSIC_AND_AUDIO,ARTS_AND_LEISURE,MUSIC_AND_AUDIO,MUSIC_AND_AUDIO,,
com.audionowdigital.player.wtopradio,WTOP,1,63,144.384,2.4064,NEWS_AND_MAGAZINES,MUSIC_AND_AUDIO,ARTS_AND_LEISURE,MUSIC_AND_AUDIO,MUSIC_AND_AUDIO,NEWS,
com.cellit.cellitnews.wchs,WCHS ABC8,1,111,69.03,1.1505,NEWS_AND_MAGAZINES,NEWS_AND_MAGAZINES,KNOWLEDGE_AND_INFORMATION,KNOWLEDGE_SEEKING,NEWS,,
com.checkitt,Ground News,1,84,771.701,12.8616833,NEWS_AND_MAGAZINES,NEWS_AND_MAGAZINES,KNOWLEDGE_AND_INFORMATION,KNOWLEDGE_SEEKING,NEWS,,
com.cnn.mobile.android.phone,CNN,1,24,348.603,5.81005,NEWS_AND_MAGAZINES,NEWS_AND_MAGAZINES,KNOWLEDGE_AND_INFORMATION,KNOWLEDGE_SEEKING,NEWS,,
com.dailywire.thedailywire,DailyWire,1,2,2.344,0.03906667,NEWS_AND_MAGAZINES,NEWS_AND_MAGAZINES,KNOWLEDGE_AND_INFORMATION,KNOWLEDGE_SEEKING,NEWS,,
com.devhd.feedly.classic,Feedly Classic,1,808,26034.029,433.900483,NEWS_AND_MAGAZINES,NEWS_AND_MAGAZINES,KNOWLEDGE_AND_INFORMATION,KNOWLEDGE_SEEKING,NEWS,,
com.economist.darwin,Espresso,1,4,144.308,2.40513333,NEWS_AND_MAGAZINES,NEWS_AND_MAGAZINES,KNOWLEDGE_AND_INFORMATION,KNOWLEDGE_SEEKING,NEWS,,
com.foxnews.android,Fox News,1,10,0,0,NEWS_AND_MAGAZINES,NEWS_AND_MAGAZINES,KNOWLEDGE_AND_INFORMATION,KNOWLEDGE_SEEKING,NEWS,,
com.google.android.apps.magazines,"Google News, Google¬¨‚Ä†Noticias, com.google.android.apps.magazines",3,14012,42161.574,702.692899,NEWS_AND_MAGAZINES,NEWS_AND_MAGAZINES,KNOWLEDGE_AND_INFORMATION,KNOWLEDGE_SEEKING,NEWS,,
com.graytv.android.kolnkginnews,10/11 NOW News,1,2,0,0,NEWS_AND_MAGAZINES,NEWS_AND_MAGAZINES,KNOWLEDGE_AND_INFORMATION,KNOWLEDGE_SEEKING,NEWS,,
com.huub.tiger,TheDaily,1,144,3.414998,0.05691663,NEWS_AND_MAGAZINES,NEWS_AND_MAGAZINES,KNOWLEDGE_AND_INFORMATION,KNOWLEDGE_SEEKING,NEWS,,
com.instapaper.android,Instapaper,1,60,3617.114,60.2852333,NEWS_AND_MAGAZINES,BOOKS_AND_REFERENCE,ARTS_AND_LEISURE,READING,READING,,
com.khastv.android,KSNB Local4,1,3,0,0,NEWS_AND_MAGAZINES,NEWS_AND_MAGAZINES,KNOWLEDGE_AND_INFORMATION,KNOWLEDGE_SEEKING,NEWS,,
com.lee.news,"Madison.com, com.lee.news",2,262,5193.197,86.5532833,NEWS_AND_MAGAZINES,NEWS_AND_MAGAZINES,KNOWLEDGE_AND_INFORMATION,KNOWLEDGE_SEEKING,NEWS,,
com.medium.reader,Medium,1,55,240.825999,4.01376665,NEWS_AND_MAGAZINES,BOOKS_AND_REFERENCE,ARTS_AND_LEISURE,READING,READING,ENTERTAINMENT,
com.microsoft.amp.apps.bingnews,Start,1,731,38.758,0.64596667,NEWS_AND_MAGAZINES,NEWS_AND_MAGAZINES,KNOWLEDGE_AND_INFORMATION,KNOWLEDGE_SEEKING,NEWS,,
com.mjs.android,Milwaukee JS,1,223,2945.539,49.0923167,NEWS_AND_MAGAZINES,NEWS_AND_MAGAZINES,KNOWLEDGE_AND_INFORMATION,KNOWLEDGE_SEEKING,NEWS,,
com.nbcuni.nbcots.nbcbayarea.android,NBC Bay Area,1,873,1260.783,21.01305,NEWS_AND_MAGAZINES,NEWS_AND_MAGAZINES,KNOWLEDGE_AND_INFORMATION,KNOWLEDGE_SEEKING,NEWS,,
com.nytimes.android,"NYTimes, com.nytimes.android",2,11506,211103.323,3518.38871,NEWS_AND_MAGAZINES,NEWS_AND_MAGAZINES,KNOWLEDGE_AND_INFORMATION,KNOWLEDGE_SEEKING,NEWS,,
com.particlenews.newsbreak,NewsBreak,1,3276,11916.998,198.616633,NEWS_AND_MAGAZINES,NEWS_AND_MAGAZINES,KNOWLEDGE_AND_INFORMATION,KNOWLEDGE_SEEKING,NEWS,,
com.podcast.podcasts,Podcast Player,1,3978,13942.7139,232.378565,NEWS_AND_MAGAZINES,MUSIC_AND_AUDIO,ARTS_AND_LEISURE,MUSIC_AND_AUDIO,MUSIC_AND_AUDIO,,
com.quora.android,Quora,1,289,3147.053,52.4508833,NEWS_AND_MAGAZINES,SOCIAL,SOCIAL,BROADCAST_SOCIAL,SOCIAL_MEDIA,READING,
com.rhythmnewmedia.tmz,TMZ,1,202,33306.603,555.11005,NEWS_AND_MAGAZINES,NEWS_AND_MAGAZINES,KNOWLEDGE_AND_INFORMATION,KNOWLEDGE_SEEKING,NEWS,ENTERTAINMENT,
com.ring.neighborhoods,Neighbors,1,431,275.316,4.5886,NEWS_AND_MAGAZINES,HOUSE_AND_HOME,LIFESTYLE_MANAGEMENT,HOUSE_AND_HOME,HOUSE_AND_HOME,,
com.scannerradio,Scanner Radio,1,25,94.593,1.57655,NEWS_AND_MAGAZINES,MUSIC_AND_AUDIO,ARTS_AND_LEISURE,MUSIC_AND_AUDIO,MUSIC_AND_AUDIO,COMMUNITY_AND_PUBLIC_SERVICES,
com.seattletimes.android.SeattleTimesMobileNews,Seattle Times,1,79,0,0,NEWS_AND_MAGAZINES,NEWS_AND_MAGAZINES,KNOWLEDGE_AND_INFORMATION,KNOWLEDGE_SEEKING,NEWS,,
com.theatlantic.newsstand,The Atlantic,1,10,725.968,12.0994667,NEWS_AND_MAGAZINES,NEWS_AND_MAGAZINES,KNOWLEDGE_AND_INFORMATION,KNOWLEDGE_SEEKING,NEWS,,
com.theepochtimes.news,Epoch Times,1,818,159320.125,2655.33542,NEWS_AND_MAGAZINES,NEWS_AND_MAGAZINES,KNOWLEDGE_AND_INFORMATION,KNOWLEDGE_SEEKING,NEWS,,
com.washingtonpost.android,Washington Post,1,4302,39349.772,655.829533,NEWS_AND_MAGAZINES,NEWS_AND_MAGAZINES,KNOWLEDGE_AND_INFORMATION,KNOWLEDGE_SEEKING,NEWS,,
jp.gocro.smartnews.android,SmartNews,1,1212,4024.505,67.0750833,NEWS_AND_MAGAZINES,NEWS_AND_MAGAZINES,KNOWLEDGE_AND_INFORMATION,KNOWLEDGE_SEEKING,NEWS,,
org.npr.android.news,"NPR, NPR News, org.npr.android.news",3,468,6055.64,100.927333,NEWS_AND_MAGAZINES,NEWS_AND_MAGAZINES,KNOWLEDGE_AND_INFORMATION,KNOWLEDGE_SEEKING,NEWS,,
sp0n.citizen,"Citizen, sp0n.citizen",2,2579,4140.53199,69.0088665,NEWS_AND_MAGAZINES,HOUSE_AND_HOME,LIFESTYLE_MANAGEMENT,HOUSE_AND_HOME,COMMUNITY_AND_PUBLIC_SERVICES,NEWS,
wsj.reader_sp,WSJ,1,417,1889.539,31.4923167,NEWS_AND_MAGAZINES,NEWS_AND_MAGAZINES,KNOWLEDGE_AND_INFORMATION,KNOWLEDGE_SEEKING,NEWS,,
co.qeepsake.qeepsakeApp,Qeepsake,1,75,315.189,5.25315,PARENTING,PHOTOGRAPHY,ARTS_AND_LEISURE,PHOTO_AND_VIDEO,PHOTO_AND_VIDEO,PARENTING,
com.amazon.tahoe.freetime,Amazon Kids+,1,131,233.425,3.89041667,PARENTING,ENTERTAINMENT,ARTS_AND_LEISURE,ENTERTAINMENT,ENTERTAINMENT,,KIDS
com.amila.parenting,Baby Tracker,1,344,684.928,11.4154667,PARENTING,PARENTING,LIFESTYLE_MANAGEMENT,PARENTING,PARENTING,,
com.aoitek.lollipop,Lollipop,1,335,1145.37599,19.0895999,PARENTING,PARENTING,LIFESTYLE_MANAGEMENT,PARENTING,PARENTING,,
com.babycenter.pregnancytracker,BabyCenter,1,559,4269.652,71.1608666,PARENTING,PARENTING,LIFESTYLE_MANAGEMENT,PARENTING,PARENTING,,
com.babysparks.babysparks,Babysparks,1,46,414.545,6.90908333,PARENTING,PARENTING,LIFESTYLE_MANAGEMENT,PARENTING,PARENTING,,
com.blinkhd,Hubble Connected for Motorola Monitors,1,1113,6044.44696,100.740783,PARENTING,HOUSE_AND_HOME,LIFESTYLE_MANAGEMENT,HOUSE_AND_HOME,HOUSE_AND_HOME,,
com.coquisoft.parentlove,ParentLove,1,20,82.856,1.38093333,PARENTING,PARENTING,LIFESTYLE_MANAGEMENT,PARENTING,PARENTING,,
com.digitas.solidstarts,Solid Starts,1,230,2733.798,45.5633,PARENTING,PARENTING,LIFESTYLE_MANAGEMENT,PARENTING,PARENTING,,
com.dokdoapps.mybabyfirework,My baby Firework,1,19,434.5,7.24166667,PARENTING,PARENTING,LIFESTYLE_MANAGEMENT,PARENTING,PARENTING,,KIDS
com.drillyapps.babydaybook,Baby Daybook,1,3,58.238,0.97063333,PARENTING,PARENTING,LIFESTYLE_MANAGEMENT,PARENTING,PARENTING,,
com.dw.btime.qinbaobao,Qinbaobao,1,821,2708.54798,45.1424663,PARENTING,PARENTING,LIFESTYLE_MANAGEMENT,PARENTING,PARENTING,,
com.easymobs.pregnancy,Pregnancy,1,193,24120.205,402.003417,PARENTING,PARENTING,LIFESTYLE_MANAGEMENT,PARENTING,PARENTING,HEALTH_AND_FITNESS,
com.glow.android.baby,Glow Baby,1,1635,2823.05393,47.0508988,PARENTING,PARENTING,LIFESTYLE_MANAGEMENT,PARENTING,PARENTING,,
com.happiestbaby.hbi,Happiest Baby,1,23,13.05,0.2175,PARENTING,PARENTING,LIFESTYLE_MANAGEMENT,PARENTING,PARENTING,HOUSE_AND_HOME,
com.hp.pregnancy.lite,Pregnancy+,1,20,170.834,2.84723333,PARENTING,PARENTING,LIFESTYLE_MANAGEMENT,PARENTING,PARENTING,HEALTH_AND_FITNESS,
com.huckleberry_labs.app,Huckleberry,1,4930,41211.1549,686.852582,PARENTING,PARENTING,LIFESTYLE_MANAGEMENT,PARENTING,PARENTING,,
com.krewecar.rider,KreweCar,1,7,15.874,0.26456667,PARENTING,TRAVEL_AND_LOCAL,LIFESTYLE_MANAGEMENT,TRAVEL_AND_LOCAL,TRANSPORTATION,,
com.nanit.baby,Nanit,1,20169,132453.69,2207.5615,PARENTING,PARENTING,LIFESTYLE_MANAGEMENT,PARENTING,PARENTING,,
com.nanit.lite,Sound and Light,1,27,193.671,3.22785,PARENTING,PARENTING,LIFESTYLE_MANAGEMENT,PARENTING,PARENTING,,
com.naraorganics.nara,Nara Baby,1,53,215.309,3.58848333,PARENTING,PARENTING,LIFESTYLE_MANAGEMENT,PARENTING,PARENTING,,
com.nighp.babytracker_android,Baby Tracker,1,809,8285.41699,138.090283,PARENTING,PARENTING,LIFESTYLE_MANAGEMENT,PARENTING,PARENTING,,
com.openlattice.chronicle,chronicle,1,15204,0,0,PARENTING,PRODUCTIVITY,PRODUCTIVITY_AND_BUSINESS,PRODUCTIVITY,RESEARCH,,
com.pathwaysapp,"Pathways.org, Pathways.org Baby Milestones",2,40,0,0,PARENTING,PARENTING,LIFESTYLE_MANAGEMENT,PARENTING,PARENTING,,
com.pg.clubpampers.android.us,Pampers Club,1,758,4494.874,74.9145666,PARENTING,SHOPPING,LIFESTYLE_MANAGEMENT,SHOPPING,SHOPPING,PARENTING,
com.preggieapp.preggie,mom.life,1,95,4769.609,79.4934833,PARENTING,PARENTING,LIFESTYLE_MANAGEMENT,PARENTING,PARENTING,,
com.rb.enfamil,Enfamil,1,35,1.855,0.03091667,PARENTING,SHOPPING,LIFESTYLE_MANAGEMENT,SHOPPING,SHOPPING,PARENTING,
com.securly.pnphub,Securly Home,1,7,12.017,0.20028333,PARENTING,HOUSE_AND_HOME,LIFESTYLE_MANAGEMENT,HOUSE_AND_HOME,HOUSE_AND_HOME,,
com.sittercity,Sittercity,1,242,763.905,12.73175,PARENTING,PARENTING,LIFESTYLE_MANAGEMENT,PARENTING,PARENTING,WORK,
com.tinybeans,"Tinybeans, com.tinybeans",2,626,2631.48799,43.8581332,PARENTING,PHOTOGRAPHY,ARTS_AND_LEISURE,PHOTO_AND_VIDEO,PHOTO_AND_VIDEO,PARENTING,
com.urbandroid.babysleep,Baby Sleep,1,130,56.517,0.94195,PARENTING,PARENTING,LIFESTYLE_MANAGEMENT,PARENTING,PARENTING,HEALTH_AND_FITNESS,
com.wte.view,What to Expect,1,947,2928.447,48.80745,PARENTING,PARENTING,LIFESTYLE_MANAGEMENT,PARENTING,PARENTING,,
com.xogrp.thebump,The Bump,1,495,9169.822,152.830367,PARENTING,PARENTING,LIFESTYLE_MANAGEMENT,PARENTING,PARENTING,,
org.blubblub.app.speechblubs,Speech Blubs,1,241,2717.154,45.2859,PARENTING,EDUCATION,KNOWLEDGE_AND_INFORMATION,KNOWLEDGE_SEEKING,LEARNING,,KIDS
ru.drivepixels.babyname,BabyName,1,59,459.626,7.66043333,PARENTING,PARENTING,LIFESTYLE_MANAGEMENT,PARENTING,PARENTING,,
ru.mimizavr.brush.teeth,Mimizaur,1,26,829.291,13.8215167,PARENTING,PARENTING,LIFESTYLE_MANAGEMENT,PARENTING,PARENTING,HEALTH_AND_FITNESS,KIDS
us.mitene,FamilyAlbum,1,8208,96719.811,1611.99685,PARENTING,PHOTOGRAPHY,ARTS_AND_LEISURE,PHOTO_AND_VIDEO,PHOTO_AND_VIDEO,PARENTING,
yducky.application.babytime,BabyTime,1,437,1787.257,29.7876167,PARENTING,PARENTING,LIFESTYLE_MANAGEMENT,PARENTING,PARENTING,,
com.android.thememanager,Themes,1,377,1891.775,31.5295833,PERSONALIZATION,TOOLS,UTILITIES,UTILITIES,UTILITIES,,
com.android.wallpaperpicker,com.android.wallpaperpicker,1,28,490.775,8.17958333,PERSONALIZATION,TOOLS,UTILITIES,UTILITIES,UTILITIES,,
com.coloros.assistantscreen,"Shelf, Smart Assistant",2,191,602.148998,10.0358166,PERSONALIZATION,TOOLS,UTILITIES,UTILITIES,UTILITIES,,
com.facemoji.lite.xiaomi,Emoji&Font Keyboard,1,101,6.653,0.11088333,PERSONALIZATION,TOOLS,UTILITIES,UTILITIES,UTILITIES,,
com.google.android.apps.wallpaper,"Styles & wallpapers, Wallpaper & style, com.google.android.apps.wallpaper",3,513,635.917997,10.5986333,PERSONALIZATION,TOOLS,UTILITIES,UTILITIES,UTILITIES,,
com.heytap.themestore,Theme Store,1,11,15.839,0.26398333,PERSONALIZATION,TOOLS,UTILITIES,UTILITIES,UTILITIES,,
com.meamobile.photoprintsnow,PhotoPrintsNow,1,242,955.561995,15.9260333,PERSONALIZATION,PHOTOGRAPHY,ARTS_AND_LEISURE,PHOTO_AND_VIDEO,PHOTO_AND_VIDEO,,
com.microsoft.launcher,"Microsoft Launcher, com.microsoft.launcher",2,2789,9869.75699,164.49595,PERSONALIZATION,TOOLS,UTILITIES,UTILITIES,UTILITIES,,
com.miui.android.fashiongallery,Wallpaper Carousel,1,2440,1638.065,27.3010833,PERSONALIZATION,TOOLS,UTILITIES,UTILITIES,UTILITIES,,
com.motorola.actions,"Acciones Moto y Gestos, Moto Actions, Moto Actions and Gestures, com.motorola.actions",4,396,36.53,0.60883333,PERSONALIZATION,TOOLS,UTILITIES,UTILITIES,UTILITIES,,
com.motorola.livewallpaper3,"Fondos interactivos, Interactive wallpapers, com.motorola.livewallpaper3",3,66,59.955998,0.99926663,PERSONALIZATION,TOOLS,UTILITIES,UTILITIES,UTILITIES,,
com.motorola.moto,"Moto, com.motorola.moto",2,4068,109.744999,1.82908332,PERSONALIZATION,SHOPPING,LIFESTYLE_MANAGEMENT,SHOPPING,SHOPPING,,
com.nimcmobile,NIMC Personal ID,1,119,1426.216,23.7702667,PERSONALIZATION,TOOLS,UTILITIES,UTILITIES,UTILITIES,,
com.samsung.android.themestore,"Galaxy Themes, com.samsung.android.themestore",2,1292,387.013,6.45021667,PERSONALIZATION,TOOLS,UTILITIES,UTILITIES,UTILITIES,,
com.synology.projectkailash,Photos,1,1709,0,0,PERSONALIZATION,PHOTOGRAPHY,ARTS_AND_LEISURE,PHOTO_AND_VIDEO,PHOTO_AND_VIDEO,,
com.teslacoilsw.launcher,"Nova Launcher, Nova7, com.teslacoilsw.launcher",3,74969,230265.334,3837.75557,PERSONALIZATION,TOOLS,UTILITIES,UTILITIES,UTILITIES,,
com.touchtype.swiftkey,"Microsoft SwiftKey Keyboard, Teclado Microsoft SwiftKey",2,2556,4.182,0.0697,PERSONALIZATION,TOOLS,UTILITIES,UTILITIES,UTILITIES,,
com.transsion.hilauncher,HiOS Launcher,1,612,4534.967,75.5827833,PERSONALIZATION,TOOLS,UTILITIES,UTILITIES,UTILITIES,,
com.transsion.XOSLauncher,XOS Launcher,1,89,440.584998,7.3430833,PERSONALIZATION,TOOLS,UTILITIES,UTILITIES,UTILITIES,,
com.yandex.browser,Browser,1,229,1878.59097,31.3098494,PERSONALIZATION,PRODUCTIVITY,KNOWLEDGE_AND_INFORMATION,INFORMATION_SEEKING,BROWSER,,
org.kustom.widget,Kustom Widget,1,197,442.182995,7.36971658,PERSONALIZATION,TOOLS,UTILITIES,UTILITIES,UTILITIES,,
com.amazon.clouddrive.photos,"Amazon Photos, com.amazon.clouddrive.photos",2,10313,7466.72398,124.4454,PHOTOGRAPHY,PHOTOGRAPHY,ARTS_AND_LEISURE,PHOTO_AND_VIDEO,PHOTO_AND_VIDEO,,
com.android.camera,Camera,1,2361,18115.407,301.92345,PHOTOGRAPHY,PHOTOGRAPHY,ARTS_AND_LEISURE,PHOTO_AND_VIDEO,PHOTO_AND_VIDEO,,
com.android.gallery3d,Gallery,1,108,1423.297,23.7216167,PHOTOGRAPHY,PHOTOGRAPHY,ARTS_AND_LEISURE,PHOTO_AND_VIDEO,PHOTO_AND_VIDEO,,
com.camerasideas.instashot,InShot,1,20,0.743,0.01238333,PHOTOGRAPHY,PHOTOGRAPHY,ARTS_AND_LEISURE,PHOTO_AND_VIDEO,PHOTO_AND_VIDEO,,
com.cardinalblue.piccollage.google,PicCollage,1,91,701.795999,11.6966,PHOTOGRAPHY,PHOTOGRAPHY,ARTS_AND_LEISURE,PHOTO_AND_VIDEO,PHOTO_AND_VIDEO,,
com.creedon.Nixplay,Nixplay,1,96,425.471995,7.09119992,PHOTOGRAPHY,PHOTOGRAPHY,ARTS_AND_LEISURE,PHOTO_AND_VIDEO,PHOTO_AND_VIDEO,,
com.cyberlink.photodirector,PhotoDirector,1,114,318.865,5.31441667,PHOTOGRAPHY,PHOTOGRAPHY,ARTS_AND_LEISURE,PHOTO_AND_VIDEO,PHOTO_AND_VIDEO,,
com.google.android.apps.photos,"Fotos, Photos, com.google.android.apps.photos",3,96545,855933.579,14265.5597,PHOTOGRAPHY,PHOTOGRAPHY,ARTS_AND_LEISURE,PHOTO_AND_VIDEO,PHOTO_AND_VIDEO,,
com.google.android.apps.photos.scanner,PhotoScan,1,44,303.867,5.06445,PHOTOGRAPHY,PHOTOGRAPHY,ARTS_AND_LEISURE,PHOTO_AND_VIDEO,PHOTO_AND_VIDEO,,
com.google.android.apps.photosgo,"Gallery, Gallery Go",2,77,8676.083,144.601383,PHOTOGRAPHY,PHOTOGRAPHY,ARTS_AND_LEISURE,PHOTO_AND_VIDEO,PHOTO_AND_VIDEO,,
com.google.android.GoogleCamera,"Camera, com.google.android.GoogleCamera",2,54779,339169.926,5652.8321,PHOTOGRAPHY,PHOTOGRAPHY,ARTS_AND_LEISURE,PHOTO_AND_VIDEO,PHOTO_AND_VIDEO,,
com.handycloset.android.photolayers,PhotoLayers,1,157,859.849,14.3308167,PHOTOGRAPHY,PHOTOGRAPHY,ARTS_AND_LEISURE,PHOTO_AND_VIDEO,PHOTO_AND_VIDEO,,
com.huawei.camera,Camera,1,54,1580.698,26.3449667,PHOTOGRAPHY,PHOTOGRAPHY,ARTS_AND_LEISURE,PHOTO_AND_VIDEO,PHOTO_AND_VIDEO,,
com.las.collage.maker,Photo Collage Maker,1,69,272.28,4.538,PHOTOGRAPHY,PHOTOGRAPHY,ARTS_AND_LEISURE,PHOTO_AND_VIDEO,PHOTO_AND_VIDEO,,
com.lightricks.facetune.free,Facetune,1,49,186.783,3.11305,PHOTOGRAPHY,PHOTOGRAPHY,ARTS_AND_LEISURE,PHOTO_AND_VIDEO,PHOTO_AND_VIDEO,,
com.linecorp.b612.android,B612,1,89,241.024999,4.01708332,PHOTOGRAPHY,PHOTOGRAPHY,ARTS_AND_LEISURE,PHOTO_AND_VIDEO,PHOTO_AND_VIDEO,AI_CHATBOT,
com.miui.gallery,Gallery,1,3831,20930.214,348.8369,PHOTOGRAPHY,PHOTOGRAPHY,ARTS_AND_LEISURE,PHOTO_AND_VIDEO,PHOTO_AND_VIDEO,,
com.miui.mediaeditor,Gallery Editor,1,461,1731.007,28.8501167,PHOTOGRAPHY,PHOTOGRAPHY,ARTS_AND_LEISURE,PHOTO_AND_VIDEO,PHOTO_AND_VIDEO,,
com.motorola.camera2,"Camera, com.motorola.camera2",2,1376,10740.431,179.007183,PHOTOGRAPHY,PHOTOGRAPHY,ARTS_AND_LEISURE,PHOTO_AND_VIDEO,PHOTO_AND_VIDEO,,
com.motorola.camera3,C‚àö¬∞mara,1,86,701.254,11.6875667,PHOTOGRAPHY,PHOTOGRAPHY,ARTS_AND_LEISURE,PHOTO_AND_VIDEO,PHOTO_AND_VIDEO,,
com.motorola.cameraone,Camera,1,122,775.139981,12.9189997,PHOTOGRAPHY,PHOTOGRAPHY,ARTS_AND_LEISURE,PHOTO_AND_VIDEO,PHOTO_AND_VIDEO,,
com.motorola.motcameradesktop,"Configuraci‚àö‚â•n de escritorio de la c‚àö¬∞mara, Ready For Video",2,457,0,0,PHOTOGRAPHY,PHOTOGRAPHY,ARTS_AND_LEISURE,PHOTO_AND_VIDEO,PHOTO_AND_VIDEO,,
com.mt.mtxx.mtxx,Meitu,1,58,255.591995,4.25986658,PHOTOGRAPHY,PHOTOGRAPHY,ARTS_AND_LEISURE,PHOTO_AND_VIDEO,PHOTO_AND_VIDEO,,
com.myos.camera,Camera,1,469,5448.96699,90.8161164,PHOTOGRAPHY,PHOTOGRAPHY,ARTS_AND_LEISURE,PHOTO_AND_VIDEO,PHOTO_AND_VIDEO,,
com.nikon.snapbridge.cmru,SnapBridge,1,128,4228.241,70.4706833,PHOTOGRAPHY,PHOTOGRAPHY,ARTS_AND_LEISURE,PHOTO_AND_VIDEO,PHOTO_AND_VIDEO,,
com.niksoftware.snapseed,Snapseed,1,170,814.825997,13.5804333,PHOTOGRAPHY,PHOTOGRAPHY,ARTS_AND_LEISURE,PHOTO_AND_VIDEO,PHOTO_AND_VIDEO,,
com.oneplus.gallery,Photos,1,2815,23350.354,389.172567,PHOTOGRAPHY,PHOTOGRAPHY,ARTS_AND_LEISURE,PHOTO_AND_VIDEO,PHOTO_AND_VIDEO,,
com.oplus.camera,Camera,1,4659,27034.809,450.58015,PHOTOGRAPHY,PHOTOGRAPHY,ARTS_AND_LEISURE,PHOTO_AND_VIDEO,PHOTO_AND_VIDEO,,
com.oppo.camera,Camera,1,147,1257.273,20.95455,PHOTOGRAPHY,PHOTOGRAPHY,ARTS_AND_LEISURE,PHOTO_AND_VIDEO,PHOTO_AND_VIDEO,,
com.photoaffections.freeprints,FreePrints,1,93,1244.84,20.7473333,PHOTOGRAPHY,PHOTOGRAPHY,ARTS_AND_LEISURE,PHOTO_AND_VIDEO,PHOTO_AND_VIDEO,,
com.photoroom.app,"PhotoRoom, Photoroom",2,34,158.227,2.63711667,PHOTOGRAPHY,PHOTOGRAPHY,ARTS_AND_LEISURE,PHOTO_AND_VIDEO,PHOTO_AND_VIDEO,,
com.picmax.cupace,Cupace,1,331,1762.382,29.3730333,PHOTOGRAPHY,PHOTOGRAPHY,ARTS_AND_LEISURE,PHOTO_AND_VIDEO,PHOTO_AND_VIDEO,,
com.picsart.studio,Picsart,1,30,0,0,PHOTOGRAPHY,PHOTOGRAPHY,ARTS_AND_LEISURE,PHOTO_AND_VIDEO,PHOTO_AND_VIDEO,,
com.pixlr.express,Pixlr,1,89,69.225,1.15375,PHOTOGRAPHY,PHOTOGRAPHY,ARTS_AND_LEISURE,PHOTO_AND_VIDEO,PHOTO_AND_VIDEO,,
com.samsung.android.app.dressroom,"Fondo de pantalla y estilo, Fondos de pantalla, Wallpaper and style, Wallpapers",4,799,7092.504,118.2084,PHOTOGRAPHY,TOOLS,UTILITIES,UTILITIES,UTILITIES,,
com.samsung.android.app.smartcapture,"Captura de Samsung, Samsung capture",2,6569,1892.401,31.5400167,PHOTOGRAPHY,PHOTOGRAPHY,ARTS_AND_LEISURE,PHOTO_AND_VIDEO,PHOTO_AND_VIDEO,,
com.samsung.android.video,"Reproductor de video, Video Player",2,996,23156.818,385.946967,PHOTOGRAPHY,PHOTOGRAPHY,ARTS_AND_LEISURE,PHOTO_AND_VIDEO,PHOTO_AND_VIDEO,,
com.samsung.android.videolist,Video,1,254,697.748,11.6291333,PHOTOGRAPHY,PHOTOGRAPHY,ARTS_AND_LEISURE,PHOTO_AND_VIDEO,PHOTO_AND_VIDEO,,
com.samsung.android.visionintelligence,Bixby Vision,1,1178,420.984,7.0164,PHOTOGRAPHY,PRODUCTIVITY,KNOWLEDGE_AND_INFORMATION,INFORMATION_SEEKING,AI_CHATBOT,PHOTO_AND_VIDEO,
com.samsung.app.newtrim,"Editor Lite, Video Trimmer, Video trimmer",3,226,840.526,14.0087667,PHOTOGRAPHY,PHOTOGRAPHY,ARTS_AND_LEISURE,PHOTO_AND_VIDEO,PHOTO_AND_VIDEO,,
com.sec.android.app.camera,"Camera, C‚àö¬∞mara",2,44166,259288.327,4321.47212,PHOTOGRAPHY,PHOTOGRAPHY,ARTS_AND_LEISURE,PHOTO_AND_VIDEO,PHOTO_AND_VIDEO,,
com.sec.android.app.ve.vebgm,"Samsung Editing Assets, Select background music",2,240,422.526,7.0421,PHOTOGRAPHY,PHOTOGRAPHY,ARTS_AND_LEISURE,PHOTO_AND_VIDEO,PHOTO_AND_VIDEO,,
com.sec.android.gallery3d,"Galer‚àö‚â†a, Gallery",2,23945,246547.939,4109.13232,PHOTOGRAPHY,PHOTOGRAPHY,ARTS_AND_LEISURE,PHOTO_AND_VIDEO,PHOTO_AND_VIDEO,,
com.sec.android.mimage.photoretouching,"Editor de im‚àö¬∞genes, Photo Editor",2,1914,25259.219,420.986983,PHOTOGRAPHY,PHOTOGRAPHY,ARTS_AND_LEISURE,PHOTO_AND_VIDEO,PHOTO_AND_VIDEO,,
com.shutterfly,"Shutterfly, com.shutterfly",2,1206,3678.39698,61.3066164,PHOTOGRAPHY,PHOTOGRAPHY,ARTS_AND_LEISURE,PHOTO_AND_VIDEO,PHOTO_AND_VIDEO,SHOPPING,
com.simplemobiletools.gallery.pro,Gallery,1,405,1907.45798,31.7909663,PHOTOGRAPHY,PHOTOGRAPHY,ARTS_AND_LEISURE,PHOTO_AND_VIDEO,PHOTO_AND_VIDEO,,
com.sincerely.android.ink,Ink Cards,1,56,1089.689,18.1614833,PHOTOGRAPHY,PHOTOGRAPHY,ARTS_AND_LEISURE,PHOTO_AND_VIDEO,PHOTO_AND_VIDEO,SHOPPING,
com.skylightframe.mobile,Skylight,1,11,23.409,0.39015,PHOTOGRAPHY,PHOTOGRAPHY,ARTS_AND_LEISURE,PHOTO_AND_VIDEO,PHOTO_AND_VIDEO,PARENTING,
com.snapfish.mobile,"Snapfish, com.snapfish.mobile",2,17,0,0,PHOTOGRAPHY,PHOTOGRAPHY,ARTS_AND_LEISURE,PHOTO_AND_VIDEO,PHOTO_AND_VIDEO,SHOPPING,
com.sony.playmemories.mobile,Imaging Edge,1,62,237.198,3.9533,PHOTOGRAPHY,PHOTOGRAPHY,ARTS_AND_LEISURE,PHOTO_AND_VIDEO,PHOTO_AND_VIDEO,,
com.video.fun.app,VidMate,1,956,772.326999,12.8721167,PHOTOGRAPHY,PHOTOGRAPHY,ARTS_AND_LEISURE,PHOTO_AND_VIDEO,PHOTO_AND_VIDEO,,
com.vsco.cam,VSCO,1,56,0,0,PHOTOGRAPHY,SOCIAL,SOCIAL,BROADCAST_SOCIAL,SOCIAL_MEDIA,PHOTO_AND_VIDEO,
com.wingos.wingcamera,C‚àö¬∞mara,1,122,995.694,16.5949,PHOTOGRAPHY,PHOTOGRAPHY,ARTS_AND_LEISURE,PHOTO_AND_VIDEO,PHOTO_AND_VIDEO,,
djifly.drone.gofly,Go Fly for Drone,1,113,313.863996,5.2310666,PHOTOGRAPHY,HOUSE_AND_HOME,LIFESTYLE_MANAGEMENT,HOUSE_AND_HOME,HOUSE_AND_HOME,,
io.faceapp,FaceApp,1,125,1065.612,17.7602,PHOTOGRAPHY,PHOTOGRAPHY,ARTS_AND_LEISURE,PHOTO_AND_VIDEO,PHOTO_AND_VIDEO,AI_CHATBOT,
net.frameo.app,Frameo,1,34,235.005,3.91675,PHOTOGRAPHY,PHOTOGRAPHY,ARTS_AND_LEISURE,PHOTO_AND_VIDEO,PHOTO_AND_VIDEO,,
photo.editor.photoeditor.photoeditorpro,Photo Editor Pro - Polish,1,36,102.893,1.71488333,PHOTOGRAPHY,PHOTOGRAPHY,ARTS_AND_LEISURE,PHOTO_AND_VIDEO,PHOTO_AND_VIDEO,,
photocollage.photoeditor.collagemaker,InCollage - Collage Maker,1,16,16.989,0.28315,PHOTOGRAPHY,PHOTOGRAPHY,ARTS_AND_LEISURE,PHOTO_AND_VIDEO,PHOTO_AND_VIDEO,,
photoeditor.layout.collagemaker,"Collage Maker - GridArt, Foto Collage - GridArt",2,149,849.434,14.1572333,PHOTOGRAPHY,PHOTOGRAPHY,ARTS_AND_LEISURE,PHOTO_AND_VIDEO,PHOTO_AND_VIDEO,,
photoeditor.piccollage.grid.collagemaker,FunPic,1,222,1157.932,19.2988666,PHOTOGRAPHY,PHOTOGRAPHY,ARTS_AND_LEISURE,PHOTO_AND_VIDEO,PHOTO_AND_VIDEO,,
ai.perplexity.app.android,Perplexity,1,16,78.89,1.31483333,PRODUCTIVITY,PRODUCTIVITY,KNOWLEDGE_AND_INFORMATION,INFORMATION_SEEKING,AI_CHATBOT,,
cn.wps.moffice_eng,WPS Office,1,5029,156628.636,2610.47727,PRODUCTIVITY,PRODUCTIVITY,PRODUCTIVITY_AND_BUSINESS,PRODUCTIVITY,PRODUCTIVITY,,
com.adobe.reader,"Acrobat for Samsung, Adobe Acrobat, com.adobe.reader",3,1696,25151.572,419.192866,PRODUCTIVITY,PRODUCTIVITY,PRODUCTIVITY_AND_BUSINESS,PRODUCTIVITY,PRODUCTIVITY,,
com.aisense.otter,Otter,1,25,5.182,0.08636667,PRODUCTIVITY,PRODUCTIVITY,PRODUCTIVITY_AND_BUSINESS,PRODUCTIVITY,PRODUCTIVITY,AI_CHATBOT,
com.android.calendar,Calendar,1,384,1985.249,33.0874833,PRODUCTIVITY,PRODUCTIVITY,PRODUCTIVITY_AND_BUSINESS,PRODUCTIVITY,PRODUCTIVITY,,
com.android.printspooler,"Cola de impresi‚àö‚â•n, Print Spooler, Print processing service, com.android.printspooler",4,2028,2449.823,40.8303833,PRODUCTIVITY,PRODUCTIVITY,PRODUCTIVITY_AND_BUSINESS,PRODUCTIVITY,PRODUCTIVITY,,
com.appgenix.bizcal,Business Calendar,1,186,977.766,16.2961,PRODUCTIVITY,PRODUCTIVITY,PRODUCTIVITY_AND_BUSINESS,PRODUCTIVITY,PRODUCTIVITY,,
com.appswing.qr.barcodescanner.barcodereader,QR Reader,1,70,17.792,0.29653333,PRODUCTIVITY,PRODUCTIVITY,PRODUCTIVITY_AND_BUSINESS,PRODUCTIVITY,PRODUCTIVITY,,
com.argosy_app,Argosy QR,1,70,408.261997,6.80436662,PRODUCTIVITY,PRODUCTIVITY,PRODUCTIVITY_AND_BUSINESS,PRODUCTIVITY,PRODUCTIVITY,,
com.att.shm,Smart Home Manager,1,210,7051.925,117.532083,PRODUCTIVITY,HOUSE_AND_HOME,LIFESTYLE_MANAGEMENT,HOUSE_AND_HOME,HOUSE_AND_HOME,,
com.basecamp.bc3,Basecamp,1,370,2601.415,43.3569167,PRODUCTIVITY,COMMUNICATION,COMMUNICATION,INTERPERSONAL_COMMUNICATION,COLLABORATIVE_COMMUNICATION,,
com.befamily.app,BeFamily,1,49,99.039,1.65065,PRODUCTIVITY,PARENTING,LIFESTYLE_MANAGEMENT,PARENTING,PARENTING,PRODUCTIVITY,
com.burockgames.timeclocker,StayFree,1,181,180.84299,3.01404983,PRODUCTIVITY,HEALTH_AND_FITNESS,LIFESTYLE_MANAGEMENT,HEALTH,SCREEN_TIME,,
com.butterflymx.butterflymx,ButterflyMX,1,27,38.826999,0.64711665,PRODUCTIVITY,HOUSE_AND_HOME,LIFESTYLE_MANAGEMENT,HOUSE_AND_HOME,HOUSE_AND_HOME,,
com.coffeebeanventures.easyvoicerecorder,Easy Voice Recorder,1,283,2295.881,38.2646833,PRODUCTIVITY,PRODUCTIVITY,PRODUCTIVITY_AND_BUSINESS,PRODUCTIVITY,PRODUCTIVITY,,
com.coloros.gallery3d,Photos,1,2053,24199.028,403.317133,PRODUCTIVITY,PHOTOGRAPHY,ARTS_AND_LEISURE,PHOTO_AND_VIDEO,PHOTO_AND_VIDEO,,
com.cox.android.mobileconnect,Cox,1,101,1692.091,28.2015167,PRODUCTIVITY,HOUSE_AND_HOME,LIFESTYLE_MANAGEMENT,HOUSE_AND_HOME,HOUSE_AND_HOME,,
com.cozi.androidfree,Cozi,1,318,1428.06199,23.8010332,PRODUCTIVITY,PARENTING,LIFESTYLE_MANAGEMENT,PARENTING,PARENTING,PRODUCTIVITY,
com.dencreak.dlcalculator,ClevCalc,1,18,12.69,0.2115,PRODUCTIVITY,PRODUCTIVITY,PRODUCTIVITY_AND_BUSINESS,PRODUCTIVITY,PRODUCTIVITY,,
com.docusign.ink,"DocuSign, Docusign",2,255,422.44,7.04066667,PRODUCTIVITY,PRODUCTIVITY,PRODUCTIVITY_AND_BUSINESS,PRODUCTIVITY,PRODUCTIVITY,,
com.dropbox.android,"Dropbox, com.dropbox.android",2,976,3822.74599,63.7124332,PRODUCTIVITY,PRODUCTIVITY,PRODUCTIVITY_AND_BUSINESS,PRODUCTIVITY,PRODUCTIVITY,,
com.fitness.debugger,DeFit,1,550,8042.13398,134.035566,PRODUCTIVITY,HEALTH_AND_FITNESS,LIFESTYLE_MANAGEMENT,HEALTH,HEALTH_AND_FITNESS,,
com.gemalto.mpassplus,MobilePASS+,1,38,91.170999,1.51951665,PRODUCTIVITY,PRODUCTIVITY,PRODUCTIVITY_AND_BUSINESS,PRODUCTIVITY,PRODUCTIVITY,,
com.google.android.apps.bard,Gemini,1,85,1.202,0.02003333,PRODUCTIVITY,PRODUCTIVITY,KNOWLEDGE_AND_INFORMATION,INFORMATION_SEEKING,AI_CHATBOT,,
com.google.android.apps.docs,"Drive, com.google.android.apps.docs",2,18692,158397.162,2639.9527,PRODUCTIVITY,PRODUCTIVITY,PRODUCTIVITY_AND_BUSINESS,PRODUCTIVITY,PRODUCTIVITY,,
com.google.android.apps.docs.editors.docs,"Docs, Documentos, com.google.android.apps.docs.editors.docs",3,5020,43001.1079,716.685132,PRODUCTIVITY,PRODUCTIVITY,PRODUCTIVITY_AND_BUSINESS,PRODUCTIVITY,PRODUCTIVITY,,
com.google.android.apps.docs.editors.sheets,"Hojas de c‚àö¬∞lculo, Sheets, com.google.android.apps.docs.editors.sheets",3,5226,44907.3769,748.456282,PRODUCTIVITY,PRODUCTIVITY,PRODUCTIVITY_AND_BUSINESS,PRODUCTIVITY,PRODUCTIVITY,,
com.google.android.apps.docs.editors.slides,"Diapositivas, Slides, com.google.android.apps.docs.editors.slides",3,657,2655.616,44.2602666,PRODUCTIVITY,PRODUCTIVITY,PRODUCTIVITY_AND_BUSINESS,PRODUCTIVITY,PRODUCTIVITY,,
com.google.android.apps.googleassistant,"Asistente, Assistant, com.google.android.apps.googleassistant",3,955,11.714996,0.19524993,PRODUCTIVITY,PRODUCTIVITY,KNOWLEDGE_AND_INFORMATION,INFORMATION_SEEKING,AI_CHATBOT,,
com.google.android.apps.subscriptions.red,"Google One, com.google.android.apps.subscriptions.red",2,1222,2067.949,34.4658166,PRODUCTIVITY,PRODUCTIVITY,PRODUCTIVITY_AND_BUSINESS,PRODUCTIVITY,PRODUCTIVITY,,
com.google.android.apps.tasks,Tasks,1,568,98.036998,1.63394997,PRODUCTIVITY,PRODUCTIVITY,PRODUCTIVITY_AND_BUSINESS,PRODUCTIVITY,PRODUCTIVITY,,
com.google.android.calendar,"Calendar, Calendario, com.google.android.calendar",3,93908,264992.5,4416.54166,PRODUCTIVITY,PRODUCTIVITY,PRODUCTIVITY_AND_BUSINESS,PRODUCTIVITY,PRODUCTIVITY,,
com.google.android.documentsui,"Archivos, Files, com.google.android.documentsui",3,6160,10902.58,181.709666,PRODUCTIVITY,PRODUCTIVITY,PRODUCTIVITY_AND_BUSINESS,PRODUCTIVITY,PRODUCTIVITY,,
com.google.android.go.documentsui,Files,1,85,412.058999,6.86764998,PRODUCTIVITY,PRODUCTIVITY,PRODUCTIVITY_AND_BUSINESS,PRODUCTIVITY,PRODUCTIVITY,,
com.google.android.keep,"Keep Notes, Keep notes, com.google.android.keep",3,7960,105074.205,1751.23675,PRODUCTIVITY,PRODUCTIVITY,PRODUCTIVITY_AND_BUSINESS,PRODUCTIVITY,PRODUCTIVITY,,
com.google.android.markup,"Markup, com.google.android.markup",2,719,3990.40099,66.5066831,PRODUCTIVITY,PRODUCTIVITY,PRODUCTIVITY_AND_BUSINESS,PRODUCTIVITY,PRODUCTIVITY,,
com.grammarly.android.keyboard,"Grammarly, com.grammarly.android.keyboard",2,365,1.636,0.02726667,PRODUCTIVITY,PRODUCTIVITY,PRODUCTIVITY_AND_BUSINESS,PRODUCTIVITY,PRODUCTIVITY,AI_CHATBOT,
com.habitrpg.android.habitica,Habitica,1,548,2306.465,38.4410833,PRODUCTIVITY,PRODUCTIVITY,PRODUCTIVITY_AND_BUSINESS,PRODUCTIVITY,PRODUCTIVITY,,
com.hp.android.printservice,"HP Print Service Plugin, com.hp.android.printservice",2,140,34.851,0.58085,PRODUCTIVITY,PRODUCTIVITY,PRODUCTIVITY_AND_BUSINESS,PRODUCTIVITY,PRODUCTIVITY,,
com.hp.printercontrol,"HP Smart, com.hp.printercontrol",2,145,54.933,0.91555,PRODUCTIVITY,PRODUCTIVITY,PRODUCTIVITY_AND_BUSINESS,PRODUCTIVITY,PRODUCTIVITY,,
com.icedrive.app,Icedrive,1,51,3781.673,63.0278833,PRODUCTIVITY,PRODUCTIVITY,PRODUCTIVITY_AND_BUSINESS,PRODUCTIVITY,PRODUCTIVITY,,
com.ideashower.readitlater.pro,"Pocket, com.ideashower.readitlater.pro",2,927,15348.757,255.812617,PRODUCTIVITY,PRODUCTIVITY,PRODUCTIVITY_AND_BUSINESS,PRODUCTIVITY,PRODUCTIVITY,,
com.intsig.camscanner,CamScanner,1,704,6388.44099,106.474017,PRODUCTIVITY,PRODUCTIVITY,PRODUCTIVITY_AND_BUSINESS,PRODUCTIVITY,PRODUCTIVITY,,
com.iwk.mentalhealth.prosit,"PROSIT, com.iwk.mentalhealth.prosit",2,557,351.462998,5.85771663,PRODUCTIVITY,PRODUCTIVITY,PRODUCTIVITY_AND_BUSINESS,PRODUCTIVITY,RESEARCH,,
com.jabra.moments,Sound+,1,820,0,0,PRODUCTIVITY,HOUSE_AND_HOME,LIFESTYLE_MANAGEMENT,HOUSE_AND_HOME,HOUSE_AND_HOME,,
com.kidcheck.mobile,KidCheck,1,1030,4485.03895,74.7506492,PRODUCTIVITY,PARENTING,LIFESTYLE_MANAGEMENT,PARENTING,PARENT_CHILD_COMMUNICATION,,
com.lastpass.authenticator,Authenticator,1,57,213.930999,3.56551665,PRODUCTIVITY,PRODUCTIVITY,PRODUCTIVITY_AND_BUSINESS,PRODUCTIVITY,ONLINE_SECURITY,,
com.lastpass.lpandroid,"LastPass, com.lastpass.lpandroid",2,2711,870.398993,14.5066499,PRODUCTIVITY,PRODUCTIVITY,PRODUCTIVITY_AND_BUSINESS,PRODUCTIVITY,ONLINE_SECURITY,,
com.lge.qmemoplus,QuickMemo+,1,290,1242.45,20.7075,PRODUCTIVITY,PRODUCTIVITY,PRODUCTIVITY_AND_BUSINESS,PRODUCTIVITY,PRODUCTIVITY,,
com.maxpoliakov.skillapp,SkillApp,1,395,2639.17299,43.9862165,PRODUCTIVITY,PRODUCTIVITY,PRODUCTIVITY_AND_BUSINESS,PRODUCTIVITY,PRODUCTIVITY,,
com.microsoft.appmanager,"Enlace a Windows, Link to Windows, Your Phone Companion, com.microsoft.appmanager",4,893,47.075999,0.78459998,PRODUCTIVITY,PRODUCTIVITY,PRODUCTIVITY_AND_BUSINESS,PRODUCTIVITY,PRODUCTIVITY,,
com.microsoft.office.excel,"Excel, com.microsoft.office.excel",2,1093,14630.094,243.8349,PRODUCTIVITY,PRODUCTIVITY,PRODUCTIVITY_AND_BUSINESS,PRODUCTIVITY,PRODUCTIVITY,,
com.microsoft.office.officehubrow,"Microsoft 365 (Office), Office, com.microsoft.office.officehubrow",3,5301,48197.241,803.28735,PRODUCTIVITY,PRODUCTIVITY,PRODUCTIVITY_AND_BUSINESS,PRODUCTIVITY,PRODUCTIVITY,,
com.microsoft.office.officelens,"Lens, Microsoft Lens, com.microsoft.office.officelens",3,207,403.831997,6.73053328,PRODUCTIVITY,PRODUCTIVITY,PRODUCTIVITY_AND_BUSINESS,PRODUCTIVITY,PRODUCTIVITY,,
com.microsoft.office.onenote,"OneNote, com.microsoft.office.onenote",2,671,260.901997,4.34836662,PRODUCTIVITY,PRODUCTIVITY,PRODUCTIVITY_AND_BUSINESS,PRODUCTIVITY,PRODUCTIVITY,,
com.microsoft.office.outlook,"Outlook, com.microsoft.office.outlook",2,51806,263204.183,4386.73639,PRODUCTIVITY,COMMUNICATION,COMMUNICATION,INTERPERSONAL_COMMUNICATION,EMAIL,,
com.microsoft.office.powerpoint,"PowerPoint, com.microsoft.office.powerpoint",2,48,15.521999,0.25869998,PRODUCTIVITY,PRODUCTIVITY,PRODUCTIVITY_AND_BUSINESS,PRODUCTIVITY,PRODUCTIVITY,,
com.microsoft.office.word,"Word, com.microsoft.office.word",2,1078,2635.193,43.9198833,PRODUCTIVITY,PRODUCTIVITY,PRODUCTIVITY_AND_BUSINESS,PRODUCTIVITY,PRODUCTIVITY,,
com.microsoft.planner,"Planner, com.microsoft.planner",2,6,1.921,0.03201667,PRODUCTIVITY,PRODUCTIVITY,PRODUCTIVITY_AND_BUSINESS,PRODUCTIVITY,PRODUCTIVITY,,
com.microsoft.sharepoint,SharePoint,1,297,224.224,3.73706667,PRODUCTIVITY,PRODUCTIVITY,PRODUCTIVITY_AND_BUSINESS,PRODUCTIVITY,PRODUCTIVITY,,
com.microsoft.skydrive,"OneDrive, com.microsoft.skydrive",2,46305,10042.44,167.374,PRODUCTIVITY,PRODUCTIVITY,PRODUCTIVITY_AND_BUSINESS,PRODUCTIVITY,PRODUCTIVITY,,
com.microsoft.todos,"To Do, com.microsoft.todos",2,1006,8151.69798,135.861633,PRODUCTIVITY,PRODUCTIVITY,PRODUCTIVITY_AND_BUSINESS,PRODUCTIVITY,PRODUCTIVITY,,
com.mindefy.phoneaddiction.mobilepe,YourHour,1,52,75.222,1.2537,PRODUCTIVITY,HEALTH_AND_FITNESS,LIFESTYLE_MANAGEMENT,HEALTH,SCREEN_TIME,,
com.miui.notes,Notes,1,2553,20756.418,345.9403,PRODUCTIVITY,PRODUCTIVITY,PRODUCTIVITY_AND_BUSINESS,PRODUCTIVITY,PRODUCTIVITY,,
com.motorola.ccc.notification,"Motorola Notifications, Notificaciones de Motorola, com.motorola.ccc.notification",3,40,36.318,0.6053,PRODUCTIVITY,TOOLS,UTILITIES,UTILITIES,UTILITIES,,
com.mtentertainment.folder,Entretenimiento,1,155,17.261,0.28768333,PRODUCTIVITY,VIDEO_PLAYERS,VIDEO,VIDEO,STREAMING,,
com.mtshopping.folder,Compras,1,135,148.427,2.47378333,PRODUCTIVITY,SHOPPING,LIFESTYLE_MANAGEMENT,SHOPPING,SHOPPING,,
com.officedocument.word.docx.document.viewer,¬¨‚Ä†Office App,1,33,0,0,PRODUCTIVITY,PRODUCTIVITY,PRODUCTIVITY_AND_BUSINESS,PRODUCTIVITY,PRODUCTIVITY,,
com.okta.android.auth,Okta Verify,1,1192,1908.148,31.8024667,PRODUCTIVITY,PRODUCTIVITY,PRODUCTIVITY_AND_BUSINESS,PRODUCTIVITY,ONLINE_SECURITY,,
com.onepassword.android,1Password,1,793,1739.88897,28.9981495,PRODUCTIVITY,PRODUCTIVITY,PRODUCTIVITY_AND_BUSINESS,PRODUCTIVITY,ONLINE_SECURITY,,
com.openai.chatgpt,ChatGPT,1,93,1180.609,19.6768167,PRODUCTIVITY,PRODUCTIVITY,KNOWLEDGE_AND_INFORMATION,INFORMATION_SEEKING,AI_CHATBOT,,
com.pg.lightyear_labs,Lightyear Labs,1,99,1666.338,27.7723,PRODUCTIVITY,PRODUCTIVITY,PRODUCTIVITY_AND_BUSINESS,PRODUCTIVITY,RESEARCH,,
com.plaky.android,Plaky,1,25,379.242,6.3207,PRODUCTIVITY,PRODUCTIVITY,PRODUCTIVITY_AND_BUSINESS,PRODUCTIVITY,PRODUCTIVITY,,
com.publicstuff.west_sacramento,WS Connect,1,11,63.768,1.0628,PRODUCTIVITY,HOUSE_AND_HOME,LIFESTYLE_MANAGEMENT,HOUSE_AND_HOME,COMMUNITY_AND_PUBLIC_SERVICES,,
com.qnap.qfile,Qfile Pro,1,365,2.091,0.03485,PRODUCTIVITY,PRODUCTIVITY,PRODUCTIVITY_AND_BUSINESS,PRODUCTIVITY,PRODUCTIVITY,,
com.qnap.qmanager,Qmanager,1,4,0.592,0.00986667,PRODUCTIVITY,PRODUCTIVITY,PRODUCTIVITY_AND_BUSINESS,PRODUCTIVITY,PRODUCTIVITY,,
com.qqlabs.minimalistlauncher,minimalist phone,1,21720,35360.4377,589.340629,PRODUCTIVITY,HEALTH_AND_FITNESS,LIFESTYLE_MANAGEMENT,HEALTH,SCREEN_TIME,,
com.qrscanner.qrcodereader.barcodescanner.barcodereader,QR Scanner,1,48,60.996,1.0166,PRODUCTIVITY,PRODUCTIVITY,PRODUCTIVITY_AND_BUSINESS,PRODUCTIVITY,PRODUCTIVITY,,
com.readermobile,Reader,1,2522,6344.947,105.749117,PRODUCTIVITY,BOOKS_AND_REFERENCE,ARTS_AND_LEISURE,READING,READING,,
com.realtimeboard,Miro,1,15,320.012,5.33353333,PRODUCTIVITY,COMMUNICATION,COMMUNICATION,INTERPERSONAL_COMMUNICATION,COLLABORATIVE_COMMUNICATION,,
com.reneph.passwordsafe,Password Safe,1,29,35.559,0.59265,PRODUCTIVITY,PRODUCTIVITY,PRODUCTIVITY_AND_BUSINESS,PRODUCTIVITY,ONLINE_SECURITY,,
com.samsung.android.app.notes,"Samsung Notes, com.samsung.android.app.notes",2,9135,42093.044,701.550733,PRODUCTIVITY,PRODUCTIVITY,PRODUCTIVITY_AND_BUSINESS,PRODUCTIVITY,PRODUCTIVITY,,
com.samsung.android.calendar,"Calendar, Calendario",2,22875,67039.247,1117.32078,PRODUCTIVITY,PRODUCTIVITY,PRODUCTIVITY_AND_BUSINESS,PRODUCTIVITY,PRODUCTIVITY,,
com.samsung.android.email.provider,"Correo, Email",2,9297,56728.412,945.473533,PRODUCTIVITY,COMMUNICATION,COMMUNICATION,INTERPERSONAL_COMMUNICATION,EMAIL,,
com.samsung.android.scloud,"Samsung Cloud, Samsung account storage",2,4253,592.691,9.87818333,PRODUCTIVITY,PRODUCTIVITY,PRODUCTIVITY_AND_BUSINESS,PRODUCTIVITY,PRODUCTIVITY,,
com.sec.app.samsungprintservice,Samsung Print Service Plugin,1,78,4.371,0.07285,PRODUCTIVITY,PRODUCTIVITY,PRODUCTIVITY_AND_BUSINESS,PRODUCTIVITY,PRODUCTIVITY,,
com.securityandprivacy.android.verizon.vms,Digital Secure,1,1055,0,0,PRODUCTIVITY,PRODUCTIVITY,PRODUCTIVITY_AND_BUSINESS,PRODUCTIVITY,ONLINE_SECURITY,,
com.signnow.android,SignNow,1,97,302.283,5.03805,PRODUCTIVITY,PRODUCTIVITY,PRODUCTIVITY_AND_BUSINESS,PRODUCTIVITY,PRODUCTIVITY,,
com.smartwidgetlabs.chatgpt,AI Chat,1,17,368.435,6.14058333,PRODUCTIVITY,PRODUCTIVITY,KNOWLEDGE_AND_INFORMATION,INFORMATION_SEEKING,AI_CHATBOT,,
com.socialnmobile.dictapps.notepad.color.note,ColorNote,1,863,11291.408,188.190133,PRODUCTIVITY,PRODUCTIVITY,PRODUCTIVITY_AND_BUSINESS,PRODUCTIVITY,PRODUCTIVITY,,
com.stationdm.bluelink,MyHyundai,1,1312,3304.938,55.0823,PRODUCTIVITY,AUTO_AND_VEHICLES,LIFESTYLE_MANAGEMENT,HOUSE_AND_HOME,AUTO_AND_VEHICLES,,
com.stayfocused,Stay Focused,1,744,296.85,4.9475,PRODUCTIVITY,HEALTH_AND_FITNESS,LIFESTYLE_MANAGEMENT,HEALTH,SCREEN_TIME,,
com.swish.gamesfolder,Centro de Juegos,1,104,0,0,PRODUCTIVITY,TOOLS,UTILITIES,UTILITIES,UTILITIES,,
com.swishme.moto,MotoHub,1,244,63.409999,1.05683332,PRODUCTIVITY,ENTERTAINMENT,ARTS_AND_LEISURE,ENTERTAINMENT,ENTERTAINMENT,,
com.swishme.tracfone,Swish,1,1695,930.320987,15.5053498,PRODUCTIVITY,TOOLS,UTILITIES,UTILITIES,UTILITIES,,
com.synology.dsdrive,Drive,1,127,2.198998,0.03664997,PRODUCTIVITY,PRODUCTIVITY,PRODUCTIVITY_AND_BUSINESS,PRODUCTIVITY,PRODUCTIVITY,,
com.tdr3.hs.android,HotSchedules,1,508,3081.355,51.3559167,PRODUCTIVITY,BUSINESS,PRODUCTIVITY_AND_BUSINESS,MONEY_MAKING,WORK,,
com.teacapps.barcodescanner,"Esc‚àö¬∞ner QR, QR Scanner",2,303,979.533,16.32555,PRODUCTIVITY,PRODUCTIVITY,PRODUCTIVITY_AND_BUSINESS,PRODUCTIVITY,PRODUCTIVITY,,
com.todoist,Todoist,1,16,40.948,0.68246667,PRODUCTIVITY,PRODUCTIVITY,PRODUCTIVITY_AND_BUSINESS,PRODUCTIVITY,PRODUCTIVITY,,
com.ToDoReminder.gen,To Do Reminder,1,22,65.85,1.0975,PRODUCTIVITY,PRODUCTIVITY,PRODUCTIVITY_AND_BUSINESS,PRODUCTIVITY,PRODUCTIVITY,,
com.tracfone.generic.mysites,"MyHub, MySites",2,35,0,0,PRODUCTIVITY,TOOLS,UTILITIES,UTILITIES,UTILITIES,,
com.tracfone.net10.myaccount,My Account,1,288,2350.426,39.1737667,PRODUCTIVITY,HOUSE_AND_HOME,LIFESTYLE_MANAGEMENT,HOUSE_AND_HOME,HOUSE_AND_HOME,,
com.tracfone.preload.accountservices,Device Pulse,1,321,93.632999,1.56054998,PRODUCTIVITY,TOOLS,UTILITIES,UTILITIES,UTILITIES,,
com.transsion.filemanager,File Manager,1,6,322.929,5.38215,PRODUCTIVITY,PRODUCTIVITY,PRODUCTIVITY_AND_BUSINESS,PRODUCTIVITY,PRODUCTIVITY,,
com.transsion.phonemaster,Phone Master,1,215,2755.426,45.9237667,PRODUCTIVITY,TOOLS,UTILITIES,UTILITIES,UTILITIES,,
com.trello,"Trello, com.trello",2,274,2790.92,46.5153333,PRODUCTIVITY,PRODUCTIVITY,PRODUCTIVITY_AND_BUSINESS,PRODUCTIVITY,PRODUCTIVITY,,
com.unrollme,UnrollMe,1,9,177.287,2.95478333,PRODUCTIVITY,PRODUCTIVITY,PRODUCTIVITY_AND_BUSINESS,PRODUCTIVITY,PRODUCTIVITY,EMAIL,
com.useless.counter,Click Counter,1,70,97.593,1.62655,PRODUCTIVITY,PRODUCTIVITY,PRODUCTIVITY_AND_BUSINESS,PRODUCTIVITY,PRODUCTIVITY,,
com.usemotion.motion,Motion,1,29,160.375,2.67291667,PRODUCTIVITY,PRODUCTIVITY,KNOWLEDGE_AND_INFORMATION,INFORMATION_SEEKING,AI_CHATBOT,PRODUCTIVITY,
com.userlytics.recorder,Userlytics Recorder,1,32,72.15,1.2025,PRODUCTIVITY,BUSINESS,PRODUCTIVITY_AND_BUSINESS,MONEY_MAKING,QUICK_CASH,,
com.vcast.mediamanager,Cloud,1,635,4053.579,67.55965,PRODUCTIVITY,PRODUCTIVITY,PRODUCTIVITY_AND_BUSINESS,PRODUCTIVITY,PRODUCTIVITY,,
com.wetransfer.app.live,Collect,1,19,0.488,0.00813333,PRODUCTIVITY,SOCIAL,SOCIAL,BROADCAST_SOCIAL,SOCIAL_MEDIA,,
com.wix.admin,Wix Owner,1,46,14.697,0.24495,PRODUCTIVITY,BUSINESS,PRODUCTIVITY_AND_BUSINESS,MONEY_MAKING,WORK,,
com.wix.android,Spaces by Wix,1,51,659.446,10.9907667,PRODUCTIVITY,SOCIAL,SOCIAL,BROADCAST_SOCIAL,SOCIAL_MEDIA,,
com.wsandroid.suite.tmobile,McAfee Security,1,598,41.079,0.68465,PRODUCTIVITY,PRODUCTIVITY,PRODUCTIVITY_AND_BUSINESS,PRODUCTIVITY,ONLINE_SECURITY,,
com.x8bit.bitwarden,Bitwarden,1,590,1271.94199,21.1990332,PRODUCTIVITY,PRODUCTIVITY,PRODUCTIVITY_AND_BUSINESS,PRODUCTIVITY,ONLINE_SECURITY,,
com.xfinity.digitalhome,Xfinity,1,141,264.463,4.40771667,PRODUCTIVITY,HOUSE_AND_HOME,LIFESTYLE_MANAGEMENT,HOUSE_AND_HOME,HOUSE_AND_HOME,,
com.xiaomi.calendar,Calendar,1,519,977.671,16.2945167,PRODUCTIVITY,PRODUCTIVITY,PRODUCTIVITY_AND_BUSINESS,PRODUCTIVITY,PRODUCTIVITY,,
com.xodo.pdf.reader,Xodo,1,4,5.441,0.09068333,PRODUCTIVITY,PRODUCTIVITY,PRODUCTIVITY_AND_BUSINESS,PRODUCTIVITY,PRODUCTIVITY,,
edu.missouri.cs.tigeraware,TigerAware,1,23,13.461,0.22435,PRODUCTIVITY,PRODUCTIVITY,PRODUCTIVITY_AND_BUSINESS,PRODUCTIVITY,RESEARCH,,
gov.wisconsin.wic.mywic,MyWIC,1,29,30.219,0.50365,PRODUCTIVITY,HOUSE_AND_HOME,LIFESTYLE_MANAGEMENT,HOUSE_AND_HOME,COMMUNITY_AND_PUBLIC_SERVICES,SHOPPING,
md.obsidian,Obsidian,1,119,1439.456,23.9909333,PRODUCTIVITY,PRODUCTIVITY,PRODUCTIVITY_AND_BUSINESS,PRODUCTIVITY,PRODUCTIVITY,,
me.clockify.android,Clockify,1,24,241.061,4.01768333,PRODUCTIVITY,PRODUCTIVITY,PRODUCTIVITY_AND_BUSINESS,PRODUCTIVITY,PRODUCTIVITY,,
me.gira.widget.countdown,Countdown Widget,1,60,101.049,1.68415,PRODUCTIVITY,PRODUCTIVITY,PRODUCTIVITY_AND_BUSINESS,PRODUCTIVITY,PRODUCTIVITY,,
me.id.auth,Authenticator,1,63,95.058,1.5843,PRODUCTIVITY,PRODUCTIVITY,PRODUCTIVITY_AND_BUSINESS,PRODUCTIVITY,ONLINE_SECURITY,,
ng.mtn.nextgen,myMTN NG,1,479,3096.986,51.6164333,PRODUCTIVITY,HOUSE_AND_HOME,LIFESTYLE_MANAGEMENT,HOUSE_AND_HOME,HOUSE_AND_HOME,,
notion.id,Notion,1,32,35.146999,0.58578332,PRODUCTIVITY,PRODUCTIVITY,PRODUCTIVITY_AND_BUSINESS,PRODUCTIVITY,PRODUCTIVITY,,
notizen.basic.notes.notas.note.notepad,BasicNote,1,861,4408.32395,73.4720658,PRODUCTIVITY,PRODUCTIVITY,PRODUCTIVITY_AND_BUSINESS,PRODUCTIVITY,PRODUCTIVITY,,
np.com.njs.autophotos,Passport Photo Editor,1,225,1025.729,17.0954833,PRODUCTIVITY,PHOTOGRAPHY,ARTS_AND_LEISURE,PHOTO_AND_VIDEO,PHOTO_AND_VIDEO,,
org.isoron.uhabits,Habits,1,295,165.423995,2.75706658,PRODUCTIVITY,PRODUCTIVITY,PRODUCTIVITY_AND_BUSINESS,PRODUCTIVITY,PRODUCTIVITY,,
org.tasks,Tasks,1,447,2.431,0.04051667,PRODUCTIVITY,PRODUCTIVITY,PRODUCTIVITY_AND_BUSINESS,PRODUCTIVITY,PRODUCTIVITY,,
pdf.pdfreader.viewer.editor.free,All PDF Reader,1,254,943.738998,15.7289833,PRODUCTIVITY,PRODUCTIVITY,PRODUCTIVITY_AND_BUSINESS,PRODUCTIVITY,PRODUCTIVITY,,
prod.com.pingidentity.pingid,PingID,1,65,329.329,5.48881667,PRODUCTIVITY,PRODUCTIVITY,PRODUCTIVITY_AND_BUSINESS,PRODUCTIVITY,ONLINE_SECURITY,,
qrcodereader.barcodescanner.scan.qrscanner,"QR Code Reader and Scanner - QR Scanner, QR Code Reader and Scanner - Qr Scanner, qrcodereader.barcodescanner.scan.qrscanner",3,57,98.265,1.63775,PRODUCTIVITY,PRODUCTIVITY,PRODUCTIVITY_AND_BUSINESS,PRODUCTIVITY,PRODUCTIVITY,,
ru.yandex.disk,Yandex¬¨‚Ä†Disk,1,498,602.810999,10.04685,PRODUCTIVITY,PRODUCTIVITY,PRODUCTIVITY_AND_BUSINESS,PRODUCTIVITY,PRODUCTIVITY,,
tm.app.worldClock,World Clock,1,79,53.152,0.88586667,PRODUCTIVITY,PRODUCTIVITY,PRODUCTIVITY_AND_BUSINESS,PRODUCTIVITY,PRODUCTIVITY,,
todolist.scheduleplanner.dailyplanner.todo.reminders,To-do List,1,20,87.48,1.458,PRODUCTIVITY,PRODUCTIVITY,PRODUCTIVITY_AND_BUSINESS,PRODUCTIVITY,PRODUCTIVITY,,
us.arlingtonva.mobile.librarymobile560542,"Arlington Public Library, us.arlingtonva.mobile.librarymobile560542",2,24,285.046998,4.7507833,PRODUCTIVITY,HOUSE_AND_HOME,LIFESTYLE_MANAGEMENT,HOUSE_AND_HOME,COMMUNITY_AND_PUBLIC_SERVICES,,
ch.publisheria.bring,Bring!,1,36,59.696,0.99493333,SHOPPING,PRODUCTIVITY,PRODUCTIVITY_AND_BUSINESS,PRODUCTIVITY,PRODUCTIVITY,SHOPPING,
co.grove.android,Grove,1,310,3483.106,58.0517667,SHOPPING,SHOPPING,LIFESTYLE_MANAGEMENT,SHOPPING,SHOPPING,,
com.acehardware.rewards,Ace Hardware,1,249,1798.766,29.9794333,SHOPPING,SHOPPING,LIFESTYLE_MANAGEMENT,SHOPPING,SHOPPING,,
com.adidas.app,adidas,1,104,6.14,0.10233333,SHOPPING,SHOPPING,LIFESTYLE_MANAGEMENT,SHOPPING,SHOPPING,,
com.affirm.central,Affirm,1,144,98.619,1.64365,SHOPPING,FINANCE,PRODUCTIVITY_AND_BUSINESS,MONEY_MANAGEMENT,FINANCE,,
com.afterpaymobile.us,Afterpay,1,41,242.728,4.04546667,SHOPPING,FINANCE,PRODUCTIVITY_AND_BUSINESS,MONEY_MANAGEMENT,FINANCE,,
com.alibaba.aliexpresshd,AliExpress,1,4757,16945.688,282.428133,SHOPPING,SHOPPING,LIFESTYLE_MANAGEMENT,SHOPPING,SHOPPING,,
com.alibaba.intl.android.apps.poseidon,Alibaba.com,1,236,1399.691,23.3281833,SHOPPING,SHOPPING,LIFESTYLE_MANAGEMENT,SHOPPING,SHOPPING,,
com.amazon.mShop.android.shopping,"Amazon Shopping, Amazon compras, com.amazon.mShop.android.shopping",3,51565,881550.036,14692.5006,SHOPPING,SHOPPING,LIFESTYLE_MANAGEMENT,SHOPPING,SHOPPING,,
com.bathandbody.bbw,"B&BW, My B&BW",2,280,674.874999,11.2479167,SHOPPING,SHOPPING,LIFESTYLE_MANAGEMENT,SHOPPING,SHOPPING,,
com.beatgridmedia.panelsync.mediarewards,Media Rewards,1,966,1349.364,22.4894,SHOPPING,BUSINESS,PRODUCTIVITY_AND_BUSINESS,MONEY_MAKING,QUICK_CASH,,
com.bestbuy.android,Best Buy,1,26,163.496,2.72493333,SHOPPING,SHOPPING,LIFESTYLE_MANAGEMENT,SHOPPING,SHOPPING,,
com.brandingbrand.reactnative.and.bjs,BJ's,1,73,13.603,0.22671667,SHOPPING,SHOPPING,LIFESTYLE_MANAGEMENT,SHOPPING,SHOPPING,,
com.c51,Checkout 51,1,23,0,0,SHOPPING,BUSINESS,PRODUCTIVITY_AND_BUSINESS,MONEY_MAKING,QUICK_CASH,SHOPPING,
com.carters.android,Carter‚Äö√Ñ√¥s,1,99,170.506,2.84176667,SHOPPING,SHOPPING,LIFESTYLE_MANAGEMENT,SHOPPING,SHOPPING,,
com.chewy.android,Chewy,1,147,1022.125,17.0354166,SHOPPING,SHOPPING,LIFESTYLE_MANAGEMENT,SHOPPING,SHOPPING,,
com.childrensplace.tcpmobileapp,Children's Place,1,122,1664.475,27.74125,SHOPPING,SHOPPING,LIFESTYLE_MANAGEMENT,SHOPPING,SHOPPING,,
com.coinout.scan,CoinOut,1,5,0,0,SHOPPING,BUSINESS,PRODUCTIVITY_AND_BUSINESS,MONEY_MAKING,QUICK_CASH,SHOPPING,
com.costco.app.android,Costco,1,1237,8376.55797,139.6093,SHOPPING,SHOPPING,LIFESTYLE_MANAGEMENT,SHOPPING,SHOPPING,,
com.cvs.launchers.cvs,CVS,1,771,2650.48399,44.1747331,SHOPPING,SHOPPING,LIFESTYLE_MANAGEMENT,SHOPPING,SHOPPING,,
com.dollargeneral.android,Dollar General,1,46,58.301,0.97168333,SHOPPING,SHOPPING,LIFESTYLE_MANAGEMENT,SHOPPING,SHOPPING,,
com.drop.loyalty.android,Drop,1,137,3356.929,55.9488167,SHOPPING,BUSINESS,PRODUCTIVITY_AND_BUSINESS,MONEY_MAKING,QUICK_CASH,SHOPPING,
com.dsw.android,DSW,1,63,77.149,1.28581667,SHOPPING,SHOPPING,LIFESTYLE_MANAGEMENT,SHOPPING,SHOPPING,,
com.ebates,Rakuten,1,425,3974.46299,66.2410499,SHOPPING,BUSINESS,PRODUCTIVITY_AND_BUSINESS,MONEY_MAKING,QUICK_CASH,SHOPPING,
com.ebay.mobile,eBay,1,2221,8681.34498,144.689083,SHOPPING,SHOPPING,LIFESTYLE_MANAGEMENT,SHOPPING,SHOPPING,,
com.einnovation.temu,Temu,1,7805,55945.766,932.429433,SHOPPING,SHOPPING,LIFESTYLE_MANAGEMENT,SHOPPING,SHOPPING,,
com.elfster.elfdroid,Elfster,1,52,311.199996,5.1866666,SHOPPING,PRODUCTIVITY,PRODUCTIVITY_AND_BUSINESS,PRODUCTIVITY,PRODUCTIVITY,SHOPPING,
com.etsy.android,"Etsy, com.etsy.android",2,3894,19877.529,331.29215,SHOPPING,SHOPPING,LIFESTYLE_MANAGEMENT,SHOPPING,SHOPPING,,
com.familydollar,Family Dollar,1,105,0,0,SHOPPING,SHOPPING,LIFESTYLE_MANAGEMENT,SHOPPING,SHOPPING,,
com.fetchrewards.fetchrewards.hop,"Fetch, Fetch Rewards",2,2564,17038.034,283.967233,SHOPPING,BUSINESS,PRODUCTIVITY_AND_BUSINESS,MONEY_MAKING,QUICK_CASH,SHOPPING,
com.fifthfinger.clients.joann,JOANN,1,870,5328.04499,88.8007498,SHOPPING,SHOPPING,LIFESTYLE_MANAGEMENT,SHOPPING,SHOPPING,,
com.footlocker.approved,Foot Locker,1,35,0,0,SHOPPING,SHOPPING,LIFESTYLE_MANAGEMENT,SHOPPING,SHOPPING,,
com.fredmeyer.mobile,Fred Meyer,1,368,2690.448,44.8408,SHOPPING,SHOPPING,LIFESTYLE_MANAGEMENT,SHOPPING,SHOPPING,,
com.freestufffinder.app,FreeStuffFinder,1,887,3997.54,66.6256666,SHOPPING,SHOPPING,LIFESTYLE_MANAGEMENT,SHOPPING,SHOPPING,,
com.freshdirect.android,"FreshDirect, com.freshdirect.android",2,280,1531.92999,25.5321666,SHOPPING,SHOPPING,LIFESTYLE_MANAGEMENT,SHOPPING,SHOPPING,,
com.froogloid.kring.google.zxing.client.android,Key Ring,1,7,0.107,0.00178333,SHOPPING,SHOPPING,LIFESTYLE_MANAGEMENT,SHOPPING,SHOPPING,,
com.frysfood.mobile,Fry's Food,1,24,632.089,10.5348167,SHOPPING,SHOPPING,LIFESTYLE_MANAGEMENT,SHOPPING,SHOPPING,,
com.gap.mobile.oldnavy,Old Navy,1,227,3734.742,62.2457,SHOPPING,SHOPPING,LIFESTYLE_MANAGEMENT,SHOPPING,SHOPPING,,
com.generalmills.btfe,Box Tops,1,26,96.567,1.60945,SHOPPING,SHOPPING,LIFESTYLE_MANAGEMENT,SHOPPING,SHOPPING,,
com.gerbes.mobile,Gerbes,1,14,38.66,0.64433333,SHOPPING,SHOPPING,LIFESTYLE_MANAGEMENT,SHOPPING,SHOPPING,,
com.giantfood.mobile.droid,Giant Food,1,29,551.732,9.19553333,SHOPPING,SHOPPING,LIFESTYLE_MANAGEMENT,SHOPPING,SHOPPING,,
com.giantfoods.mobile.droid,GIANT,1,17,328.7,5.47833333,SHOPPING,SHOPPING,LIFESTYLE_MANAGEMENT,SHOPPING,SHOPPING,,
com.groceryoutlet.loyaltyapp,GroceryOutlet,1,15,67.757,1.12928333,SHOPPING,SHOPPING,LIFESTYLE_MANAGEMENT,SHOPPING,SHOPPING,,
com.groupon,Groupon,1,708,979.738999,16.3289833,SHOPPING,SHOPPING,LIFESTYLE_MANAGEMENT,SHOPPING,SHOPPING,,
com.headcode.ourgroceries,"OurGroceries, com.headcode.ourgroceries",2,146,101.716996,1.69528327,SHOPPING,SHOPPING,LIFESTYLE_MANAGEMENT,SHOPPING,SHOPPING,,
com.heb.myheb,My H-E-B,1,69,234.184,3.90306667,SHOPPING,SHOPPING,LIFESTYLE_MANAGEMENT,SHOPPING,SHOPPING,,
com.ibotta.android,"Ibotta, com.ibotta.android",2,2368,11260.211,187.670183,SHOPPING,BUSINESS,PRODUCTIVITY_AND_BUSINESS,MONEY_MAKING,QUICK_CASH,SHOPPING,
com.infoscout.receipthog,Receipt Hog,1,1491,5187.80098,86.4633496,SHOPPING,BUSINESS,PRODUCTIVITY_AND_BUSINESS,MONEY_MAKING,QUICK_CASH,SHOPPING,
com.ingka.ikea.app,IKEA,1,80,2902.343,48.3723833,SHOPPING,SHOPPING,LIFESTYLE_MANAGEMENT,SHOPPING,SHOPPING,,
com.instacart.shopper,Shopper,1,142,47.896,0.79826667,SHOPPING,BUSINESS,PRODUCTIVITY_AND_BUSINESS,MONEY_MAKING,WORK,,
com.interfocusllc.patpat,PatPat,1,211,0,0,SHOPPING,SHOPPING,LIFESTYLE_MANAGEMENT,SHOPPING,SHOPPING,,
com.jcp,JCPenney,1,368,4982.251,83.0375167,SHOPPING,SHOPPING,LIFESTYLE_MANAGEMENT,SHOPPING,SHOPPING,,
com.jingdong.app.mall,‚Ä∞‚à´¬®‚Ä∞‚àè√∫,1,116,319.825992,5.3304332,SHOPPING,SHOPPING,LIFESTYLE_MANAGEMENT,SHOPPING,SHOPPING,,
com.jpma.EBTShopper,WICShopper,1,517,4395.457,73.2576166,SHOPPING,HOUSE_AND_HOME,LIFESTYLE_MANAGEMENT,HOUSE_AND_HOME,COMMUNITY_AND_PUBLIC_SERVICES,SHOPPING,
com.jumia.android,Jumia,1,279,589.787,9.82978333,SHOPPING,SHOPPING,LIFESTYLE_MANAGEMENT,SHOPPING,SHOPPING,,
com.kohls.mcommerce.opal,Kohls,1,566,3303.71,55.0618333,SHOPPING,SHOPPING,LIFESTYLE_MANAGEMENT,SHOPPING,SHOPPING,,
com.kroger.mobile,Kroger,1,426,2416.699,40.2783167,SHOPPING,SHOPPING,LIFESTYLE_MANAGEMENT,SHOPPING,SHOPPING,,
com.ksl.android.classifieds,KSL Classifieds,1,165,329.596997,5.49328328,SHOPPING,SHOPPING,LIFESTYLE_MANAGEMENT,SHOPPING,SHOPPING,,
com.lowes.android,Lowe's,1,16,0,0,SHOPPING,SHOPPING,LIFESTYLE_MANAGEMENT,SHOPPING,SHOPPING,,
com.macys.android,Macy's,1,513,7084.43199,118.073867,SHOPPING,SHOPPING,LIFESTYLE_MANAGEMENT,SHOPPING,SHOPPING,,
com.meesho.supply,Meesho,1,1142,97.917,1.63195,SHOPPING,SHOPPING,LIFESTYLE_MANAGEMENT,SHOPPING,SHOPPING,,
com.meijer.mobile.meijer,Meijer,1,1225,8638.43199,143.973867,SHOPPING,SHOPPING,LIFESTYLE_MANAGEMENT,SHOPPING,SHOPPING,,
com.mercariapp.mercari,Mercari,1,1620,7954.39699,132.573283,SHOPPING,SHOPPING,LIFESTYLE_MANAGEMENT,SHOPPING,SHOPPING,,
com.merryfield,Merryfield,1,162,899.105,14.9850833,SHOPPING,SHOPPING,LIFESTYLE_MANAGEMENT,SHOPPING,SHOPPING,,
com.moocho.moocho,Pepper Rewards,1,59,595.918999,9.93198332,SHOPPING,BUSINESS,PRODUCTIVITY_AND_BUSINESS,MONEY_MAKING,QUICK_CASH,SHOPPING,
com.myklarnamobile,Klarna,1,112,1209.799,20.1633167,SHOPPING,FINANCE,PRODUCTIVITY_AND_BUSINESS,MONEY_MANAGEMENT,FINANCE,,
com.ncp.ncpmobile,NCP Mobile,1,149,133.546,2.22576667,SHOPPING,BUSINESS,PRODUCTIVITY_AND_BUSINESS,MONEY_MAKING,QUICK_CASH,SHOPPING,
com.nespresso.activities,Nespresso,1,36,84.640993,1.41068322,SHOPPING,SHOPPING,LIFESTYLE_MANAGEMENT,SHOPPING,SHOPPING,,
com.newegg.app,Newegg,1,47,849.062,14.1510333,SHOPPING,SHOPPING,LIFESTYLE_MANAGEMENT,SHOPPING,SHOPPING,,
com.nift.niftgift,Nift Gift,1,6,0,0,SHOPPING,BUSINESS,PRODUCTIVITY_AND_BUSINESS,MONEY_MAKING,QUICK_CASH,SHOPPING,
com.nike.omega,Nike,1,103,559.297,9.32161667,SHOPPING,SHOPPING,LIFESTYLE_MANAGEMENT,SHOPPING,SHOPPING,,
com.nike.snkrs,SNKRS,1,10,7.253,0.12088333,SHOPPING,SHOPPING,LIFESTYLE_MANAGEMENT,SHOPPING,SHOPPING,,
com.nordstrom.app,Nordstrom,1,436,4460.70499,74.3450831,SHOPPING,SHOPPING,LIFESTYLE_MANAGEMENT,SHOPPING,SHOPPING,,
com.nordstrom.rack.app,Nordstrom Rack,1,60,609.649999,10.1608333,SHOPPING,SHOPPING,LIFESTYLE_MANAGEMENT,SHOPPING,SHOPPING,,
com.offerup,OfferUp,1,1789,62906.562,1048.4427,SHOPPING,SHOPPING,LIFESTYLE_MANAGEMENT,SHOPPING,SHOPPING,,
com.oneplus.store,OnePlus Store,1,164,35.726,0.59543333,SHOPPING,SHOPPING,LIFESTYLE_MANAGEMENT,SHOPPING,SHOPPING,,
com.openrewards,Open Rewards,1,22,676.103998,11.2684,SHOPPING,SHOPPING,LIFESTYLE_MANAGEMENT,SHOPPING,SHOPPING,,
com.petco.mobile,Petco,1,14,42.928,0.71546667,SHOPPING,SHOPPING,LIFESTYLE_MANAGEMENT,SHOPPING,SHOPPING,,
com.picknsave.mobile,Pick 'n Save,1,1107,13190.243,219.837383,SHOPPING,SHOPPING,LIFESTYLE_MANAGEMENT,SHOPPING,SHOPPING,,
com.pogotech.pogocash,Pogo,1,1240,6886.92399,114.782066,SHOPPING,BUSINESS,PRODUCTIVITY_AND_BUSINESS,MONEY_MAKING,QUICK_CASH,SHOPPING,
com.poshmark.app,Poshmark,1,1616,46234.418,770.573633,SHOPPING,SHOPPING,LIFESTYLE_MANAGEMENT,SHOPPING,SHOPPING,,
com.raleys.app.android,Raley's,1,85,1204.825,20.0804167,SHOPPING,SHOPPING,LIFESTYLE_MANAGEMENT,SHOPPING,SHOPPING,,
com.rarewire.forever21,Forever 21,1,143,297.19,4.95316667,SHOPPING,SHOPPING,LIFESTYLE_MANAGEMENT,SHOPPING,SHOPPING,,
com.receiptpalapp.android,ReceiptPal,1,201,1911.78899,31.8631499,SHOPPING,BUSINESS,PRODUCTIVITY_AND_BUSINESS,MONEY_MAKING,QUICK_CASH,SHOPPING,
com.rewardstyle.liketoknowit,LTK,1,77,532.983992,8.88306653,SHOPPING,SHOPPING,LIFESTYLE_MANAGEMENT,SHOPPING,SHOPPING,SOCIAL_MEDIA,
com.rfi.sams.android,Sam's Club,1,572,3576.68299,59.6113832,SHOPPING,SHOPPING,LIFESTYLE_MANAGEMENT,SHOPPING,SHOPPING,,
com.safeway.client.android.jewelosco,Jewel Osco,1,39,2962.251,49.37085,SHOPPING,SHOPPING,LIFESTYLE_MANAGEMENT,SHOPPING,SHOPPING,,
com.safeway.client.android.safeway,Safeway,1,791,12685.27,211.421167,SHOPPING,SHOPPING,LIFESTYLE_MANAGEMENT,SHOPPING,SHOPPING,,
com.samsung.ecomm,Shop Samsung,1,30,192.523,3.20871667,SHOPPING,SHOPPING,LIFESTYLE_MANAGEMENT,SHOPPING,SHOPPING,,
com.shopify.arrive,Shop,1,1029,4060.07198,67.6678664,SHOPPING,SHOPPING,LIFESTYLE_MANAGEMENT,SHOPPING,SHOPPING,,
com.shopkick.app,Shopkick,1,96,0,0,SHOPPING,BUSINESS,PRODUCTIVITY_AND_BUSINESS,MONEY_MAKING,QUICK_CASH,SHOPPING,
com.sigmasoftware.nywic,WIC2Go,1,105,1464.806,24.4134333,SHOPPING,HOUSE_AND_HOME,LIFESTYLE_MANAGEMENT,HOUSE_AND_HOME,COMMUNITY_AND_PUBLIC_SERVICES,SHOPPING,
com.smithsfoodanddrug.mobile,Smith's,1,519,4518.94097,75.3156828,SHOPPING,SHOPPING,LIFESTYLE_MANAGEMENT,SHOPPING,SHOPPING,,
com.stitchfix.stitchfix,Stitch Fix,1,13,482.947,8.04911667,SHOPPING,SHOPPING,LIFESTYLE_MANAGEMENT,SHOPPING,SHOPPING,,
com.taobao.idlefish,√à√≥‚â§√à¬±¬∫,1,50,424.635,7.07725,SHOPPING,SHOPPING,LIFESTYLE_MANAGEMENT,SHOPPING,SHOPPING,WORK,
com.taobao.taobao,√ä‚àë√≤√Ç√Ü√π,1,6455,34604.5968,576.74328,SHOPPING,SHOPPING,LIFESTYLE_MANAGEMENT,SHOPPING,SHOPPING,WORK,
com.target.ui,"Target, com.target.ui",2,17459,136367.823,2272.79705,SHOPPING,SHOPPING,LIFESTYLE_MANAGEMENT,SHOPPING,SHOPPING,,
com.tavour.app,Tavour,1,47,1663.752,27.7292,SHOPPING,SHOPPING,LIFESTYLE_MANAGEMENT,SHOPPING,SHOPPING,,
com.thehomedepot,Home Depot,1,371,3496.27499,58.2712499,SHOPPING,SHOPPING,LIFESTYLE_MANAGEMENT,SHOPPING,SHOPPING,,
com.thekrazycouponlady.kcl,"Krazy Coupon Lady, com.thekrazycouponlady.kcl",2,648,2744.068,45.7344667,SHOPPING,SHOPPING,LIFESTYLE_MANAGEMENT,SHOPPING,SHOPPING,,
com.thredup.android,"com.thredup.android, thredUP",2,41,495.242,8.25403333,SHOPPING,SHOPPING,LIFESTYLE_MANAGEMENT,SHOPPING,SHOPPING,,
com.thrivemarket.app,"Thrive Market, com.thrivemarket.app",2,108,1256.52899,20.9421499,SHOPPING,SHOPPING,LIFESTYLE_MANAGEMENT,SHOPPING,SHOPPING,,
com.tjx.tjmaxx,T.J.Maxx,1,48,0,0,SHOPPING,SHOPPING,LIFESTYLE_MANAGEMENT,SHOPPING,SHOPPING,,
com.uniqlo.usa.catalogue,UNIQLO,1,12,6.492,0.1082,SHOPPING,SHOPPING,LIFESTYLE_MANAGEMENT,SHOPPING,SHOPPING,,
com.usablenet.mobile.walgreen,"Walgreens, com.usablenet.mobile.walgreen",2,2129,10864.786,181.079767,SHOPPING,SHOPPING,LIFESTYLE_MANAGEMENT,SHOPPING,SHOPPING,,
com.victoriassecret.vsaa,VS,1,9,63.875,1.06458333,SHOPPING,SHOPPING,LIFESTYLE_MANAGEMENT,SHOPPING,SHOPPING,,
com.vipon,Vipon,1,19,0,0,SHOPPING,SHOPPING,LIFESTYLE_MANAGEMENT,SHOPPING,SHOPPING,,
com.vitacost.android,Vitacost,1,57,0,0,SHOPPING,SHOPPING,LIFESTYLE_MANAGEMENT,SHOPPING,SHOPPING,,
com.walmart.android,"Walmart, com.walmart.android",2,10197,73131.5329,1218.85888,SHOPPING,SHOPPING,LIFESTYLE_MANAGEMENT,SHOPPING,SHOPPING,,
com.wayfair.wayfair,"Wayfair, com.wayfair.wayfair",2,127,2449.91,40.8318333,SHOPPING,SHOPPING,LIFESTYLE_MANAGEMENT,SHOPPING,SHOPPING,,
com.wegmans.wegmansapp,Wegmans,1,60,317.557,5.29261667,SHOPPING,SHOPPING,LIFESTYLE_MANAGEMENT,SHOPPING,SHOPPING,,
com.whaleshark.retailmenot,RetailMeNot,1,36,158.999998,2.64999997,SHOPPING,BUSINESS,PRODUCTIVITY_AND_BUSINESS,MONEY_MAKING,QUICK_CASH,SHOPPING,
com.wholefoods.wholefoodsmarket,Whole Foods Market,1,124,357.159998,5.95266663,SHOPPING,SHOPPING,LIFESTYLE_MANAGEMENT,SHOPPING,SHOPPING,,
com.wikibuy.prod.main,Shopping,1,25,212.366,3.53943333,SHOPPING,BUSINESS,PRODUCTIVITY_AND_BUSINESS,MONEY_MAKING,QUICK_CASH,SHOPPING,
com.wishabi.flipp,Flipp,1,38,402.706,6.71176667,SHOPPING,SHOPPING,LIFESTYLE_MANAGEMENT,SHOPPING,SHOPPING,,
com.zzkko,"SHEIN, com.zzkko",2,3875,8554.16799,142.569467,SHOPPING,SHOPPING,LIFESTYLE_MANAGEMENT,SHOPPING,SHOPPING,,
de.apptiv.business.android.aldi_us,"ALDI, Aldi US",2,137,1007.733,16.79555,SHOPPING,SHOPPING,LIFESTYLE_MANAGEMENT,SHOPPING,SHOPPING,,
kytebabyco.android.app,Kyte Baby,1,73,18.939,0.31565,SHOPPING,SHOPPING,LIFESTYLE_MANAGEMENT,SHOPPING,SHOPPING,,
net.groceryshopping.SproutsFarmersMarket,Sprouts,1,24,381.007,6.35011667,SHOPPING,SHOPPING,LIFESTYLE_MANAGEMENT,SHOPPING,SHOPPING,,
net.kilimall.shop,Kilimall,1,250,0,0,SHOPPING,SHOPPING,LIFESTYLE_MANAGEMENT,SHOPPING,SHOPPING,,
net.metromarket.mobile,Metro Market,1,1607,22599.629,376.660483,SHOPPING,SHOPPING,LIFESTYLE_MANAGEMENT,SHOPPING,SHOPPING,,
net.slickdeals.android,Slickdeals,1,74,169.605997,2.82676662,SHOPPING,SHOPPING,LIFESTYLE_MANAGEMENT,SHOPPING,SHOPPING,,
ng.jiji.app,Jiji.ng,1,42,61.165,1.01941667,SHOPPING,SHOPPING,LIFESTYLE_MANAGEMENT,SHOPPING,SHOPPING,WORK,
org.craigslist.CraigslistMobile,craigslist,1,202,1106.433,18.44055,SHOPPING,HOUSE_AND_HOME,LIFESTYLE_MANAGEMENT,HOUSE_AND_HOME,COMMUNITY_AND_PUBLIC_SERVICES,SOCIAL_MEDIA,
com.andrewshu.android.reddit,rif is fun,1,4460,137745.28,2295.75466,SOCIAL,SOCIAL,SOCIAL,BROADCAST_SOCIAL,SOCIAL_MEDIA,,
com.beperk.app,BePerk,1,15,343.192,5.71986667,SOCIAL,SOCIAL,SOCIAL,BROADCAST_SOCIAL,SOCIAL_MEDIA,,
com.bereal.ft,BeReal.,1,469,1462.73699,24.3789499,SOCIAL,SOCIAL,SOCIAL,BROADCAST_SOCIAL,SOCIAL_MEDIA,,
com.blockchainvault,Pi,1,542,1308.041,21.8006833,SOCIAL,FINANCE,PRODUCTIVITY_AND_BUSINESS,MONEY_MANAGEMENT,FINANCE,,
com.brandbassadoras.brandbassador,Brandbassador,1,88,1395.776,23.2629333,SOCIAL,BUSINESS,PRODUCTIVITY_AND_BUSINESS,MONEY_MAKING,WORK,,
com.circle38.photocircle,PhotoCircle,1,40,175.695,2.92825,SOCIAL,SOCIAL,SOCIAL,BROADCAST_SOCIAL,SOCIAL_MEDIA,PHOTO_AND_VIDEO,
com.douban.frodo,√ã¬±√ú√Å√¨¬£,1,2685,17737.6159,295.626932,SOCIAL,SOCIAL,SOCIAL,BROADCAST_SOCIAL,SOCIAL_MEDIA,,
com.evite,Evite,1,649,3267.88599,54.4647665,SOCIAL,EVENTS,ARTS_AND_LEISURE,ENTERTAINMENT,EVENTS,,
com.facebook.katana,"Facebook, com.facebook.katana",2,452459,9735787.88,162263.131,SOCIAL,SOCIAL,SOCIAL,BROADCAST_SOCIAL,SOCIAL_MEDIA,,
com.facebook.lite,Lite,1,4743,381170.515,6352.84192,SOCIAL,SOCIAL,SOCIAL,BROADCAST_SOCIAL,SOCIAL_MEDIA,,
com.facebook.mlite,"Messenger Lite, com.facebook.mlite",2,666,927.460984,15.4576831,SOCIAL,COMMUNICATION,COMMUNICATION,INTERPERSONAL_COMMUNICATION,MESSAGING,,
com.fuelcycle.multitenant,Community,1,68,382.851,6.38085,SOCIAL,BUSINESS,PRODUCTIVITY_AND_BUSINESS,MONEY_MAKING,QUICK_CASH,,
com.gogii.textplus,textPlus,1,74,76.666,1.27776667,SOCIAL,COMMUNICATION,COMMUNICATION,INTERPERSONAL_COMMUNICATION,MESSAGING,,
com.instagram.android,"Instagram, com.instagram.android",2,378548,8815340.14,146922.336,SOCIAL,SOCIAL,SOCIAL,BROADCAST_SOCIAL,SOCIAL_MEDIA,,
com.instagram.barcelona,Threads,1,4244,134866.23,2247.7705,SOCIAL,SOCIAL,SOCIAL,BROADCAST_SOCIAL,SOCIAL_MEDIA,,
com.instagram.layout,Layout,1,126,355.105999,5.91843332,SOCIAL,PHOTOGRAPHY,ARTS_AND_LEISURE,PHOTO_AND_VIDEO,PHOTO_AND_VIDEO,,
com.konstella.main,Konstella,1,31,21.827,0.36378333,SOCIAL,PARENTING,LIFESTYLE_MANAGEMENT,PARENTING,PARENT_CHILD_COMMUNICATION,,
com.locket.Locket,Locket,1,49,6.554,0.10923333,SOCIAL,SOCIAL,SOCIAL,BROADCAST_SOCIAL,SOCIAL_MEDIA,,
com.meetup,Meetup,1,127,23.922999,0.39871665,SOCIAL,SOCIAL,SOCIAL,BROADCAST_SOCIAL,SOCIAL_MEDIA,,
com.mi.global.bbs,"Mi Community, Xiaomi Community",2,203,80.093,1.33488333,SOCIAL,SOCIAL,SOCIAL,BROADCAST_SOCIAL,SOCIAL_MEDIA,,
com.nhn.android.band,BAND,1,611,1418.60398,23.6433997,SOCIAL,COMMUNICATION,COMMUNICATION,INTERPERSONAL_COMMUNICATION,COLLABORATIVE_COMMUNICATION,,
com.nianticlabs.campfire,Campfire,1,33,0,0,SOCIAL,SOCIAL,SOCIAL,BROADCAST_SOCIAL,SOCIAL_MEDIA,,
com.reddit.frontpage,"Reddit, com.reddit.frontpage",2,57441,1744525.08,29075.4181,SOCIAL,SOCIAL,SOCIAL,BROADCAST_SOCIAL,SOCIAL_MEDIA,,
com.rodolfogs.nextdooralerts,Freebie Alerts,1,8221,1337.57,22.2928333,SOCIAL,SOCIAL,SOCIAL,BROADCAST_SOCIAL,SOCIAL_MEDIA,SHOPPING,
com.sina.weibo,Weibo,1,2553,21810.927,363.515449,SOCIAL,SOCIAL,SOCIAL,BROADCAST_SOCIAL,SOCIAL_MEDIA,,
com.ss.android.ugc.aweme,√ä√§√±√à√º‚â•,1,272,3980.68399,66.3447332,SOCIAL,SOCIAL,SOCIAL,BROADCAST_SOCIAL,SOCIAL_MEDIA,,
com.story.downloader.reels.videodownloader.repost.fast.save.video.photos,IGSaver,1,25,1.949,0.03248333,SOCIAL,PHOTOGRAPHY,ARTS_AND_LEISURE,PHOTO_AND_VIDEO,PHOTO_AND_VIDEO,,
com.teampeanut.peanut,Peanut,1,1358,3021.03,50.3505,SOCIAL,SOCIAL,SOCIAL,BROADCAST_SOCIAL,SOCIAL_MEDIA,PARENTING,
com.textmeinc.textme,TextMe,1,555,3526.50199,58.7750331,SOCIAL,COMMUNICATION,COMMUNICATION,INTERPERSONAL_COMMUNICATION,MESSAGING,,
com.timehop,Timehop,1,158,1374.454,22.9075667,SOCIAL,SOCIAL,SOCIAL,BROADCAST_SOCIAL,SOCIAL_MEDIA,PHOTO_AND_VIDEO,
com.towneers.www,Karrot,1,67,61.354,1.02256667,SOCIAL,SHOPPING,LIFESTYLE_MANAGEMENT,SHOPPING,SHOPPING,WORK,
com.tumblr,"Tumblr, com.tumblr",2,132,725.829,12.09715,SOCIAL,SOCIAL,SOCIAL,BROADCAST_SOCIAL,SOCIAL_MEDIA,,
com.twitter.android,"Twitter, X, com.twitter.android",3,50877,611897.373,10198.2896,SOCIAL,SOCIAL,SOCIAL,BROADCAST_SOCIAL,SOCIAL_MEDIA,,
com.xingin.xhs,√Ç‚àû√®√Å‚à´¬¢‚Ä∞œÄ¬∂,1,323,2442.74199,40.7123666,SOCIAL,SOCIAL,SOCIAL,BROADCAST_SOCIAL,SOCIAL_MEDIA,,
com.yougov.mobile.online,YouGov,1,295,468.307997,7.80513328,SOCIAL,BUSINESS,PRODUCTIVITY_AND_BUSINESS,MONEY_MAKING,QUICK_CASH,,
com.zhiliaoapp.musically,"TikTok, com.zhiliaoapp.musically",2,24781,1184060.03,19734.3339,SOCIAL,SOCIAL,SOCIAL,BROADCAST_SOCIAL,SOCIAL_MEDIA,,
kr.co.vcnc.android.couple,Between,1,7366,72029.021,1200.48368,SOCIAL,DATING,SOCIAL,BROADCAST_SOCIAL,DATING,MESSAGING,
org.lds.justserve,JustServe,1,11,106.846999,1.78078332,SOCIAL,HOUSE_AND_HOME,LIFESTYLE_MANAGEMENT,HOUSE_AND_HOME,COMMUNITY_AND_PUBLIC_SERVICES,,
org.quantumbadger.redreader,RedReader,1,33409,133484.451,2224.74085,SOCIAL,SOCIAL,SOCIAL,BROADCAST_SOCIAL,SOCIAL_MEDIA,,
statussaver.statusdownloader.downloadstatus.videoimagesaver,Status Saver,1,820,312.892,5.21486667,SOCIAL,PHOTOGRAPHY,ARTS_AND_LEISURE,PHOTO_AND_VIDEO,PHOTO_AND_VIDEO,,
xyz.blueskyweb.app,Bluesky,1,20,44.98,0.74966667,SOCIAL,SOCIAL,SOCIAL,BROADCAST_SOCIAL,SOCIAL_MEDIA,,
app.collx.android,CollX,1,163,895.021997,14.9170333,SPORTS,ENTERTAINMENT,ARTS_AND_LEISURE,ENTERTAINMENT,ENTERTAINMENT,,
app.instabet.betr,Betr,1,82,729.818999,12.16365,SPORTS,GAME_CASINO,GAMING,GAMING,CASINO_AND_BETTING,,
com.arsenal.official,Arsenal,1,84,9.373,0.15621667,SPORTS,SPORTS,ARTS_AND_LEISURE,ENTERTAINMENT,SPORTS,,
com.bamnetworks.mobile.android.ballpark,Ballpark,1,30,59.683,0.99471667,SPORTS,SPORTS,ARTS_AND_LEISURE,ENTERTAINMENT,SPORTS,,
com.bamnetworks.mobile.android.gameday.atbat,MLB,1,169,274.312998,4.5718833,SPORTS,SPORTS,ARTS_AND_LEISURE,ENTERTAINMENT,SPORTS,,
com.espn.fantasy.lm.football,Fantasy,1,2174,44336.0139,738.933565,SPORTS,SPORTS,ARTS_AND_LEISURE,ENTERTAINMENT,SPORTS,,
com.espn.score_center,ESPN,1,979,5590.38499,93.1730832,SPORTS,SPORTS,ARTS_AND_LEISURE,ENTERTAINMENT,SPORTS,,
com.fanduel.sportsbook,FanDuel Sportsbook,1,70,1326.179,22.1029833,SPORTS,GAME_CASINO,GAMING,GAMING,CASINO_AND_BETTING,,
com.fishbrain.app,Fishbrain,1,733,4926.276,82.1045999,SPORTS,SPORTS,ARTS_AND_LEISURE,ENTERTAINMENT,SPORTS,,
com.fivemobile.thescore,theScore,1,802,6142.255,102.370917,SPORTS,SPORTS,ARTS_AND_LEISURE,ENTERTAINMENT,SPORTS,,
com.gc.teammanager,GameChanger,1,1123,3166.783,52.7797167,SPORTS,SPORTS,ARTS_AND_LEISURE,ENTERTAINMENT,SPORTS,,
com.handmark.sportcaster,CBS Sports,1,99,162.699,2.71165,SPORTS,SPORTS,ARTS_AND_LEISURE,ENTERTAINMENT,SPORTS,,
com.hopegaming.bookingcode,MSport,1,8,17.203,0.28671667,SPORTS,GAME_CASINO,GAMING,GAMING,CASINO_AND_BETTING,,
com.livescore,LiveScore,1,168,0,0,SPORTS,SPORTS,ARTS_AND_LEISURE,ENTERTAINMENT,SPORTS,,
com.mobilefootie.wc2010,FotMob,1,1516,7831.363,130.522717,SPORTS,SPORTS,ARTS_AND_LEISURE,ENTERTAINMENT,SPORTS,,
com.mobileinventor.badgergymnasticsacademy,Badger Gymnastics Academy,1,10,17.206,0.28676667,SPORTS,PARENTING,LIFESTYLE_MANAGEMENT,PARENTING,PARENT_CHILD_COMMUNICATION,SPORTS,
com.olliesports.ollieapp,"Ollie, com.olliesports.ollieapp",2,88,183.255,3.05425,SPORTS,PARENTING,LIFESTYLE_MANAGEMENT,PARENTING,PARENT_CHILD_COMMUNICATION,SPORTS,
com.pl.premierleague,PL,1,38,154.296,2.5716,SPORTS,SPORTS,ARTS_AND_LEISURE,ENTERTAINMENT,SPORTS,,
com.playmgm.nj.sports,BetMGM Sports,1,9,0,0,SPORTS,GAME_CASINO,GAMING,GAMING,CASINO_AND_BETTING,,
com.regasoftware.udisc,UDisc,1,75,720.010992,12.0001832,SPORTS,SPORTS,ARTS_AND_LEISURE,ENTERTAINMENT,SPORTS,,
com.sidearmsports.peachbowl,Peach Bowl,1,6,53.196,0.8866,SPORTS,SPORTS,ARTS_AND_LEISURE,ENTERTAINMENT,SPORTS,,
com.sofascore.results,Sofascore,1,13,0,0,SPORTS,SPORTS,ARTS_AND_LEISURE,ENTERTAINMENT,SPORTS,,
com.sports.schedules.basketball.nba,Basketball Scores,1,53,188.084998,3.13474997,SPORTS,SPORTS,ARTS_AND_LEISURE,ENTERTAINMENT,SPORTS,,
com.sporty.android,Sporty.com,1,7,16.579,0.27631667,SPORTS,SPORTS,ARTS_AND_LEISURE,ENTERTAINMENT,SPORTS,,
com.sportybet.android,SportyBet,1,657,1649.162,27.4860333,SPORTS,GAME_CASINO,GAMING,GAMING,CASINO_AND_BETTING,,
com.teamsnap.teamsnap,"TeamSnap, com.teamsnap.teamsnap",2,1047,3494.32696,58.2387827,SPORTS,PARENTING,LIFESTYLE_MANAGEMENT,PARENTING,PARENT_CHILD_COMMUNICATION,SPORTS,
com.theathletic,The Athletic,1,176,1924.987,32.0831166,SPORTS,SPORTS,ARTS_AND_LEISURE,ENTERTAINMENT,SPORTS,NEWS,
com.topgolf.mobile,Topgolf,1,177,244.550997,4.07584995,SPORTS,EVENTS,ARTS_AND_LEISURE,ENTERTAINMENT,EVENTS,,
de.motain.iliga,OneFootball,1,2149,7378.86098,122.981016,SPORTS,SPORTS,ARTS_AND_LEISURE,ENTERTAINMENT,SPORTS,,
digital.wmt.mobile.android.georgiatech,Georgia Tech,1,8,0,0,SPORTS,SPORTS,ARTS_AND_LEISURE,ENTERTAINMENT,SPORTS,,
air.kukulive.mailnow,InstAddr,1,146,75.689,1.26148333,TOOLS,PRODUCTIVITY,PRODUCTIVITY_AND_BUSINESS,PRODUCTIVITY,PRODUCTIVITY,,
app.revanced.manager.flutter,ReVanced Manager,1,38,423.990998,7.06651663,TOOLS,TOOLS,UTILITIES,UTILITIES,UTILITIES,,
ch.protonvpn.android,Proton VPN,1,435,960.225998,16.0037666,TOOLS,PRODUCTIVITY,PRODUCTIVITY_AND_BUSINESS,PRODUCTIVITY,ONLINE_SECURITY,,
cn.xender,Xender,1,2432,23503.899,391.73165,TOOLS,PRODUCTIVITY,PRODUCTIVITY_AND_BUSINESS,PRODUCTIVITY,PRODUCTIVITY,PHOTO_AND_VIDEO,
com.aiguo.acgdareturnliapp,√ä√≥√£√à¬£√©√Ç√§‚Ä†√à√Ñ√º√Ç√¥¬Æ,1,98,375.748995,6.26248325,TOOLS,PRODUCTIVITY,PRODUCTIVITY_AND_BUSINESS,PRODUCTIVITY,ONLINE_SECURITY,,
com.akuvox.mobile.smartplus,SmartPlus,1,88,37.922,0.63203333,TOOLS,HOUSE_AND_HOME,LIFESTYLE_MANAGEMENT,HOUSE_AND_HOME,HOUSE_AND_HOME,,
com.amazon.shopperpanel.android.mobile.app,Amazon Shopper Panel,1,692,910.469991,15.1744999,TOOLS,BUSINESS,PRODUCTIVITY_AND_BUSINESS,MONEY_MAKING,QUICK_CASH,,
com.amazon.storm.lightning.client.aosp,Fire TV,1,2207,18619.648,310.327467,TOOLS,HOUSE_AND_HOME,LIFESTYLE_MANAGEMENT,HOUSE_AND_HOME,HOUSE_AND_HOME,,
com.android.captiveportallogin,CaptivePortalLogin,1,67,435.917997,7.26529995,TOOLS,TOOLS,UTILITIES,UTILITIES,UTILITIES,,
com.android.documentsui,"Archivos, Downloads, Files",3,469,835.951996,13.9325333,TOOLS,PRODUCTIVITY,PRODUCTIVITY_AND_BUSINESS,PRODUCTIVITY,PRODUCTIVITY,,
com.android.dreams.basic,"Basic Daydreams, Protector de pantalla interactivo b‚àö¬∞sico, com.android.dreams.basic",3,1044,96301.91,1605.03183,TOOLS,TOOLS,UTILITIES,UTILITIES,UTILITIES,,
com.android.dreams.phototable,"Photo Screensavers, Protectores de pantalla de fotos",2,225,276675.545,4611.25908,TOOLS,TOOLS,UTILITIES,UTILITIES,UTILITIES,,
com.android.intentresolver,IntentResolver,1,3968,6705.74999,111.7625,TOOLS,TOOLS,UTILITIES,UTILITIES,UTILITIES,,
com.android.launcher,System Launcher,1,61220,148746.123,2479.10205,TOOLS,TOOLS,UTILITIES,UTILITIES,UTILITIES,,
com.android.launcher3,"Launcher, Quickstep, com.android.launcher3",3,23340,168968.594,2816.14323,TOOLS,TOOLS,UTILITIES,UTILITIES,UTILITIES,,
com.android.mgandroid,MAGIS,1,199,26126.059,435.434317,TOOLS,AUTO_AND_VEHICLES,LIFESTYLE_MANAGEMENT,HOUSE_AND_HOME,AUTO_AND_VEHICLES,,
com.android.stk,"Airtel, Herramientas de SIM, Kit de SIM, Kit de herramientas de SIM, MTN Services, SIM Card Apps, SIM Tool Kit, SIM Toolkit, SIM toolkit",9,5111,15119.099,251.984983,TOOLS,TOOLS,UTILITIES,UTILITIES,UTILITIES,,
com.android.stk2,"Herramientas de SIM, SIM Toolkit, SIM toolkit",3,310,451.836,7.5306,TOOLS,TOOLS,UTILITIES,UTILITIES,UTILITIES,,
com.android.updater,Updater,1,260,2419.094,40.3182333,TOOLS,TOOLS,UTILITIES,UTILITIES,UTILITIES,,
com.android.vending,"Google Play Store, Google¬¨‚Ä†Play¬¨‚Ä†Store",2,72392,89882.2429,1498.03738,TOOLS,TOOLS,UTILITIES,UTILITIES,UTILITIES,,
com.angelsense.mobile,AngelSense,1,769,938.732997,15.64555,TOOLS,HOUSE_AND_HOME,LIFESTYLE_MANAGEMENT,HOUSE_AND_HOME,DEVICE_TRACKING,PARENTING,
com.antivirus,"AVG AntiVirus, com.antivirus",2,1020,601.164996,10.0194166,TOOLS,PRODUCTIVITY,PRODUCTIVITY_AND_BUSINESS,PRODUCTIVITY,ONLINE_SECURITY,,
com.apochstudios.unitconverterpro,Unit Converter Pro,1,12,46.600996,0.77668327,TOOLS,PRODUCTIVITY,PRODUCTIVITY_AND_BUSINESS,PRODUCTIVITY,PRODUCTIVITY,,
com.apple.bnd,Beats,1,159,31.118,0.51863333,TOOLS,HOUSE_AND_HOME,LIFESTYLE_MANAGEMENT,HOUSE_AND_HOME,HOUSE_AND_HOME,,
com.asurion.android.verizon.vms,Digital Secure,1,11,0,0,TOOLS,PRODUCTIVITY,PRODUCTIVITY_AND_BUSINESS,PRODUCTIVITY,ONLINE_SECURITY,,
com.asus.aihome,ASUS Router,1,24,156.287,2.60478333,TOOLS,HOUSE_AND_HOME,LIFESTYLE_MANAGEMENT,HOUSE_AND_HOME,HOUSE_AND_HOME,,
com.atomath.camera.neutral,EndscopeTool,1,16,479.922,7.9987,TOOLS,HOUSE_AND_HOME,LIFESTYLE_MANAGEMENT,HOUSE_AND_HOME,HOUSE_AND_HOME,,
com.att.mobilesecurity,"AT&T ActiveArmor Mobile Security, AT&T Mobile Security, com.att.mobilesecurity",3,152,1.397,0.02328333,TOOLS,PRODUCTIVITY,PRODUCTIVITY_AND_BUSINESS,PRODUCTIVITY,ONLINE_SECURITY,,
com.att.personalcloud,AT&T Cloud,1,88,206.529,3.44215,TOOLS,PHOTOGRAPHY,ARTS_AND_LEISURE,PHOTO_AND_VIDEO,PHOTO_AND_VIDEO,PRODUCTIVITY,
com.authy.authy,Authy,1,159,217.289998,3.62149997,TOOLS,PRODUCTIVITY,PRODUCTIVITY_AND_BUSINESS,PRODUCTIVITY,ONLINE_SECURITY,,
com.avira.vpn,Avira Phantom VPN,1,655,3562.75998,59.3793331,TOOLS,PRODUCTIVITY,PRODUCTIVITY_AND_BUSINESS,PRODUCTIVITY,ONLINE_SECURITY,,
com.awesomedroid.bigfont,Big Font,1,9,0,0,TOOLS,TOOLS,UTILITIES,UTILITIES,UTILITIES,,
com.bes.print.insta,InstaPrint,1,158,749.859993,12.4976666,TOOLS,PRODUCTIVITY,PRODUCTIVITY_AND_BUSINESS,PRODUCTIVITY,PRODUCTIVITY,,
com.BibleChants.Catholic.Prayers,Catholic Prayers,1,62,10.487,0.17478333,TOOLS,BOOKS_AND_REFERENCE,ARTS_AND_LEISURE,READING,READING,,
com.brighthouse.mybhn,"My Spectrum, com.brighthouse.mybhn",2,474,4737.75899,78.9626498,TOOLS,HOUSE_AND_HOME,LIFESTYLE_MANAGEMENT,HOUSE_AND_HOME,HOUSE_AND_HOME,,
com.brother.mfc.brprint,iPrint&Scan,1,19,169.042,2.81736667,TOOLS,PRODUCTIVITY,PRODUCTIVITY_AND_BUSINESS,PRODUCTIVITY,PRODUCTIVITY,,
com.brother.ptouch.designandprint2,Design&Print 2,1,71,1627.39,27.1231666,TOOLS,PRODUCTIVITY,PRODUCTIVITY_AND_BUSINESS,PRODUCTIVITY,PRODUCTIVITY,,
com.cams.vtech.mvb.pro,Baby Pro,1,149,183.241994,3.05403323,TOOLS,PARENTING,LIFESTYLE_MANAGEMENT,PARENTING,PARENTING,,
com.camscanner.documentscanner.pdfscanner.textscanner.photos.scanner,PDF Scanner,1,79,1777.899,29.63165,TOOLS,PRODUCTIVITY,PRODUCTIVITY_AND_BUSINESS,PRODUCTIVITY,PRODUCTIVITY,,
com.catalinagroup.callrecorder,Cube ACR,1,77,0,0,TOOLS,PRODUCTIVITY,PRODUCTIVITY_AND_BUSINESS,PRODUCTIVITY,PRODUCTIVITY,,
com.cjin.pokegenie.standard,Poke Genie,1,177,410.513998,6.84189997,TOOLS,GAME_ADVENTURE,GAMING,GAMING,GAME_ADVENTURE,,
com.coloros.alarmclock,Clock,1,363,1751.895,29.19825,TOOLS,PRODUCTIVITY,PRODUCTIVITY_AND_BUSINESS,PRODUCTIVITY,PRODUCTIVITY,,
com.coloros.calculator,Calculator,1,47,535.339,8.92231667,TOOLS,PRODUCTIVITY,PRODUCTIVITY_AND_BUSINESS,PRODUCTIVITY,PRODUCTIVITY,,
com.coloros.filemanager,File Manager,1,59,453.223999,7.55373332,TOOLS,PRODUCTIVITY,PRODUCTIVITY_AND_BUSINESS,PRODUCTIVITY,PRODUCTIVITY,,
com.coloros.phonemanager,Phone Manager,1,87,1302.8,21.7133333,TOOLS,TOOLS,UTILITIES,UTILITIES,UTILITIES,,
com.coloros.wirelesssettings,Wireless Settings,1,238,3051.116,50.8519333,TOOLS,TOOLS,UTILITIES,UTILITIES,UTILITIES,,
com.cpuid.cpu_z,CPU-Z,1,51,154.939,2.58231667,TOOLS,TOOLS,UTILITIES,UTILITIES,UTILITIES,,
com.crfhealth.trialmaxapp,TrialMax,1,45,863.178,14.3863,TOOLS,PRODUCTIVITY,PRODUCTIVITY_AND_BUSINESS,PRODUCTIVITY,RESEARCH,,
com.dawath.applockfinger,App Lock Fingerprint,1,317,378.347,6.30578333,TOOLS,PRODUCTIVITY,PRODUCTIVITY_AND_BUSINESS,PRODUCTIVITY,ONLINE_SECURITY,,
com.dubox.drive,TeraBox,1,116,873.692,14.5615333,TOOLS,PRODUCTIVITY,KNOWLEDGE_AND_INFORMATION,INFORMATION_SEEKING,AI_CHATBOT,PRODUCTIVITY,
com.duckduckgo.mobile.android,DuckDuckGo,1,2678,153087.16,2551.45267,TOOLS,PRODUCTIVITY,KNOWLEDGE_AND_INFORMATION,INFORMATION_SEEKING,BROWSER,,
com.eckey.vizpin.dm,VIZpin Smart,1,45,637.361998,10.6227,TOOLS,PRODUCTIVITY,PRODUCTIVITY_AND_BUSINESS,PRODUCTIVITY,ONLINE_SECURITY,,
com.epson.mobilephone.android.epsonprintserviceplugin,Epson Print Enabler,1,38,2.082,0.0347,TOOLS,PRODUCTIVITY,PRODUCTIVITY_AND_BUSINESS,PRODUCTIVITY,PRODUCTIVITY,,
com.expressvpn.vpn,ExpressVPN,1,560,369.156993,6.15261655,TOOLS,PRODUCTIVITY,PRODUCTIVITY_AND_BUSINESS,PRODUCTIVITY,ONLINE_SECURITY,,
com.facebook.viewpoints,Viewpoints,1,13,0,0,TOOLS,BUSINESS,PRODUCTIVITY_AND_BUSINESS,MONEY_MAKING,QUICK_CASH,,
com.fast.free.unblock.thunder.vpn,Thunder VPN,1,627,383.521992,6.3920332,TOOLS,PRODUCTIVITY,PRODUCTIVITY_AND_BUSINESS,PRODUCTIVITY,ONLINE_SECURITY,,
com.feit.smart,Feit Electric,1,257,687.062,11.4510333,TOOLS,HOUSE_AND_HOME,LIFESTYLE_MANAGEMENT,HOUSE_AND_HOME,HOUSE_AND_HOME,,
com.gamma.scan,QR & Barcode Scanner,1,62,20.82,0.347,TOOLS,PRODUCTIVITY,PRODUCTIVITY_AND_BUSINESS,PRODUCTIVITY,PRODUCTIVITY,,
com.gamma.scan2,QR & Barcode Scanner PRO,1,4,10.966,0.18276667,TOOLS,PRODUCTIVITY,PRODUCTIVITY_AND_BUSINESS,PRODUCTIVITY,PRODUCTIVITY,,
com.getfishvpn.fishvpn,FishVPN,1,163,282.570999,4.70951665,TOOLS,PRODUCTIVITY,PRODUCTIVITY_AND_BUSINESS,PRODUCTIVITY,ONLINE_SECURITY,,
com.getsurfboard,Surfboard,1,546,748.07094,12.467849,TOOLS,HOUSE_AND_HOME,LIFESTYLE_MANAGEMENT,HOUSE_AND_HOME,HOUSE_AND_HOME,,
com.gogo.launcher,MiuiLauncherGo,1,1189,9217.42899,153.623817,TOOLS,TOOLS,UTILITIES,UTILITIES,UTILITIES,,
com.gombosdev.ampere,Ampere,1,24,142.426999,2.37378332,TOOLS,PRODUCTIVITY,PRODUCTIVITY_AND_BUSINESS,PRODUCTIVITY,PRODUCTIVITY,,
com.google.android.apps.adm,"Encontrar mi dispositivo, Find My Device",2,139,229.072998,3.8178833,TOOLS,HOUSE_AND_HOME,LIFESTYLE_MANAGEMENT,HOUSE_AND_HOME,DEVICE_TRACKING,,
com.google.android.apps.assistant,Google Assistant,1,7,0.301,0.00501667,TOOLS,PRODUCTIVITY,PRODUCTIVITY_AND_BUSINESS,PRODUCTIVITY,PRODUCTIVITY,,
com.google.android.apps.authenticator2,"Authenticator, com.google.android.apps.authenticator2",2,458,3515.90499,58.5984165,TOOLS,PRODUCTIVITY,PRODUCTIVITY_AND_BUSINESS,PRODUCTIVITY,ONLINE_SECURITY,,
com.google.android.apps.kids.familylink,Family Link,1,252,507.36,8.456,TOOLS,HEALTH_AND_FITNESS,LIFESTYLE_MANAGEMENT,HEALTH,SCREEN_TIME,DEVICE_TRACKING,
com.google.android.apps.nbu.files,"Files, Files by Google, Files de Google, com.google.android.apps.nbu.files",4,4303,25507.089,425.118149,TOOLS,PRODUCTIVITY,PRODUCTIVITY_AND_BUSINESS,PRODUCTIVITY,PRODUCTIVITY,,
com.google.android.apps.nexuslauncher,"Pixel Launcher, com.google.android.apps.nexuslauncher",2,566375,30754.5425,512.575709,TOOLS,TOOLS,UTILITIES,UTILITIES,UTILITIES,,
com.google.android.apps.onlineinsightspanel,Online Insights Study,1,96,2.796,0.0466,TOOLS,BUSINESS,PRODUCTIVITY_AND_BUSINESS,MONEY_MAKING,QUICK_CASH,,
com.google.android.apps.paidtasks,Google Opinion Rewards,1,5805,41351.7059,689.195099,TOOLS,BUSINESS,PRODUCTIVITY_AND_BUSINESS,MONEY_MAKING,QUICK_CASH,,
com.google.android.apps.recorder,"Recorder, com.google.android.apps.recorder",2,289,551.285998,9.18809997,TOOLS,PRODUCTIVITY,PRODUCTIVITY_AND_BUSINESS,PRODUCTIVITY,PRODUCTIVITY,,
com.google.android.apps.restore,"Android Setup, Android Switch, Data Restore Tool, Data restore tool, Restablecimiento de datos, com.google.android.apps.restore",6,551,52.738999,0.87898332,TOOLS,TOOLS,UTILITIES,UTILITIES,UTILITIES,,
com.google.android.apps.safetyhub,"Personal Safety, Seguridad personal, com.google.android.apps.safetyhub",3,1336,8834.27798,147.237966,TOOLS,BUSINESS,PRODUCTIVITY_AND_BUSINESS,MONEY_MAKING,WORK,,
com.google.android.apps.searchlite,Google Go,1,91,297.590999,4.95984998,TOOLS,PRODUCTIVITY,KNOWLEDGE_AND_INFORMATION,INFORMATION_SEEKING,BROWSER,,
com.google.android.apps.tips,"Pixel Tips, com.google.android.apps.tips",2,867,444.815999,7.41359998,TOOLS,TOOLS,UTILITIES,UTILITIES,UTILITIES,,
com.google.android.apps.translate,"Traductor, Translate, com.google.android.apps.translate",3,1428,14948.333,249.138883,TOOLS,PRODUCTIVITY,PRODUCTIVITY_AND_BUSINESS,PRODUCTIVITY,PRODUCTIVITY,,
com.google.android.apps.tycho,Google Fi,1,425,189.914999,3.16524998,TOOLS,HOUSE_AND_HOME,LIFESTYLE_MANAGEMENT,HOUSE_AND_HOME,HOUSE_AND_HOME,,
com.google.android.apps.userpanel,Screenwise Meter,1,94,151.714,2.52856667,TOOLS,PRODUCTIVITY,PRODUCTIVITY_AND_BUSINESS,PRODUCTIVITY,RESEARCH,,
com.google.android.apps.wellbeing,"Bienestar¬¨‚Ä†digital, Digital Wellbeing",2,62227,41379.2418,689.654031,TOOLS,HEALTH_AND_FITNESS,LIFESTYLE_MANAGEMENT,HEALTH,SCREEN_TIME,,
com.google.android.as,"Android System Intelligence, Android¬¨‚Ä†System¬¨‚Ä†Intelligence, Device Personalization Services, Servicios de personalizaci‚àö‚â•n del dispositivo, com.google.android.as",5,17046,301.285995,5.02143325,TOOLS,TOOLS,UTILITIES,UTILITIES,UTILITIES,,
com.google.android.calculator,"Calculadora, Calculator, com.google.android.calculator",3,6763,109680.039,1828.00065,TOOLS,PRODUCTIVITY,PRODUCTIVITY_AND_BUSINESS,PRODUCTIVITY,PRODUCTIVITY,,
com.google.android.captiveportallogin,"Acceso a portal cautivo, Captive Portal Login, Captive portal login, CaptivePortalLogin, com.google.android.captiveportallogin",5,1132,4977.56697,82.9594495,TOOLS,TOOLS,UTILITIES,UTILITIES,UTILITIES,,
com.google.android.cellbroadcastreceiver,"Alertas de emergencia inal‚àö¬∞mbricas, Wireless Emergency Alerts, Wireless emergency alerts, com.google.android.cellbroadcastreceiver",4,497,4762.572,79.3761999,TOOLS,TOOLS,UTILITIES,UTILITIES,UTILITIES,,
com.google.android.deskclock,"Clock, Reloj, com.google.android.deskclock",3,33625,1141352.94,19022.549,TOOLS,PRODUCTIVITY,PRODUCTIVITY_AND_BUSINESS,PRODUCTIVITY,PRODUCTIVITY,,
com.google.android.dialer,"Phone, Tel‚àö¬©fono, com.google.android.dialer",3,132653,25817.706,430.2951,TOOLS,COMMUNICATION,COMMUNICATION,INTERPERSONAL_COMMUNICATION,CALLS,,
com.google.android.euicc,"SIM Manager, com.google.android.euicc",2,5005,312.036998,5.20061663,TOOLS,TOOLS,UTILITIES,UTILITIES,UTILITIES,,
com.google.android.gms,"Google Play services, Servicios de Google Play",2,19900,0,0,TOOLS,TOOLS,UTILITIES,UTILITIES,UTILITIES,,
com.google.android.googlequicksearchbox,"Google, com.google.android.googlequicksearchbox",2,155506,1168986.28,19483.1046,TOOLS,PRODUCTIVITY,KNOWLEDGE_AND_INFORMATION,INFORMATION_SEEKING,BROWSER,,
com.google.android.inputmethod.latin,"Gboard, com.google.android.inputmethod.latin",2,35822,3064.78397,51.0797329,TOOLS,TOOLS,UTILITIES,UTILITIES,UTILITIES,,
com.google.android.providers.media.module,"Media, Media Storage, Media picker, Multimedia, Selector de medios",5,8247,9716.11898,161.935316,TOOLS,TOOLS,UTILITIES,UTILITIES,UTILITIES,,
com.google.android.settings.intelligence,"Settings Services, com.google.android.settings.intelligence",2,4201,708.115995,11.8019333,TOOLS,TOOLS,UTILITIES,UTILITIES,UTILITIES,,
com.google.android.tag,"Tags, com.google.android.tag",2,106,347.072,5.78453333,TOOLS,TOOLS,UTILITIES,UTILITIES,UTILITIES,,
com.google.android.tts,"Google Text-to-speech Engine, Reconocimiento y s‚àö‚â†ntesis de voz de Google, Speech Recognition and Synthesis from Google, Speech Services by Google",4,8576,571.610995,9.52684992,TOOLS,TOOLS,UTILITIES,UTILITIES,UTILITIES,,
com.google.ar.core,"ARCore, Google Play Services for AR, com.google.ar.core",3,2076,0.083,0.00138333,TOOLS,TOOLS,UTILITIES,UTILITIES,UTILITIES,,
com.google.ar.lens,Lens,1,260,1.054,0.01756667,TOOLS,PRODUCTIVITY,KNOWLEDGE_AND_INFORMATION,INFORMATION_SEEKING,BROWSER,,
com.govee.home,Govee Home,1,21,176.225,2.93708333,TOOLS,HOUSE_AND_HOME,LIFESTYLE_MANAGEMENT,HOUSE_AND_HOME,HOUSE_AND_HOME,,
com.heytap.pictorial,Lock Screen Magazine,1,94,939.649,15.6608167,TOOLS,TOOLS,UTILITIES,UTILITIES,UTILITIES,,
com.hidemyass.hidemyassprovpn,HMA VPN,1,10,5.381,0.08968333,TOOLS,PRODUCTIVITY,PRODUCTIVITY_AND_BUSINESS,PRODUCTIVITY,ONLINE_SECURITY,,
com.hikvision.hikconnect,Hik-Connect,1,870,5012.627,83.5437833,TOOLS,HOUSE_AND_HOME,LIFESTYLE_MANAGEMENT,HOUSE_AND_HOME,HOUSE_AND_HOME,,
com.huawei.android.launcher,Huawei Home,1,717,3196.179,53.26965,TOOLS,TOOLS,UTILITIES,UTILITIES,UTILITIES,,
com.i4season.bkCamera,Suear,1,218,5111.004,85.1834,TOOLS,HOUSE_AND_HOME,LIFESTYLE_MANAGEMENT,HOUSE_AND_HOME,HOUSE_AND_HOME,,
com.ihunuo.ykr_hn_2005a_tlw66,ThermoPro Sensor,1,6089,22072.602,367.8767,TOOLS,HOUSE_AND_HOME,LIFESTYLE_MANAGEMENT,HOUSE_AND_HOME,HOUSE_AND_HOME,,
com.immediasemi.android.blink,"Blink, com.immediasemi.android.blink",2,9704,5654.977,94.2496166,TOOLS,HOUSE_AND_HOME,LIFESTYLE_MANAGEMENT,HOUSE_AND_HOME,HOUSE_AND_HOME,,
com.isonas.puremobile,ISONAS,1,12,86.602,1.44336667,TOOLS,HOUSE_AND_HOME,LIFESTYLE_MANAGEMENT,HOUSE_AND_HOME,HOUSE_AND_HOME,,
com.ixolit.ipvanish,IPVanish,1,56,148.453,2.47421667,TOOLS,PRODUCTIVITY,PRODUCTIVITY_AND_BUSINESS,PRODUCTIVITY,ONLINE_SECURITY,,
com.kog.alarmclock,I Can't Wake Up! Alarm Clock,1,114,3890.535,64.84225,TOOLS,PRODUCTIVITY,PRODUCTIVITY_AND_BUSINESS,PRODUCTIVITY,PRODUCTIVITY,,
com.lawfully.lawfully_ai_tracker,Lawfully,1,5,41.875,0.69791667,TOOLS,PRODUCTIVITY,PRODUCTIVITY_AND_BUSINESS,PRODUCTIVITY,PRODUCTIVITY,,
com.ledlamp,LED LAMP,1,76,242.483999,4.04139998,TOOLS,HOUSE_AND_HOME,LIFESTYLE_MANAGEMENT,HOUSE_AND_HOME,HOUSE_AND_HOME,,
com.lge.clock,Clock,1,191,457.38,7.623,TOOLS,PRODUCTIVITY,PRODUCTIVITY_AND_BUSINESS,PRODUCTIVITY,PRODUCTIVITY,,
com.locationchanger,Location Changer,1,490,1256.65,20.9441666,TOOLS,PRODUCTIVITY,PRODUCTIVITY_AND_BUSINESS,PRODUCTIVITY,ONLINE_SECURITY,,
com.lookandfeel.cleanerforwhatsapp,Cleaner for WhatsApp,1,11,3.507,0.05845,TOOLS,TOOLS,UTILITIES,UTILITIES,UTILITIES,,
com.lyrebirdstudio.sticker_maker,Sticker Maker,1,22,31.023,0.51705,TOOLS,PHOTOGRAPHY,ARTS_AND_LEISURE,PHOTO_AND_VIDEO,PHOTO_AND_VIDEO,,
com.marsvard.stickermakerforwhatsapp,Sticker Maker,1,89,194.692,3.24486667,TOOLS,PHOTOGRAPHY,ARTS_AND_LEISURE,PHOTO_AND_VIDEO,PHOTO_AND_VIDEO,,
com.merkuryinnovations.geeni,geeni,1,8,1.998,0.0333,TOOLS,HOUSE_AND_HOME,LIFESTYLE_MANAGEMENT,HOUSE_AND_HOME,HOUSE_AND_HOME,,
com.metricwire.digitalhealth,Catalyst by MetricWire,1,82,2490.101,41.5016833,TOOLS,PRODUCTIVITY,PRODUCTIVITY_AND_BUSINESS,PRODUCTIVITY,RESEARCH,,
com.mi.android.globalFileexplorer,File Manager,1,368,1634.783,27.2463833,TOOLS,PRODUCTIVITY,PRODUCTIVITY_AND_BUSINESS,PRODUCTIVITY,PRODUCTIVITY,,
com.mi.globalbrowser,Mi Browser,1,1060,22394.47,373.241166,TOOLS,PRODUCTIVITY,KNOWLEDGE_AND_INFORMATION,INFORMATION_SEEKING,BROWSER,,
com.microsoft.bing,Bing,1,32,0,0,TOOLS,PRODUCTIVITY,KNOWLEDGE_AND_INFORMATION,INFORMATION_SEEKING,BROWSER,,
com.mining.app.mipca,MIPC,1,530,3813.784,63.5630667,TOOLS,HOUSE_AND_HOME,LIFESTYLE_MANAGEMENT,HOUSE_AND_HOME,HOUSE_AND_HOME,,
com.miui.calculator,Calculator,1,898,8097.35098,134.95585,TOOLS,PRODUCTIVITY,PRODUCTIVITY_AND_BUSINESS,PRODUCTIVITY,PRODUCTIVITY,,
com.miui.cleaner,Cleaner,1,360,1529.073,25.48455,TOOLS,TOOLS,UTILITIES,UTILITIES,UTILITIES,,
com.miui.compass,Compass,1,117,1384.341,23.07235,TOOLS,PRODUCTIVITY,PRODUCTIVITY_AND_BUSINESS,PRODUCTIVITY,PRODUCTIVITY,,
com.miui.home,System launcher,1,88326,472873.821,7881.23036,TOOLS,TOOLS,UTILITIES,UTILITIES,UTILITIES,,
com.miui.securitycenter,Security,1,5596,8175.06298,136.25105,TOOLS,PRODUCTIVITY,PRODUCTIVITY_AND_BUSINESS,PRODUCTIVITY,ONLINE_SECURITY,,
com.mobi.smart,MOBI Smart,1,222,843.341,14.0556833,TOOLS,HOUSE_AND_HOME,LIFESTYLE_MANAGEMENT,HOUSE_AND_HOME,HOUSE_AND_HOME,,
com.molink.john.hummingbird,bebird,1,20,321.539999,5.35899998,TOOLS,HEALTH_AND_FITNESS,LIFESTYLE_MANAGEMENT,HEALTH,HEALTH_AND_FITNESS,,
com.motorola.gamemode,"Games, Juegos, Moto Gametime, com.motorola.gamemode",4,1182,0.312,0.0052,TOOLS,TOOLS,UTILITIES,UTILITIES,UTILITIES,,
com.motorola.screenshoteditor,"Editor de capturas de pantalla, ScreenshotEditor, com.motorola.screenshoteditor",3,72,188.834,3.14723333,TOOLS,TOOLS,UTILITIES,UTILITIES,UTILITIES,,
com.motorola.stylus,Nota Moto,1,46,178.675999,2.97793332,TOOLS,PRODUCTIVITY,PRODUCTIVITY_AND_BUSINESS,PRODUCTIVITY,PRODUCTIVITY,,
com.motorola.timeweatherwidget,"Moto Widget, Widget Moto, com.motorola.timeweatherwidget",3,1127,6.72,0.112,TOOLS,TOOLS,UTILITIES,UTILITIES,UTILITIES,,
com.my1218app.MMJCCSummerCamps,MM JCC Summer Camps,1,232,2364.53298,39.4088831,TOOLS,PARENTING,LIFESTYLE_MANAGEMENT,PARENTING,PARENT_CHILD_COMMUNICATION,,
com.mysunpower,mySunpower,1,6,29.232,0.4872,TOOLS,HOUSE_AND_HOME,LIFESTYLE_MANAGEMENT,HOUSE_AND_HOME,HOUSE_AND_HOME,,
com.netflix.Speedtest,FAST,1,10,15.718,0.26196667,TOOLS,HOUSE_AND_HOME,LIFESTYLE_MANAGEMENT,HOUSE_AND_HOME,HOUSE_AND_HOME,,
com.nooie.home,Nooie,1,1609,60868.459,1014.47432,TOOLS,HOUSE_AND_HOME,LIFESTYLE_MANAGEMENT,HOUSE_AND_HOME,HOUSE_AND_HOME,,
com.nvidia.shield.remote,SHIELD TV,1,24,39.597,0.65995,TOOLS,HOUSE_AND_HOME,LIFESTYLE_MANAGEMENT,HOUSE_AND_HOME,HOUSE_AND_HOME,,
com.oneplus.account,OnePlus Account,1,28,50.656,0.84426667,TOOLS,TOOLS,UTILITIES,UTILITIES,UTILITIES,,
com.oneplus.deskclock,Clock,1,121,312.031999,5.20053332,TOOLS,PRODUCTIVITY,PRODUCTIVITY_AND_BUSINESS,PRODUCTIVITY,PRODUCTIVITY,,
com.oneplus.filemanager,My Files,1,147,1196.03,19.9338333,TOOLS,PRODUCTIVITY,PRODUCTIVITY_AND_BUSINESS,PRODUCTIVITY,PRODUCTIVITY,,
com.oneplus.health.international,OnePlus Health,1,956,2886.392,48.1065333,TOOLS,HEALTH_AND_FITNESS,LIFESTYLE_MANAGEMENT,HEALTH,HEALTH_AND_FITNESS,,
com.oneplus.membership,OnePlus Membership,1,51,26.112,0.4352,TOOLS,TOOLS,UTILITIES,UTILITIES,UTILITIES,,
com.oneplus.note,Notes,1,244,3.328,0.05546667,TOOLS,PRODUCTIVITY,PRODUCTIVITY_AND_BUSINESS,PRODUCTIVITY,PRODUCTIVITY,,
com.oneplus.opshelf,Shelf,1,238,844.324,14.0720667,TOOLS,ENTERTAINMENT,ARTS_AND_LEISURE,ENTERTAINMENT,ENTERTAINMENT,,
com.oplus.battery,Battery,1,504,488.404,8.14006667,TOOLS,TOOLS,UTILITIES,UTILITIES,UTILITIES,,
com.oplus.melody,Wireless Earphones,1,124,290.302,4.83836667,TOOLS,HOUSE_AND_HOME,LIFESTYLE_MANAGEMENT,HOUSE_AND_HOME,HOUSE_AND_HOME,,
com.oplus.wirelesssettings,Wireless Settings,1,552,3192.71,53.2118333,TOOLS,TOOLS,UTILITIES,UTILITIES,UTILITIES,,
com.oppo.launcher,System Launcher,1,20731,81372.5197,1356.20866,TOOLS,TOOLS,UTILITIES,UTILITIES,UTILITIES,,
com.oppo.quicksearchbox,Global Search,1,121,259.813,4.33021667,TOOLS,PRODUCTIVITY,KNOWLEDGE_AND_INFORMATION,INFORMATION_SEEKING,BROWSER,,
com.ovelin.guitartuna,GuitarTuna,1,12,34.155,0.56925,TOOLS,ENTERTAINMENT,ARTS_AND_LEISURE,ENTERTAINMENT,ENTERTAINMENT,,
com.paycom.mobile.ess,Paycom,1,547,2883.209,48.0534833,TOOLS,BUSINESS,PRODUCTIVITY_AND_BUSINESS,MONEY_MAKING,WORK,,
com.pindlet.readinglight,"Reading Light, com.pindlet.readinglight",2,116,5599.95799,93.3326332,TOOLS,PRODUCTIVITY,PRODUCTIVITY_AND_BUSINESS,PRODUCTIVITY,PRODUCTIVITY,,
com.pocketgeek.android,Pocket Geek Mobile,1,21,41.044,0.68406667,TOOLS,HOUSE_AND_HOME,LIFESTYLE_MANAGEMENT,HOUSE_AND_HOME,HOUSE_AND_HOME,,
com.privateinternetaccess.android,PIA VPN,1,123,177.687998,2.96146663,TOOLS,PRODUCTIVITY,PRODUCTIVITY_AND_BUSINESS,PRODUCTIVITY,ONLINE_SECURITY,,
com.pushd.client,Aura,1,161,554.750996,9.24584993,TOOLS,HEALTH_AND_FITNESS,LIFESTYLE_MANAGEMENT,HEALTH,HEALTH_AND_FITNESS,,
com.qcymall.googleearphonesetup,QCY,1,5487,425.81,7.09683333,TOOLS,HOUSE_AND_HOME,LIFESTYLE_MANAGEMENT,HOUSE_AND_HOME,HOUSE_AND_HOME,,
com.rainoutline.app2,Rainout Line,1,26,0,0,TOOLS,EVENTS,ARTS_AND_LEISURE,ENTERTAINMENT,EVENTS,,
com.ravensburger.disney.lorcana,Lorcana TCG,1,121,8784.212,146.403533,TOOLS,ENTERTAINMENT,ARTS_AND_LEISURE,ENTERTAINMENT,ENTERTAINMENT,,
com.rbigsoft.easyunrar.lite,EasyUnrarLite,1,13,16.655,0.27758333,TOOLS,PRODUCTIVITY,PRODUCTIVITY_AND_BUSINESS,PRODUCTIVITY,PRODUCTIVITY,,
com.samsung.accessory.fridaymgr,"Galaxy Buds, Galaxy Buds Manager",2,327,41.271,0.68785,TOOLS,HOUSE_AND_HOME,LIFESTYLE_MANAGEMENT,HOUSE_AND_HOME,HOUSE_AND_HOME,,
com.samsung.accessory.neobeanmgr,Galaxy Buds Live Manager,1,66,82.61,1.37683333,TOOLS,HOUSE_AND_HOME,LIFESTYLE_MANAGEMENT,HOUSE_AND_HOME,HOUSE_AND_HOME,,
com.samsung.accessory.popcornmgr,"Galaxy Buds+ Manager, com.samsung.accessory.popcornmgr",2,612,255.978998,4.26631663,TOOLS,HOUSE_AND_HOME,LIFESTYLE_MANAGEMENT,HOUSE_AND_HOME,HOUSE_AND_HOME,,
com.samsung.android.app.galaxyfinder,"Buscador, Finder",2,4169,9035.026,150.583767,TOOLS,TOOLS,UTILITIES,UTILITIES,UTILITIES,,
com.samsung.android.app.soundpicker,"Seleccionar sonido, Sound picker",2,147,2738.009,45.6334833,TOOLS,TOOLS,UTILITIES,UTILITIES,UTILITIES,,
com.samsung.android.app.spage,"Bixby Home, Samsung Free, Samsung News",3,5567,25745.358,429.0893,TOOLS,TOOLS,UTILITIES,UTILITIES,UTILITIES,,
com.samsung.android.app.watchmanager,"Galaxy Wearable, Wearable",2,5518,110.744995,1.84574992,TOOLS,HOUSE_AND_HOME,LIFESTYLE_MANAGEMENT,HOUSE_AND_HOME,HOUSE_AND_HOME,,
com.samsung.android.bixby.agent,Bixby Voice,1,1500,6587.404,109.790067,TOOLS,PRODUCTIVITY,KNOWLEDGE_AND_INFORMATION,INFORMATION_SEEKING,AI_CHATBOT,,
com.samsung.android.forest,"Bienestar digital, Digital Wellbeing, Digital Wellbeing and parental controls",3,3680,19794.805,329.913417,TOOLS,HEALTH_AND_FITNESS,LIFESTYLE_MANAGEMENT,HEALTH,SCREEN_TIME,,
com.samsung.android.geargplugin,Galaxy Watch PlugIn,1,235,956.038967,15.9339828,TOOLS,HOUSE_AND_HOME,LIFESTYLE_MANAGEMENT,HOUSE_AND_HOME,HOUSE_AND_HOME,,
com.samsung.android.gearnplugin,Galaxy Watch3 PlugIn,1,241,130.241,2.17068333,TOOLS,HOUSE_AND_HOME,LIFESTYLE_MANAGEMENT,HOUSE_AND_HOME,HOUSE_AND_HOME,,
com.samsung.android.gearrplugin,Watch Active2 Plugin,1,406,520.628,8.67713333,TOOLS,HOUSE_AND_HOME,LIFESTYLE_MANAGEMENT,HOUSE_AND_HOME,HOUSE_AND_HOME,,
com.samsung.android.heartplugin,Galaxy Watch5 Manager,1,150,172.209,2.87015,TOOLS,HOUSE_AND_HOME,LIFESTYLE_MANAGEMENT,HOUSE_AND_HOME,HOUSE_AND_HOME,,
com.samsung.android.honeyboard,"Samsung Keyboard, Teclado Samsung",2,2479,1470.091,24.5015167,TOOLS,TOOLS,UTILITIES,UTILITIES,UTILITIES,,
com.samsung.android.lool,"Cuidado del dispositivo, Device care",2,957,28953.83,482.563833,TOOLS,TOOLS,UTILITIES,UTILITIES,UTILITIES,,
com.samsung.android.mtp,"Aplicaci‚àö‚â•n MTP, MTP application",2,1948,3262.008,54.3668,TOOLS,PRODUCTIVITY,PRODUCTIVITY_AND_BUSINESS,PRODUCTIVITY,PRODUCTIVITY,,
com.samsung.android.voc,Samsung Members,1,315,309.036,5.1506,TOOLS,TOOLS,UTILITIES,UTILITIES,UTILITIES,,
com.samsung.android.waterplugin,Galaxy Watch4 Manager,1,199,0,0,TOOLS,HOUSE_AND_HOME,LIFESTYLE_MANAGEMENT,HOUSE_AND_HOME,HOUSE_AND_HOME,,
com.samsung.sdm.sdmviewer,"Device management, Software update, System updates UI",3,224,4282.112,71.3685333,TOOLS,TOOLS,UTILITIES,UTILITIES,UTILITIES,,
com.samsung.wearable.watch6plugin,Galaxy Watch6 Manager,1,112,0,0,TOOLS,HOUSE_AND_HOME,LIFESTYLE_MANAGEMENT,HOUSE_AND_HOME,HOUSE_AND_HOME,,
com.sec.android.app.clockpackage,"Clock, Reloj",2,28197,0,0,TOOLS,PRODUCTIVITY,PRODUCTIVITY_AND_BUSINESS,PRODUCTIVITY,PRODUCTIVITY,,
com.sec.android.app.desktoplauncher,"Pantalla de inicio de Samsung DeX, Samsung DeX home",2,477,4029.554,67.1592333,TOOLS,TOOLS,UTILITIES,UTILITIES,UTILITIES,,
com.sec.android.app.myfiles,"Mis archivos, My Files",2,3939,9554.98099,159.249683,TOOLS,PRODUCTIVITY,PRODUCTIVITY_AND_BUSINESS,PRODUCTIVITY,PRODUCTIVITY,,
com.sec.android.app.popupcalculator,"Calculadora, Calculator, com.sec.android.app.popupcalculator",3,5931,89138.797,1485.64662,TOOLS,PRODUCTIVITY,PRODUCTIVITY_AND_BUSINESS,PRODUCTIVITY,PRODUCTIVITY,,
com.sec.android.app.samsungapps,"Galaxy Store, com.sec.android.app.samsungapps",2,3869,1487.047,24.7841167,TOOLS,TOOLS,UTILITIES,UTILITIES,UTILITIES,,
com.sec.android.app.vepreload,"Studio, Video Editor",2,602,2007.556,33.4592667,TOOLS,PHOTOGRAPHY,ARTS_AND_LEISURE,PHOTO_AND_VIDEO,PHOTO_AND_VIDEO,,
com.sec.android.app.voicenote,"Grabadora de Voz, Voice Recorder",2,391,1988.714,33.1452333,TOOLS,PRODUCTIVITY,PRODUCTIVITY_AND_BUSINESS,PRODUCTIVITY,PRODUCTIVITY,,
com.sec.android.daemonapp,"Clima, Weather",2,9338,26133.153,435.55255,TOOLS,WEATHER,LIFESTYLE_MANAGEMENT,TRAVEL_AND_LOCAL,WEATHER,,
com.sec.android.easyMover,"Smart Switch, com.sec.android.easyMover",2,937,5.255,0.08758333,TOOLS,TOOLS,UTILITIES,UTILITIES,UTILITIES,,
com.sony.songpal.mdr,Headphones,1,358,0,0,TOOLS,HOUSE_AND_HOME,LIFESTYLE_MANAGEMENT,HOUSE_AND_HOME,HOUSE_AND_HOME,,
com.starlink.mobile,Starlink,1,6,118.65,1.9775,TOOLS,HOUSE_AND_HOME,LIFESTYLE_MANAGEMENT,HOUSE_AND_HOME,HOUSE_AND_HOME,,
com.studio.zm.statussaver,Status Saver,1,278,843.117,14.05195,TOOLS,PHOTOGRAPHY,ARTS_AND_LEISURE,PHOTO_AND_VIDEO,PHOTO_AND_VIDEO,,
com.termux,Termux,1,352,68.325996,1.1387666,TOOLS,PRODUCTIVITY,PRODUCTIVITY_AND_BUSINESS,PRODUCTIVITY,PRODUCTIVITY,,
com.textsprecher,Text to Speech (TTS),1,65,1174.496,19.5749333,TOOLS,PRODUCTIVITY,PRODUCTIVITY_AND_BUSINESS,PRODUCTIVITY,PRODUCTIVITY,,
com.tmobile.pr.mytmobile,T-Mobile,1,352,92.141,1.53568333,TOOLS,HOUSE_AND_HOME,LIFESTYLE_MANAGEMENT,HOUSE_AND_HOME,HOUSE_AND_HOME,,
com.tplink.tether,Tether,1,768,2966.852,49.4475333,TOOLS,FINANCE,PRODUCTIVITY_AND_BUSINESS,MONEY_MANAGEMENT,FINANCE,,
com.tplink.tpm5,Deco,1,74,60.711998,1.01186663,TOOLS,HOUSE_AND_HOME,LIFESTYLE_MANAGEMENT,HOUSE_AND_HOME,HOUSE_AND_HOME,,
com.transsion.applock,"App Lock, App lock",2,842,3106.694,51.7782333,TOOLS,PRODUCTIVITY,PRODUCTIVITY_AND_BUSINESS,PRODUCTIVITY,ONLINE_SECURITY,,
com.transsion.calculator,Calculator,1,58,1690.922,28.1820333,TOOLS,PRODUCTIVITY,PRODUCTIVITY_AND_BUSINESS,PRODUCTIVITY,PRODUCTIVITY,,
com.transsion.deskclock,Clock,1,63,473.207,7.88678333,TOOLS,PRODUCTIVITY,PRODUCTIVITY_AND_BUSINESS,PRODUCTIVITY,PRODUCTIVITY,,
com.trantrigroup.note,Notes,1,104,298.743996,4.9790666,TOOLS,PRODUCTIVITY,PRODUCTIVITY_AND_BUSINESS,PRODUCTIVITY,PRODUCTIVITY,,
com.uvnv.mintsim,Mint Mobile,1,306,5712.40599,95.2067665,TOOLS,HOUSE_AND_HOME,LIFESTYLE_MANAGEMENT,HOUSE_AND_HOME,HOUSE_AND_HOME,,
com.verisign.mvip.main,VIP Access,1,148,172.079,2.86798333,TOOLS,PRODUCTIVITY,PRODUCTIVITY_AND_BUSINESS,PRODUCTIVITY,ONLINE_SECURITY,,
com.vpn.free.hotspot.secure.vpnify,vpnify,1,10,15.144,0.2524,TOOLS,PRODUCTIVITY,PRODUCTIVITY_AND_BUSINESS,PRODUCTIVITY,ONLINE_SECURITY,,
com.vzw.hss.myverizon,"My Verizon, com.vzw.hss.myverizon",2,565,5611.94899,93.5324832,TOOLS,HOUSE_AND_HOME,LIFESTYLE_MANAGEMENT,HOUSE_AND_HOME,HOUSE_AND_HOME,,
com.wash.connect,WASH-Connect,1,15,83.422,1.39036667,TOOLS,HOUSE_AND_HOME,LIFESTYLE_MANAGEMENT,HOUSE_AND_HOME,HOUSE_AND_HOME,,
com.windscribe.vpn,Windscribe,1,958,2257.849,37.6308167,TOOLS,PRODUCTIVITY,PRODUCTIVITY_AND_BUSINESS,PRODUCTIVITY,ONLINE_SECURITY,,
com.wireguard.android,WireGuard,1,102,25.355999,0.42259998,TOOLS,PRODUCTIVITY,PRODUCTIVITY_AND_BUSINESS,PRODUCTIVITY,ONLINE_SECURITY,,
com.wsits.njchildsupport,NJ Child Support,1,30,305.91,5.0985,TOOLS,HOUSE_AND_HOME,LIFESTYLE_MANAGEMENT,HOUSE_AND_HOME,COMMUNITY_AND_PUBLIC_SERVICES,,
com.xiaomi.midrop,ShareMe,1,93,3.159,0.05265,TOOLS,PRODUCTIVITY,PRODUCTIVITY_AND_BUSINESS,PRODUCTIVITY,PRODUCTIVITY,,
com.zip.unzip.zipextractor.raropener.zipfile,Zip Extractor,1,24,26.267,0.43778333,TOOLS,PRODUCTIVITY,PRODUCTIVITY_AND_BUSINESS,PRODUCTIVITY,PRODUCTIVITY,,
com.ztnstudio.notepad,"#Notepad, com.ztnstudio.notepad",2,353,3477.598,57.9599667,TOOLS,PRODUCTIVITY,PRODUCTIVITY_AND_BUSINESS,PRODUCTIVITY,PRODUCTIVITY,,
coop.nisc.android.smarthub,SmartHub,1,17,89.977,1.49961667,TOOLS,HOUSE_AND_HOME,LIFESTYLE_MANAGEMENT,HOUSE_AND_HOME,HOUSE_AND_HOME,,
cz.hipercalc,HiPER Scientific Calculator,1,141,3527.31799,58.7886332,TOOLS,PRODUCTIVITY,PRODUCTIVITY_AND_BUSINESS,PRODUCTIVITY,PRODUCTIVITY,,
dev.genesy.animalcrossingnhguide,"ACNH.Guide, dev.genesy.animalcrossingnhguide",2,13,286.205,4.77008333,TOOLS,GAME_ARCADE,GAMING,GAMING,GAME_ARCADE,ENTERTAINMENT,
fr.ecp.ruler.app,Ruler,1,20,38.002,0.63336667,TOOLS,PRODUCTIVITY,PRODUCTIVITY_AND_BUSINESS,PRODUCTIVITY,PRODUCTIVITY,,
free.translate.all.language.translator,Translate,1,6,1.265,0.02108333,TOOLS,PRODUCTIVITY,PRODUCTIVITY_AND_BUSINESS,PRODUCTIVITY,PRODUCTIVITY,,
fun.kitsunebi.kitsunebi4android,Kitsunebi,1,12619,19508.782,325.146367,TOOLS,PRODUCTIVITY,PRODUCTIVITY_AND_BUSINESS,PRODUCTIVITY,ONLINE_SECURITY,,
gmikhail.colorpicker,Color Picker,1,35,98.337996,1.6389666,TOOLS,PRODUCTIVITY,PRODUCTIVITY_AND_BUSINESS,PRODUCTIVITY,PRODUCTIVITY,,
gov.baltimorecity.cob311,Baltimore City 311,1,15,61.745,1.02908333,TOOLS,HOUSE_AND_HOME,LIFESTYLE_MANAGEMENT,HOUSE_AND_HOME,COMMUNITY_AND_PUBLIC_SERVICES,,
gov.nyc.doitt.ThreeOneOne,gov.nyc.doitt.ThreeOneOne,1,23,16.967,0.28278333,TOOLS,HOUSE_AND_HOME,LIFESTYLE_MANAGEMENT,HOUSE_AND_HOME,COMMUNITY_AND_PUBLIC_SERVICES,,
gov.nyc.oem.notifynyc,"Notify NYC, gov.nyc.oem.notifynyc",2,523,0,0,TOOLS,HOUSE_AND_HOME,LIFESTYLE_MANAGEMENT,HOUSE_AND_HOME,COMMUNITY_AND_PUBLIC_SERVICES,,
hotspotshield.android.vpn,Hotspot Shield VPN,1,58,5.654,0.09423333,TOOLS,PRODUCTIVITY,PRODUCTIVITY_AND_BUSINESS,PRODUCTIVITY,ONLINE_SECURITY,,
jp.co.canon.android.printservice.plugin,Canon Print Service,1,92,0,0,TOOLS,PHOTOGRAPHY,ARTS_AND_LEISURE,PHOTO_AND_VIDEO,PHOTO_AND_VIDEO,,
jp.co.canon.bsd.ad.pixmaprint,PRINT,1,192,676.368,11.2728,TOOLS,PHOTOGRAPHY,ARTS_AND_LEISURE,PHOTO_AND_VIDEO,PHOTO_AND_VIDEO,,
mark.via.gp,Via,1,125,2132.85999,35.5476665,TOOLS,PRODUCTIVITY,KNOWLEDGE_AND_INFORMATION,INFORMATION_SEEKING,BROWSER,,
me.zhanghai.android.files,Material Files,1,10,10.58,0.17633333,TOOLS,PRODUCTIVITY,PRODUCTIVITY_AND_BUSINESS,PRODUCTIVITY,PRODUCTIVITY,,
moe.shizuku.privileged.api,Shizuku,1,7,22.347,0.37245,TOOLS,PRODUCTIVITY,PRODUCTIVITY_AND_BUSINESS,PRODUCTIVITY,PRODUCTIVITY,,
net.typeblog.socks,SocksDroid,1,1598,27916.612,465.276867,TOOLS,PRODUCTIVITY,PRODUCTIVITY_AND_BUSINESS,PRODUCTIVITY,ONLINE_SECURITY,,
network.xyo.coin,COIN,1,1263,0,0,TOOLS,FINANCE,PRODUCTIVITY_AND_BUSINESS,MONEY_MANAGEMENT,FINANCE,,
octohide.vpn,Octohide VPN,1,166,1090.015,18.1669167,TOOLS,PRODUCTIVITY,PRODUCTIVITY_AND_BUSINESS,PRODUCTIVITY,ONLINE_SECURITY,,
org.catrobat.paintroid,Pocket Paint,1,17,70.597,1.17661667,TOOLS,PRODUCTIVITY,PRODUCTIVITY_AND_BUSINESS,PRODUCTIVITY,PRODUCTIVITY,,
org.littlefreelibrary.littlefreelibrary,Little Free Library,1,17,625.692999,10.4282167,TOOLS,HOUSE_AND_HOME,LIFESTYLE_MANAGEMENT,HOUSE_AND_HOME,COMMUNITY_AND_PUBLIC_SERVICES,,
org.outline.android.client,Outline,1,133,320.910986,5.34851643,TOOLS,PRODUCTIVITY,PRODUCTIVITY_AND_BUSINESS,PRODUCTIVITY,ONLINE_SECURITY,,
org.zwanoo.android.speedtest,Speedtest,1,28,34.008,0.5668,TOOLS,PRODUCTIVITY,PRODUCTIVITY_AND_BUSINESS,PRODUCTIVITY,PRODUCTIVITY,,
ru.gavrikov.mocklocations,Mock Locations,1,12,0.724,0.01206667,TOOLS,PRODUCTIVITY,PRODUCTIVITY_AND_BUSINESS,PRODUCTIVITY,PRODUCTIVITY,,
videoplayer.videodownloader.downloader,Descargador para todos los videos,1,336,1102.862,18.3810333,TOOLS,PHOTOGRAPHY,ARTS_AND_LEISURE,PHOTO_AND_VIDEO,PHOTO_AND_VIDEO,,
ca.gc.cbsa.coronavirus,ArriveCAN,1,24,116.526,1.9421,TRAVEL_AND_LOCAL,TRAVEL_AND_LOCAL,LIFESTYLE_MANAGEMENT,TRAVEL_AND_LOCAL,TRAVEL,,
com.aa.android,American Airlines,1,1451,8327.77199,138.7962,TRAVEL_AND_LOCAL,TRAVEL_AND_LOCAL,LIFESTYLE_MANAGEMENT,TRAVEL_AND_LOCAL,TRAVEL,,
com.airbnb.android,"Airbnb, com.airbnb.android",2,4158,28779.483,479.65805,TRAVEL_AND_LOCAL,TRAVEL_AND_LOCAL,LIFESTYLE_MANAGEMENT,TRAVEL_AND_LOCAL,TRAVEL,,
com.appex.vamoos,Vamoos,1,106,290.148,4.8358,TRAVEL_AND_LOCAL,TRAVEL_AND_LOCAL,LIFESTYLE_MANAGEMENT,TRAVEL_AND_LOCAL,TRAVEL,,
com.avis.androidapp,Avis,1,11,3.674999,0.06124998,TRAVEL_AND_LOCAL,TRAVEL_AND_LOCAL,LIFESTYLE_MANAGEMENT,TRAVEL_AND_LOCAL,TRANSPORTATION,,
com.bilinguae.english.vocabulary,Bilinguae,1,258,15269.99,254.499833,TRAVEL_AND_LOCAL,EDUCATION,KNOWLEDGE_AND_INFORMATION,KNOWLEDGE_SEEKING,LEARNING,,
com.booking,Booking.com,1,462,1952.36099,32.5393499,TRAVEL_AND_LOCAL,TRAVEL_AND_LOCAL,LIFESTYLE_MANAGEMENT,TRAVEL_AND_LOCAL,TRAVEL,,
com.carnival.android,Carnival HUB,1,20259,13678.3759,227.972932,TRAVEL_AND_LOCAL,TRAVEL_AND_LOCAL,LIFESTYLE_MANAGEMENT,TRAVEL_AND_LOCAL,TRAVEL,,
com.choicehotels.android,Choice Hotels,1,522,1821.98,30.3663333,TRAVEL_AND_LOCAL,TRAVEL_AND_LOCAL,LIFESTYLE_MANAGEMENT,TRAVEL_AND_LOCAL,TRAVEL,,
com.clippercard.mobile.clipper,Clipper,1,44,450.069998,7.50116663,TRAVEL_AND_LOCAL,TRAVEL_AND_LOCAL,LIFESTYLE_MANAGEMENT,TRAVEL_AND_LOCAL,TRANSPORTATION,,
com.companyname.BlueheronMobile,Tosslet,1,11,50.646,0.8441,TRAVEL_AND_LOCAL,TRAVEL_AND_LOCAL,LIFESTYLE_MANAGEMENT,TRAVEL_AND_LOCAL,TRAVEL,,
com.delta.mobile.android,"Fly Delta, com.delta.mobile.android",2,1048,4717.08999,78.6181665,TRAVEL_AND_LOCAL,TRAVEL_AND_LOCAL,LIFESTYLE_MANAGEMENT,TRAVEL_AND_LOCAL,TRAVEL,,
com.disney.cruise.sept_goo,Disney Cruise Line Navigator,1,103,139.463,2.32438333,TRAVEL_AND_LOCAL,TRAVEL_AND_LOCAL,LIFESTYLE_MANAGEMENT,TRAVEL_AND_LOCAL,TRAVEL,,
com.disney.playdisneyparks.goo,Play Disney,1,36,1.634,0.02723333,TRAVEL_AND_LOCAL,TRAVEL_AND_LOCAL,LIFESTYLE_MANAGEMENT,TRAVEL_AND_LOCAL,TRAVEL,,
com.disney.wdw.android,Disney World,1,2103,11672.187,194.536449,TRAVEL_AND_LOCAL,TRAVEL_AND_LOCAL,LIFESTYLE_MANAGEMENT,TRAVEL_AND_LOCAL,TRAVEL,,
com.evaair.android,EVA Mobile,1,55,919.801995,15.3300333,TRAVEL_AND_LOCAL,TRAVEL_AND_LOCAL,LIFESTYLE_MANAGEMENT,TRAVEL_AND_LOCAL,TRAVEL,,
com.expedia.bookings,Expedia,1,198,2455.413,40.92355,TRAVEL_AND_LOCAL,TRAVEL_AND_LOCAL,LIFESTYLE_MANAGEMENT,TRAVEL_AND_LOCAL,TRAVEL,,
com.flightradar24free,Flightradar24,1,15,81.272,1.35453333,TRAVEL_AND_LOCAL,TRAVEL_AND_LOCAL,LIFESTYLE_MANAGEMENT,TRAVEL_AND_LOCAL,TRAVEL,,
com.flightview.flightview_free,flightview free,1,456,1333.352,22.2225333,TRAVEL_AND_LOCAL,TRAVEL_AND_LOCAL,LIFESTYLE_MANAGEMENT,TRAVEL_AND_LOCAL,TRAVEL,,
com.foursquare.robin,Swarm,1,142,419.669993,6.99449988,TRAVEL_AND_LOCAL,TRAVEL_AND_LOCAL,LIFESTYLE_MANAGEMENT,TRAVEL_AND_LOCAL,TRAVEL,SOCIAL_MEDIA,
com.google.android.apps.maps,"Maps, com.google.android.apps.maps",2,124784,3474178.11,57902.9686,TRAVEL_AND_LOCAL,MAPS_AND_NAVIGATION,LIFESTYLE_MANAGEMENT,TRAVEL_AND_LOCAL,MAPS,,
com.google.earth,Google Earth,1,12,2.75,0.04583333,TRAVEL_AND_LOCAL,MAPS_AND_NAVIGATION,LIFESTYLE_MANAGEMENT,TRAVEL_AND_LOCAL,MAPS,,
com.hcom.android,Hotels.com,1,38,268.045,4.46741667,TRAVEL_AND_LOCAL,TRAVEL_AND_LOCAL,LIFESTYLE_MANAGEMENT,TRAVEL_AND_LOCAL,TRAVEL,,
com.hilton.android.hhonors,Hilton Honors,1,199,1073.898,17.8983,TRAVEL_AND_LOCAL,TRAVEL_AND_LOCAL,LIFESTYLE_MANAGEMENT,TRAVEL_AND_LOCAL,TRAVEL,,
com.hopper.mountainview.play,Hopper,1,130,522.026,8.70043333,TRAVEL_AND_LOCAL,TRAVEL_AND_LOCAL,LIFESTYLE_MANAGEMENT,TRAVEL_AND_LOCAL,TRAVEL,,
com.hornblower.sanfranciscobayferry,SF Bay Ferry,1,153,752.953997,12.5492333,TRAVEL_AND_LOCAL,TRAVEL_AND_LOCAL,LIFESTYLE_MANAGEMENT,TRAVEL_AND_LOCAL,TRANSPORTATION,,
com.ionicframework.wagandroid554504,Wag!,1,287,8301.868,138.364467,TRAVEL_AND_LOCAL,HOUSE_AND_HOME,LIFESTYLE_MANAGEMENT,HOUSE_AND_HOME,HOUSE_AND_HOME,,
com.jetblue.JetBlueAndroid,JetBlue,1,226,1957.125,32.61875,TRAVEL_AND_LOCAL,TRAVEL_AND_LOCAL,LIFESTYLE_MANAGEMENT,TRAVEL_AND_LOCAL,TRAVEL,,
com.kayak.android,"KAYAK, com.kayak.android",2,182,854.201993,14.2366999,TRAVEL_AND_LOCAL,TRAVEL_AND_LOCAL,LIFESTYLE_MANAGEMENT,TRAVEL_AND_LOCAL,TRAVEL,,
com.lixar.allegiant,Allegiant,1,64,297.991,4.96651667,TRAVEL_AND_LOCAL,TRAVEL_AND_LOCAL,LIFESTYLE_MANAGEMENT,TRAVEL_AND_LOCAL,TRAVEL,,
com.marriott.mrt,"Marriott, com.marriott.mrt",2,34,144.638,2.41063333,TRAVEL_AND_LOCAL,TRAVEL_AND_LOCAL,LIFESTYLE_MANAGEMENT,TRAVEL_AND_LOCAL,TRAVEL,,
com.motivateco.capitalbikeshare,CaBi,1,53,140.198,2.33663333,TRAVEL_AND_LOCAL,TRAVEL_AND_LOCAL,LIFESTYLE_MANAGEMENT,TRAVEL_AND_LOCAL,TRANSPORTATION,,
com.ncl.bge,Norwegian,1,39,806.011,13.4335167,TRAVEL_AND_LOCAL,TRAVEL_AND_LOCAL,LIFESTYLE_MANAGEMENT,TRAVEL_AND_LOCAL,TRAVEL,,
com.orbitz,Orbitz,1,134,2528.482,42.1413666,TRAVEL_AND_LOCAL,TRAVEL_AND_LOCAL,LIFESTYLE_MANAGEMENT,TRAVEL_AND_LOCAL,TRAVEL,,
com.pgt.veoride,Veo,1,14,1.620999,0.02701665,TRAVEL_AND_LOCAL,TRAVEL_AND_LOCAL,LIFESTYLE_MANAGEMENT,TRAVEL_AND_LOCAL,TRANSPORTATION,,
com.prioritypass3,"Priority Pass, com.prioritypass3",2,195,587.587997,9.79313328,TRAVEL_AND_LOCAL,TRAVEL_AND_LOCAL,LIFESTYLE_MANAGEMENT,TRAVEL_AND_LOCAL,TRANSPORTATION,,
com.relayrides.android.relayrides,Turo,1,47,310.402,5.17336667,TRAVEL_AND_LOCAL,TRAVEL_AND_LOCAL,LIFESTYLE_MANAGEMENT,TRAVEL_AND_LOCAL,TRANSPORTATION,,
com.rover.android,Rover,1,1457,10887.879,181.46465,TRAVEL_AND_LOCAL,HOUSE_AND_HOME,LIFESTYLE_MANAGEMENT,HOUSE_AND_HOME,HOUSE_AND_HOME,,
com.rvezy,RVezy,1,929,18380.767,306.346117,TRAVEL_AND_LOCAL,TRAVEL_AND_LOCAL,LIFESTYLE_MANAGEMENT,TRAVEL_AND_LOCAL,TRAVEL,,
com.sesameplace.mobile,Sesame Place,1,8,0.726,0.0121,TRAVEL_AND_LOCAL,TRAVEL_AND_LOCAL,LIFESTYLE_MANAGEMENT,TRAVEL_AND_LOCAL,TRAVEL,,
com.shashigroup.reservationapp,Shashi,1,68,580.602997,9.67671662,TRAVEL_AND_LOCAL,TRAVEL_AND_LOCAL,LIFESTYLE_MANAGEMENT,TRAVEL_AND_LOCAL,TRAVEL,,
com.southwestairlines.mobile,Southwest,1,345,978.972,16.3162,TRAVEL_AND_LOCAL,TRAVEL_AND_LOCAL,LIFESTYLE_MANAGEMENT,TRAVEL_AND_LOCAL,TRAVEL,,
com.tollway,IL Tollway,1,26,118.298,1.97163333,TRAVEL_AND_LOCAL,TRAVEL_AND_LOCAL,LIFESTYLE_MANAGEMENT,TRAVEL_AND_LOCAL,TRANSPORTATION,,
com.tripadvisor.tripadvisor,Tripadvisor,1,64,510.328999,8.50548332,TRAVEL_AND_LOCAL,TRAVEL_AND_LOCAL,LIFESTYLE_MANAGEMENT,TRAVEL_AND_LOCAL,TRAVEL,,
com.uhaul.android.myuhaul,U-Haul,1,45,1062.247,17.7041167,TRAVEL_AND_LOCAL,TRAVEL_AND_LOCAL,LIFESTYLE_MANAGEMENT,TRAVEL_AND_LOCAL,TRANSPORTATION,,
com.united.mobile.android,"United Airlines, com.united.mobile.android",2,709,5030.936,83.8489333,TRAVEL_AND_LOCAL,TRAVEL_AND_LOCAL,LIFESTYLE_MANAGEMENT,TRAVEL_AND_LOCAL,TRAVEL,,
com.upside.consumer.android,Upside,1,246,2891.809,48.1968166,TRAVEL_AND_LOCAL,BUSINESS,PRODUCTIVITY_AND_BUSINESS,MONEY_MAKING,QUICK_CASH,SHOPPING,
com.vrbo.android,Vrbo,1,470,1781.839,29.6973166,TRAVEL_AND_LOCAL,TRAVEL_AND_LOCAL,LIFESTYLE_MANAGEMENT,TRAVEL_AND_LOCAL,TRAVEL,,
com.wanderlog.android,Wanderlog,1,58,1233.432,20.5572,TRAVEL_AND_LOCAL,TRAVEL_AND_LOCAL,LIFESTYLE_MANAGEMENT,TRAVEL_AND_LOCAL,TRAVEL,PRODUCTIVITY,
ctrip.android.view,Ctrip,1,3156,17594.6219,293.243699,TRAVEL_AND_LOCAL,TRAVEL_AND_LOCAL,LIFESTYLE_MANAGEMENT,TRAVEL_AND_LOCAL,TRAVEL,,
easycoachadminltd.co.ke,EasyCoach Internal,1,14,25.091,0.41818333,TRAVEL_AND_LOCAL,TRAVEL_AND_LOCAL,LIFESTYLE_MANAGEMENT,TRAVEL_AND_LOCAL,TRANSPORTATION,,
gbis.gbandroid,GasBuddy,1,61,377.261,6.28768333,TRAVEL_AND_LOCAL,AUTO_AND_VEHICLES,LIFESTYLE_MANAGEMENT,HOUSE_AND_HOME,AUTO_AND_VEHICLES,,
io.walletpasses.android,Passes,1,45,111.647999,1.86079998,TRAVEL_AND_LOCAL,TRAVEL_AND_LOCAL,LIFESTYLE_MANAGEMENT,TRAVEL_AND_LOCAL,TRAVEL,,
net.skyscanner.android.main,Skyscanner,1,13,61.564,1.02606667,TRAVEL_AND_LOCAL,TRAVEL_AND_LOCAL,LIFESTYLE_MANAGEMENT,TRAVEL_AND_LOCAL,TRAVEL,,
org.baltimore.mta.mobiletickets,CharmPass,1,60,151.453998,2.5242333,TRAVEL_AND_LOCAL,TRAVEL_AND_LOCAL,LIFESTYLE_MANAGEMENT,TRAVEL_AND_LOCAL,TRANSPORTATION,,
pm.spin,Spin,1,17,0,0,TRAVEL_AND_LOCAL,TRAVEL_AND_LOCAL,LIFESTYLE_MANAGEMENT,TRAVEL_AND_LOCAL,TRANSPORTATION,,
trip_builder_mobile.trip_builder_mobile,DailyTravel,1,23,247.721997,4.12869995,TRAVEL_AND_LOCAL,EVENTS,ARTS_AND_LEISURE,ENTERTAINMENT,EVENTS,WORK,
ai.bite.biteapp,Bitesnap,1,11,110.323,1.83871667,Unknown,BOOKS_AND_REFERENCE,KNOWLEDGE_AND_INFORMATION,KNOWLEDGE_SEEKING,REFERENCE,,
android,"Android System, Android system, Sistema Android",3,1885363,2.4,0.04,Unknown,TOOLS,UTILITIES,UTILITIES,UTILITIES,,
assistamerica.android.v1,Assist America,1,16,0.99,0.0165,Unknown,MEDICAL,LIFESTYLE_MANAGEMENT,HEALTH,MEDICAL,TRAVEL,
cm.aptoide.pt,Aptoide,1,44,38.653,0.64421667,Unknown,TOOLS,UTILITIES,UTILITIES,UTILITIES,,
com.abcsmartcookies.cocomobile,com.abcsmartcookies.cocomobile,1,5,27.006,0.4501,Unknown,BUSINESS,PRODUCTIVITY_AND_BUSINESS,MONEY_MAKING,WORK,,KIDS
com.adobe.adobephotoshopfix,Adobe Photoshop Fix,1,10,4.642,0.07736667,Unknown,PHOTOGRAPHY,ARTS_AND_LEISURE,PHOTO_AND_VIDEO,PHOTO_AND_VIDEO,,
com.agilebits.onepassword,1Password,1,4841,1112.74298,18.5457163,Unknown,PRODUCTIVITY,PRODUCTIVITY_AND_BUSINESS,PRODUCTIVITY,ONLINE_SECURITY,,
com.agoda.mobile.consumer,Agoda,1,28,118.01,1.96683333,Unknown,TRAVEL_AND_LOCAL,LIFESTYLE_MANAGEMENT,TRAVEL_AND_LOCAL,TRAVEL,,
com.alarm.alarmmobile.android,Alarm.com,1,304,202.019,3.36698333,Unknown,PRODUCTIVITY,PRODUCTIVITY_AND_BUSINESS,PRODUCTIVITY,PRODUCTIVITY,,
com.alertus.mobile_receiver,Alertus,1,49,271.374,4.5229,Unknown,TOOLS,UTILITIES,UTILITIES,UTILITIES,,
com.alien.shooter.galaxy.attack,Alien Shooter,1,50,2172.734,36.2122333,Unknown,GAME_ACTION,GAMING,GAMING,GAME_ACTION,,
com.altametrics.zipinventory,Altametrics Inventory Pro,1,28,98.839,1.64731667,Unknown,BUSINESS,PRODUCTIVITY_AND_BUSINESS,MONEY_MAKING,WORK,,
com.amayasoft.my.first.animals.toddler.games.farm.animal.sounds,Animals,1,5,161.171,2.68618333,Unknown,GAME_EDUCATIONAL,GAMING,GAMING,GAME_EDUCATIONAL,,KIDS
com.android.apps.tag,"Etiquetas, Tags",2,103,85.68,1.428,Unknown,TOOLS,UTILITIES,UTILITIES,UTILITIES,,
com.android.bips,"Default Print Service, Servicio de impresi‚àö‚â•n predeterminado, System printing service, com.android.bips",4,393,4.653,0.07755,Unknown,PRODUCTIVITY,PRODUCTIVITY_AND_BUSINESS,PRODUCTIVITY,PRODUCTIVITY,,
com.android.bluetooth,"Bluetooth, Bluetooth Legacy",2,1872,75.397,1.25661667,Unknown,TOOLS,UTILITIES,UTILITIES,UTILITIES,,
com.android.calculator2,Calculator,1,3,18.812,0.31353333,Unknown,PRODUCTIVITY,PRODUCTIVITY_AND_BUSINESS,PRODUCTIVITY,PRODUCTIVITY,,
com.android.cellbroadcastreceiver,"Emergency Alerts, Wireless emergency alerts, com.android.cellbroadcastreceiver",3,168,26.717999,0.44529998,Unknown,TOOLS,UTILITIES,UTILITIES,UTILITIES,,
com.android.certinstaller,"Certificate Installer, Certificate installer, Instalador de certificados",3,274,0.196,0.00326667,Unknown,TOOLS,UTILITIES,UTILITIES,UTILITIES,,
com.android.companiondevicemanager,"Administrador de dispositivo complementario, Companion Device Manager",2,264,63.965,1.06608333,Unknown,TOOLS,UTILITIES,UTILITIES,UTILITIES,,
com.android.credentialmanager,"Credential Manager, Credential manager",2,86,4.353998,0.07256663,Unknown,PRODUCTIVITY,PRODUCTIVITY_AND_BUSINESS,PRODUCTIVITY,PRODUCTIVITY,,
com.android.deskclock,Clock,1,5663,0,0,Unknown,PRODUCTIVITY,PRODUCTIVITY_AND_BUSINESS,PRODUCTIVITY,PRODUCTIVITY,,
com.android.fmradio,FM Radio,1,6,30.568,0.50946667,Unknown,MUSIC_AND_AUDIO,ARTS_AND_LEISURE,MUSIC_AND_AUDIO,MUSIC_AND_AUDIO,,
com.android.hotwordenrollment.xgoogle,"Google Assistant, X Google enrollment, com.android.hotwordenrollment.xgoogle",3,487,6.98,0.11633333,Unknown,PRODUCTIVITY,PRODUCTIVITY_AND_BUSINESS,PRODUCTIVITY,PRODUCTIVITY,,
com.android.htmlviewer,"HTML Viewer, Visualizador de HTML, com.android.htmlviewer",3,776,4.249,0.07081667,Unknown,PRODUCTIVITY,PRODUCTIVITY_AND_BUSINESS,PRODUCTIVITY,PRODUCTIVITY,,
com.android.keychain,"Key Chain, Key chain, Llavero",3,1228,30.210998,0.50351663,Unknown,PRODUCTIVITY,PRODUCTIVITY_AND_BUSINESS,PRODUCTIVITY,PRODUCTIVITY,,
com.android.messaging,Messaging,1,543,1938.49699,32.3082832,Unknown,COMMUNICATION,COMMUNICATION,INTERPERSONAL_COMMUNICATION,MESSAGING,,
com.android.mtp,"Host MTP, MTP Host, MTP host",3,2604,0.828,0.0138,Unknown,PRODUCTIVITY,PRODUCTIVITY_AND_BUSINESS,PRODUCTIVITY,PRODUCTIVITY,,
com.android.nfc,"NFC, NFC Service, Nfc Service, Servicio NFC",4,2712,50.151997,0.83586662,Unknown,TOOLS,UTILITIES,UTILITIES,UTILITIES,,
com.android.providers.contacts,Contacts Storage,1,580,0,0,Unknown,COMMUNICATION,COMMUNICATION,INTERPERSONAL_COMMUNICATION,CALLS,,
com.android.providers.downloads,"Administrador de carga, Administrador de descargas, Download Manager, Downloads",4,1780,0,0,Unknown,PRODUCTIVITY,PRODUCTIVITY_AND_BUSINESS,PRODUCTIVITY,PRODUCTIVITY,,
com.android.providers.downloads.ui,"Descargas, Downloads",2,179,0.336999,0.00561665,Unknown,PRODUCTIVITY,PRODUCTIVITY_AND_BUSINESS,PRODUCTIVITY,PRODUCTIVITY,,
com.android.providers.media.module,"Almacenamiento multimedia, Media Storage",2,3527,179.996,2.99993333,Unknown,PHOTOGRAPHY,ARTS_AND_LEISURE,PHOTO_AND_VIDEO,PHOTO_AND_VIDEO,,
com.android.quickstep,Quickstep,1,71,113.495997,1.89159995,Unknown,TOOLS,UTILITIES,UTILITIES,UTILITIES,,
com.android.server.telecom,"Call Management, Call management, Llamadas telef‚àö‚â•nicas, Manage calls, Phone, Phone Call Management, Phone Calls, Phone calls, Tel‚àö¬©fono",9,3635,66.316998,1.1052833,Unknown,COMMUNICATION,COMMUNICATION,INTERPERSONAL_COMMUNICATION,CALLS,,
com.android.settings,"Ajustes, Configuraci‚àö‚â•n, Settings",3,77203,0,0,Unknown,TOOLS,UTILITIES,UTILITIES,UTILITIES,,
com.android.settings.intelligence,"Settings Suggestions, Settings suggestions, Sugerencias de Configuraci‚àö‚â•n, Sugerencias de ajustes, Sugerencias de configuraci‚àö‚â•n, com.android.settings.intelligence",6,1145,135.685,2.26141667,Unknown,TOOLS,UTILITIES,UTILITIES,UTILITIES,,
com.android.settingsaccessibility,Accessibility,1,3,1.542,0.0257,Unknown,TOOLS,UTILITIES,UTILITIES,UTILITIES,,
com.android.soundpicker,Sounds,1,71,32.494,0.54156667,Unknown,TOOLS,UTILITIES,UTILITIES,UTILITIES,,
com.android.storagemanager,"Administrador de almacenamiento, Storage Manager",2,151,14.913998,0.24856663,Unknown,TOOLS,UTILITIES,UTILITIES,UTILITIES,,
com.android.systemui,"IU del sistema, Keyguard, System UI, UI sistema",4,232333,0,0,Unknown,TOOLS,UTILITIES,UTILITIES,UTILITIES,,
com.android.vpndialogs,VpnDialogs,1,574,206.669999,3.44449998,Unknown,PRODUCTIVITY,PRODUCTIVITY_AND_BUSINESS,PRODUCTIVITY,ONLINE_SECURITY,,
com.android.wallpaper,"Styles, com.android.wallpaper",2,18,31.523999,0.52539998,Unknown,TOOLS,UTILITIES,UTILITIES,UTILITIES,,
com.android.wallpapercropper,com.android.wallpapercropper,1,138,8.981,0.14968333,Unknown,TOOLS,UTILITIES,UTILITIES,UTILITIES,,
com.android.wifi.dialog,com.android.wifi.dialog,1,66,2.561,0.04268333,Unknown,TOOLS,UTILITIES,UTILITIES,UTILITIES,,
com.apkpure.aegon,APKPure,1,322,154.657,2.57761667,Unknown,TOOLS,UTILITIES,UTILITIES,UTILITIES,,
com.app.wendybellradionetwork,Wendy Bell Radio Network,1,34,9787.482,163.1247,Unknown,MUSIC_AND_AUDIO,ARTS_AND_LEISURE,MUSIC_AND_AUDIO,MUSIC_AND_AUDIO,,
com.applovin.array.apphub.tmobile,AppHub,1,517,70.556,1.17593333,Unknown,TOOLS,UTILITIES,UTILITIES,UTILITIES,,
com.att.callprotect,"Call Protect, com.att.callprotect",2,53,44.405,0.74008333,Unknown,PRODUCTIVITY,PRODUCTIVITY_AND_BUSINESS,PRODUCTIVITY,ONLINE_SECURITY,,
com.aura.oobe.att,AppCloud,1,19,9.84,0.164,Unknown,TOOLS,UTILITIES,UTILITIES,UTILITIES,,
com.bc360.android.service,Verizon Adaptive Sound,1,748,0,0,Unknown,TOOLS,UTILITIES,UTILITIES,UTILITIES,,
com.bionicapps.newsreader,News Reader,1,11,86.542,1.44236667,Unknown,NEWS_AND_MAGAZINES,KNOWLEDGE_AND_INFORMATION,KNOWLEDGE_SEEKING,NEWS,,
com.bjoernbartels.mylove,My Love,1,31,17.942,0.29903333,Unknown,DATING,SOCIAL,BROADCAST_SOCIAL,DATING,,
com.blizzard.bma,Authenticator,1,7,1.081,0.01801667,Unknown,PRODUCTIVITY,PRODUCTIVITY_AND_BUSINESS,PRODUCTIVITY,ONLINE_SECURITY,,
com.block.puzzle.game.hippo.mi,Block Puzzle Guardian,1,57,0,0,Unknown,GAME_PUZZLE,GAMING,GAMING,GAME_PUZZLE,,
com.bouncyball.nearme.gamecenter,‚Äö√Ö¬£,1,108,0.452,0.00753333,Unknown,GAME_ACTION,GAMING,GAMING,GAME_ACTION,,
com.cequint.ecid,Call Filter,1,4,0,0,Unknown,COMMUNICATION,COMMUNICATION,INTERPERSONAL_COMMUNICATION,CALLS,,
com.cfn.Investor360,Investor360,1,16,2.28,0.038,Unknown,FINANCE,PRODUCTIVITY_AND_BUSINESS,MONEY_MANAGEMENT,FINANCE,,
com.chasepay.sig.android,Chase Pay,1,73,4.585998,0.0764333,Unknown,FINANCE,PRODUCTIVITY_AND_BUSINESS,MONEY_MANAGEMENT,FINANCE,,
com.chazun.wordle,com.chazun.wordle,1,102,0,0,Unknown,GAME_WORD,GAMING,GAMING,GAME_WORD,,
com.climate.android.cabtap.release,FieldView Cab,1,9,0,0,Unknown,BUSINESS,PRODUCTIVITY_AND_BUSINESS,MONEY_MAKING,WORK,,
com.clubautomation.princeton.club,Princeton Club,1,53,399.85,6.66416667,Unknown,HEALTH_AND_FITNESS,LIFESTYLE_MANAGEMENT,HEALTH,HEALTH_AND_FITNESS,,
com.coloros.encryption,Private Safe,1,9,0.533,0.00888333,Unknown,PRODUCTIVITY,PRODUCTIVITY_AND_BUSINESS,PRODUCTIVITY,ONLINE_SECURITY,,
com.coloros.notificationmanager,Manage notifications,1,47,132.473,2.20788333,Unknown,TOOLS,UTILITIES,UTILITIES,UTILITIES,,
com.coloros.oshare,OPPO Share,1,11,0,0,Unknown,TOOLS,UTILITIES,UTILITIES,UTILITIES,,
com.coloros.safecenter,"Security Center, Security Centre",2,83,213.155,3.55258333,Unknown,TOOLS,UTILITIES,UTILITIES,UTILITIES,,
com.coloros.screenrecorder,Screen recording,1,29,2.426,0.04043333,Unknown,TOOLS,UTILITIES,UTILITIES,UTILITIES,,
com.coloros.simsettings,Data usage,1,7,2.82,0.047,Unknown,TOOLS,UTILITIES,UTILITIES,UTILITIES,,
com.coloros.soundrecorder,Recorder,1,32,30.624,0.5104,Unknown,PRODUCTIVITY,PRODUCTIVITY_AND_BUSINESS,PRODUCTIVITY,PRODUCTIVITY,,
com.comcast.cvs.android,Xfinity My Account,1,29,21.228,0.3538,Unknown,HOUSE_AND_HOME,LIFESTYLE_MANAGEMENT,HOUSE_AND_HOME,HOUSE_AND_HOME,,
com.conncoll.batteryhealth,Battery Health,1,6,211.443,3.52405,Unknown,TOOLS,UTILITIES,UTILITIES,UTILITIES,,
com.copy.paste.ocr.screen.text.copypastetrial,Copy Text On Screen,1,52,151.432,2.52386667,Unknown,PRODUCTIVITY,PRODUCTIVITY_AND_BUSINESS,PRODUCTIVITY,PRODUCTIVITY,,
com.crypto.buffalonetwork,Buffalo Network,1,12,0,0,Unknown,FINANCE,PRODUCTIVITY_AND_BUSINESS,MONEY_MANAGEMENT,FINANCE,,
com.dartmouth.mtr21,MoodTriggers Alc,1,63,185.214,3.0869,Unknown,TOOLS,UTILITIES,UTILITIES,UTILITIES,,
com.diotek.sec.lookup.dictionary,"Diccionario, Dictionary",2,262,11.987,0.19978333,Unknown,BOOKS_AND_REFERENCE,KNOWLEDGE_AND_INFORMATION,KNOWLEDGE_SEEKING,REFERENCE,,
com.dish.wireless.boostinfinite,Boost Infinite,1,14,151.769,2.52948333,Unknown,HOUSE_AND_HOME,LIFESTYLE_MANAGEMENT,HOUSE_AND_HOME,HOUSE_AND_HOME,,
com.dolby.daxservice,"DAXService, Dolby",2,1270,0,0,Unknown,TOOLS,UTILITIES,UTILITIES,UTILITIES,,
com.dosh.client,Dosh,1,34,51.502,0.85836667,Unknown,BUSINESS,PRODUCTIVITY_AND_BUSINESS,MONEY_MAKING,QUICK_CASH,SHOPPING,
com.dti.att,Mobile Services Manager,1,55,60.464,1.00773333,Unknown,TOOLS,UTILITIES,UTILITIES,UTILITIES,,
com.dti.folderlauncher,"Games, GamesHub",2,99,3.951999,0.06586665,Unknown,TOOLS,UTILITIES,UTILITIES,UTILITIES,,
com.dti.tracfone,Mobile Services,1,46,34.923999,0.58206665,Unknown,TOOLS,UTILITIES,UTILITIES,UTILITIES,,
com.eFlashFrench,French Baby Flashcards,1,14,35.735,0.59558333,Unknown,GAME_EDUCATIONAL,GAMING,GAMING,GAME_EDUCATIONAL,,
com.ellevest.ellevest,Ellevest,1,50,854.800998,14.2466833,Unknown,FINANCE,PRODUCTIVITY_AND_BUSINESS,MONEY_MANAGEMENT,FINANCE,,
com.epicgames.portal,Epic Games,1,26,422.986999,7.04978332,Unknown,TOOLS,UTILITIES,UTILITIES,UTILITIES,,
com.ezjay.oledsaver,OLED Saver,1,39,4.585,0.07641667,Unknown,TOOLS,UTILITIES,UTILITIES,UTILITIES,,
com.facebook.appmanager,"Facebook App Manager, Meta App Manager, com.facebook.appmanager",3,857,70.131,1.16885,Unknown,TOOLS,UTILITIES,UTILITIES,UTILITIES,,
com.fi8039.godough,GRBmobile,1,8,21.7,0.36166667,Unknown,FINANCE,PRODUCTIVITY_AND_BUSINESS,MONEY_MANAGEMENT,FINANCE,,
com.fido.fido2client,asmsdk,1,17,0.207,0.00345,Unknown,TOOLS,UTILITIES,UTILITIES,UTILITIES,,
com.fitnessblender.cherekere,FitnessBlender,1,29,0,0,Unknown,HEALTH_AND_FITNESS,LIFESTYLE_MANAGEMENT,HEALTH,HEALTH_AND_FITNESS,,
com.flutterwave.flybarter,Barter,1,148,914.943,15.24905,Unknown,FINANCE,PRODUCTIVITY_AND_BUSINESS,MONEY_MANAGEMENT,FINANCE,,
com.fmwhatsapp,FMWhatsApp,1,7,2.187,0.03645,Unknown,COMMUNICATION,COMMUNICATION,INTERPERSONAL_COMMUNICATION,MESSAGING,,
com.getyourmarriageon.iu,Intimately Us,1,76,788.180993,13.1363499,Unknown,HEALTH_AND_FITNESS,LIFESTYLE_MANAGEMENT,HEALTH,HEALTH_AND_FITNESS,,
com.go.browser,Browser,1,11,27.899,0.46498333,Unknown,PRODUCTIVITY,KNOWLEDGE_AND_INFORMATION,INFORMATION_SEEKING,BROWSER,,
com.goodbaby.sensorsafe,"CYBEX, Cybex",2,99,17.015,0.28358333,Unknown,HOUSE_AND_HOME,LIFESTYLE_MANAGEMENT,HOUSE_AND_HOME,HOUSE_AND_HOME,AUTO_AND_VEHICLES,
com.google.android.adservices.api,"Ad Privacy, Ad privacy, Android System, Android system, Privacidad en los anuncios",5,326,0,0,Unknown,TOOLS,UTILITIES,UTILITIES,UTILITIES,,
com.google.android.apps.gcs,"Google Connectivity Services, com.google.android.apps.gcs",2,1513,0,0,Unknown,TRAVEL_AND_LOCAL,LIFESTYLE_MANAGEMENT,TRAVEL_AND_LOCAL,TRAVEL,,
com.google.android.apps.jam,Jamboard,1,12,1.527,0.02545,Unknown,PRODUCTIVITY,PRODUCTIVITY_AND_BUSINESS,PRODUCTIVITY,PRODUCTIVITY,,
com.google.android.apps.turbo,"Device Health Services, com.google.android.apps.turbo",2,300,0,0,Unknown,TOOLS,UTILITIES,UTILITIES,UTILITIES,,
com.google.android.ext.services,Android Services Library,1,8123,2.105,0.03508333,Unknown,TOOLS,UTILITIES,UTILITIES,UTILITIES,,
com.google.android.flipendo,Extreme Battery Saver,1,612,228.276,3.8046,Unknown,TOOLS,UTILITIES,UTILITIES,UTILITIES,,
com.google.android.networkstack,"Administrador de redes, Network manager",2,1302,0,0,Unknown,TOOLS,UTILITIES,UTILITIES,UTILITIES,,
com.google.android.networkstack.tethering,Tethering,1,797,0,0,Unknown,TOOLS,UTILITIES,UTILITIES,UTILITIES,,
com.google.android.packageinstaller,"Instalador de paquetes, Instalador del paquete, Package installer",3,2595,734.869998,12.2478333,Unknown,TOOLS,UTILITIES,UTILITIES,UTILITIES,,
com.google.android.permissioncontroller,"Controlador de permisos, Permission controller",2,48656,0,0,Unknown,TOOLS,UTILITIES,UTILITIES,UTILITIES,,
com.google.android.soundpicker,"Sounds, com.google.android.soundpicker",2,94,104.285,1.73808333,Unknown,TOOLS,UTILITIES,UTILITIES,UTILITIES,,
com.google.android.storagemanager,"Smart Storage, com.google.android.storagemanager",2,65,38.849,0.64748333,Unknown,TOOLS,UTILITIES,UTILITIES,UTILITIES,,
com.google.android.tetheringentitlement,"Tethering Entitlement, com.google.android.tetheringentitlement",2,104,53.476,0.89126667,Unknown,TOOLS,UTILITIES,UTILITIES,UTILITIES,,
com.google.android.wfcactivation,"Carrier Setup, com.google.android.wfcactivation",2,61,61.166999,1.01944998,Unknown,TOOLS,UTILITIES,UTILITIES,UTILITIES,,
com.google.intelligence.sense,Pixel Ambient Services,1,778,0,0,Unknown,TOOLS,UTILITIES,UTILITIES,UTILITIES,,
com.google.vr.apps.ornament,"Playground, com.google.vr.apps.ornament",2,108,84.704,1.41173333,Unknown,ENTERTAINMENT,ARTS_AND_LEISURE,ENTERTAINMENT,ENTERTAINMENT,,
com.gregoryscoffee.gregoryscoffee.android.app,Gregorys Coffee,1,41,166.242,2.7707,Unknown,FOOD_AND_DRINK,LIFESTYLE_MANAGEMENT,SHOPPING,FOOD_AND_DRINK,,
com.hancom.office.editor.hidden,Hancom Office Editor,1,137,102.962,1.71603333,Unknown,TOOLS,UTILITIES,UTILITIES,UTILITIES,,
com.heytap.accessory,"Quick Connect, Quick device connect",2,19,1.307,0.02178333,Unknown,TOOLS,UTILITIES,UTILITIES,UTILITIES,,
com.hicloud.android.clone,Phone Clone,1,23,10.907,0.18178333,Unknown,TOOLS,UTILITIES,UTILITIES,UTILITIES,,
com.huawei.android.internal.app,Huawei Share,1,23,90.267,1.50445,Unknown,TOOLS,UTILITIES,UTILITIES,UTILITIES,,
com.huawei.hidisk,Files,1,3,29.544,0.4924,Unknown,PRODUCTIVITY,PRODUCTIVITY_AND_BUSINESS,PRODUCTIVITY,PRODUCTIVITY,,
com.huawei.himovie.overseas,HUAWEI Video,1,2,5.937,0.09895,Unknown,PHOTOGRAPHY,ARTS_AND_LEISURE,PHOTO_AND_VIDEO,PHOTO_AND_VIDEO,,
com.huawei.systemmanager,Phone Manager,1,4,33.043,0.55071667,Unknown,TOOLS,UTILITIES,UTILITIES,UTILITIES,,
com.humana.go365.app,Go365,1,25,47.934999,0.79891665,Unknown,HEALTH_AND_FITNESS,LIFESTYLE_MANAGEMENT,HEALTH,HEALTH_AND_FITNESS,,
com.innplaylabs.animalkingdomraid,Animals √î¬∫√ú Coins,1,1493,94762.783,1579.37972,Unknown,GAME_ADVENTURE,GAMING,GAMING,GAME_ADVENTURE,,
com.intralot.sportsbook.dc.prod,GambetDC,1,12,15.855,0.26425,Unknown,GAME_CASINO,GAMING,GAMING,CASINO_AND_BETTING,,
com.ironsrc.aura.appmanager.tmo,AppManager,1,316,201.501,3.35835,Unknown,TOOLS,UTILITIES,UTILITIES,UTILITIES,,
com.ironsrc.aura.tmo,AppSelector,1,92,52.787,0.87978333,Unknown,TOOLS,UTILITIES,UTILITIES,UTILITIES,,
com.jazzmoonstewdio.android.dcmetro.activity,DC Metro Transit,1,20,24.707,0.41178333,Unknown,TRAVEL_AND_LOCAL,LIFESTYLE_MANAGEMENT,TRAVEL_AND_LOCAL,TRANSPORTATION,,
com.lbe.security.miui,Permissions,1,12,2.619,0.04365,Unknown,TOOLS,UTILITIES,UTILITIES,UTILITIES,,
com.leafgreen.doorbell,Doorbell Sounds,1,49,71.194,1.18656667,Unknown,ENTERTAINMENT,ARTS_AND_LEISURE,ENTERTAINMENT,ENTERTAINMENT,,
com.lge.appbox.client,App Updates,1,5,12.123,0.20205,Unknown,TOOLS,UTILITIES,UTILITIES,UTILITIES,,
com.lge.bluetoothsetting,Bluetooth,1,13,239.962,3.99936667,Unknown,TOOLS,UTILITIES,UTILITIES,UTILITIES,,
com.lge.camera,Camera,1,411,270.196,4.50326667,Unknown,PHOTOGRAPHY,ARTS_AND_LEISURE,PHOTO_AND_VIDEO,PHOTO_AND_VIDEO,,
com.lge.email,Email,1,8,2.363,0.03938333,Unknown,COMMUNICATION,COMMUNICATION,INTERPERSONAL_COMMUNICATION,EMAIL,,
com.lge.filemanager,File Manager,1,5,0.438,0.0073,Unknown,PRODUCTIVITY,PRODUCTIVITY_AND_BUSINESS,PRODUCTIVITY,PRODUCTIVITY,,
com.lge.hotspotlauncher,Mobile Hotspot,1,2,0.112,0.00186667,Unknown,TOOLS,UTILITIES,UTILITIES,UTILITIES,,
com.lge.ime,LG Keyboard,1,244,46.577,0.77628333,Unknown,TOOLS,UTILITIES,UTILITIES,UTILITIES,,
com.lge.lockscreensettings,Lock Screen Settings,1,25,46.186,0.76976667,Unknown,TOOLS,UTILITIES,UTILITIES,UTILITIES,,
com.lge.phonemanagement,Smart cleaning,1,7,128.487,2.14145,Unknown,TOOLS,UTILITIES,UTILITIES,UTILITIES,,
com.lge.shutdownmonitor,Shutdown Monitor,1,2,0.267,0.00445,Unknown,TOOLS,UTILITIES,UTILITIES,UTILITIES,,
com.lge.sizechangable.weather,Weather,1,16,172.749,2.87915,Unknown,WEATHER,LIFESTYLE_MANAGEMENT,TRAVEL_AND_LOCAL,WEATHER,,
com.lge.updatecenter,Update center,1,21,15.22,0.25366667,Unknown,TOOLS,UTILITIES,UTILITIES,UTILITIES,,
com.lge.wifisettings,Wi-Fi,1,5,6.109,0.10181667,Unknown,TOOLS,UTILITIES,UTILITIES,UTILITIES,,
com.LogiaGroup.LogiaDeck,"Mobile Services Manager, Verizon App Manager",2,48,25.34,0.42233333,Unknown,TOOLS,UTILITIES,UTILITIES,UTILITIES,,
com.logmein.gotowebinar,GoToWebinar,1,29,58.245,0.97075,Unknown,BUSINESS,PRODUCTIVITY_AND_BUSINESS,MONEY_MAKING,WORK,,
com.logseq.app,Logseq,1,13,194.612,3.24353333,Unknown,PRODUCTIVITY,PRODUCTIVITY_AND_BUSINESS,PRODUCTIVITY,PRODUCTIVITY,,
com.looko.acloset,Acloset,1,62,1.509,0.02515,Unknown,PRODUCTIVITY,PRODUCTIVITY_AND_BUSINESS,PRODUCTIVITY,PRODUCTIVITY,AI_CHATBOT,
com.marykay.customer,Mary Kay,1,100,0,0,Unknown,SHOPPING,LIFESTYLE_MANAGEMENT,SHOPPING,SHOPPING,,
com.mediatek.batterywarning,com.mediatek.batterywarning,1,181,175.555,2.92591667,Unknown,TOOLS,UTILITIES,UTILITIES,UTILITIES,,
com.mediatek.camera,Camera,1,4,30.648,0.5108,Unknown,PHOTOGRAPHY,ARTS_AND_LEISURE,PHOTO_AND_VIDEO,PHOTO_AND_VIDEO,,
com.mediatek.omacp,Omacp,1,188,11.033,0.18388333,Unknown,TOOLS,UTILITIES,UTILITIES,UTILITIES,,
com.mediatek.simprocessor,SimProcessor,1,20,0,0,Unknown,TOOLS,UTILITIES,UTILITIES,UTILITIES,,
com.meettally,Tally,1,25,28.055999,0.46759998,Unknown,FINANCE,PRODUCTIVITY_AND_BUSINESS,MONEY_MANAGEMENT,FINANCE,,
com.metro.simlock,Device Unlock,1,4,0,0,Unknown,TOOLS,UTILITIES,UTILITIES,UTILITIES,,
com.metropcs.scamshield,Scam Shield,1,29,62.075,1.03458333,Unknown,PRODUCTIVITY,PRODUCTIVITY_AND_BUSINESS,PRODUCTIVITY,ONLINE_SECURITY,,
com.mgoogle.android.gms,Vanced microG,1,1900,160.312,2.67186667,Unknown,TOOLS,UTILITIES,UTILITIES,UTILITIES,,
com.mi.globalminusscreen,App vault,1,334,2114.474,35.2412333,Unknown,TOOLS,UTILITIES,UTILITIES,UTILITIES,,
com.microsoft.office.officehubhl,Office Mobile,1,42,43.093,0.71821667,Unknown,PRODUCTIVITY,PRODUCTIVITY_AND_BUSINESS,PRODUCTIVITY,PRODUCTIVITY,,
com.mikeboydcalculator.myapp,Magic Calculator,1,62,2.537,0.04228333,Unknown,ENTERTAINMENT,ARTS_AND_LEISURE,ENTERTAINMENT,ENTERTAINMENT,,
com.milink.service,"Cast, Interconnectivity services",2,73,22.345,0.37241667,Unknown,TOOLS,UTILITIES,UTILITIES,UTILITIES,,
com.miui.aod,"Always-on display, Edit Lock screen",2,515,1467.3,24.455,Unknown,TOOLS,UTILITIES,UTILITIES,UTILITIES,,
com.miui.bugreport,Feedback,1,96,12.025,0.20041667,Unknown,TOOLS,UTILITIES,UTILITIES,UTILITIES,,
com.miui.calculator.go,Calculator,1,32,779.159,12.9859833,Unknown,PRODUCTIVITY,PRODUCTIVITY_AND_BUSINESS,PRODUCTIVITY,PRODUCTIVITY,,
com.miui.cleaner.go,Cleaner,1,8,3.43,0.05716667,Unknown,TOOLS,UTILITIES,UTILITIES,UTILITIES,,
com.miui.cloudbackup,Cloud backup,1,37,0,0,Unknown,TOOLS,UTILITIES,UTILITIES,UTILITIES,,
com.miui.fm,FM Radio,1,116,2.872999,0.04788332,Unknown,MUSIC_AND_AUDIO,ARTS_AND_LEISURE,MUSIC_AND_AUDIO,MUSIC_AND_AUDIO,,
com.miui.global.packageinstaller,Package installer,1,109,198.684998,3.31141663,Unknown,TOOLS,UTILITIES,UTILITIES,UTILITIES,,
com.miui.mishare.connectivity,Mi Share,1,1452,0.731,0.01218333,Unknown,TOOLS,UTILITIES,UTILITIES,UTILITIES,,
com.miui.misound,Earphones,1,1276,6.66,0.111,Unknown,MUSIC_AND_AUDIO,ARTS_AND_LEISURE,MUSIC_AND_AUDIO,MUSIC_AND_AUDIO,,
com.miui.msa.global,msa,1,173,0,0,Unknown,TOOLS,UTILITIES,UTILITIES,UTILITIES,,
com.miui.notification,Notifications,1,110,92.681,1.54468333,Unknown,TOOLS,UTILITIES,UTILITIES,UTILITIES,,
com.miui.screenrecorder,Screen Recorder,1,82,11.762,0.19603333,Unknown,TOOLS,UTILITIES,UTILITIES,UTILITIES,,
com.miui.screenshot,Screenshot,1,3418,44.58,0.743,Unknown,TOOLS,UTILITIES,UTILITIES,UTILITIES,,
com.miui.securityadd,System service plugin,1,144,24.634,0.41056667,Unknown,TOOLS,UTILITIES,UTILITIES,UTILITIES,,
com.miui.securitycore,"Security Core Component, System features plug-in",2,77,164.074,2.73456667,Unknown,TOOLS,UTILITIES,UTILITIES,UTILITIES,,
com.miui.theme.lite,Mint Themes,1,11,55.23,0.9205,Unknown,TOOLS,UTILITIES,UTILITIES,UTILITIES,,
com.motorola.dolby.dolbyui,"Dolby Atmos, Moto Audio, com.motorola.dolby.dolbyui",3,537,19.576,0.32626667,Unknown,TOOLS,UTILITIES,UTILITIES,UTILITIES,,
com.motorola.dynamicvolume,"Adaptive volume, Volumen adaptable, com.motorola.dynamicvolume",3,285,31.505,0.52508333,Unknown,TOOLS,UTILITIES,UTILITIES,UTILITIES,,
com.motorola.personalize,"Personalizar, Personalize",2,458,33.465,0.55775,Unknown,TOOLS,UTILITIES,UTILITIES,UTILITIES,,
com.motorola.setup,"Configurar, Setup, com.motorola.setup",3,120,20.213,0.33688333,Unknown,TOOLS,UTILITIES,UTILITIES,UTILITIES,,
com.motorola.visualvoicemail,Voicemail,1,56,87.029998,1.45049997,Unknown,COMMUNICATION,COMMUNICATION,INTERPERSONAL_COMMUNICATION,CALLS,,
com.musixmusicx,MusiX,1,68,115.961,1.93268333,Unknown,MUSIC_AND_AUDIO,ARTS_AND_LEISURE,MUSIC_AND_AUDIO,MUSIC_AND_AUDIO,,
com.myinfinity,Carrier Home,1,8,13.957,0.23261667,Unknown,HOUSE_AND_HOME,LIFESTYLE_MANAGEMENT,HOUSE_AND_HOME,HOUSE_AND_HOME,,
com.myzap.century21,Century 21,1,25,45.388,0.75646667,Unknown,HOUSE_AND_HOME,LIFESTYLE_MANAGEMENT,HOUSE_AND_HOME,REAL_ESTATE,,
com.ninjakiwi.bloonstd6epic,Bloons TD 6,1,165,55555.887,925.93145,Unknown,GAME_STRATEGY,GAMING,GAMING,GAME_STRATEGY,,
com.norc.amerispeak,AmeriSpeak,1,52,121.313998,2.02189997,Unknown,PRODUCTIVITY,PRODUCTIVITY_AND_BUSINESS,PRODUCTIVITY,RESEARCH,,
com.oneplus.calculator,Calculator,1,89,427.797,7.12995,Unknown,PRODUCTIVITY,PRODUCTIVITY_AND_BUSINESS,PRODUCTIVITY,PRODUCTIVITY,,
com.oneplus.opscout,Scout,1,14,45.744,0.7624,Unknown,TOOLS,UTILITIES,UTILITIES,UTILITIES,,
com.opera.browser.afin,Opera Browser,1,257,247.288,4.12146667,Unknown,PRODUCTIVITY,KNOWLEDGE_AND_INFORMATION,INFORMATION_SEEKING,BROWSER,,
com.oplus.appbooster,AppBooster,1,8,333.368,5.55613333,Unknown,TOOLS,UTILITIES,UTILITIES,UTILITIES,,
com.oplus.cast,Screencast,1,25,1.968,0.0328,Unknown,TOOLS,UTILITIES,UTILITIES,UTILITIES,,
com.oplus.encryption,Private Safe,1,28,0.832,0.01386667,Unknown,TOOLS,UTILITIES,UTILITIES,UTILITIES,,
com.oplus.eyeprotect,"Eye Comfort, Eye comfort",2,31,38.4,0.64,Unknown,TOOLS,UTILITIES,UTILITIES,UTILITIES,,
com.oplus.notificationmanager,Manage notifications,1,71,142.564,2.37606667,Unknown,TOOLS,UTILITIES,UTILITIES,UTILITIES,,
com.oplus.screenshot,Screenshot,1,35,63.522,1.0587,Unknown,TOOLS,UTILITIES,UTILITIES,UTILITIES,,
com.oplus.sos,Emergency SOS,1,44,54.551,0.90918333,Unknown,TOOLS,UTILITIES,UTILITIES,UTILITIES,,
com.oplus.trafficmonitor,Data usage,1,23,6.444,0.1074,Unknown,TOOLS,UTILITIES,UTILITIES,UTILITIES,,
com.oplus.uxdesign,Wallpapers & style,1,134,0.949,0.01581667,Unknown,TOOLS,UTILITIES,UTILITIES,UTILITIES,,
com.oplus.wallpapers,Wallpapers,1,27,10.385,0.17308333,Unknown,TOOLS,UTILITIES,UTILITIES,UTILITIES,,
com.oppo.ota,Software update,1,9,5.015,0.08358333,Unknown,TOOLS,UTILITIES,UTILITIES,UTILITIES,,
com.osp.app.signin,Samsung account,1,790,0,0,Unknown,TOOLS,UTILITIES,UTILITIES,UTILITIES,,
com.overdrive.mobile.android.mediaconsole,"OverDrive, com.overdrive.mobile.android.mediaconsole",2,83,110.887,1.84811667,Unknown,BOOKS_AND_REFERENCE,ARTS_AND_LEISURE,READING,READING,,
com.paytronix.client.android.app.andysfrozencustard,Andys,1,20,161.996,2.69993333,Unknown,FOOD_AND_DRINK,LIFESTYLE_MANAGEMENT,SHOPPING,FOOD_AND_DRINK,,
com.paytronix.client.android.app.matchbox,Matchbox,1,72,192.372,3.2062,Unknown,FOOD_AND_DRINK,LIFESTYLE_MANAGEMENT,SHOPPING,FOOD_AND_DRINK,,
com.pdfmerge.imagetopdf.pdfmaker,All PDF Maker,1,48,0,0,Unknown,PRODUCTIVITY,PRODUCTIVITY_AND_BUSINESS,PRODUCTIVITY,PRODUCTIVITY,,
com.plansource.android2,PlanSource,1,11,54.257,0.90428333,Unknown,BUSINESS,PRODUCTIVITY_AND_BUSINESS,MONEY_MAKING,WORK,INSURANCE,
com.qualcomm.qti.services.secureui,Secure UI Service,1,8599,7.334,0.12223333,Unknown,TOOLS,UTILITIES,UTILITIES,UTILITIES,,
com.rainoutline.app,Rainout Line,1,16,24.147,0.40245,Unknown,EVENTS,ARTS_AND_LEISURE,ENTERTAINMENT,EVENTS,,
com.readercompany.pdf.reader,PDF Reader,1,67,66.744,1.1124,Unknown,PRODUCTIVITY,PRODUCTIVITY_AND_BUSINESS,PRODUCTIVITY,PRODUCTIVITY,,
com.recology.android,Recology,1,89,171.954997,2.86591662,Unknown,HOUSE_AND_HOME,LIFESTYLE_MANAGEMENT,HOUSE_AND_HOME,HOUSE_AND_HOME,,
com.recprosoftware.sunprairieparksandrec2,"Sun Prairie Parks and Recreation, SunPrairieParksAndRec",2,48,523.838999,8.73064998,Unknown,HOUSE_AND_HOME,LIFESTYLE_MANAGEMENT,HOUSE_AND_HOME,COMMUNITY_AND_PUBLIC_SERVICES,,
com.republicwireless.tel,"Republic Wireless, com.republicwireless.tel",2,22,43.404,0.7234,Unknown,HOUSE_AND_HOME,LIFESTYLE_MANAGEMENT,HOUSE_AND_HOME,HOUSE_AND_HOME,,
com.revanced.net.revancedmanager,Revanced Manager - revanced.net,1,25,46.9,0.78166667,Unknown,TOOLS,UTILITIES,UTILITIES,UTILITIES,,
com.rhs.appfreezer,App Freezer,1,5,13.026,0.2171,Unknown,TOOLS,UTILITIES,UTILITIES,UTILITIES,,
com.row52.app,Row52,1,146,305.489,5.09148333,Unknown,AUTO_AND_VEHICLES,LIFESTYLE_MANAGEMENT,HOUSE_AND_HOME,AUTO_AND_VEHICLES,,
com.rubenmayayo.reddit,Boost,1,9,3.926,0.06543333,Unknown,SOCIAL,SOCIAL,BROADCAST_SOCIAL,SOCIAL_MEDIA,,
com.safeway.client.android.albertsons,Albertsons,1,143,497.018,8.28363333,Unknown,SHOPPING,LIFESTYLE_MANAGEMENT,SHOPPING,SHOPPING,,
com.saic.airnow,AirNow,1,16,23.256,0.3876,Unknown,WEATHER,LIFESTYLE_MANAGEMENT,TRAVEL_AND_LOCAL,WEATHER,,
com.samruston.weather,Weather,1,5,13.37,0.22283333,Unknown,WEATHER,LIFESTYLE_MANAGEMENT,TRAVEL_AND_LOCAL,WEATHER,,
com.samsung.accessibility,"Accesibilidad, Accessibility",2,638,246.261,4.10435,Unknown,TOOLS,UTILITIES,UTILITIES,UTILITIES,,
com.samsung.android.app.aodservice,"Always On Display, AlwaysOnDisplay",2,7366,26.922,0.4487,Unknown,TOOLS,UTILITIES,UTILITIES,UTILITIES,,
com.samsung.android.app.appsedge,"Aplicaciones, Apps, Apps edge",3,238,248.504,4.14173333,Unknown,TOOLS,UTILITIES,UTILITIES,UTILITIES,,
com.samsung.android.app.cocktailbarservice,"Edge panels, Edge screen, Pantalla Edge, com.samsung.android.app.cocktailbarservice",4,6980,0,0,Unknown,TOOLS,UTILITIES,UTILITIES,UTILITIES,,
com.samsung.android.app.dofviewer,"Live focus, Portrait, Retrato",3,178,296.293,4.93821667,Unknown,TOOLS,UTILITIES,UTILITIES,UTILITIES,,
com.samsung.android.app.earphonetypec,"Auricular USB-C de Samsung, Samsung USB-C headset",2,76,0,0,Unknown,TOOLS,UTILITIES,UTILITIES,UTILITIES,,
com.samsung.android.app.interpreter,"Interpreter, Int‚àö¬©rprete",2,128,337.328,5.62213333,Unknown,PRODUCTIVITY,PRODUCTIVITY_AND_BUSINESS,PRODUCTIVITY,PRODUCTIVITY,,
com.samsung.android.app.omcagent,"Actualizar configuraci‚àö‚â•n, Aplicaciones recomendadas, Configuration update, Recommended apps",4,685,0,0,Unknown,TOOLS,UTILITIES,UTILITIES,UTILITIES,,
com.samsung.android.app.routines,"Bixby Routines, Modes and Routines, Modos y rutinas",3,5959,400.832,6.68053333,Unknown,TOOLS,UTILITIES,UTILITIES,UTILITIES,,
com.samsung.android.app.sharelive,Quick Share,1,2206,1791.312,29.8552,Unknown,TOOLS,UTILITIES,UTILITIES,UTILITIES,,
com.samsung.android.app.simplesharing,"Compartir v‚àö‚â†nculos, Link Sharing",2,556,19.821,0.33035,Unknown,PRODUCTIVITY,PRODUCTIVITY_AND_BUSINESS,PRODUCTIVITY,PRODUCTIVITY,,
com.samsung.android.app.telephonyui,"Ajustes de llamada, Call settings, Phone",3,1295,2.06,0.03433333,Unknown,COMMUNICATION,COMMUNICATION,INTERPERSONAL_COMMUNICATION,CALLS,,
com.samsung.android.app.tips,"Consejos, Tips",2,1270,10.329,0.17215,Unknown,PRODUCTIVITY,PRODUCTIVITY_AND_BUSINESS,PRODUCTIVITY,PRODUCTIVITY,,
com.samsung.android.app.updatecenter,"Actualizaci‚àö‚â•n de aplicaciones, App update",2,64,0,0,Unknown,TOOLS,UTILITIES,UTILITIES,UTILITIES,,
com.samsung.android.app.watchmanagerstub,Wearable Manager Installer,1,63,6.007,0.10011667,Unknown,TOOLS,UTILITIES,UTILITIES,UTILITIES,,
com.samsung.android.arzone,"AR Zone, Zona AR",2,260,6.711,0.11185,Unknown,TOOLS,UTILITIES,UTILITIES,UTILITIES,,
com.samsung.android.audiomirroring,AudioMirroring,1,361,0,0,Unknown,TOOLS,UTILITIES,UTILITIES,UTILITIES,,
com.samsung.android.authfw,Authentication Framework,1,537,61.831,1.03051667,Unknown,TOOLS,UTILITIES,UTILITIES,UTILITIES,,
com.samsung.android.biometrics.app.setting,"Biometrics, Datos biom‚àö¬©tricos, com.samsung.android.biometrics.app.setting",3,426,48.661,0.81101667,Unknown,TOOLS,UTILITIES,UTILITIES,UTILITIES,,
com.samsung.android.bixby.wakeup,"Activaci‚àö‚â•n por voz, Voice wake-up",2,20881,0,0,Unknown,TOOLS,UTILITIES,UTILITIES,UTILITIES,,
com.samsung.android.bluelightfilter,"Blue light filter, Eye comfort shield, Filtro de luz azul, Protector de la vista",4,345,5.773,0.09621667,Unknown,TOOLS,UTILITIES,UTILITIES,UTILITIES,,
com.samsung.android.contacts,"Contacts, Contacts Migrator",2,27,92.66,1.54433333,Unknown,COMMUNICATION,COMMUNICATION,INTERPERSONAL_COMMUNICATION,CALLS,,
com.samsung.android.da.daagent,Dual Messenger,1,436,1.99,0.03316667,Unknown,TOOLS,UTILITIES,UTILITIES,UTILITIES,,
com.samsung.android.dynamiclock,"Servicios de fondos de pantalla, Wallpaper services",2,6622,46.183,0.76971667,Unknown,TOOLS,UTILITIES,UTILITIES,UTILITIES,,
com.samsung.android.easysetup,"B‚àö‚à´squeda de dispositivos cercanos, Nearby device scanning, SmartThings",3,317,198.744,3.3124,Unknown,TOOLS,UTILITIES,UTILITIES,UTILITIES,,
com.samsung.android.emergency,"Emergency SOS, Mensaje de emergencia",2,269,49.675,0.82791667,Unknown,TOOLS,UTILITIES,UTILITIES,UTILITIES,,
com.samsung.android.fmm,"Find My Mobile, Localizar mi m‚àö‚â•vil",2,445,2.277,0.03795,Unknown,HOUSE_AND_HOME,LIFESTYLE_MANAGEMENT,HOUSE_AND_HOME,DEVICE_TRACKING,,
com.samsung.android.game.gamelab,Game Plugins,1,619,0,0,Unknown,TOOLS,UTILITIES,UTILITIES,UTILITIES,,
com.samsung.android.game.gametools,"Game Booster, Game Tools",2,1199,21.362,0.35603333,Unknown,TOOLS,UTILITIES,UTILITIES,UTILITIES,,
com.samsung.android.gru,Galaxy Resource Updater,1,65,0,0,Unknown,TOOLS,UTILITIES,UTILITIES,UTILITIES,,
com.samsung.android.incallui,"Call, Llamar",2,62753,0,0,Unknown,COMMUNICATION,COMMUNICATION,INTERPERSONAL_COMMUNICATION,CALLS,,
com.samsung.android.ipsgeofence,"IpsGeofence, Samsung Visit In",2,472,0,0,Unknown,TOOLS,UTILITIES,UTILITIES,UTILITIES,,
com.samsung.android.mdecservice,"Call & text on other devices, Llamadas y mensajes en otros dispositivos",2,552,32.521,0.54201667,Unknown,COMMUNICATION,COMMUNICATION,INTERPERSONAL_COMMUNICATION,CALLS,MESSAGING,
com.samsung.android.mdx,"Link to Windows Service, Servicio Conexi‚àö‚â•n a Windows",2,3106,0.097,0.00161667,Unknown,TOOLS,UTILITIES,UTILITIES,UTILITIES,,
com.samsung.android.mdx.quickboard,"Media and devices, Media output, Multimedia y dispositivos, Salida multimedia",4,554,190.159,3.16931667,Unknown,TOOLS,UTILITIES,UTILITIES,UTILITIES,,
com.samsung.android.mobileservice,"Compartir en grupos, Group Sharing, Samsung Experience Service",3,237,3.423,0.05705,Unknown,TOOLS,UTILITIES,UTILITIES,UTILITIES,,
com.samsung.android.MtpApplication,"Aplicaci‚àö‚â•n MTP, MTP application",2,159,4.753,0.07921667,Unknown,TOOLS,UTILITIES,UTILITIES,UTILITIES,,
com.samsung.android.net.wifi.wifiguider,"Consejos de Wi-Fi, Consejos para Wi-Fi, Wi-Fi Tips, Wi-Fi tips",4,2718,80.952,1.3492,Unknown,TOOLS,UTILITIES,UTILITIES,UTILITIES,,
com.samsung.android.privacydashboard,"Permission usage, Uso de permisos",2,7367,2.419,0.04031667,Unknown,TOOLS,UTILITIES,UTILITIES,UTILITIES,,
com.samsung.android.privateshare,Private Share,1,73,7.077,0.11795,Unknown,TOOLS,UTILITIES,UTILITIES,UTILITIES,,
com.samsung.android.rubin.app,"Customisation Service, Customization Service, Servicio de personalizaci‚àö‚â•n",3,363,13.574,0.22623333,Unknown,TOOLS,UTILITIES,UTILITIES,UTILITIES,,
com.samsung.android.samsungpassautofill,"Autofill with Samsung Pass, Autorrellenar (Samsung Pass)",2,4252,19.172,0.31953333,Unknown,TOOLS,UTILITIES,UTILITIES,UTILITIES,,
com.samsung.android.secsoundpicker,SecSoundPicker,1,155,100.427,1.67378333,Unknown,TOOLS,UTILITIES,UTILITIES,UTILITIES,,
com.samsung.android.securitylogagent,SecurityLogAgent,1,156,3.797,0.06328333,Unknown,PRODUCTIVITY,PRODUCTIVITY_AND_BUSINESS,PRODUCTIVITY,ONLINE_SECURITY,,
com.samsung.android.service.tagservice,"Etiquetas, Tags",2,107,2.383,0.03971667,Unknown,TOOLS,UTILITIES,UTILITIES,UTILITIES,,
com.samsung.android.setting.multisound,"Separate app sound, Sonido de aplicaci‚àö‚â•n independiente",2,147,111.699,1.86165,Unknown,TOOLS,UTILITIES,UTILITIES,UTILITIES,,
com.samsung.android.singletake.service,"Single take, Toma ‚àö‚à´nica",2,280,0,0,Unknown,TOOLS,UTILITIES,UTILITIES,UTILITIES,,
com.samsung.android.smartmirroring,Smart View,1,2315,272.083,4.53471667,Unknown,TOOLS,UTILITIES,UTILITIES,UTILITIES,,
com.samsung.android.smartsuggestions,"SamsungSmartSuggestions, Smart suggestions, Sugerencias inteligentes",3,229,7.022,0.11703333,Unknown,TOOLS,UTILITIES,UTILITIES,UTILITIES,,
com.samsung.android.vtcamerasettings,"Efectos de videollamada, Video call effects",2,304,2.958,0.0493,Unknown,PHOTOGRAPHY,ARTS_AND_LEISURE,PHOTO_AND_VIDEO,PHOTO_AND_VIDEO,,
com.samsung.controlpanel,Flex mode panel,1,14,3.808,0.06346667,Unknown,TOOLS,UTILITIES,UTILITIES,UTILITIES,,
com.samsung.crane,"Call+, Phone, Tel‚àö¬©fono",3,261,0,0,Unknown,COMMUNICATION,COMMUNICATION,INTERPERSONAL_COMMUNICATION,CALLS,,
com.samsung.knox.securefolder,"Carpeta segura, Secure Folder",2,1560,78.553998,1.3092333,Unknown,PRODUCTIVITY,PRODUCTIVITY_AND_BUSINESS,PRODUCTIVITY,ONLINE_SECURITY,,
com.samsung.sdm,"Actualizaci‚àö‚â•n del sistema, Software update, System update",3,276,0,0,Unknown,TOOLS,UTILITIES,UTILITIES,UTILITIES,,
com.samsung.ssu,"Desbloqueo de red, Network unlock",2,72,3.982,0.06636667,Unknown,TOOLS,UTILITIES,UTILITIES,UTILITIES,,
com.samsung.storyservice,"Gallery stories, Historias de Galer‚àö‚â†a",2,493,0,0,Unknown,TOOLS,UTILITIES,UTILITIES,UTILITIES,,
com.samsung.unifiedtp,Tethering Provision,1,254,43.24,0.72066667,Unknown,TOOLS,UTILITIES,UTILITIES,UTILITIES,,
com.sandisk.mz,Memory Zone,1,30,0,0,Unknown,PRODUCTIVITY,PRODUCTIVITY_AND_BUSINESS,PRODUCTIVITY,PRODUCTIVITY,,
com.screenovate.dell.mobileconnect,Dell Mobile Connect 3.3,1,91,0,0,Unknown,TOOLS,UTILITIES,UTILITIES,UTILITIES,,
com.sdahymnbooks,SDA Hymn Books Collection,1,13,159.399,2.65665,Unknown,BOOKS_AND_REFERENCE,ARTS_AND_LEISURE,READING,READING,,
com.sec.android.app.magnifier,"Lupa, Magnifier",2,75,3.866,0.06443333,Unknown,PRODUCTIVITY,PRODUCTIVITY_AND_BUSINESS,PRODUCTIVITY,PRODUCTIVITY,,
com.sec.android.app.sbrowser.webapk.w5453a04a287873f3731f6ca84abad0d81,ZuzuForKids,1,8,0.118,0.00196667,Unknown,EVENTS,ARTS_AND_LEISURE,ENTERTAINMENT,EVENTS,,
com.sec.android.app.SecSetupWizard,"Asistente de configuraci‚àö‚â•n de Samsung, Samsung setup wizard",2,438,5.076,0.0846,Unknown,TOOLS,UTILITIES,UTILITIES,UTILITIES,,
com.sec.android.app.soundalive,"Calidad y efectos de sonido, Sound quality and effects, SoundAlive",3,5683,1.265,0.02108333,Unknown,MUSIC_AND_AUDIO,ARTS_AND_LEISURE,MUSIC_AND_AUDIO,MUSIC_AND_AUDIO,,
com.sec.android.desktopmode.uiservice,Samsung DeX,1,4826,149.886,2.4981,Unknown,TOOLS,UTILITIES,UTILITIES,UTILITIES,,
com.sec.android.emergencylauncher,Launcher,1,487,298.169999,4.96949998,Unknown,TOOLS,UTILITIES,UTILITIES,UTILITIES,,
com.sec.mhs.smarttethering,"Auto Hotspot, Hotspot autom‚àö¬∞tico",2,425,0.146,0.00243333,Unknown,TOOLS,UTILITIES,UTILITIES,UTILITIES,,
com.sec.omadmspr,OMADM,1,160,44.634,0.7439,Unknown,TOOLS,UTILITIES,UTILITIES,UTILITIES,,
com.sec.unifiedwfc,"Llamada Wi-Fi, Wi-Fi Calling",2,304,199.803,3.33005,Unknown,COMMUNICATION,COMMUNICATION,INTERPERSONAL_COMMUNICATION,CALLS,,
com.sec.vsim.ericssonnsds.webapp,NSDSWebApp,1,222,29.183,0.48638333,Unknown,TOOLS,UTILITIES,UTILITIES,UTILITIES,,
com.showmax.app,Showmax,1,45,0,0,Unknown,VIDEO_PLAYERS,VIDEO,VIDEO,STREAMING,,
com.simshine.aiot,SimHome,1,9347,63563.161,1059.38602,Unknown,HOUSE_AND_HOME,LIFESTYLE_MANAGEMENT,HOUSE_AND_HOME,HOUSE_AND_HOME,,
com.speedetab.northsidesocial.user,Northside Social,1,42,146.03,2.43383333,Unknown,FOOD_AND_DRINK,LIFESTYLE_MANAGEMENT,SHOPPING,FOOD_AND_DRINK,,
com.sph.rosie_test_fall,rosie_test,1,54,439.431997,7.32386662,Unknown,MEDICAL,LIFESTYLE_MANAGEMENT,HEALTH,MEDICAL,,
com.sprint.ce.updater,Mobile Installer,1,898,0,0,Unknown,TOOLS,UTILITIES,UTILITIES,UTILITIES,,
com.sprint.ms.smf.services,Carrier Hub,1,12481,0,0,Unknown,TOOLS,UTILITIES,UTILITIES,UTILITIES,,
com.sprint.w.installer,MCM Client,1,119,0,0,Unknown,TOOLS,UTILITIES,UTILITIES,UTILITIES,,
com.statussaver.umatechnolog.whatscan.whatsweb,Whats Web,1,7,3.105,0.05175,Unknown,PRODUCTIVITY,PRODUCTIVITY_AND_BUSINESS,PRODUCTIVITY,PRODUCTIVITY,,
com.supercell.flood,Floodrush,1,13,0.435,0.00725,Unknown,GAME_STRATEGY,GAMING,GAMING,GAME_STRATEGY,,
com.surpax.ledflashlight.panel,¬¨‚Ä†Flashlight,1,7,12.294,0.2049,Unknown,PRODUCTIVITY,PRODUCTIVITY_AND_BUSINESS,PRODUCTIVITY,PRODUCTIVITY,,
com.taniakaram,Arc‚àö¬∞ngeles TK,1,40,221.175,3.68625,Unknown,HEALTH_AND_FITNESS,LIFESTYLE_MANAGEMENT,HEALTH,MEDITATION,,
com.target.socsav,Cartwheel,1,28,19.098,0.3183,Unknown,SHOPPING,LIFESTYLE_MANAGEMENT,SHOPPING,SHOPPING,,
com.tdameritrade.mobile3,"TD Ameritrade Mobile, TD Ameritrade, Inc.",2,81,26.927999,0.44879998,Unknown,FINANCE,PRODUCTIVITY_AND_BUSINESS,MONEY_MANAGEMENT,FINANCE,,
com.teamunify.ondeck,OnDeck,1,87,768.156997,12.8026166,Unknown,PARENTING,LIFESTYLE_MANAGEMENT,PARENTING,PARENT_CHILD_COMMUNICATION,,
com.tm.nurx,Nurx,1,16,92.637,1.54395,Unknown,HEALTH_AND_FITNESS,LIFESTYLE_MANAGEMENT,HEALTH,HEALTH_AND_FITNESS,,
com.tmobile.dm.cm,Content Manager,1,12,0,0,Unknown,TOOLS,UTILITIES,UTILITIES,UTILITIES,,
com.tmobile.dm.ms.services,Mobile Services,1,421,0,0,Unknown,TOOLS,UTILITIES,UTILITIES,UTILITIES,,
com.tmobile.pr.adapt,"Device Manager, T-Mobile",2,212,0,0,Unknown,TOOLS,UTILITIES,UTILITIES,UTILITIES,,
com.transsion.dtsaudio,DTS Sound,1,14,0,0,Unknown,MUSIC_AND_AUDIO,ARTS_AND_LEISURE,MUSIC_AND_AUDIO,MUSIC_AND_AUDIO,,
com.transsion.fmradio,FM Radio,1,4,0,0,Unknown,MUSIC_AND_AUDIO,ARTS_AND_LEISURE,MUSIC_AND_AUDIO,MUSIC_AND_AUDIO,,
com.transsnet.store,Palm Store,1,7,0,0,Unknown,ENTERTAINMENT,ARTS_AND_LEISURE,ENTERTAINMENT,ENTERTAINMENT,,
com.usepayday.app,Payday,1,64,1063.434,17.7239,Unknown,FINANCE,PRODUCTIVITY_AND_BUSINESS,MONEY_MANAGEMENT,FINANCE,,
com.vdispatch.Velotax,Aguila,1,13,13.452,0.2242,Unknown,TRAVEL_AND_LOCAL,LIFESTYLE_MANAGEMENT,TRAVEL_AND_LOCAL,TRANSPORTATION,,
com.verbling.verbling,Verbling,1,18,0,0,Unknown,EDUCATION,KNOWLEDGE_AND_INFORMATION,KNOWLEDGE_SEEKING,LEARNING,,
com.verizon.mips.services,"My Verizon Services, com.verizon.mips.services",2,212,0,0,Unknown,TOOLS,UTILITIES,UTILITIES,UTILITIES,,
com.volaris.android,Volaris,1,95,0,0,Unknown,TRAVEL_AND_LOCAL,LIFESTYLE_MANAGEMENT,TRAVEL_AND_LOCAL,TRAVEL,,
com.wdstechnology.android.kryten,OTA Access Point Configuration,1,49,0.49,0.00816667,Unknown,TOOLS,UTILITIES,UTILITIES,UTILITIES,,
com.webtoons.yonder,YONDER,1,5,1.577,0.02628333,Unknown,BOOKS_AND_REFERENCE,ARTS_AND_LEISURE,READING,READING,,
com.withyotta.yotta,Yotta,1,15,116.096,1.93493333,Unknown,GAME_CASINO,GAMING,GAMING,CASINO_AND_BETTING,,
com.ws.dm,"Actualizaci‚àö‚â•n de software, Software Update, Software update",3,244,206.635,3.44391667,Unknown,TOOLS,UTILITIES,UTILITIES,UTILITIES,,
com.wsomacp,"Configuration message, Mensaje de configuraci‚àö‚â•n",2,1226,3.697,0.06161667,Unknown,TOOLS,UTILITIES,UTILITIES,UTILITIES,,
com.wssyncmldm,"Actualizaci‚àö‚â•n de software, Software update",2,1395,611.211999,10.1868667,Unknown,TOOLS,UTILITIES,UTILITIES,UTILITIES,,
com.xfinity.tv,TV Remote,1,87,155.718,2.5953,Unknown,VIDEO_PLAYERS,VIDEO,VIDEO,STREAMING,,
com.xfinitymobile.myaccount,Xfinity Mobile,1,20,2.356,0.03926667,Unknown,HOUSE_AND_HOME,LIFESTYLE_MANAGEMENT,HOUSE_AND_HOME,HOUSE_AND_HOME,,
com.xiaomi.account,Xiaomi Account,1,65,380.896999,6.34828332,Unknown,PRODUCTIVITY,PRODUCTIVITY_AND_BUSINESS,PRODUCTIVITY,ONLINE_SECURITY,,
com.xiaomi.bluetooth,"Bluetooth Extension, MIUI Bluetooth",2,47,79.114,1.31856667,Unknown,TOOLS,UTILITIES,UTILITIES,UTILITIES,,
com.xiaomi.discover,System apps updater,1,2750,104.439,1.74065,Unknown,TOOLS,UTILITIES,UTILITIES,UTILITIES,,
com.xiaomi.finddevice,Find device,1,43,0,0,Unknown,HOUSE_AND_HOME,LIFESTYLE_MANAGEMENT,HOUSE_AND_HOME,DEVICE_TRACKING,,
com.xiaomi.glgm,"Funmax, Game Center, Game Centre",3,273,146.070999,2.43451665,Unknown,ENTERTAINMENT,ARTS_AND_LEISURE,ENTERTAINMENT,ENTERTAINMENT,,
com.xiaomi.mi_connect_service,Mi Connect,1,881,0,0,Unknown,TOOLS,UTILITIES,UTILITIES,UTILITIES,,
com.xiaomi.mipicks,GetApps,1,11063,97.047,1.61745,Unknown,TOOLS,UTILITIES,UTILITIES,UTILITIES,,
com.xiaomi.scanner,Scanner,1,120,11.574,0.1929,Unknown,PRODUCTIVITY,PRODUCTIVITY_AND_BUSINESS,PRODUCTIVITY,PRODUCTIVITY,,
com.xiaomi.simactivate.service,Xiaomi SIM Activation Service,1,486,18.526,0.30876667,Unknown,TOOLS,UTILITIES,UTILITIES,UTILITIES,,
com.xlsx.reader.xls.excel.viewer.spread.sheets,XLSX Reader,1,25,83.908,1.39846667,Unknown,PRODUCTIVITY,PRODUCTIVITY_AND_BUSINESS,PRODUCTIVITY,PRODUCTIVITY,,
com.yummly.android,Yummly,1,30,104.639,1.74398333,Unknown,FOOD_AND_DRINK,LIFESTYLE_MANAGEMENT,SHOPPING,FOOD_AND_DRINK,AI_CHATBOT,
com.zebra.letschat,LetsChat,1,172,168.932999,2.81554998,Unknown,COMMUNICATION,COMMUNICATION,INTERPERSONAL_COMMUNICATION,MESSAGING,,
com.zynga.wwf2.free,Words,1,65,0,0,Unknown,GAME_WORD,GAMING,GAMING,GAME_WORD,,
de.hinterhofapps.sliderwidget,Slider Widget,1,199,64.354,1.07256667,Unknown,TOOLS,UTILITIES,UTILITIES,UTILITIES,,
de.stocard.stocard,Stocard,1,20,36.260998,0.60434997,Unknown,SHOPPING,LIFESTYLE_MANAGEMENT,SHOPPING,SHOPPING,,
edu.wisc.mobile.mobileuw.android,Wisconsin,1,6,69.040999,1.15068332,Unknown,HOUSE_AND_HOME,LIFESTYLE_MANAGEMENT,HOUSE_AND_HOME,COMMUNITY_AND_PUBLIC_SERVICES,,
eu.marcelnijman.startplayer,Start Player,1,27,87.605,1.46008333,Unknown,ENTERTAINMENT,ARTS_AND_LEISURE,ENTERTAINMENT,ENTERTAINMENT,,
gov.ny.its.healthpassport.wallet,gov.ny.its.healthpassport.wallet,1,25,28.655999,0.47759998,Unknown,MEDICAL,LIFESTYLE_MANAGEMENT,HEALTH,MEDICAL,,
gov.texas.dshs.wicshop,myTexasWIC,1,17,51.643,0.86071667,Unknown,HOUSE_AND_HOME,LIFESTYLE_MANAGEMENT,HOUSE_AND_HOME,COMMUNITY_AND_PUBLIC_SERVICES,SHOPPING,
instasaver.instagram.video.downloader.photo,IG Downloader,1,10,0,0,Unknown,SOCIAL,SOCIAL,BROADCAST_SOCIAL,SOCIAL_MEDIA,,
io.ampup.app,AmpUp,1,7,147.756,2.4626,Unknown,AUTO_AND_VEHICLES,LIFESTYLE_MANAGEMENT,HOUSE_AND_HOME,AUTO_AND_VEHICLES,,
jack.pocket,Jackpocket,1,12,0,0,Unknown,GAME_CASINO,GAMING,GAMING,CASINO_AND_BETTING,,
miui.systemui.plugin,System UI Plug-in,1,63,30.359,0.50598333,Unknown,TOOLS,UTILITIES,UTILITIES,UTILITIES,,
mmpud.project.daycountwidget,Day Counter,1,12,2.482,0.04136667,Unknown,PRODUCTIVITY,PRODUCTIVITY_AND_BUSINESS,PRODUCTIVITY,PRODUCTIVITY,,
mobi.nftblockchain.app,NFT blockchain,1,16,12.433,0.20721667,Unknown,FINANCE,PRODUCTIVITY_AND_BUSINESS,MONEY_MANAGEMENT,FINANCE,,
mx.com.procesar.aforemovil.nuevosura,Afore SURA,1,28,102.207,1.70345,Unknown,FINANCE,PRODUCTIVITY_AND_BUSINESS,MONEY_MANAGEMENT,FINANCE,,
org.blokada.origin.alarm,Blokada 5,1,7,8.466,0.1411,Unknown,PRODUCTIVITY,PRODUCTIVITY_AND_BUSINESS,PRODUCTIVITY,ONLINE_SECURITY,,
org.chromium.webapk.a18d1e23d807abfcf_v2,The Morton Arboretum,1,19,0.119,0.00198333,Unknown,EVENTS,ARTS_AND_LEISURE,ENTERTAINMENT,EVENTS,,
org.chromium.webapk.a64de1212769a6adc_v2,X,1,113,2.267,0.03778333,Unknown,SOCIAL,SOCIAL,BROADCAST_SOCIAL,SOCIAL_MEDIA,,
org.chromium.webapk.a6606e4317f1b9dab_v2,@Work,1,93,1.06,0.01766667,Unknown,,,,,,
org.chromium.webapk.a6625cfdd23a7ead0_v2,Emmeline Joy Zant,1,9,0.228,0.0038,Unknown,,,,,,
org.chromium.webapk.a75df0feb2d75ab4b_v2,Outlook,1,12,0.233998,0.00389997,Unknown,COMMUNICATION,COMMUNICATION,INTERPERSONAL_COMMUNICATION,EMAIL,,
org.chromium.webapk.a8301ce353da16980_v2,Messages,1,110,2.064996,0.0344166,Unknown,COMMUNICATION,COMMUNICATION,INTERPERSONAL_COMMUNICATION,MESSAGING,,
org.chromium.webapk.a872681fca77e2236_v2,Outlook,1,222,0.187,0.00311667,Unknown,COMMUNICATION,COMMUNICATION,INTERPERSONAL_COMMUNICATION,EMAIL,,
org.chromium.webapk.a96dbf0e62bdfde5d_v2,Rakuten Insight Surveys,1,28,0.344,0.00573333,Unknown,BUSINESS,PRODUCTIVITY_AND_BUSINESS,MONEY_MAKING,QUICK_CASH,,
org.chromium.webapk.ab10f64b8126ae9cc_v2,Facebook,1,17,2.001999,0.03336665,Unknown,SOCIAL,SOCIAL,BROADCAST_SOCIAL,SOCIAL_MEDIA,,
org.chromium.webapk.ab3f29e475b3c937b_v2,Google Photos,1,11,0.484,0.00806667,Unknown,PHOTOGRAPHY,ARTS_AND_LEISURE,PHOTO_AND_VIDEO,PHOTO_AND_VIDEO,,
org.chromium.webapk.ad55ebbb853b2f277_v2,Slate,1,14,0.281,0.00468333,Unknown,BOOKS_AND_REFERENCE,ARTS_AND_LEISURE,READING,READING,,
org.chromium.webapk.ad7a688bcc6d11a26_v2,Bidiboo,1,677,9.467986,0.15779977,Unknown,ENTERTAINMENT,ARTS_AND_LEISURE,ENTERTAINMENT,ENTERTAINMENT,,
org.chromium.webapk.adabadb6f64f5dbd8_v2,APKPure,1,57,7.972,0.13286667,Unknown,ENTERTAINMENT,ARTS_AND_LEISURE,ENTERTAINMENT,ENTERTAINMENT,,
org.chromium.webapk.ae23f6f43658c727a_v2,Carter's,1,64,1.006,0.01676667,Unknown,SHOPPING,LIFESTYLE_MANAGEMENT,SHOPPING,SHOPPING,,
org.chromium.webapk.afc9dd586f37d2c73_v2,LullaPanda,1,545,7.319988,0.1219998,Unknown,ENTERTAINMENT,ARTS_AND_LEISURE,ENTERTAINMENT,ENTERTAINMENT,,
org.fdroid.fdroid,F-Droid,1,862,0,0,Unknown,TOOLS,UTILITIES,UTILITIES,UTILITIES,,
org.lirr.portal,TrainTime,1,13,1.606,0.02676667,Unknown,TRAVEL_AND_LOCAL,LIFESTYLE_MANAGEMENT,TRAVEL_AND_LOCAL,TRANSPORTATION,,
org.orem.secure.rec,Orem Rec,1,43,0.578,0.00963333,Unknown,PARENTING,LIFESTYLE_MANAGEMENT,PARENTING,PARENT_CHILD_COMMUNICATION,HEALTH_AND_FITNESS,
puzzle.blockpuzzle.cube.relax,QBlock,1,47,440.154,7.3359,Unknown,GAME_PUZZLE,GAMING,GAMING,GAME_PUZZLE,,
ru.altarix.mos.pgu,‚Äì√¨‚Äì√¶‚Äî√Ö‚Äî√â‚Äî√Ö‚Äì¬™‚Äî√â‚Äì‚â•‚Äì‚àè ‚Äì√∫‚Äì√¶‚Äî√Ö‚Äì‚à´‚Äì‚â§‚Äî√£,1,66,0.856,0.01426667,Unknown,PARENTING,LIFESTYLE_MANAGEMENT,PARENTING,PARENT_CHILD_COMMUNICATION,,
ru.tinkoff.investing,‚Äì√≤‚ÄìŒ©‚Äì‚â§‚Äì¬µ‚Äî√Ö‚Äî√á‚Äì‚àè‚Äî√ú‚Äì‚àè‚Äì‚àè,1,344,169.102997,2.81838328,Unknown,FINANCE,PRODUCTIVITY_AND_BUSINESS,MONEY_MANAGEMENT,FINANCE,,
sh.whisper,Whisper,1,27,1332.685,22.2114167,Unknown,SOCIAL,SOCIAL,BROADCAST_SOCIAL,SOCIAL_MEDIA,,
us.sol.WilliamsburgRegional,WRLibrary,1,65,31.164999,0.51941665,Unknown,BOOKS_AND_REFERENCE,ARTS_AND_LEISURE,READING,READING,,
ver3.ycntivi.off,Yacine TV,1,14,0,0,Unknown,ENTERTAINMENT,ARTS_AND_LEISURE,ENTERTAINMENT,ENTERTAINMENT,,
app.revanced.android.youtube,YouTube ReVanced,1,371,17293.421,288.223683,VIDEO_PLAYERS,VIDEO_PLAYERS,VIDEO,VIDEO,YOUTUBE,,
app.rvx.android.youtube,"RVX, ReVanced Extended",2,3476,104586.809,1743.11348,VIDEO_PLAYERS,VIDEO_PLAYERS,VIDEO,VIDEO,YOUTUBE,,
co.onese.android,1SE,1,883,3559.014,59.3169,VIDEO_PLAYERS,PHOTOGRAPHY,ARTS_AND_LEISURE,PHOTO_AND_VIDEO,PHOTO_AND_VIDEO,,
com.biomes.vanced,Vanced,1,254,10028.023,167.133717,VIDEO_PLAYERS,VIDEO_PLAYERS,VIDEO,VIDEO,YOUTUBE,,
com.cyberlink.powerdirector.DRA140225_01,PowerDirector,1,19,97.934,1.63223333,VIDEO_PLAYERS,PHOTOGRAPHY,ARTS_AND_LEISURE,PHOTO_AND_VIDEO,PHOTO_AND_VIDEO,AI_CHATBOT,
com.foscam.foscam,Foscam,1,8031,63475.4747,1057.92458,VIDEO_PLAYERS,HOUSE_AND_HOME,LIFESTYLE_MANAGEMENT,HOUSE_AND_HOME,HOUSE_AND_HOME,,
com.giphy.messenger,GIPHY,1,6,2.53,0.04216667,VIDEO_PLAYERS,ENTERTAINMENT,ARTS_AND_LEISURE,ENTERTAINMENT,ENTERTAINMENT,,
com.google.android.apps.youtube.kids,"YT Kids, com.google.android.apps.youtube.kids",2,4601,374102.27,6235.03783,VIDEO_PLAYERS,VIDEO_PLAYERS,VIDEO,VIDEO,YOUTUBE,,KIDS
com.google.android.videos,"Google Play Movies & TV, Google TV, Google¬¨‚Ä†TV, com.google.android.videos",4,2189,301.552991,5.02588318,VIDEO_PLAYERS,VIDEO_PLAYERS,VIDEO,VIDEO,STREAMING,,
com.google.android.youtube,"YouTube, com.google.android.youtube",2,58921,4565060.84,76084.3474,VIDEO_PLAYERS,VIDEO_PLAYERS,VIDEO,VIDEO,YOUTUBE,,
com.hecorat.screenrecorder.free,AZ Screen Recorder,1,114,493.026999,8.21711665,VIDEO_PLAYERS,PRODUCTIVITY,PRODUCTIVITY_AND_BUSINESS,PRODUCTIVITY,PRODUCTIVITY,,
com.i_pro.vimobileplus,VI Mobile Plus,1,146,760.318,12.6719667,VIDEO_PLAYERS,HOUSE_AND_HOME,LIFESTYLE_MANAGEMENT,HOUSE_AND_HOME,HOUSE_AND_HOME,,
com.ibaby,iBaby Care,1,1011,71819.149,1196.98582,VIDEO_PLAYERS,PARENTING,LIFESTYLE_MANAGEMENT,PARENTING,PARENTING,,
com.imgur.mobile,Imgur,1,65,15.145,0.25241667,VIDEO_PLAYERS,ENTERTAINMENT,ARTS_AND_LEISURE,ENTERTAINMENT,ENTERTAINMENT,,
com.lemon.lvoverseas,CapCut,1,557,2411.33,40.1888333,VIDEO_PLAYERS,PHOTOGRAPHY,ARTS_AND_LEISURE,PHOTO_AND_VIDEO,PHOTO_AND_VIDEO,,
com.MediaplayerQ525,Mediaplayer,1,44,0.769,0.01281667,VIDEO_PLAYERS,VIDEO_PLAYERS,VIDEO,VIDEO,STREAMING,,
com.mxtech.videoplayer.ad,MX Player,1,1253,154961.383,2582.68972,VIDEO_PLAYERS,VIDEO_PLAYERS,VIDEO,VIDEO,STREAMING,,
com.pandavideocompressor,Panda Video Compressor,1,44,58.785,0.97975,VIDEO_PLAYERS,PHOTOGRAPHY,ARTS_AND_LEISURE,PHOTO_AND_VIDEO,PHOTO_AND_VIDEO,,
com.smartaddx.vicohome,VicoHome,1,1033,7299.411,121.65685,VIDEO_PLAYERS,HOUSE_AND_HOME,LIFESTYLE_MANAGEMENT,HOUSE_AND_HOME,HOUSE_AND_HOME,,
com.ss.android.ugc.trill,TikTok,1,1348,84318.36,1405.306,VIDEO_PLAYERS,SOCIAL,SOCIAL,BROADCAST_SOCIAL,SOCIAL_MEDIA,,
com.swarsystems.is,Tanpura Droid,1,8,16.382,0.27303333,VIDEO_PLAYERS,ENTERTAINMENT,ARTS_AND_LEISURE,ENTERTAINMENT,ENTERTAINMENT,,
com.video_converter.video_compressor,Video Compressor,1,102,530.376,8.8396,VIDEO_PLAYERS,PHOTOGRAPHY,ARTS_AND_LEISURE,PHOTO_AND_VIDEO,PHOTO_AND_VIDEO,,
org.schabi.newpipe,NewPipe,1,924,74357.331,1239.28885,VIDEO_PLAYERS,VIDEO_PLAYERS,VIDEO,VIDEO,YOUTUBE,,
org.videolan.vlc,VLC,1,6111,352622.777,5877.04628,VIDEO_PLAYERS,VIDEO_PLAYERS,VIDEO,VIDEO,STREAMING,,
tr.com.mobilus.invidyo,Invidyo,1,102,151.243,2.52071667,VIDEO_PLAYERS,PARENTING,LIFESTYLE_MANAGEMENT,PARENTING,PARENTING,,
com.accuweather.android,"AccuWeather, com.accuweather.android",2,1618,4651.42999,77.5238332,WEATHER,WEATHER,LIFESTYLE_MANAGEMENT,TRAVEL_AND_LOCAL,WEATHER,,
com.acmeaom.android.myradar,"MyRadar, com.acmeaom.android.myradar",2,616,389.693999,6.49489998,WEATHER,WEATHER,LIFESTYLE_MANAGEMENT,TRAVEL_AND_LOCAL,WEATHER,,
com.apalon.weatherradar.free,Clime: NOAA Weather Radar Live,1,45,126.940999,2.11568332,WEATHER,WEATHER,LIFESTYLE_MANAGEMENT,TRAVEL_AND_LOCAL,WEATHER,,
com.appdlab.radarexpress,RadarX,1,33,250.875,4.18125,WEATHER,WEATHER,LIFESTYLE_MANAGEMENT,TRAVEL_AND_LOCAL,WEATHER,,
com.aws.android,WeatherBug,1,921,2468.656,41.1442666,WEATHER,WEATHER,LIFESTYLE_MANAGEMENT,TRAVEL_AND_LOCAL,WEATHER,,
com.coloros.weather2,Weather,1,7,1.492,0.02486667,WEATHER,WEATHER,LIFESTYLE_MANAGEMENT,TRAVEL_AND_LOCAL,WEATHER,,
com.google.android.apps.weather,Weather,1,115,1945.719,32.42865,WEATHER,WEATHER,LIFESTYLE_MANAGEMENT,TRAVEL_AND_LOCAL,WEATHER,,
com.handmark.expressweather,1Weather,1,2850,1569.87799,26.1646331,WEATHER,WEATHER,LIFESTYLE_MANAGEMENT,TRAVEL_AND_LOCAL,WEATHER,,
com.khas.android.weather,Local4 Weather,1,4,0,0,WEATHER,WEATHER,LIFESTYLE_MANAGEMENT,TRAVEL_AND_LOCAL,WEATHER,,
com.miui.weather2,Weather,1,131,83.868997,1.39781662,WEATHER,WEATHER,LIFESTYLE_MANAGEMENT,TRAVEL_AND_LOCAL,WEATHER,,
com.nautide.app,Nautide,1,7,1.521,0.02535,WEATHER,WEATHER,LIFESTYLE_MANAGEMENT,TRAVEL_AND_LOCAL,WEATHER,,
com.ost.ecowitt,Ecowitt,1,25,148.726999,2.47878332,WEATHER,WEATHER,LIFESTYLE_MANAGEMENT,TRAVEL_AND_LOCAL,WEATHER,,
com.SeventhGear.tides,Tides,1,60,298.453,4.97421667,WEATHER,WEATHER,LIFESTYLE_MANAGEMENT,TRAVEL_AND_LOCAL,WEATHER,,
com.weather.Weather,"The Weather Channel, com.weather.Weather",2,5213,22947.626,382.460433,WEATHER,WEATHER,LIFESTYLE_MANAGEMENT,TRAVEL_AND_LOCAL,WEATHER,,
com.weawow,Weawow,1,1310,4532.04698,75.5341163,WEATHER,WEATHER,LIFESTYLE_MANAGEMENT,TRAVEL_AND_LOCAL,WEATHER,,
com.windyty.android,Windy,1,1736,1886.296,31.4382667,WEATHER,WEATHER,LIFESTYLE_MANAGEMENT,TRAVEL_AND_LOCAL,WEATHER,,
com.wkow.android.weather,27StormTrack,1,986,451.239,7.52065,WEATHER,WEATHER,LIFESTYLE_MANAGEMENT,TRAVEL_AND_LOCAL,WEATHER,,
com.wunderground.android.weather,Wunderground,1,1569,2190.056,36.5009333,WEATHER,WEATHER,LIFESTYLE_MANAGEMENT,TRAVEL_AND_LOCAL,WEATHER,,
com.yahoo.mobile.client.android.weather,Weather,1,25,0,0,WEATHER,WEATHER,LIFESTYLE_MANAGEMENT,TRAVEL_AND_LOCAL,WEATHER,,
de.wetteronline.wetterapp,Weather&Radar,1,3,0,0,WEATHER,WEATHER,LIFESTYLE_MANAGEMENT,TRAVEL_AND_LOCAL,WEATHER,,
info.vazquezsoftware.weatheralarms,Weather Alerts,1,150,224.588,3.74313333,WEATHER,WEATHER,LIFESTYLE_MANAGEMENT,TRAVEL_AND_LOCAL,WEATHER,,
net.oneplus.weather,Weather,1,195,170.229,2.83715,WEATHER,WEATHER,LIFESTYLE_MANAGEMENT,TRAVEL_AND_LOCAL,WEATHER,,
com.dsi.ant.service.socket,ANT Radio Service,1,88,0,0,COMMUNICATION,,,,,,
com.uscc.ecid,Call Guardian,1,1,0,0,COMMUNICATION,,,,,,
com.google.android.ims,"Carrier Services, com.google.android.ims",2,586,0,0,COMMUNICATION,,,,,,
im.vector.app,Element,1,3,0,0,COMMUNICATION,,,,,,
com.elliq,ElliQ Connect,1,1,0,0,COMMUNICATION,,,,,,
net.grandpad.puma,GrandPad,1,1,0,0,COMMUNICATION,,,,,,
events.socio.app1668,HS Seminars,1,4,0,0,COMMUNICATION,,,,,,
com.i2vpn.i2vpn,i2VPN,1,4,0,0,COMMUNICATION,,,,,,
com.keepcalling.ui,KeepCalling,1,5,0,0,COMMUNICATION,,,,,,
com.livesafe.activities,LiveSafe,1,3,0,0,COMMUNICATION,,,,,,
com.geeksville.mesh,Meshtastic,1,1,0,0,COMMUNICATION,,,,,,
com.dish.wireless.activation,Network Companion,1,4,0,0,COMMUNICATION,,,,,,
com.opera.browser,Opera,1,5,0,0,COMMUNICATION,,,,,,
pi.browser,Pi Browser,1,81,0,0,COMMUNICATION,,,,,,
com.psiphon3.subscription,Psiphon Pro,1,3,0,0,COMMUNICATION,,,,,,
com.gangverk.sling,Sling,1,4,0,0,COMMUNICATION,,,,,,
com.google.android.accessibility.soundamplifier,"Sound Amplifier, com.google.android.accessibility.soundamplifier",2,69,0,0,COMMUNICATION,,,,,,
com.snowcorp.stickerly.android,Sticker.ly,1,91,0,0,COMMUNICATION,,,,,,
com.tempmail,Temp Mail,1,1,0,0,COMMUNICATION,,,,,,
br.socialcondo.app,TownSq,1,2,0,0,COMMUNICATION,,,,,,
com.vidyo.neomobile,VidyoConnect,1,2,0,0,COMMUNICATION,,,,,,
com.visiblemobile.flagship,Visible,1,4,0,0,COMMUNICATION,,,,,,
com.dish.vvm,Visual Voicemail,1,1,0,0,COMMUNICATION,,,,,,
andromeda.smart.softwares.com.voissy,voissy,1,5,0,0,COMMUNICATION,,,,,,
com.google.android.wearable.app,Wear OS by Google,1,35,0,0,COMMUNICATION,,,,,,
com.bam.ticketwallet,B.A.M Wallet,1,8,0,0,EVENTS,,,,,,
com.vividseats.android,Vivid Seats,1,11,0,0,EVENTS,,,,,,
com.solocode.anton,ANTON,1,7,0,0,EDUCATION,,,,,,
com.arunscs.arzoo,AR zoo,1,7,0,0,EDUCATION,,,,,,
com.david.android.languageswitch,Beelinguapp,1,6,0,0,EDUCATION,,,,,,
com.bible.kids,Bible for Kids,1,3,0,0,EDUCATION,,,,,,
com.bibleproject,BibleProject,1,3,0,0,EDUCATION,,,,,,
air.com.sesameworkshop.ResilienceThinkBreathDo,Breathe,1,7,0,0,EDUCATION,,,,,,
com.duckduckmoosedesign.bus,Bus,1,7,0,0,EDUCATION,,,,,,
advanced.scientific.calculator.calc991.plus,CalcES,1,12,0,0,EDUCATION,,,,,,
com.instructure.teacher,Canvas Teacher,1,1,0,0,EDUCATION,,,,,,
com.edokiacademy.babycoding,Code Karts,1,7,0,0,EDUCATION,,,,,,
com.campuslabs.collegiatelink,Corq,1,3,0,0,EDUCATION,,,,,,
co.communico.cuyahoga,Cuyahoga County Public Library,1,2,0,0,EDUCATION,,,,,,
com.dk.dayawordsfive,DK 5 Words,1,3,0,0,EDUCATION,,,,,,
com.blackboard.transact.android.v2,eAccounts,1,8,0,0,EDUCATION,,,,,,
com.sesameworkshop.elmoloves123s,Elmo ‚Äö√¥‚Ä¢ 123s,1,7,0,0,EDUCATION,,,,,,
us.nobarriers.elsa,ELSA Speak,1,6,0,0,EDUCATION,,,,,,
com.inficare.membershipdemo,eMembership,1,8,0,0,EDUCATION,,,,,,
com.o16i.simultane.english,English Books,1,1,0,0,EDUCATION,,,,,,
com.getepic.Epic,Epic!,1,6,0,0,EDUCATION,,,,,,
com.ai.formed.formed,FORMED,1,5,0,0,EDUCATION,,,,,,
com.englishanyone.frederick2,Frederick,1,7,0,0,EDUCATION,,,,,,
com.webimals.happy_math_flash_cards.happy_math_flash_cards,happy_math_flash_cards,1,7,0,0,EDUCATION,,,,,,
no.mobitroll.kahoot.android,Kahoot!,1,10,0,0,EDUCATION,,,,,,
kajabi.kajabiapp,Kajabi,1,6,0,0,EDUCATION,,,,,,
com.kindermusik,Kindermusik,1,5,0,0,EDUCATION,,,,,,
co.au.LearnJapanese,Langwid - Learn Japanese,1,2,0,0,EDUCATION,,,,,,
com.linkedin.android.learning,Learning,1,29,0,0,EDUCATION,,,,,,
com.elasthink.lyricstraining,LingoClip,1,3,0,0,EDUCATION,,,,,,
com.mango.android,Mango Languages,1,3,0,0,EDUCATION,,,,,,
com.getmimo,Mimo,1,59,0,0,EDUCATION,,,,,,
com.quranreading.nooraniqaida,Noorani Qaida,1,5,0,0,EDUCATION,,,,,,
com.openenglish.learningplatform,Open English,1,3,0,0,EDUCATION,,,,,,
de.rwth_aachen.phyphox,phyphox,1,1,0,0,EDUCATION,,,,,,
com.yousician.piano,Piano,1,7,0,0,EDUCATION,,,,,,
org.plantnet,PlantNet,1,6,0,0,EDUCATION,,,,,,
ru.iiec.pydroid3,Pydroid 3,1,1,0,0,EDUCATION,,,,,,
com.quizlet.quizletandroid,Quizlet,1,3,0,0,EDUCATION,,,,,,
com.blake.readingeggs.android,Reading Eggs,1,4,0,0,EDUCATION,,,,,,
air.com.rosettastone.mobile.CoursePlayer,Rosetta Stone,1,3,0,0,EDUCATION,,,,,,
com.seamgen.sandiegozoo.zoo,San Diego Zoo Wildlife Alliance,1,2,0,0,EDUCATION,,,,,,
com.schoolcafe.app,SchoolCaf‚àö¬©,1,7,0,0,EDUCATION,,,,,,
com.mheducation.redi,Sharpen,1,3,0,0,EDUCATION,,,,,,
com.joytunes.simplyguitar,SimplyGuitar,1,7,0,0,EDUCATION,,,,,,
com.t11.skyviewfree,SkyView Free,1,4,0,0,EDUCATION,,,,,,
com.overdrive.mobile.android.sora,Sora,1,13,0,0,EDUCATION,,,,,,
com.vitotechnology.StarWalk2Free,Star Walk 2,1,1,0,0,EDUCATION,,,,,,
com.PYOPYO.StarTracker,StarTracker,1,3,0,0,EDUCATION,,,,,,
io.kindi.storyvoice,Storyvoice,1,7,0,0,EDUCATION,,,,,,
com.ted.android,TED,1,6,0,0,EDUCATION,,,,,,
com.hip.app,The Happy Child,1,6,0,0,EDUCATION,,,,,,
com.cutcom.apparmor.uchicago,UChicago Safe,1,1,0,0,EDUCATION,,,,,,
edu.virginia.membership,UVA Membership,1,2,0,0,EDUCATION,,,,,,
com.tgc.greatcoursesplus,Wondrium,1,11,0,0,EDUCATION,,,,,,
com.ImaginaryTech.Quran_Word_by_Word,Word by Word Quran,1,5,0,0,EDUCATION,,,,,,
kjv.bible.kingjamesbible,¬¨‚Ä† King James Bible,1,17,0,0,BOOKS_AND_REFERENCE,,,,,,
com.gyc.ace.kjv,Bible KJV,1,125,0,0,BOOKS_AND_REFERENCE,,,,,,
com.bionic_reading_app,Bionic Reading,1,7,0,0,BOOKS_AND_REFERENCE,,,,,,
com.deseretdigital.bookshelf,Bookshelf,1,6,0,0,BOOKS_AND_REFERENCE,,,,,,
ng.com.hybridintegrated.a365dailyreadingsfornigeria,Catholic Missal for Nigeria,1,43,0,0,BOOKS_AND_REFERENCE,,,,,,
com.bibliocommons.chipublib,ChiPubLib,1,3,0,0,BOOKS_AND_REFERENCE,,,,,,
com.brentwood.emh,EMH,1,11,0,0,BOOKS_AND_REFERENCE,,,,,,
com.ancestry.findagrave,Find a Grave,1,2,0,0,BOOKS_AND_REFERENCE,,,,,,
com.colt,Galatea,1,39,0,0,BOOKS_AND_REFERENCE,,,,,,
com.kobobooks.android,Kobo Books,1,3,0,0,BOOKS_AND_REFERENCE,,,,,,
com.aycka.apps.MassReadings,Laudate,1,3,0,0,BOOKS_AND_REFERENCE,,,,,,
fm.libro.librofm,Libro.fm,1,4,0,0,BOOKS_AND_REFERENCE,,,,,,
org.familysearch.mobile.memories,Memories,1,7,0,0,BOOKS_AND_REFERENCE,,,,,,
com.flyersoft.moonreader,Moon+ Reader,1,1,0,0,BOOKS_AND_REFERENCE,,,,,,
air.com.myheritage.mobile,MyHeritage,1,2,0,0,BOOKS_AND_REFERENCE,,,,,,
com.crossway.newcitycatechism,New City Catechism,1,3,0,0,BOOKS_AND_REFERENCE,,,,,,
org.readera,ReadEra,1,7,0,0,BOOKS_AND_REFERENCE,,,,,,
org.sefaria.sefaria,Sefaria,1,2,0,0,BOOKS_AND_REFERENCE,,,,,,
com.wordwebsoftware.android.wordweb,WordWeb,1,2,0,0,BOOKS_AND_REFERENCE,,,,,,
com.startnow.ybh,YBH,1,2,0,0,BOOKS_AND_REFERENCE,,,,,,
com.vizmanga.android,VIZ Manga,1,11,0,0,COMICS,,,,,,
com.arloopa.arloopa,ARLOOPA,1,7,0,0,ENTERTAINMENT,,,,,,
org.gamatech.androidclient.app,Atom,1,1,0,0,ENTERTAINMENT,,,,,,
com.axs.android,AXS,1,18,0,0,ENTERTAINMENT,,,,,,
com.usefultools.beersimulator.ibeer,Beer Simulator - iBeer,1,7,0,0,ENTERTAINMENT,,,,,,
com.bentkey.android,Bentkey,1,3,0,0,ENTERTAINMENT,,,,,,
gov.ca.lot.caLotteryApp,CA Lottery,1,4,0,0,ENTERTAINMENT,,,,,,
com.clashbasepedia,Clash BasePedia Pro,1,7,0,0,ENTERTAINMENT,,,,,,
com.phuongpn.mapsofcoc2017,Clashtasia - Base layout link,1,7,0,0,ENTERTAINMENT,,,,,,
goodbarber.CRVradio.crvradio,CRV Radio,1,6,0,0,ENTERTAINMENT,,,,,,
com.venuenext.dcunited,D.C. United,1,1,0,0,ENTERTAINMENT,,,,,,
com.fandom.playercompanion,D&D Beyond,1,3,0,0,ENTERTAINMENT,,,,,,
com.att.tv,DIRECTV,1,14,0,0,ENTERTAINMENT,,,,,,
com.AppsForEverything.DominionRandomizer,Dominion Randomizer,1,3,0,0,ENTERTAINMENT,,,,,,
com.verizon.fios.tv,Fios TV Mobile,1,4,0,0,ENTERTAINMENT,,,,,,
com.venuetize.panthers,FLA Live!,1,33,0,0,ENTERTAINMENT,,,,,,
com.greatwolf.app,Great Wolf,1,2,0,0,ENTERTAINMENT,,,,,,
com.logitech.harmonyhub,Harmony,1,4,0,0,ENTERTAINMENT,,,,,,
com.justwatch.justwatch,JustWatch,1,13,0,0,ENTERTAINMENT,,,,,,
com.kiddoware.kidsplace,Kids Place,1,6,0,0,ENTERTAINMENT,,,,,,
com.lego.legobuildinginstructions,LEGO¬¨√Ü Builder,1,1,0,0,ENTERTAINMENT,,,,,,
com.oculus.twilight,Meta Quest,1,2,0,0,ENTERTAINMENT,,,,,,
com.mommysaverapp,Mommy Saver,1,15,0,0,ENTERTAINMENT,,,,,,
com.nintendo.znca,Nintendo Switch Online,1,3,0,0,ENTERTAINMENT,,,,,,
com.redrazors.pathbuilder2e,Pathbuilder2e,1,5,0,0,ENTERTAINMENT,,,,,,
com.picolo.android,Picolo,1,2,0,0,ENTERTAINMENT,,,,,,
com.scee.psxandroid,PS App,1,13,0,0,ENTERTAINMENT,,,,,,
com.samsung.android.tvplus,Samsung TV Plus,1,18,0,0,ENTERTAINMENT,,,,,,
cz.vanama.scorecounter,Score Counter,1,59,0,0,ENTERTAINMENT,,,,,,
com.sling,Sling TV,1,7,0,0,ENTERTAINMENT,,,,,,
com.TWCableTV,Spectrum TV,1,2,0,0,ENTERTAINMENT,,,,,,
com.spinthewheeldecider,Spin The Wheel,1,1,0,0,ENTERTAINMENT,,,,,,
com.bydeluxe.d3.android.program.starz,STARZ,1,2,0,0,ENTERTAINMENT,,,,,,
com.xfinity.cloudtvr,Stream,1,4,0,0,ENTERTAINMENT,,,,,,
com.triviamatic.app,TriviaMatic,1,8,0,0,ENTERTAINMENT,,,,,,
com.vimeo.android.videoapp,Vimeo,1,6,0,0,ENTERTAINMENT,,,,,,
air.com.vudu.air.DownloaderTablet,Vudu,1,5,0,0,ENTERTAINMENT,,,,,,
com.rovio.battlebay,Battle Bay,1,59,0,0,GAME_ACTION,,,,,,
com.supercell.brawlstars,Brawl Stars,1,12,0,0,GAME_ACTION,,,,,,
com.spirit.commando.war.action.apps,Commando War Army Game Offline,1,1,0,0,GAME_ACTION,,,,,,
com.yodo1.crossyroad,Crossy Road,1,6,0,0,GAME_ACTION,,,,,,
flexus.dye.hard,Dye Hard,1,1,0,0,GAME_ACTION,,,,,,
com.vascof.GSwitch3,G-Switch 3,1,7,0,0,GAME_ACTION,,,,,,
com.KillerBeanStudios.KillerBeanUnleashed,Killer Bean Unleashed,1,7,0,0,GAME_ACTION,,,,,,
com.microsoft.mahjong,Mahjong,1,1,0,0,GAME_ACTION,,,,,,
com.plarium.mechlegion,MechArena,1,7,0,0,GAME_ACTION,,,,,,
com.alfaondo.monstersgang,Monsters Gang,1,1,0,0,GAME_ACTION,,,,,,
com.Cybernate.SlapstickFighter,Slapstick Fighter,1,7,0,0,GAME_ACTION,,,,,,
air.com.hypah.io.slither,slither.io,1,2,0,0,GAME_ACTION,,,,,,
com.mgs.sniper1,Sniper Strike,1,1,0,0,GAME_ACTION,,,,,,
com.Neurononfire.SupremeDuelist,Supreme Duelist Stickman,1,7,0,0,GAME_ACTION,,,,,,
com.barsstudios.swordplay,Sword Play,1,7,0,0,GAME_ACTION,,,,,,
com.panicensuessoftware.tailendcharlie,Tail Gun Charlie,1,7,0,0,GAME_ACTION,,,,,,
com.RobotGentleman.sixtyParsecs.mobile,60 Parsecs,1,12,0,0,GAME_ADVENTURE,,,,,,
com.RobotGentleman.game60SecondsReatomized,60 Seconds Reatomized,1,12,0,0,GAME_ADVENTURE,,,,,,
com.YovoGames.carwash4,Car wash,1,7,0,0,GAME_ADVENTURE,,,,,,
com.doublethink.diceelementalist.gp,Dicey Elementalist,1,3,0,0,GAME_ADVENTURE,,,,,,
com.miHoYo.GenshinImpact,Genshin Impact,1,91,0,0,GAME_ADVENTURE,,,,,,
com.sega.sprint,SonicForces,1,7,0,0,GAME_ADVENTURE,,,,,,
com.dxx.firenow,Survivor.io,1,7,0,0,GAME_ADVENTURE,,,,,,
com.g5e.twilight.land.hidden.object.android,Twilight Land,1,12,0,0,GAME_ADVENTURE,,,,,,
com.ddup.zombiewaves.zw,Zombie Waves,1,3,0,0,GAME_ADVENTURE,,,,,,
player4.mini.multiplayer.four.party.players,2 3 4 Player Games 3D,1,7,0,0,GAME_ARCADE,,,,,,
com.cgs.player234,2 3 4 Player Mini Games Offline,1,7,0,0,GAME_ARCADE,,,,,,
com.JindoBlu.TwoPlayerGamesChallenge,2 Player Games,1,8,0,0,GAME_ARCADE,,,,,,
com.colorswitch.switch2,Color Switch,1,5,0,0,GAME_ARCADE,,,,,,
com.epsxe.ePSXe,ePSXe,1,8,0,0,GAME_ARCADE,,,,,,
com.xia.familylife,Family Life,1,13,0,0,GAME_ARCADE,,,,,,
com.alienshooter.galaxy.attack2,Galaxy Invaders,1,4,0,0,GAME_ARCADE,,,,,,
com.LuB.DeliveryConstruct,Ride Master,1,7,0,0,GAME_ARCADE,,,,,,
com.mnightt.slices,Slices,1,12,0,0,GAME_ARCADE,,,,,,
com.sega.sonicdash,SonicDash,1,17,0,0,GAME_ARCADE,,,,,,
com.azurgames.stackball,Stack Ball,1,12,0,0,GAME_ARCADE,,,,,,
com.creations.runnergame,Subway Craft,1,12,0,0,GAME_ARCADE,,,,,,
com.acram.Charterstone,Charterstone,1,7,0,0,GAME_BOARD,,,,,,
com.kalab.pgnviewer,Chess PGN Master,1,1,0,0,GAME_BOARD,,,,,,
com.chesstempo.mobile,Chess Tempo,1,1,0,0,GAME_BOARD,,,,,,
com.chesskid,ChessKid,1,7,0,0,GAME_BOARD,,,,,,
fi.playmoregames.dized,Dized,1,1,0,0,GAME_BOARD,,,,,,
com.chess.chesscoach,Dr. Wolf,1,1,0,0,GAME_BOARD,,,,,,
org.lichess.mobileapp,lichess,1,43,0,0,GAME_BOARD,,,,,,
com.whiture.apps.ludoorg,Ludo Classic,1,5,0,0,GAME_BOARD,,,,,,
com.marmalade.monopoly,Monopoly,1,12,0,0,GAME_BOARD,,,,,,
com.tonielrosoft.classicludofree,Naija Ludo,1,39,0,0,GAME_BOARD,,,,,,
puzzle.pixel.art.coloring.drawing.sandbox.free.painting.games.kids.adults.fun,Pixel Coloring,1,33,0,0,GAME_BOARD,,,,,,
com.dkxqzbfkjt.pocketchess,Pocket Chess,1,7,0,0,GAME_BOARD,,,,,,
com.hasbro.riskbigscreen,RISK,1,3,0,0,GAME_BOARD,,,,,,
com.marmalade.gol2,The Game of Life 2,1,6,0,0,GAME_BOARD,,,,,,
de.katscher.songsofwingspan,Wingsong,1,7,0,0,GAME_BOARD,,,,,,
com.MonsterCouch.Wingspan,Wingspan,1,2,0,0,GAME_BOARD,,,,,,
com.trivialtechnology.Cribbage,Cribbage,1,16,0,0,GAME_CARD,,,,,,
com.templegatesgames.DominionAndroid,Dominion,1,3,0,0,GAME_CARD,,,,,,
com.bigfishgames.fairwaysolitaireuniversalf2pgoogle,Fairway,1,6,0,0,GAME_CARD,,,,,,
com.mattel163.phase10,Phase 10,1,12,0,0,GAME_CARD,,,,,,
com.staplegames.solitaireGP,Solitaire,1,2,0,0,GAME_CARD,,,,,,
com.tripledot.solitaire,Solitario,1,3,0,0,GAME_CARD,,,,,,
com.mobilityware.spider,Spider,1,4,0,0,GAME_CARD,,,,,,
com.bbumgames.trix,TrickUp,1,12,0,0,GAME_CARD,,,,,,
com.playtika.wsop.gp,WSOP,1,12,0,0,GAME_CARD,,,,,,
com.playstudios.popslots,Pop! Slots,1,5,0,0,GAME_CASINO,,,,,,
se.appfamily.balloonpopfree,Balloon Pop!,1,15,0,0,GAME_CASUAL,,,,,,
linkdesks.pop.bubblegames.bubbleshooter,Bubble Shooter Viking Pop,1,6,0,0,GAME_CASUAL,,,,,,
com.playrix.gardenscapes,Gardenscapes,1,12,0,0,GAME_CASUAL,,,,,,
com.supercell.hayday,Hay Day,1,5,0,0,GAME_CASUAL,,,,,,
com.bgg.jump,Project Makeover,1,4,0,0,GAME_CASUAL,,,,,,
com.nf.snake,Snake Zone.io,1,39,0,0,GAME_CASUAL,,,,,,
com.WildWorks.RyansTag,Tag¬¨‚Ä†w/¬¨‚Ä†Ryan,1,7,0,0,GAME_CASUAL,,,,,,
com.arcsys.tictactoe,Tic Tac Toe Glow,1,1,0,0,GAME_CASUAL,,,,,,
macrostudios.truthordare,Truth Or Dare,1,1,0,0,GAME_CASUAL,,,,,,
fr.apprize.actionouverite,Truth or Dare,1,1,0,0,GAME_CASUAL,,,,,,
com.nimblebit.vegas,Vegas,1,12,0,0,GAME_CASUAL,,,,,,
com.ldw.vf3,Virtual Families 3,1,12,0,0,GAME_CASUAL,,,,,,
air.com.webkinz.webkinzmobile,Webkinz Classic,1,12,0,0,GAME_CASUAL,,,,,,
com.rvappstudios.abc_kids_toddler_tracing_phonics,ABC Kids,1,4,0,0,GAME_EDUCATIONAL,,,,,,
air.com.filament.argumentwars,Argument Wars,1,7,0,0,GAME_EDUCATIONAL,,,,,,
com.gfarm.constructiontruck,Construction Truck Kids Games,1,4,0,0,GAME_EDUCATIONAL,,,,,,
org.icivics.courtquest,Court Quest,1,7,0,0,GAME_EDUCATIONAL,,,,,,
air.com.filament.icivics.dihar3,Do I Have A Right?,1,7,0,0,GAME_EDUCATIONAL,,,,,,
com.esketchers.hooponoponowayCleanErase,Ho'oponopono Clean and Erase,1,2,0,0,GAME_EDUCATIONAL,,,,,,
com.razmobi.monstertrucks2,Monster Trucks Game for Kids,1,4,0,0,GAME_EDUCATIONAL,,,,,,
com.TeachMonsterGames.NumberSkills,Number Skills,1,7,0,0,GAME_EDUCATIONAL,,,,,,
com.ludocube.oh,Oh !,1,1,0,0,GAME_EDUCATIONAL,,,,,,
org.icivics.peoplespie,People's Pie,1,7,0,0,GAME_EDUCATIONAL,,,,,,
com.teachyourmonstertoread.rff,Read for Fun,1,7,0,0,GAME_EDUCATIONAL,,,,,,
com.SensoryPlayApps.SensoryFishFree,Sensory Baby Toddler Learning,1,2,0,0,GAME_EDUCATIONAL,,,,,,
com.teachyourmonstertoread.tmapp,Teach Monster,1,7,0,0,GAME_EDUCATIONAL,,,,,,
org.icivics.wtwh,Win the White House,1,7,0,0,GAME_EDUCATIONAL,,,,,,
com.mrswordsmith.WordTag,Word Tag,1,7,0,0,GAME_EDUCATIONAL,,,,,,
com.androbaby.game2048,2048,1,7,0,0,GAME_PUZZLE,,,,,,
com.tpcstld.twozerogame,2048,1,5,0,0,GAME_PUZZLE,,,,,,
com.gramgames.tenten,1010!,1,12,0,0,GAME_PUZZLE,,,,,,
com.bgg.unun,10x10,1,5,0,0,GAME_PUZZLE,,,,,,
com.greyfun.block.puzzle.sudoku,Block Puzzle Sudoku,1,5,0,0,GAME_PUZZLE,,,,,,
com.pixelapestudios.bluk,BLUK,1,7,0,0,GAME_PUZZLE,,,,,,
bubbleshooter.orig,Bubble Shooter,1,4,0,0,GAME_PUZZLE,,,,,,
com.king.candycrushjellysaga,Candy Crush Jelly,1,2,0,0,GAME_PUZZLE,,,,,,
com.chess.clock,Chess Clock,1,8,0,0,GAME_PUZZLE,,,,,,
com.easybrain.nonogram.color,com.easybrain.nonogram.color,1,2,0,0,GAME_PUZZLE,,,,,,
air.air.FactoryBalls,factory balls,1,1,0,0,GAME_PUZZLE,,,,,,
com.luwukmeliana.familytree,Family Tree!,1,1,0,0,GAME_PUZZLE,,,,,,
com.veraxen.ftd,Find Differences,1,3,0,0,GAME_PUZZLE,,,,,,
com.bigduckgames.flowhexes,Flow Free,1,4,0,0,GAME_PUZZLE,,,,,,
com.kb.gearclicker,Gear Clicker,1,7,0,0,GAME_PUZZLE,,,,,,
closet.match.pair.matching.games,Goods Sort,1,12,0,0,GAME_PUZZLE,,,,,,
pixel.block.number.free.classic.puzzle.game.offline.color.art.picture,Happy Pixel,1,3,0,0,GAME_PUZZLE,,,,,,
com.zutgames.ilovehue,I Love Hue,1,1,0,0,GAME_PUZZLE,,,,,,
com.sadpuppy.lemmings,Lemmings,1,3,0,0,GAME_PUZZLE,,,,,,
de.erdenkriecher.magicalchemistpro,Magic Alchemist,1,1,0,0,GAME_PUZZLE,,,,,,
com.microsoft.sudoku,Microsoft Sudoku,1,6,0,0,GAME_PUZZLE,,,,,,
com.ustwo.monumentvalley2,Monument Valley 2,1,3,0,0,GAME_PUZZLE,,,,,,
com.easybrain.number.puzzle.game,Number Match,1,1,0,0,GAME_PUZZLE,,,,,,
com.jamcity.joy_goo,POP TOWN,1,4,0,0,GAME_PUZZLE,,,,,,
jp.co.goodroid.revengers.w,PUZZ REVE!,1,1,0,0,GAME_PUZZLE,,,,,,
name.boyle.chris.sgtpuzzles,Puzzles,1,11,0,0,GAME_PUZZLE,,,,,,
com.staplegames.sagadoku,Sagadoku,1,2,0,0,GAME_PUZZLE,,,,,,
com.mugshotgames.slidingseas,Sliding Seas,1,1,0,0,GAME_PUZZLE,,,,,,
sortpuz.water.sort.puzzle.game,SortPuz,1,41,0,0,GAME_PUZZLE,,,,,,
com.staplegames.sudokuClassicGP,Sudoku,1,2,0,0,GAME_PUZZLE,,,,,,
com.n3twork.tetris,Tetris,1,3,0,0,GAME_PUZZLE,,,,,,
com.pinestreetcodeworks.TinyBubbles,Tiny Bubbles,1,1,0,0,GAME_PUZZLE,,,,,,
com.ludia.dragon3,Titan Uprising,1,3,0,0,GAME_PUZZLE,,,,,,
net.peakgames.amy,Toy Blast,1,5,0,0,GAME_PUZZLE,,,,,,
com.linecorp.LGTMTMG,TsumTsum,1,1,0,0,GAME_PUZZLE,,,,,,
com.vnstartllc.sort.water,Water Color Sort,1,1,0,0,GAME_PUZZLE,,,,,,
com.ansangha.drjb,Dr. Driving 2,1,12,0,0,GAME_RACING,,,,,,
com.fingersoft.hcr2,Hill Climb Racing 2,1,3,0,0,GAME_RACING,,,,,,
com.gameplaygalaxy.tx,Trial Xtreme Freedom,1,12,0,0,GAME_RACING,,,,,,
com.candywriter.bitlife,BitLife,1,12,0,0,GAME_SIMULATION,,,,,,
com.codigames.idle.burger.empire.tycoon,Burger Empire Tycoon,1,5,0,0,GAME_SIMULATION,,,,,,
com.pixelberrystudios.choices,Choices,1,3,0,0,GAME_SIMULATION,,,,,,
conquer.the.city.takeover.battle,Conquer The City,1,43,0,0,GAME_SIMULATION,,,,,,
com.crowdstar.covetHome,Design Home,1,1,0,0,GAME_SIMULATION,,,,,,
com.hwqgrhhjfd.idlefastfood,Eatventure,1,13,0,0,GAME_SIMULATION,,,,,,
com.bethsoft.falloutshelter,Fallout Shelter,1,7,0,0,GAME_SIMULATION,,,,,,
com.welldonegames.InnEmpire,Idle Inn Empire,1,4,0,0,GAME_SIMULATION,,,,,,
com.gameloft.android.ANMP.GloftDYHM,Kingdoms,1,4,0,0,GAME_SIMULATION,,,,,,
com.wa.idle.mentalhospital,Mental Hospital,1,5,0,0,GAME_SIMULATION,,,,,,
jp.coffeebreakin.app.minifarm,Mini Mini Farm,1,2,0,0,GAME_SIMULATION,,,,,,
com.miniclip.plagueinc,Plague Inc.,1,12,0,0,GAME_SIMULATION,,,,,,
com.codebrewgames.pocketcitygame,Pocket City,1,2,0,0,GAME_SIMULATION,,,,,,
com.codebrewgames.pocketcity2,Pocket City 2,1,4,0,0,GAME_SIMULATION,,,,,,
com.playstrom.popus,Pop Us!,1,4,0,0,GAME_SIMULATION,,,,,,
com.netflix.NGP.TerraNil,Terra Nil,1,5,0,0,GAME_SIMULATION,,,,,,
com.supercell.clashofclans,Clash of Clans,1,7,0,0,GAME_STRATEGY,,,,,,
com.igg.android.doomsdaylastsurvivors,Doomsday,1,4,0,0,GAME_STRATEGY,,,,,,
com.blindflugstudios.firststrike.free,First Strike,1,7,0,0,GAME_STRATEGY,,,,,,
com.playdigious.northgard,Northgard,1,4,0,0,GAME_STRATEGY,,,,,,
air.com.midjiwan.polytopia,Polytopia,1,7,0,0,GAME_STRATEGY,,,,,,
com.johnayliff.seedship,Seedship,1,7,0,0,GAME_STRATEGY,,,,,,
tycoon.building.simulator.games.aldagames.com,Tycoon Empire,1,4,0,0,GAME_STRATEGY,,,,,,
com.prodege.swagiq,SB Daily Trivia,1,8,0,0,GAME_TRIVIA,,,,,,
de.lotum.whatsinthefoto.us,4 Pics 1 Word,1,1,0,0,GAME_WORD,,,,,,
com.fatchicken007.headsupcharades2,"Charades!, charades",2,5,0,0,GAME_WORD,,,,,,
com.fanatee.cody,CodyCross,1,2,0,0,GAME_WORD,,,,,,
in.playsimple.tripcross,CrossWord Jam,1,1,0,0,GAME_WORD,,,,,,
com.hitapps.figgerits,Figgerits,1,2,0,0,GAME_WORD,,,,,,
com.iscoolentertainment.snc,Garden of Words,1,2,0,0,GAME_WORD,,,,,,
com.wb.goog.ellen.psych,Psych!,1,7,0,0,GAME_WORD,,,,,,
com.pieyel.scrabble,Scrabble GO,1,43,0,0,GAME_WORD,,,,,,
com.wordfarm.scapes,Word Farm Adventure,1,2,0,0,GAME_WORD,,,,,,
in.playsimple.wordsearch,Word Search,1,1,0,0,GAME_WORD,,,,,,
in.playsimple.wordtrip,Word Trip,1,5,0,0,GAME_WORD,,,,,,
com.vottzapps.wordle,Wordle,1,8,0,0,GAME_WORD,,,,,,
com.peoplefun.wordcross,Wordscapes,1,10,0,0,GAME_WORD,,,,,,
com.fugo.wow,WoW,1,1,0,0,GAME_WORD,,,,,,
com.uv.musicplayer,2024 Music Player,1,6,0,0,MUSIC_AND_AUDIO,,,,,,
com.rimidalv.dictaphone,Audio Recorder,1,3,0,0,MUSIC_AND_AUDIO,,,,,,
com.bandcamp.android,Bandcamp,1,4,0,0,MUSIC_AND_AUDIO,,,,,,
com.bandsintown,Bandsintown,1,2,0,0,MUSIC_AND_AUDIO,,,,,,
com.motorola.fmplayer,com.motorola.fmplayer,1,2,0,0,MUSIC_AND_AUDIO,,,,,,
com.jacapps.wcrb,CRB Classical,1,21,0,0,MUSIC_AND_AUDIO,,,,,,
com.bork.dsp.datuna,DaTuner,1,7,0,0,MUSIC_AND_AUDIO,,,,,,
com.a4tune,Guitar and Violin Tuner,1,4,0,0,MUSIC_AND_AUDIO,,,,,,
com.mwm.guitartuner,Guitar Tuner,1,7,0,0,MUSIC_AND_AUDIO,,,,,,
com.sonkins.tguitar,Guitar Tuner,1,7,0,0,MUSIC_AND_AUDIO,,,,,,
com.andromo.dev137436.app216254,Haiti Radio Stations,1,6,0,0,MUSIC_AND_AUDIO,,,,,,
jbl.stc.com,JBL Headphones,1,1,0,0,MUSIC_AND_AUDIO,,,,,,
com.musicplayer.player.mp3player.white,Music Player,1,5,0,0,MUSIC_AND_AUDIO,,,,,,
mp3.music.download.player.music.search,Music Player,1,2,0,0,MUSIC_AND_AUDIO,,,,,,
myrecorder.voicerecorder.voicememos.audiorecorder.recordingapp,MyRecorder,1,11,0,0,MUSIC_AND_AUDIO,,,,,,
com.podbean.app.podcast,Podbean,1,2,0,0,MUSIC_AND_AUDIO,,,,,,
com.worldradios.roumanie,Radio Romania,1,2,0,0,MUSIC_AND_AUDIO,,,,,,
app.skullcandy,Skullcandy,1,4,0,0,MUSIC_AND_AUDIO,,,,,,
com.andrwq.recorder,Smart Recorder,1,1,0,0,MUSIC_AND_AUDIO,,,,,,
ai.topicfinder.podcastdiscovery,Snipd,1,27,0,0,MUSIC_AND_AUDIO,,,,,,
com.splendapps.decibel,Sound Meter,1,1,0,0,MUSIC_AND_AUDIO,,,,,,
com.streema.podcast,"The Podcast App, com.streema.podcast",2,3,0,0,MUSIC_AND_AUDIO,,,,,,
com.krisdb.wearcasts,Wear Casts,1,6,0,0,MUSIC_AND_AUDIO,,,,,,
com.a237global.weezer.helpontour,Weezer,1,3,0,0,MUSIC_AND_AUDIO,,,,,,
com.broadway.kxrk,X96,1,3,0,0,MUSIC_AND_AUDIO,,,,,,
com.squarevalley.i8birdies,18Birdies,1,4,0,0,SPORTS,,,,,,
com.homemade.ffm2,FFM,1,12,0,0,SPORTS,,,,,,
com.fishrulesapp.fishrules2013,Fish Rules,1,2,0,0,SPORTS,,,,,,
com.foxsports.android,FOX Sports,1,1,0,0,SPORTS,,,,,,
com.golftripgenius.android.leaguegenius,Golf Genius,1,1,0,0,SPORTS,,,,,,
com.theifab.lawsofthegame,Laws of the Game,1,12,0,0,SPORTS,,,,,,
com.appstem.mammoth,Mammoth,1,3,0,0,SPORTS,,,,,,
com.mu.muclubapp,Man Utd,1,1,0,0,SPORTS,,,,,,
lunosoftware.ncaafbscores,NCAA Football,1,2,0,0,SPORTS,,,,,,
com.toptracer.community,Toptracer,1,16,0,0,SPORTS,,,,,,
com.yahoo.mobile.client.android.fantasyfootball,Yahoo Fantasy,1,4,0,0,SPORTS,,,,,,
com.boomerang.video.maker.looper.boomerit,Boomerit,1,3,0,0,VIDEO_PLAYERS,,,,,,
com.hld.anzenbokusucal,Calculator,1,19,0,0,VIDEO_PLAYERS,,,,,,
com.gopro.smarty,GoPro Quik,1,3,0,0,VIDEO_PLAYERS,,,,,,
instasaver.videodownloader.photodownloader.repost,Instant Downloader,1,2,0,0,VIDEO_PLAYERS,,,,,,
com.nexstreaming.app.kinemasterfree,KineMaster,1,16,0,0,VIDEO_PLAYERS,,,,,,
com.playit.videoplayer,PLAYit,1,1,0,0,VIDEO_PLAYERS,,,,,,
nl.giejay.subtitle.downloader.trial,Subtitle Downloader,1,2,0,0,VIDEO_PLAYERS,,,,,,
com.riffsy.FBMGIFApp,Tenor GIF Keyboard,1,1,0,0,VIDEO_PLAYERS,,,,,,
com.frontrow.vlog,VN - Video Editor,1,1,0,0,VIDEO_PLAYERS,,,,,,
videoeditor.videorecorder.screenrecorder,XRecorder,1,88,0,0,VIDEO_PLAYERS,,,,,,
com.google.android.apps.youtube.creator,YT Studio,1,9,0,0,VIDEO_PLAYERS,,,,,,
com.ytv.pronew,YTV PRO,1,2,0,0,VIDEO_PLAYERS,,,,,,
com.vandersw.fivekrun,5K Run,1,2,0,0,HEALTH_AND_FITNESS,,,,,,
com.pimpimmobile.atimer,A HIIT Interval Timer,1,4,0,0,HEALTH_AND_FITNESS,,,,,,
com.subconscious.thrive,Atom,1,10,0,0,HEALTH_AND_FITNESS,,,,,,
com.babyscripts.app,Babyscripts myJourney,1,6,0,0,HEALTH_AND_FITNESS,,,,,,
com.dmdbrands.balancehealth,Balance Health,1,12,0,0,HEALTH_AND_FITNESS,,,,,,
com.beachbody.bod,Beachbody,1,3,0,0,HEALTH_AND_FITNESS,,,,,,
com.gen.workoutme,BetterMe,1,2,0,0,HEALTH_AND_FITNESS,,,,,,
com.trainerize.elisebfitness,BFIT Body,1,1,0,0,HEALTH_AND_FITNESS,,,,,,
com.caliberfitness.app,Caliber,1,3,0,0,HEALTH_AND_FITNESS,,,,,,
health.peoplescience.chloe2,Chloe,1,43,0,0,HEALTH_AND_FITNESS,,,,,,
com.moodtools.cbtassistant.app,Clarity,1,5,0,0,HEALTH_AND_FITNESS,,,,,,
com.classpass.classpass,ClassPass,1,11,0,0,HEALTH_AND_FITNESS,,,,,,
com.covalentbits.clearya,Clearya,1,1,0,0,HEALTH_AND_FITNESS,,,,,,
com.collectivehealth.member,Collective Health,1,6,0,0,HEALTH_AND_FITNESS,,,,,,
com.g4app,com.g4app,1,1,0,0,HEALTH_AND_FITNESS,,,,,,
com.vsp.mobile,com.vsp.mobile,1,4,0,0,HEALTH_AND_FITNESS,,,,,,
com.cronometer.android.gold,Cronometer,1,3,0,0,HEALTH_AND_FITNESS,,,,,,
com.td.drinkcoach,DrinkCoach,1,7,0,0,HEALTH_AND_FITNESS,,,,,,
com.eatthismuch,Eat This Much,1,1,0,0,HEALTH_AND_FITNESS,,,,,,
digital.radiant.edu.sdsu.estep,eSTEP,1,13,0,0,HEALTH_AND_FITNESS,,,,,,
com.fableticsfitness,Fabletics FIT,1,2,0,0,HEALTH_AND_FITNESS,,,,,,
com.pushpress.fightshapefit,FIGHTshapeFIT,1,1,0,0,HEALTH_AND_FITNESS,,,,,,
com.bickster.fitbitbandfinder,Find My Fitbit,1,4,0,0,HEALTH_AND_FITNESS,,,,,,
com.cube.arc.fa,First Aid,1,20,0,0,HEALTH_AND_FITNESS,,,,,,
com.techbull.fitolympia.paid,FitOlympia Pro,1,3,0,0,HEALTH_AND_FITNESS,,,,,,
com.netpulse.mobile.ymcaatpabstfarms,GLC YMCA,1,4,0,0,HEALTH_AND_FITNESS,,,,,,
com.trainerize.goldsgymdcmetro,Golds Gym DC METRO,1,1,0,0,HEALTH_AND_FITNESS,,,,,,
com.hatchbaby,Hatch Baby,1,2,0,0,HEALTH_AND_FITNESS,,,,,,
com.google.android.apps.healthdata,Health Connect,1,93,0,0,HEALTH_AND_FITNESS,,,,,,
com.samsung.android.service.health,Health Platform,1,806,0,0,HEALTH_AND_FITNESS,,,,,,
hidratenow.com.hidrate.hidrateandroid,Hidrate Spark,1,6,0,0,HEALTH_AND_FITNESS,,,,,,
com.hingehealth.phoenix,Hinge Health,1,3,0,0,HEALTH_AND_FITNESS,,,,,,
com.colgate.humkids,hum kids by Colgate,1,7,0,0,HEALTH_AND_FITNESS,,,,,,
com.ifit.wolf,iFIT,1,2,0,0,HEALTH_AND_FITNESS,,,,,,
gov.cdc.ncbddd.actearly.milestones,"Indicadores, Milestones",2,58,0,0,HEALTH_AND_FITNESS,,,,,,
kegel.kegelexercises.pelvicfloor.pfm,Kegel,1,1,0,0,HEALTH_AND_FITNESS,,,,,,
com.amila.kegel,Kegel Exercises,1,1,0,0,HEALTH_AND_FITNESS,,,,,,
de.komoot.android,Komoot,1,1,0,0,HEALTH_AND_FITNESS,,,,,,
co.loona,lo‚àö‚â•na,1,1,0,0,HEALTH_AND_FITNESS,,,,,,
com.getluna.patient,Luna,1,2,0,0,HEALTH_AND_FITNESS,,,,,,
nz.co.madfit,MadFit,1,2,0,0,HEALTH_AND_FITNESS,,,,,,
com.massageenvy.consumer.android,Massage Envy,1,2,0,0,HEALTH_AND_FITNESS,,,,,,
mymacros.com.mymacros,My Macros+,1,3,0,0,HEALTH_AND_FITNESS,,,,,,
gov.pa.dhs.compassmobile,myCOMPASS,1,4,0,0,HEALTH_AND_FITNESS,,,,,,
com.evivernappv0,MyEvive,1,1,0,0,HEALTH_AND_FITNESS,,,,,,
com.mystudio.app,MyStudio,1,8,0,0,HEALTH_AND_FITNESS,,,,,,
com.upace.naperville,NaperParks,1,11,0,0,HEALTH_AND_FITNESS,,,,,,
com.mindsethealth.ibs,Nerva,1,1,0,0,HEALTH_AND_FITNESS,,,,,,
com.nike.ntc,Nike Training,1,1,0,0,HEALTH_AND_FITNESS,,,,,,
com.nike.plusgps,Nike‚Äö√Ö‚Ä† Run Club,1,16,0,0,HEALTH_AND_FITNESS,,,,,,
com.omronhealthcare.omronconnect,OMRON connect,1,1,0,0,HEALTH_AND_FITNESS,,,,,,
com.catamaranrx.briovarx,Optum Specialty,1,2,0,0,HEALTH_AND_FITNESS,,,,,,
com.cube.arc.pfa,Pet First Aid,1,2,0,0,HEALTH_AND_FITNESS,,,,,,
com.pikethirteen.staffapp,Pike13 Staff,1,6,0,0,HEALTH_AND_FITNESS,,,,,,
fat.burnning.plank.fitness.loseweight,Plank Workout,1,2,0,0,HEALTH_AND_FITNESS,,,,,,
com.chiaro.elviepump,Pump with Elvie,1,5,0,0,HEALTH_AND_FITNESS,,,,,,
com.qingniu.renpho,Renpho,1,8,0,0,HEALTH_AND_FITNESS,,,,,,
com.northcube.sleepcycle,Sleep Cycle,1,1,0,0,HEALTH_AND_FITNESS,,,,,,
com.urbandroid.sleep.garmin,Sleep Garmin,1,867,0,0,HEALTH_AND_FITNESS,,,,,,
com.selectcomfort.SleepIQ,Sleep Number,1,6,0,0,HEALTH_AND_FITNESS,,,,,,
com.fitlab.spartan,Spartan Fit,1,5,0,0,HEALTH_AND_FITNESS,,,,,,
com.stt.android.suunto,Suunto,1,2,0,0,HEALTH_AND_FITNESS,,,,,,
com.talkspace.talkspaceapp,Talkspace,1,45,0,0,HEALTH_AND_FITNESS,,,,,,
com.tasconline.uba.pux.android,TASC,1,8,0,0,HEALTH_AND_FITNESS,,,,,,
co.plumstudio.threegoodthings,"Three Good Things, co.plumstudio.threegoodthings",2,3,0,0,HEALTH_AND_FITNESS,,,,,,
com.myperformanceiq.titleboxing,TITLE Boxing Club,1,1,0,0,HEALTH_AND_FITNESS,,,,,,
com.veryfit2hr.second,VeryFitPro,1,8,0,0,HEALTH_AND_FITNESS,,,,,,
com.itamarmedical.watchpat,WatchPAT,1,16,0,0,HEALTH_AND_FITNESS,,,,,,
com.sharecare.carefirst,WellBeing,1,1,0,0,HEALTH_AND_FITNESS,,,,,,
com.daxko.mobile.ymcafox,YMCA of the Fox Cities,1,3,0,0,HEALTH_AND_FITNESS,,,,,,
net.beginners.weight.loss.workout.women.yoga.go,Yoga Go,1,2,0,0,HEALTH_AND_FITNESS,,,,,,
com.modernizingmedicine.patientportal,APPatient,1,5,0,0,MEDICAL,,,,,,
org.audiodigest.membership,AudioDigestMembership,1,59,0,0,MEDICAL,,,,,,
com.portalgroove.bpjournal,BP Journal,1,11,0,0,MEDICAL,,,,,,
com.cirrusmd.android,CirrusMD,1,1,0,0,MEDICAL,,,,,,
com.cslplasma.cslplasmadonorapplication,CSL Plasma,1,12,0,0,MEDICAL,,,,,,
com.curablehealth.clara,Curable,1,2,0,0,MEDICAL,,,,,,
com.caremark.caremark,CVS/caremark,1,8,0,0,MEDICAL,,,,,,
com.cvshealth.specialtyrx,CVS/specialty,1,2,0,0,MEDICAL,,,,,,
com.itmedicus.emdex,EMDEX,1,1,0,0,MEDICAL,,,,,,
com.medstar.android.promptcare,eVisit,1,1,0,0,MEDICAL,,,,,,
com.medco.medcopharmacy,"Express Scripts, com.medco.medcopharmacy",2,3,0,0,MEDICAL,,,,,,
com.jardogs.fmhmobile,"FollowMyHealth¬¨√Ü, com.jardogs.fmhmobile",2,3,0,0,MEDICAL,,,,,,
org.partners.ppgmob,Gateway,1,6,0,0,MEDICAL,,,,,,
com.giant.rx,Giant Food Rx,1,2,0,0,MEDICAL,,,,,,
org.swiftable.jabberwocky,Jabberwocky,1,3,0,0,MEDICAL,,,,,,
org.wikijournalclub,Journal Club for Android,1,6,0,0,MEDICAL,,,,,,
com.labcorp.patientportal,LabcorpPatient,1,1,0,0,MEDICAL,,,,,,
com.lexi.android,Lexicomp,1,2,0,0,MEDICAL,,,,,,
org.nativescript.LibreLinkUp,LibreLinkUp,1,1,0,0,MEDICAL,,,,,,
com.americanwell.android.member.wellpoint,LiveHealth,1,3,0,0,MEDICAL,,,,,,
com.fxmedsupport.liteplus,Messenger Plus,1,1,0,0,MEDICAL,,,,,,
com.aligntech.myinvisalign,My Invisalign,1,34,0,0,MEDICAL,,,,,,
org.childrensnational.mychildrensportal.play,MyChildrensPortal,1,18,0,0,MEDICAL,,,,,,
com.upmc.enterprises.myupmc,MyUPMC,1,7,0,0,MEDICAL,,,,,,
com.nthtechnologies.nablehealth,nAble-Health,1,2,0,0,MEDICAL,,,,,,
com.onemedical.android,One Medical,1,11,0,0,MEDICAL,,,,,,
com.ovuline.parenting,Ovia Parenting,1,7,0,0,MEDICAL,,,,,,
com.allydvm.ast,PetPage by AllyDVM,1,1,0,0,MEDICAL,,,,,,
com.modernizingmedicine.ema,PocketEMA,1,2,0,0,MEDICAL,,,,,,
com.Nuance.Mobility.DMic.Live,PowerMic Mobile,1,15,0,0,MEDICAL,,,,,,
com.spruce.messenger,Spruce,1,1,0,0,MEDICAL,,,,,,
edu.miami.uhealth,UHealth,1,16,0,0,MEDICAL,,,,,,
gov.cdc.ncird.vaccineschedule,Vaccine Schedules,1,11,0,0,MEDICAL,,,,,,
com.johnshopkins.ondemandvirtualcare,Virtual Care,1,2,0,0,MEDICAL,,,,,,
com.zocdoc.android,Zocdoc,1,4,0,0,MEDICAL,,,,,,
com.marykay.beauty,Mirror Me,1,91,0,0,BEAUTY,,,,,,
com.colorwise.me.allseasons,My Best Colors,1,1,0,0,BEAUTY,,,,,,
com.sephora,Sephora,1,3,0,0,BEAUTY,,,,,,
com.ulta,Ulta Beauty,1,7,0,0,BEAUTY,,,,,,
com.anovaculinary.android,Anova,1,11,0,0,FOOD_AND_DRINK,,,,,,
com.olo.applebees,Applebee's,1,3,0,0,FOOD_AND_DRINK,,,,,,
com.aromajoes.app,Aroma Joe‚Äö√Ñ√≤s,1,8,0,0,FOOD_AND_DRINK,,,,,,
com.auntieannes.pretzelperks,Auntie Anne's,1,16,0,0,FOOD_AND_DRINK,,,,,,
com.paytronix.client.android.app.bartolotta,Bartolotta Rewards,1,7,0,0,FOOD_AND_DRINK,,,,,,
com.bluebottlecoffee.bbcandroid,Blue Bottle,1,4,0,0,FOOD_AND_DRINK,,,,,,
com.bullybrewcoffeehouse.android,Bully Brew,1,4,0,0,FOOD_AND_DRINK,,,,,,
com.olo.burgerfi,BurgerFi,1,59,0,0,FOOD_AND_DRINK,,,,,,
com.cafezupasres.co,Cafe Zupas,1,10,0,0,FOOD_AND_DRINK,,,,,,
com.carlsjr.ordering,Carl's Jr.,1,3,0,0,FOOD_AND_DRINK,,,,,,
com.charleys.app,Charleys,1,16,0,0,FOOD_AND_DRINK,,,,,,
com.punchh.citybbq,City BBQ,1,3,0,0,FOOD_AND_DRINK,,,,,,
com.punchh.tucanos,Club Tucanos,1,3,0,0,FOOD_AND_DRINK,,,,,,
com.colectivocoffee.aoa,Colectivo,1,4,0,0,FOOD_AND_DRINK,,,,,,
com.olo.cornerbakery,Corner Bakery Rewards,1,16,0,0,FOOD_AND_DRINK,,,,,,
com.olo.deltaco,Del Taco,1,4,0,0,FOOD_AND_DRINK,,,,,,
com.dibellas.app,DiBella‚Äö√Ñ√¥s Subs,1,2,0,0,FOOD_AND_DRINK,,,,,,
com.districttaco.districttaco.android.app,District Taco,1,1,0,0,FOOD_AND_DRINK,,,,,,
com.sourceapp.ebb,Einstein Bros. Bagels,1,9,0,0,FOOD_AND_DRINK,,,,,,
com.ak.app.firehouse.activity,Firehouse Subs US,1,4,0,0,FOOD_AND_DRINK,,,,,,
io.ubt.alaeat.customer.gongcha,Gong Cha DMV,1,3,0,0,FOOD_AND_DRINK,,,,,,
com.ak.app.gyukaku.activity,Gyu-Kaku,1,1,0,0,FOOD_AND_DRINK,,,,,,
com.haagendazs.passconnect,H‚àö¬ßagen-Dazs,1,17,0,0,FOOD_AND_DRINK,,,,,,
zipline.highs.rewards,High‚Äö√Ñ√¥s Rewards,1,6,0,0,FOOD_AND_DRINK,,,,,,
com.honeygrow.hgmg.android.app,honeygrow,1,3,0,0,FOOD_AND_DRINK,,,,,,
com.paytronix.client.android.app.huhot,HuHot,1,2,0,0,FOOD_AND_DRINK,,,,,,
com.olo.ihop,IHOP,1,3,0,0,FOOD_AND_DRINK,,,,,,
com.insomniacookies.insomnia,Insomnia,1,59,0,0,FOOD_AND_DRINK,,,,,,
com.jasonsdeli.app,Jasons Deli,1,14,0,0,FOOD_AND_DRINK,,,,,,
com.juiceitup.juiceitup.android.app,Juice It Up!,1,6,0,0,FOOD_AND_DRINK,,,,,,
com.kfc.us.mobile,KFC,1,59,0,0,FOOD_AND_DRINK,,,,,,
com.limefresh.app,Lime Fresh,1,16,0,0,FOOD_AND_DRINK,,,,,,
com.thanx.loumalnatis,Lou Malnati's,1,1,0,0,FOOD_AND_DRINK,,,,,,
com.apptionlabs.meater_app,MEATER,1,3,0,0,FOOD_AND_DRINK,,,,,,
com.skoop.olo.menchies.a,Menchie's,1,1,0,0,FOOD_AND_DRINK,,,,,,
com.punchh.mod,MOD Pizza,1,3,0,0,FOOD_AND_DRINK,,,,,,
com.murphy.driverewards,Murphy Drive,1,4,0,0,FOOD_AND_DRINK,,,,,,
com.mylittlefoodcritic,My Little Food Critic,1,1,0,0,FOOD_AND_DRINK,,,,,,
com.olo.papamurphys,Papa Murphy's,1,1,0,0,FOOD_AND_DRINK,,,,,,
com.paytronix.client.android.app.peetsapp,Peet's,1,22,0,0,FOOD_AND_DRINK,,,,,,
com.philzcoffee.app,Philz Coffee,1,4,0,0,FOOD_AND_DRINK,,,,,,
com.pitamediterranean.app,Pita,1,1,0,0,FOOD_AND_DRINK,,,,,,
com.plantoeat.mobile,Plan to Eat,1,1,0,0,FOOD_AND_DRINK,,,,,,
com.postmates.android,Postmates,1,14,0,0,FOOD_AND_DRINK,,,,,,
app.quiktrip.com.quiktrip,QuikTrip,1,1,0,0,FOOD_AND_DRINK,,,,,,
ruby.tuesday.app,Ruby Rewards,1,1,0,0,FOOD_AND_DRINK,,,,,,
com.skoop.sarku.a,Sarku Japan,1,3,0,0,FOOD_AND_DRINK,,,,,,
com.shakeshack.android,Shake Shack,1,24,0,0,FOOD_AND_DRINK,,,,,,
com.punchh.slimchickens,Slim Chickens,1,4,0,0,FOOD_AND_DRINK,,,,,,
com.snooze.app,Snooze Eatery,1,2,0,0,FOOD_AND_DRINK,,,,,,
com.olo.superchix,Super Chix,1,13,0,0,FOOD_AND_DRINK,,,,,,
com.supercook.app,Supercook,1,1,0,0,FOOD_AND_DRINK,,,,,,
com.thesaltydonut.app,The Salty Donut,1,18,0,0,FOOD_AND_DRINK,,,,,,
com.chownow.theurbanstampede,The Urban Stampede,1,4,0,0,FOOD_AND_DRINK,,,,,,
com.traegergrills.app,Traeger,1,3,0,0,FOOD_AND_DRINK,,,,,,
com.thanx.truefoodkitchen,truekitchen,1,1,0,0,FOOD_AND_DRINK,,,,,,
com.mobilaurus.wingstopandroid,Wingstop,1,1,0,0,FOOD_AND_DRINK,,,,,,
xyz.starship.deliveries,xyz.starship.deliveries,1,1,0,0,FOOD_AND_DRINK,,,,,,
com.snapfinger.mobile.zaxbys,Zaxby's,1,3,0,0,FOOD_AND_DRINK,,,,,,
io.ionic.seed2spoon,From Seed to Spoon,1,6,0,0,HOUSE_AND_HOME,,,,,,
co.abetterhome.lighter,Lighter,1,8,0,0,HOUSE_AND_HOME,,,,,,
com.getmysa.mysa,Mysa,1,1,0,0,HOUSE_AND_HOME,,,,,,
com.planner5d.planner5d,Planner 5D,1,13,0,0,HOUSE_AND_HOME,,,,,,
com.porchhome,Porch,1,16,0,0,HOUSE_AND_HOME,,,,,,
com.photoshareframe.app,PSF App,1,11,0,0,HOUSE_AND_HOME,,,,,,
com.icandesignapp.all,Room Planner,1,1,0,0,HOUSE_AND_HOME,,,,,,
com.twinkly,Twinkly,1,15,0,0,HOUSE_AND_HOME,,,,,,
com.xiachufang,‚Ä∞‚àè√£√Ç√©¬Æ√ä√†√∏,1,2,0,0,LIFESTYLE,,,,,,
com.Abenity.perks,Abenity,1,32,0,0,LIFESTYLE,,,,,,
com.aha_jump.android.communicator,AHA Schools,1,1,0,0,LIFESTYLE,,,,,,
com.august.luna,August,1,21,0,0,LIFESTYLE,,,,,,
com.avidopinion.android,AvidOpinion,1,19,0,0,LIFESTYLE,,,,,,
com.brighthorizons.backupcare,Back-Up Care,1,1,0,0,LIFESTYLE,,,,,,
com.bemyeye.app,BeMyEye,1,3,0,0,LIFESTYLE,,,,,,
com.gadestudios.boardgame,BGG Catalog,1,7,0,0,LIFESTYLE,,,,,,
com.blueair.android,Blueair,1,4,0,0,LIFESTYLE,,,,,,
com.BoozApp.android,BoozApp,1,7,0,0,LIFESTYLE,,,,,,
com.bytetag.bytetagnative,ByteTag,1,4,0,0,LIFESTYLE,,,,,,
com.carddecks,carddecks,1,1,0,0,LIFESTYLE,,,,,,
com.care.android.careview,Care.com,1,2,0,0,LIFESTYLE,,,,,,
com.cloudedge.smarteye,CloudEdge,1,2,0,0,LIFESTYLE,,,,,,
com.xc.flutter.photo.flutter_photo_frame,com.xc.flutter.photo.flutter_photo_frame,1,2,0,0,LIFESTYLE,,,,,,
com.blueskyhomesales.cube,Cube,1,2,0,0,LIFESTYLE,,,,,,
com.ge.cbyge,Cync,1,60,0,0,LIFESTYLE,,,,,,
com.google.android.apps.wifisetup.app,Device Utility,1,10,0,0,LIFESTYLE,,,,,,
com.dynata.mobile.erewards,e-Rewards,1,3,0,0,LIFESTYLE,,,,,,
com.eco.global.app,ECOVACS HOME,1,2,0,0,LIFESTYLE,,,,,,
com.embertech,Ember,1,16,0,0,LIFESTYLE,,,,,,
com.crowdhub.first15,First15,1,3,0,0,LIFESTYLE,,,,,,
com.frontdoor.app.prod,Frontdoor,1,1,0,0,LIFESTYLE,,,,,,
com.skindeep.mobile,Healthy Living,1,1,0,0,LIFESTYLE,,,,,,
com.healthypaws.android,Healthy Paws,1,9,0,0,LIFESTYLE,,,,,,
com.heartland.guest,Heartland,1,3,0,0,LIFESTYLE,,,,,,
com.alliancelaundry.app.huebsch,Huebsch,1,26,0,0,LIFESTYLE,,,,,,
com.ihome.robot,iHome Clean,1,6,0,0,LIFESTYLE,,,,,,
com.kindercare.classroom,KinderCare,1,6,0,0,LIFESTYLE,,,,,,
us.sol.SCLS.LINKcat,LINKcat,1,6,0,0,LIFESTYLE,,,,,,
com.luxerone.mobile.residentapp,"Luxer One, LuxerOne",2,61,0,0,LIFESTYLE,,,,,,
com.meijer.rx.android,Meijer Rx,1,4,0,0,LIFESTYLE,,,,,,
by.olion.Moon,MoonX,1,4,0,0,LIFESTYLE,,,,,,
com.olo.mooyah,MOOYAH,1,3,0,0,LIFESTYLE,,,,,,
com.interrait.mymazda,MyMazda,1,2,0,0,LIFESTYLE,,,,,,
com.neatorobotics.android,Neato,1,17,0,0,LIFESTYLE,,,,,,
com.commlink.omnishield2,OmniShield,1,3,0,0,LIFESTYLE,,,,,,
com.pepperplate,Pepperplate,1,4,0,0,LIFESTYLE,,,,,,
com.petcube.android,Petcube,1,1,0,0,LIFESTYLE,,,,,,
net.bitburst.pollpay,Poll Pay,1,1,0,0,LIFESTYLE,,,,,,
com.olo.portillos,Portillo‚Äö√Ñ√¥s,1,11,0,0,LIFESTYLE,,,,,,
com.punchbowl.mobile,Punchbowl,1,2,0,0,LIFESTYLE,,,,,,
com.affinity.rewarded_play,Rewarded Play,1,2,0,0,LIFESTYLE,,,,,,
com.picturerock.rock,Rock Identifier,1,1,0,0,LIFESTYLE,,,,,,
com.sanctuaryworld.sanctuaryandroid,Sanctuary,1,3,0,0,LIFESTYLE,,,,,,
com.wavemarket.waplauncher,Secure Family,1,9,0,0,LIFESTYLE,,,,,,
com.ust.sheetzretapp,Sheetz,1,17,0,0,LIFESTYLE,,,,,,
com.verizon.familybase.parent,Smart Family,1,5,0,0,LIFESTYLE,,,,,,
com.ge.kitchen,Smart HQ,1,13,0,0,LIFESTYLE,,,,,,
com.sportclips.ultimatemvp,Sport Clips,1,3,0,0,LIFESTYLE,,,,,,
com.sumone,SumOne,1,18,0,0,LIFESTYLE,,,,,,
com.swimwestswimschool.mi,SwimWest Swim School,1,2,0,0,LIFESTYLE,,,,,,
com.brunoschalch.timeuntil,Time Until,1,18,0,0,LIFESTYLE,,,,,,
com.tuya.smart,Tuya Smart,1,12,0,0,LIFESTYLE,,,,,,
com.velocitywebworks.parade.uvhba,Utah Valley Parade of Homes,1,7,0,0,LIFESTYLE,,,,,,
com.vagaro,Vagaro,1,1,0,0,LIFESTYLE,,,,,,
com.olo.whichwich,Which Wich,1,60,0,0,LIFESTYLE,,,,,,
com.app.yodelconsumer,Yodel,1,2,0,0,LIFESTYLE,,,,,,
flipboard.boxer.app,Briefing,1,7,0,0,NEWS_AND_MAGAZINES,,,,,,
com.familytree.mag,Family Tree Magazine,1,2,0,0,NEWS_AND_MAGAZINES,,,,,,
com.huffingtonpost.android,HuffPost,1,1,0,0,NEWS_AND_MAGAZINES,,,,,,
com.opera.app.news,Opera News,1,434,0,0,NEWS_AND_MAGAZINES,,,,,,
com.newspaperdirect.pressreader.android,PressReader,1,16,0,0,NEWS_AND_MAGAZINES,,,,,,
com.thebaltimorebanner.app,The Banner,1,13,0,0,NEWS_AND_MAGAZINES,,,,,,
com.washingtonpost.rainbow,Wash Post,1,127,0,0,NEWS_AND_MAGAZINES,,,,,,
com.seacloud.bc,Baby Connect,1,1,0,0,PARENTING,,,,,,
com.neiman.contractions,Contractions,1,23,0,0,PARENTING,,,,,,
com.sleekbit.dormi,Dormi,1,4,0,0,PARENTING,,,,,,
com.testlab.family360,Family360,1,11,0,0,PARENTING,,,,,,
com.tmobile.familycontrols,FamilyMode,1,2,0,0,PARENTING,,,,,,
com.happypillar.happypillar,Happypillar,1,3,0,0,PARENTING,,,,,,
com.ns804.mamava,Mamava,1,9,0,0,PARENTING,,,,,,
com.hubble.care,Motorola by Hubble Connected,1,4,0,0,PARENTING,,,,,,
com.screentime.rc,Screen Time,1,4,0,0,PARENTING,,,,,,
com.smilelab.drugs,SmileReader,1,8,0,0,PARENTING,,,,,,
com.unboundapplications.theshortyears,TheShortYears,1,1,0,0,PARENTING,,,,,,
com.aftership.AfterShip,AfterShip,1,18,0,0,SHOPPING,,,,,,
com.basspro.bassprocommerce,Bass Pro Shops,1,2,0,0,SHOPPING,,,,,,
com.beautybay,Beauty Bay,1,1,0,0,SHOPPING,,,,,,
com.bnft.solutran,BNFT,1,3,0,0,SHOPPING,,,,,,
com.bbby.buybuybaby,buybuy BABY,1,3,0,0,SHOPPING,,,,,,
webcat.buyersapp,BuyersApp,1,1,0,0,SHOPPING,,,,,,
com.overstock,com.overstock,1,6,0,0,SHOPPING,,,,,,
com.adidas.confirmed.app,CONFIRMED,1,4,0,0,SHOPPING,,,,,,
org.consumerreports.ratings,Consumer Reports,1,1,0,0,SHOPPING,,,,,,
com.dxl.android,DXL,1,3,0,0,SHOPPING,,,,,,
com.faire.retailer,Faire,1,91,0,0,SHOPPING,,,,,,
com.fiveguys.olo.android,FIVE GUYS,1,64,0,0,SHOPPING,,,,,,
com.foodlion.mobile,Food Lion,1,59,0,0,SHOPPING,,,,,,
com.gamestop.powerup,GameStop,1,59,0,0,SHOPPING,,,,,,
net.cityhive.store.hamiltonwinehouse,Hamilton Wine House,1,1,0,0,SHOPPING,,,,,,
com.hmart.ecoupon,hmart,1,2,0,0,SHOPPING,,,,,,
shop.hmall.hmall,HongMall,1,1,0,0,SHOPPING,,,,,,
com.auctionmobility.auctions.recommerce412llc,M@C Bid,1,3,0,0,SHOPPING,,,,,,
com.mi.global.shop,Mi Store,1,173,0,0,SHOPPING,,,,,,
com.lidl.android,myLidl,1,14,0,0,SHOPPING,,,,,,
com.capigami.outofmilk,Out of Milk,1,5,0,0,SHOPPING,,,,,,
com.payrange.payrange,PayRange,1,5,0,0,SHOPPING,,,,,,
com.readyrefresh,ReadyRefresh,1,1,0,0,SHOPPING,,,,,,
com.roguefitness.app,Rogue,1,2,0,0,SHOPPING,,,,,,
com.roomstogo.dealstogo,Rooms To Go,1,16,0,0,SHOPPING,,,,,,
com.saksoff5th.android,Saks OFF 5TH,1,7,0,0,SHOPPING,,,,,,
com.shopmium,Shopmium,1,6,0,0,SHOPPING,,,,,,
com.rkk.closet,Smart Closet,1,1,0,0,SHOPPING,,,,,,
com.stopandshop.mobile.droid,Stop & Shop,1,27,0,0,SHOPPING,,,,,,
net.cityhive.store.thomasliquo,Thomas Liquors,1,7,0,0,SHOPPING,,,,,,
com.topcashback.topcashback,TopCashback,1,4,0,0,SHOPPING,,,,,,
com.veritra.valliproduce,Valli Produce,1,1,0,0,SHOPPING,,,,,,
com.whatnot_mobile,Whatnot,1,5,0,0,SHOPPING,,,,,,
com.grocerkey.frontendapp.woodmans,Woodmans,1,9,0,0,SHOPPING,,,,,,
com.zappos.android,Zappos,1,15,0,0,SHOPPING,,,,,,
com.zulily.android,Zulily,1,2,0,0,SHOPPING,,,,,,
com.och.BillionGraves,BillionGraves,1,2,0,0,PHOTOGRAPHY,,,,,,
jp.co.canon.ic.cameraconnect,Camera Connect,1,1,0,0,PHOTOGRAPHY,,,,,,
com.motorola.imagertuning_V2,"Camera Tuner, com.motorola.imagertuning_V2",2,216,0,0,PHOTOGRAPHY,,,,,,
ai.wombo.me,Celeb Shot,1,3,0,0,PHOTOGRAPHY,,,,,,
com.chatbooks,Chatbooks,1,11,0,0,PHOTOGRAPHY,,,,,,
com.motorola.camera3.content.ai,Contenido de la C‚àö¬∞mara Moto 3,1,1,0,0,PHOTOGRAPHY,,,,,,
com.flir.flirone,FLIR ONE,1,1,0,0,PHOTOGRAPHY,,,,,,
com.everimaging.photoeffectstudio,Fotor,1,37,0,0,PHOTOGRAPHY,,,,,,
image.canon,image.canon,1,1,0,0,PHOTOGRAPHY,,,,,,
com.snaperfect.inframe1,InFrame,1,3,0,0,PHOTOGRAPHY,,,,,,
com.kii.safe,Keepsafe,1,3,0,0,PHOTOGRAPHY,,,,,,
com.lensa.app,Lensa,1,4,0,0,PHOTOGRAPHY,,,,,,
com.adobe.lrmobile,Lightroom,1,23,0,0,PHOTOGRAPHY,,,,,,
com.photoaffections.wrendaus,Photobooks,1,4,0,0,PHOTOGRAPHY,,,,,,
com.photomyne,Photomyne,1,6,0,0,PHOTOGRAPHY,,,,,,
com.nchsoftware.photopad_free,PhotoPad Free,1,3,0,0,PHOTOGRAPHY,,,,,,
com.google.android.apps.camera.services,"Pixel Camera Services, com.google.android.apps.camera.services",2,125,0,0,PHOTOGRAPHY,,,,,,
jp.co.canon.ic.photolayout,SELPHY Photo Layout,1,58,0,0,PHOTOGRAPHY,,,,,,
com.hp.impulse.sprocket,sprocket,1,40,0,0,PHOTOGRAPHY,,,,,,
com.photoappworld.photo.sticker.creator.wastickerapps,Sticker Creator,1,420,0,0,PHOTOGRAPHY,,,,,,
com.axis.drawingdesk.v3,Drawing Desk,1,4,0,0,ART_AND_DESIGN,,,,,,
mpix.create.photoExtension,Mpix Tap To Print,1,1,0,0,ART_AND_DESIGN,,,,,,
com.eyewind.paperone,PaperDraw,1,66,0,0,ART_AND_DESIGN,,,,,,
com.technologypartnerspr.autoexpreso,AutoExpreso,1,18,0,0,AUTO_AND_VEHICLES,,,,,,
com.honda.hondalink.connect,HondaLink,1,3,0,0,AUTO_AND_VEHICLES,,,,,,
com.lexus.oneapp,Lexus,1,16,0,0,AUTO_AND_VEHICLES,,,,,,
com.paybyphone,PayByPhone,1,23,0,0,AUTO_AND_VEHICLES,,,,,,
com.manageengine.adssp.passwordselfservice,ADSelfService Plus,1,6,0,0,BUSINESS,,,,,,
com.att.csoiam.mobilekey,ATT Security Services,1,24,0,0,BUSINESS,,,,,,
com.baconinc.android,Bacon,1,3,0,0,BUSINESS,,,,,,
com.getbonzo.mobileprod,Bonzo,1,16,0,0,BUSINESS,,,,,,
com.box.android,Box,1,3,0,0,BUSINESS,,,,,,
com.calendly.app,Calendly,1,12,0,0,BUSINESS,,,,,,
com.intsig.BizCardReader,CamCard,1,2,0,0,BUSINESS,,,,,,
com.samsung.android.knox.mpos,com.samsung.android.knox.mpos,1,214,0,0,BUSINESS,,,,,,
com.calix.smarthome,CommandIQ,1,2,0,0,BUSINESS,,,,,,
com.cubesmart.customer,CubeSmart,1,2,0,0,BUSINESS,,,,,,
com.octo.DCDMV,DC DMV,1,8,0,0,BUSINESS,,,,,,
com.mysalesforce.mycommunity.C00D41000000GBPsEAO.A0OT3f0000000002GAA,e3 Mobile,1,1,0,0,BUSINESS,,,,,,
com.touchart.eventee,Eventee,1,1,0,0,BUSINESS,,,,,,
org.me.mobiexpensifyg,Expensify,1,1,0,0,BUSINESS,,,,,,
com.expimetrics,ExpiWell,1,32,0,0,BUSINESS,,,,,,
com.coolmobilesolution.fastscannerfree,Fast Scanner,1,12,0,0,BUSINESS,,,,,,
com.fedex.ida.android,FedEx,1,11,0,0,BUSINESS,,,,,,
com.socialchorus.daga.android.googleplay,Firstup,1,59,0,0,BUSINESS,,,,,,
com.idbsys.mobile,Generations,1,1,0,0,BUSINESS,,,,,,
com.google.android.apps.adwords,Google Ads,1,2,0,0,BUSINESS,,,,,,
com.logmein.gotoconnect,GoTo,1,33,0,0,BUSINESS,,,,,,
com.hcmtogo.workforceready,HCMToGo,1,26,0,0,BUSINESS,,,,,,
com.airwatch.androidagent,Hub,1,63,0,0,BUSINESS,,,,,,
com.bemmco.indeemo,indeemo,1,1,0,0,BUSINESS,,,,,,
com.atlassian.android.jira.core,Jira,1,7,0,0,BUSINESS,,,,,,
com.jostleme.jostle,Jostle,1,8,0,0,BUSINESS,,,,,,
com.kra.mservices,KRA MService,1,5,0,0,BUSINESS,,,,,,
com.loopnet.android,LoopNet,1,1,0,0,BUSINESS,,,,,,
com.lyft.android.driver,Lyft Driver,1,6,0,0,BUSINESS,,,,,,
com.facebook.adsmanager,Meta Ads,1,8,0,0,BUSINESS,,,,,,
com.voteractivationnetwork.minivan,MiniVAN,1,1,0,0,BUSINESS,,,,,,
com.datawatchsystems.mobileaccess,Mobile Access,1,8,0,0,BUSINESS,,,,,,
com.moxtra.moxtrabusiness,Moxo,1,1,0,0,BUSINESS,,,,,,
com.eBusiness,My WM,1,7,0,0,BUSINESS,,,,,,
com.businessolver.mychoice,MyChoice,1,8,0,0,BUSINESS,,,,,,
nl.appcoders.myinsights,MyInsights,1,33,0,0,BUSINESS,,,,,,
com.mobisystems.office,OfficeSuite,1,1,0,0,BUSINESS,,,,,,
com.mobisystems.editor.office_registered,OfficeSuite,1,3,0,0,BUSINESS,,,,,,
com.ooma.office2,Ooma Office,1,3,0,0,BUSINESS,,,,,,
com.openpath.mobile,Openpath,1,18,0,0,BUSINESS,,,,,,
com.mobisystems.mobiscanner,PDF Extra,1,2,0,0,BUSINESS,,,,,,
com.kdanmobile.android.pdfreader.google.pad,PDF Reader,1,5,0,0,BUSINESS,,,,,,
com.microsoft.msapps,Power Apps,1,11,0,0,BUSINESS,,,,,,
com.microsoft.powerbim,Power BI,1,7,0,0,BUSINESS,,,,,,
com.spotme.pfmpc15,PwC Live,1,3,0,0,BUSINESS,,,,,,
com.bzzzapp,Reminders,1,1,0,0,BUSINESS,,,,,,
com.salesforce.chatter,Salesforce,1,2,0,0,BUSINESS,,,,,,
com.apalon.scanner.app,Scan Hero,1,1,0,0,BUSINESS,,,,,,
com.shopify.pos,Shopify POS,1,8,0,0,BUSINESS,,,,,,
com.microsoft.office.lync15,Skype for Business,1,214,0,0,BUSINESS,,,,,,
com.squareup,Square Point of Sale,1,9,0,0,BUSINESS,,,,,,
pdf.tap.scanner,TapScanner,1,7,0,0,BUSINESS,,,,,,
com.ups.mobile.android,UPS,1,8,0,0,BUSINESS,,,,,,
com.userzoom.uzapp,UserZoom,1,12,0,0,BUSINESS,,,,,,
com.varioevents,Vario Events,1,2,0,0,BUSINESS,,,,,,
com.waveapps.sales,Wave,1,7,0,0,BUSINESS,,,,,,
com.whova.event,Whova,1,8,0,0,BUSINESS,,,,,,
com.apihealthcare.workforce,Workforce,1,15,0,0,BUSINESS,,,,,,
com.citrix.Receiver,Workspace,1,1,0,0,BUSINESS,,,,,,
com.afadvantage.americanfidelityv2,AFmobile,1,2,0,0,FINANCE,,,,,,
com.wemabank.alat.prod,ALAT,1,3,0,0,FINANCE,,,,,,
com.aspiration.app,Aspiration,1,8,0,0,FINANCE,,,,,,
com.DPMOBESA,Auth-ES,1,2,0,0,FINANCE,,,,,,
com.cunamutual.bfy,BenefitsForYou,1,11,0,0,FINANCE,,,,,,
com.biltrewards.bilt,Bilt Rewards,1,1,0,0,FINANCE,,,,,,
com.bitkeep.wallet,BitKeep,1,12,0,0,FINANCE,,,,,,
piuk.blockchain.android,Blockchain,1,7,0,0,FINANCE,,,,,,
com.benefitresource.brimobileapp,BRiMobile,1,1,0,0,FINANCE,,,,,,
org.vystarcu.cardcontrol,Card Control,1,4,0,0,FINANCE,,,,,,
com.syf.cc,CareCredit,1,3,0,0,FINANCE,,,,,,
com.cdcfcu.architect.mobile,CDCFCU,1,1,0,0,FINANCE,,,,,,
com.ifs.banking.fiid3589,Central One Federal Credit Union,1,2,0,0,FINANCE,,,,,,
co.oneeleven.financialwellness,co.oneeleven.financialwellness,1,1,0,0,FINANCE,,,,,,
com.cmcflex.ftmobile.bee,com.cmcflex.ftmobile.bee,1,2,0,0,FINANCE,,,,,,
com.alkamitech.connexus,Connexus CU,1,16,0,0,FINANCE,,,,,,
com.lighthouse1.mobilebenefits.csn,CS Mobile,1,8,0,0,FINANCE,,,,,,
com.payfare.doordash,DasherDirect,1,3,0,0,FINANCE,,,,,,
com.systemstechnologies.dataup,DataUp,1,2,0,0,FINANCE,,,,,,
com.dollarbank.onlinebanking,Dollar Bank,1,3,0,0,FINANCE,,,,,,
com.participantmobileapp,Empower,1,16,0,0,FINANCE,,,,,,
com.personalcapital.pcapandroid,Empower PER,1,8,0,0,FINANCE,,,,,,
com.expertoption,ExpertOption,1,43,0,0,FINANCE,,,,,,
com.appzonegroup.fcmb,FCMB,1,1,0,0,FINANCE,,,,,,
com.fintwist.mobileapp,FINTWIST,1,6,0,0,FINANCE,,,,,,
org.gucu.grip,Georgia United,1,3,0,0,FINANCE,,,,,,
com.gtbank.gtworldv1,GTWorld,1,33,0,0,FINANCE,,,,,,
com.healthequity.healthequitymobile,HealthEquity,1,3,0,0,FINANCE,,,,,,
com.gok.helb,HELB,1,6,0,0,FINANCE,,,,,,
uk.gov.hmrc.ptcalc,HMRC,1,6,0,0,FINANCE,,,,,,
com.hrblock.AtHome,HRB TaxPrep,1,1,0,0,FINANCE,,,,,,
uk.co.hsbc.hsbcukmobilebanking,HSBC UK,1,6,0,0,FINANCE,,,,,,
gov.irs,IRS2Go,1,29,0,0,FINANCE,,,,,,
com.chainapsis.keplr,Keplr,1,12,0,0,FINANCE,,,,,,
com.livelyme.lively,Lively,1,3,0,0,FINANCE,,,,,,
co.bitx.android.wallet,Luno,1,1,0,0,FINANCE,,,,,,
com.safaricom.mpesa.lifestyle,M-PESA,1,7,0,0,FINANCE,,,,,,
com.massmutual.massmutualapp.android,MassMutual,1,7,0,0,FINANCE,,,,,,
com.mercury.bank,Mercury,1,7,0,0,FINANCE,,,,,,
com.ml.mobile.edge,Merrill Edge,1,1,0,0,FINANCE,,,,,,
com.ml.mobile.mymerrill,Merrill Lynch,1,1,0,0,FINANCE,,,,,,
io.metamask,MetaMask,1,2,0,0,FINANCE,,,,,,
net.metaquotes.metatrader5,MetaTrader 5,1,17,0,0,FINANCE,,,,,,
com.mohela.MOHELA,MOHELA,1,3,0,0,FINANCE,,,,,,
com.moomoo.trade,moomoo,1,1,0,0,FINANCE,,,,,,
com.wirecard.payoutnam.ecount,MyPaymentVault,1,4,0,0,FINANCE,,,,,,
com.fidelity.wi.activity,NetBenefits,1,59,0,0,FINANCE,,,,,,
com.novo.android,Novo,1,6,0,0,FINANCE,,,,,,
com.optum.mobile.OptumBank,Optum Bank,1,1,0,0,FINANCE,,,,,,
com.incomm.otc,OTC Network,1,2,0,0,FINANCE,,,,,,
com.dof.mpts.prod,Pay or Dispute,1,1,0,0,FINANCE,,,,,,
com.payoneer.android,Payoneer,1,39,0,0,FINANCE,,,,,,
com.paysign.app,PaySign,1,11,0,0,FINANCE,,,,,,
com.pcmcu.mobile,PCMCU Mobile,1,6,0,0,FINANCE,,,,,,
app.phantom,Phantom,1,2,0,0,FINANCE,,,,,,
com.piggybankng.piggy,PiggyVest,1,40,0,0,FINANCE,,,,,,
com.daveramsey.tdrsapp,Ramsey Network,1,7,0,0,FINANCE,,,,,,
com.ria.moneytransfer,Ria Money Transfer,1,3,0,0,FINANCE,,,,,,
com.truebill,Rocket Money,1,11,0,0,FINANCE,,,,,,
com.quickenloans.myql,Rocket Mortgage,1,1,0,0,FINANCE,,,,,,
com.safecoinsurance.consumer,Safeco Insurance,1,16,0,0,FINANCE,,,,,,
com.selflender.thor,Self,1,3,0,0,FINANCE,,,,,,
com.stash.stashinvest,Stash,1,1,0,0,FINANCE,,,,,,
com.sweatwallet,Sweat Wallet,1,17,0,0,FINANCE,,,,,,
com.taptapsend,Taptap Send,1,6,0,0,FINANCE,,,,,,
com.mobile.tiaa.cref,TIAA,1,1,0,0,FINANCE,,,,,,
com.tmcc.click2pay.mytfs,Toyota FS,1,1,0,0,FINANCE,,,,,,
com.tradingview.tradingviewapp,TradingView,1,17,0,0,FINANCE,,,,,,
com.travelers.digitalservice,Travelers,1,3,0,0,FINANCE,,,,,,
uk.co.tsb.newmobilebank,TSB,1,6,0,0,FINANCE,,,,,,
com.intuit.turbotax.mobile,TurboTax,1,12,0,0,FINANCE,,,,,,
com.branchapp.uberprocard,Uber Pro Card,1,6,0,0,FINANCE,,,,,,
com.umpquabank.mobilebanking,Umpqua,1,1,0,0,FINANCE,,,,,,
com.varomoney.bank,Varo Bank,1,1,0,0,FINANCE,,,,,,
com.wahed.mobile,Wahed,1,1,0,0,FINANCE,,,,,,
com.droid4you.application.wallet,Wallet,1,59,0,0,FINANCE,,,,,,
com.wintrust.production,Wintrust,1,16,0,0,FINANCE,,,,,,
com.yotepresto.investor,YoTePresto Inversionista,1,5,0,0,FINANCE,,,,,,
com.jeremysteckling.facerrel,Facer,1,2,0,0,PERSONALIZATION,,,,,,
com.tools.font.resizer,Font Resizer,1,5,0,0,PERSONALIZATION,,,,,,
com.gologin.gologin_mobile,GoLogin,1,1,0,0,PERSONALIZATION,,,,,,
com.sec.android.app.launcher,"Inicio de One UI, One UI Home",2,514468,0,0,PERSONALIZATION,,,,,,
com.natewren.lightvoid,Light Void,1,22,0,0,PERSONALIZATION,,,,,,
com.natewren.lines,Lines,1,22,0,0,PERSONALIZATION,,,,,,
com.teslacoilsw.launcher.prime,"Nova Launcher Prime, com.teslacoilsw.launcher.prime",2,6,0,0,PERSONALIZATION,,,,,,
stickermaker.stickercreater.whatsappstickers.stickermakerforwhatsapp,Sticker Maker,1,2,0,0,PERSONALIZATION,,,,,,
com.zacharee1.systemuituner,SystemUI Tuner,1,43,0,0,PERSONALIZATION,,,,,,
com.jndapp.pastel.material.you.iconpack,You Icons,1,12,0,0,PERSONALIZATION,,,,,,
net.zedge.android,Zedge,1,3,0,0,PERSONALIZATION,,,,,,
com.xsdev.xls.xlsx.excelviwer.excelreader.spread.sheets,A1 XLS,1,5,0,0,PRODUCTIVITY,,,,,,
com.eventpilot.aguent,AGU Events,1,8,0,0,PRODUCTIVITY,,,,,,
com.truenorth.asespr,ASES Vital App,1,18,0,0,PRODUCTIVITY,,,,,,
com.BookScouter,BookScouter,1,1,0,0,PRODUCTIVITY,,,,,,
com.brother.printservice,Brother Print Service Plugin,1,7,0,0,PRODUCTIVITY,,,,,,
com.chrome.beta,Chrome Beta,1,35,0,0,PRODUCTIVITY,,,,,,
co.mangotechnologies.clickup,ClickUp,1,7,0,0,PRODUCTIVITY,,,,,,
com.coloros.backuprestore,Clone Phone,1,5,0,0,PRODUCTIVITY,,,,,,
com.verizon.contenttransfer,Content Transfer,1,2,0,0,PRODUCTIVITY,,,,,,
com.cmt.copymethat,Copy Me That,1,2,0,0,PRODUCTIVITY,,,,,,
com.clover.daysmatter,Days Matter,1,1,0,0,PRODUCTIVITY,,,,,,
com.momsdemandaction.app,Demand Action,1,11,0,0,PRODUCTIVITY,,,,,,
com.displaylink.presenter,DisplayLink Presenter,1,4,0,0,PRODUCTIVITY,,,,,,
com.cv.docscanner,Doc Scanner,1,43,0,0,PRODUCTIVITY,,,,,,
com.xdev.docxreader.docx.docxviewer.document.doc.office.viewer.reader.word,Docx Editor,1,5,0,0,PRODUCTIVITY,,,,,,
mobi.infolife.uninstaller,Easy Uninstaller,1,3,0,0,PRODUCTIVITY,,,,,,
com.digipom.easyvoicerecorder.pro,Easy Voice Recorder Pro,1,1,0,0,PRODUCTIVITY,,,,,,
com.easilydo.mail,Email,1,2,0,0,PRODUCTIVITY,,,,,,
com.evernote,Evernote,1,6,0,0,PRODUCTIVITY,,,,,,
com.alphainventor.filemanager,File Manager +,1,45,0,0,PRODUCTIVITY,,,,,,
org.lds.fir,FIR,1,3,0,0,PRODUCTIVITY,,,,,,
com.syntellia.fleksy.keyboard,Fleksy,1,147,0,0,PRODUCTIVITY,,,,,,
com.galarmapp,Galarm,1,1,0,0,PRODUCTIVITY,,,,,,
com.gigspot,GigSpot,1,3,0,0,PRODUCTIVITY,,,,,,
net.one97.selfcare.globacom,Glo Cafe,1,33,0,0,PRODUCTIVITY,,,,,,
org.lds.liv,Gospel Living,1,39,0,0,PRODUCTIVITY,,,,,,
com.habityou.planner.goals.journal.habittracker,HabitYou,1,5,0,0,PRODUCTIVITY,,,,,,
com.ministrycentered.headcounts,Headcounts,1,7,0,0,PRODUCTIVITY,,,,,,
to.hover.android.app,"HOVER, Hover",2,59,0,0,PRODUCTIVITY,,,,,,
com.ifttt.ifttt,IFTTT,1,8,0,0,PRODUCTIVITY,,,,,,
com.pragmistic.IPass,IPass Illinois,1,6,0,0,PRODUCTIVITY,,,,,,
com.securew2.paladin,JoinNow MultiOS,1,1,0,0,PRODUCTIVITY,,,,,,
com.myuvo.link,"Kia Access, com.myuvo.link",2,3,0,0,PRODUCTIVITY,,,,,,
com.libib.app,Libib,1,3,0,0,PRODUCTIVITY,,,,,,
com.papercut.projectbanksia,Mobility Print,1,41,0,0,PRODUCTIVITY,,,,,,
com.att.myWireless,myAT&T,1,115,0,0,PRODUCTIVITY,,,,,,
com.scaleup.chatai,Nova,1,4,0,0,PRODUCTIVITY,,,,,,
com.jefftharris.passwdsafe,PasswdSafe,1,1,0,0,PRODUCTIVITY,,,,,,
com.pdffiller,pdfFiller,1,5,0,0,PRODUCTIVITY,,,,,,
com.infraware.office.reader.team,Polaris Viewer,1,4,0,0,PRODUCTIVITY,,,,,,
com.procore.activities,Procore,1,1,0,0,PRODUCTIVITY,,,,,,
me.proton.android.calendar,Proton Calendar,1,3,0,0,PRODUCTIVITY,,,,,,
me.proton.android.drive,Proton Drive,1,3,0,0,PRODUCTIVITY,,,,,,
com.appestry.clixa,Quick Remote for Alexa & Roku,1,8,0,0,PRODUCTIVITY,,,,,,
com.replit.app,Replit,1,1,0,0,PRODUCTIVITY,,,,,,
com.rb.rocketbook,Rocketbook,1,39,0,0,PRODUCTIVITY,,,,,,
com.rollo.shipmanager,Rollo,1,1,0,0,PRODUCTIVITY,,,,,,
com.samsung.android.galaxycontinuity,Samsung Flow,1,489,0,0,PRODUCTIVITY,,,,,,
com.samsung.android.spdclient,Security policy updates,1,2,0,0,PRODUCTIVITY,,,,,,
com.samsung.android.appseparation,Separated Apps,1,69,0,0,PRODUCTIVITY,,,,,,
net.doo.snap,SwiftScan,1,2,0,0,PRODUCTIVITY,,,,,,
com.resilio.sync,Sync,1,10649,0,0,PRODUCTIVITY,,,,,,
com.ticktick.task,TickTick,1,1,0,0,PRODUCTIVITY,,,,,,
com.microsoft.translator,Translator,1,9,0,0,PRODUCTIVITY,,,,,,
com.vocalocity.Administration,Vonage,1,8,0,0,PRODUCTIVITY,,,,,,
com.weebly.android,Weebly,1,1,0,0,PRODUCTIVITY,,,,,,
org.wordpress.android,WordPress,1,1,0,0,PRODUCTIVITY,,,,,,
com.verint.myday,WorkView,1,1,0,0,PRODUCTIVITY,,,,,,
ru.rostel,‚Äì√¨‚Äì√¶‚Äî√Ö‚Äî√â‚Äî√Ö‚Äì¬™‚Äî√â‚Äì‚â•‚Äì‚àè,1,64,0,0,TOOLS,,,,,,
com.google.android.aicore,"AI Core, AICore",2,25,0,0,TOOLS,,,,,,
com.sand.airdroid,AirDroid,1,9325,0,0,TOOLS,,,,,,
com.google.android.marvin.talkback,"Android Accessibility Suite, Suite¬¨‚Ä†de¬¨‚Ä†Accesibilidad¬¨‚Ä†Android, com.google.android.marvin.talkback",3,132,0,0,TOOLS,,,,,,
com.google.android.webview,"Android System WebView, com.google.android.webview",2,13735,0,0,TOOLS,,,,,,
com.dsi.ant.plugins.antplus,ANT+ Plugins Service,1,261,0,0,TOOLS,,,,,,
com.jamworks.aodnotificationledlight,aodNotify,1,16,0,0,TOOLS,,,,,,
com.metago.astro,ASTRO File Manager,1,2,0,0,TOOLS,,,,,,
com.epic.authenticator,Authenticator,1,11,0,0,TOOLS,,,,,,
com.avast.android.mobilesecurity,Avast Mobile Security,1,610,0,0,TOOLS,,,,,,
com.motorola.genie,"Ayuda del dispositivo, Device Help, com.motorola.genie",3,30,0,0,TOOLS,,,,,,
com.bloomberg.android.bUnit,B-Unit,1,1,0,0,TOOLS,,,,,,
com.bong.barcode2sheets,Barcode To Sheets,1,7,0,0,TOOLS,,,,,,
com.brivo.onair,Brivo Access,1,8,0,0,TOOLS,,,,,,
org.nixgame.bubblelevel,Bubble Level,1,1,0,0,TOOLS,,,,,,
bubblelevel.level.leveltool.leveler,Bubble Level,1,1,0,0,TOOLS,,,,,,
com.jamworks.bxactions,bxActions,1,549,0,0,TOOLS,,,,,,
com.snap.camerakit.plugin.v1,CameraKit Plugin,1,1,0,0,TOOLS,,,,,,
com.motorola.help,Comentarios sobre Moto,1,29,0,0,TOOLS,,,,,,
com.garmin.connectiq,Connect IQ,1,12,0,0,TOOLS,,,,,,
com.google.android.gms.supervision,"Controles parentales de Family¬¨‚Ä†Link, Family Link parental controls, System parental controls",3,86,0,0,TOOLS,,,,,,
com.mediamushroom.copymydata,Copy My Data,1,2,0,0,TOOLS,,,,,,
com.cxinventor.file.explorer,Cx File Explorer,1,3,0,0,TOOLS,,,,,,
com.google.android.apps.pixelmigrate,"Data Transfer Tool, Transferencia de datos",2,182,0,0,TOOLS,,,,,,
com.skypaw.decibel,Decibel X,1,1,0,0,TOOLS,,,,,,
com.att.dh,Device Help,1,38,0,0,TOOLS,,,,,,
ru.andr7e.deviceinfohw,Device Info HW,1,2,0,0,TOOLS,,,,,,
com.google.android.apps.work.clouddpc,"Device Policy, com.google.android.apps.work.clouddpc",2,60,0,0,TOOLS,,,,,,
com.schluter.app,DITRA-HEAT WiFi,1,4,0,0,TOOLS,,,,,,
tweeter.gif.twittervideodownloader,Download Twitter Videos,1,2,0,0,TOOLS,,,,,,
com.kaerosduplicatescleaner,Duplicates Cleaner,1,2,0,0,TOOLS,,,,,,
com.apsemaappforandroid,EMA App,1,6,0,0,TOOLS,,,,,,
com.File.Manager.Filemanager,ES Files,1,3,0,0,TOOLS,,,,,,
com.lexa.fakegps,Fake GPS,1,33,0,0,TOOLS,,,,,,
flashlight.flashlightapp.ledlight.torch,Flashlight,1,7,0,0,TOOLS,,,,,,
com.greenowl.fdot.android,Florida 511,1,4,0,0,TOOLS,,,,,,
com.bytesculptor.fontsize,Font Size,1,5,0,0,TOOLS,,,,,,
com.filimin.connect,Friendship Lamps,1,1,0,0,TOOLS,,,,,,
com.geocomply.oobeeapp,GeoGuard Location Validator,1,1,0,0,TOOLS,,,,,,
com.google.android.apps.helprtc,"Google Support Services, com.google.android.apps.helprtc",2,133,0,0,TOOLS,,,,,,
com.chartcross.gpstestplus,GPS Test Plus,1,1,0,0,TOOLS,,,,,,
jp.luxza.GranPlayer,GranPlayer,1,5,0,0,TOOLS,,,,,,
com.inkbird.inkbirdapp,INKBIRD,1,2,0,0,TOOLS,,,,,,
keepass2android.keepass2android,Keepass2Android,1,44,0,0,TOOLS,,,,,,
keepass2android.keepass2android_nonet,Keepass2Android Offline,1,5,0,0,TOOLS,,,,,,
org.kustom.widget.pro,KWGT Pro,1,21,0,0,TOOLS,,,,,,
com.cisco.connect.cloud,Linksys,1,10,0,0,TOOLS,,,,,,
com.lookout,Lookout,1,16,0,0,TOOLS,,,,,,
com.doggoapps.luxlight,Lux Light Meter,1,8,0,0,TOOLS,,,,,,
com.arlosoft.macrodroid,MacroDroid,1,2,0,0,TOOLS,,,,,,
com.miui.huanji,Mi Mudanza,1,2,0,0,TOOLS,,,,,,
com.duokan.phone.remotecontroller,Mi Remote,1,155,0,0,TOOLS,,,,,,
com.kirici.mobilehotspot,Mobile Hotspot,1,4,0,0,TOOLS,,,,,,
com.coloros.scenemode,"Modes, Simple mode",2,18,0,0,TOOLS,,,,,,
com.google.android.apps.motionsense.bridge,MotionSenseBridge,1,4,0,0,TOOLS,,,,,,
com.motorola.aiservices,"Moto AI Services, Servicios de Moto AI",2,64,0,0,TOOLS,,,,,,
com.motorola.motodisplay,"Moto Display, Pantalla Moto, com.motorola.motodisplay",3,2510,0,0,TOOLS,,,,,,
com.motorola.ccc.ota,"Motorola Software Update, com.motorola.ccc.ota",2,4,0,0,TOOLS,,,,,,
com.apple.movetoios,Move to iOS,1,2,0,0,TOOLS,,,,,,
com.nuance.nmc.sihome.metropcs,My‚Äö√Ñ√£Metro,1,4,0,0,TOOLS,,,,,,
network.mysterium.vpn,MysteriumVPN,1,1,0,0,TOOLS,,,,,,
com.subaru.telematics.app.remote,MySubaru,1,1,0,0,TOOLS,,,,,,
com.wakdev.wdnfc,NFC Tools,1,2,0,0,TOOLS,,,,,,
com.nordvpn.android,NordVPN,1,138,0,0,TOOLS,,,,,,
com.symantec.mobilesecurity,Norton 360,1,8,0,0,TOOLS,,,,,,
com.transsion.oraimosound,oraimo Sound,1,3,0,0,TOOLS,,,,,,
com.ezteam.pdf.reader.pro,PDF Reader Pro,1,19,0,0,TOOLS,,,,,,
com.kkpetfeeder.petzero.android,Pet Zero,1,1,0,0,TOOLS,,,,,,
jp.pokemon.pokemonhome,Pok‚àö¬©mon HOME,1,2,0,0,TOOLS,,,,,,
com.project.aimotech.printmaster,Print Master,1,2,0,0,TOOLS,,,,,,
com.google.android.as.oss,"Private Compute Services, com.google.android.as.oss",2,1286,0,0,TOOLS,,,,,,
com.gomin.qrcode.barcode.scanner.reader,QR & Barcode SCANNER,1,36,0,0,TOOLS,,,,,,
com.mobile.qrcodereader,QR Code Reader,1,1,0,0,TOOLS,,,,,,
tw.mobileapp.qrcode.banner,QR Code Reader,1,3,0,0,TOOLS,,,,,,
com.speedy.vpn,QuarkVPN,1,1,0,0,TOOLS,,,,,,
quilting.calculators,QuiltingCalc,1,4,0,0,TOOLS,,,,,,
com.reachVoteTech,Reach,1,1,0,0,TOOLS,,,,,,
com.google.chromeremotedesktop,Remote Desktop,1,2,0,0,TOOLS,,,,,,
com.szabolcsarvai.scorecounter,Score Counter,1,11,0,0,TOOLS,,,,,,
in.snapcore.screen_alive,Screen Alive,1,3,0,0,TOOLS,,,,,,
com.oplus.screenrecorder,Screen recording,1,21,0,0,TOOLS,,,,,,
eu.thedarken.sdm,SD Maid,1,1,0,0,TOOLS,,,,,,
net.pulsesecure.pulsesecure,Secure Access,1,2,0,0,TOOLS,,,,,,
com.google.android.apps.security.securityhub,"Security Hub, com.google.android.apps.security.securityhub",2,252,0,0,TOOLS,,,,,,
com.wered.sensorsmultitool,Sensors Multitool,1,1,0,0,TOOLS,,,,,,
com.niam.smartswitch.phonecloneapp.easytransfer,Smart Transfer,1,1,0,0,TOOLS,,,,,,
com.rsupport.rs.activity.rsupport.aas2,Smart Tutor,1,1,0,0,TOOLS,,,,,,
com.gamebasic.decibel,Sound Meter,1,3,0,0,TOOLS,,,,,,
coocent.app.tools.soundmeter.noisedetector,Sound Meter,1,1,0,0,TOOLS,,,,,,
com.oceanwing.soundcore,soundcore,1,4,0,0,TOOLS,,,,,,
com.surfshark.vpnclient.android,Surfshark,1,7,0,0,TOOLS,,,,,,
com.google.android.accessibility.switchaccess,Switch Access,1,31,0,0,TOOLS,,,,,,
com.heytap.mcs,System Messages,1,26,0,0,TOOLS,,,,,,
com.pandaz.teleprompter,Teletoto,1,3,0,0,TOOLS,,,,,,
com.alpaca.android.readout,Text to Speech,1,7,0,0,TOOLS,,,,,,
com.google.android.apps.pixel.health,Thermometer,1,32,0,0,TOOLS,,,,,,
com.imzhiqiang.time,Time Arrow,1,12,0,0,TOOLS,,,,,,
com.translate.all.languages.translator.free.voice.translation,Translate,1,2,0,0,TOOLS,,,,,,
com.amazon.aba.application,Transparency,1,1,0,0,TOOLS,,,,,,
com.truthfinder.app,TruthFinder,1,43,0,0,TOOLS,,,,,,
com.tunnelbear.android,TunnelBear,1,46,0,0,TOOLS,,,,,,
free.vpn.unblock.proxy.turbovpn,Turbo VPN,1,42,0,0,TOOLS,,,,,,
co.vulcanlabs.castandroid,TV Cast for Chromecast,1,6,0,0,TOOLS,,,,,,
com.abitdo.advance,Ultimate Software,1,1,0,0,TOOLS,,,,,,
com.samsung.android.uds,Ultra data saving mode,1,2,0,0,TOOLS,,,,,,
com.androidapps.unitconverter,Unit Converter,1,1,0,0,TOOLS,,,,,,
com.google.android.apps.accessibility.voiceaccess,"Voice Access, com.google.android.apps.accessibility.voiceaccess",2,65,0,0,TOOLS,,,,,,
com.ironmeta.security.turbo.proxy.vpntomato.pro,VPN Tomato,1,39,0,0,TOOLS,,,,,,
com.samsung.android.gearpplugin,Watch Active Plugin,1,246,0,0,TOOLS,,,,,,
com.ubnt.usurvey,WiFiman,1,4,0,0,TOOLS,,,,,,
com.coloros.oppopods,Wireless Earphones,1,5,0,0,TOOLS,,,,,,
com.oneplus.brickmode,Zen Space,1,4,0,0,TOOLS,,,,,,
im.twogo.godroid,2go,1,12,0,0,DATING,,,,,,
com.thedailygrace.thedailygrace,Daily Grace,1,8,0,0,SOCIAL,,,,,,
com.GoFundMe.GoFundMe,GoFundMe,1,1,0,0,SOCIAL,,,,,,
com.lightspace.lmk,LMK,1,3,0,0,SOCIAL,,,,,,
org.joinmastodon.android,Mastodon,1,1,0,0,SOCIAL,,,,,,
com.outreachcircle.titan,OutreachCircle,1,1,0,0,SOCIAL,,,,,,
com.fullsenders.sendit,sendit,1,3,0,0,SOCIAL,,,,,,
com.soul.android.international,Soul,1,3,0,0,SOCIAL,,,,,,
com.quoord.tapatalkpro.activity,Tapatalk,1,4,0,0,SOCIAL,,,,,,
com.mhmdalmz.example.unfollowjet,Unfollow JET,1,2,0,0,SOCIAL,,,,,,
com.atsocio.socio,Webex Events,1,7,0,0,SOCIAL,,,,,,
com.funforfones.android.dcmetro,DC Metro,1,1,0,0,MAPS_AND_NAVIGATION,,,,,,
com.didiglobal.passenger,DiDi,1,7,0,0,MAPS_AND_NAVIGATION,,,,,,
com.halfmilelabs.footpath,Footpath,1,16,0,0,MAPS_AND_NAVIGATION,,,,,,
com.glympse.android.glympse,Glympse,1,7,0,0,MAPS_AND_NAVIGATION,,,,,,
gov.miamidade.MDTTracker,GO Miami-Dade Transit,1,16,0,0,MAPS_AND_NAVIGATION,,,,,,
com.rosteam.gpsemulator,GPS Emulator,1,1,0,0,MAPS_AND_NAVIGATION,,,,,,
net.sharewire.milwaukeev2,MKE Park,1,5,0,0,MAPS_AND_NAVIGATION,,,,,,
com.passportparking.mobile.parkevanston,ParkEvanston,1,1,0,0,MAPS_AND_NAVIGATION,,,,,,
com.parkwhiz.driverApp,ParkWhiz,1,1,0,0,MAPS_AND_NAVIGATION,,,,,,
com.parqex.mobile,ParqEx Parking App,1,16,0,0,MAPS_AND_NAVIGATION,,,,,,
com.xatori.Plugshare,PlugShare,1,1,0,0,MAPS_AND_NAVIGATION,,,,,,
com.ridetada,rida,1,2,0,0,MAPS_AND_NAVIGATION,,,,,,
com.spothero.spothero,SpotHero,1,56,0,0,MAPS_AND_NAVIGATION,,,,,,
com.duanstar.cta,Transit Tracks,1,8,0,0,MAPS_AND_NAVIGATION,,,,,,
com.transloc.microtransit,TransLoc,1,2,0,0,MAPS_AND_NAVIGATION,,,,,,
com.bishoppeaktech.android.ucat,UCAT,1,2,0,0,MAPS_AND_NAVIGATION,,,,,,
com.waymo.carapp,Waymo One,1,3,0,0,MAPS_AND_NAVIGATION,,,,,,
com.amtrak.rider,Amtrak,1,13,0,0,TRAVEL_AND_LOCAL,,,,,,
com.genfare.mobile2.broward,BCT,1,16,0,0,TRAVEL_AND_LOCAL,,,,,,
co.bird.android,Bird,1,30,0,0,TRAVEL_AND_LOCAL,,,,,,
com.budget.androidapp,Budget,1,8,0,0,TRAVEL_AND_LOCAL,,,,,,
gov.dhs.cbp.pspd.mpc,CBP MPC,1,3,0,0,TRAVEL_AND_LOCAL,,,,,,
com.clearme.clearapp,CLEAR,1,62,0,0,TRAVEL_AND_LOCAL,,,,,,
com.cowry,Cowry,1,2,0,0,TRAVEL_AND_LOCAL,,,,,,
com.govoutreach.embark,EMBARK,1,3,0,0,TRAVEL_AND_LOCAL,,,,,,
com.ehi.enterprise.android,Enterprise,1,4,0,0,TRAVEL_AND_LOCAL,,,,,,
com.sygic.familywhere.android,Family Locator,1,252,0,0,TRAVEL_AND_LOCAL,,,,,,
com.free2move.app,Free2Move,1,8,0,0,TRAVEL_AND_LOCAL,,,,,,
com.flyfrontier.android,Frontier,1,26,0,0,TRAVEL_AND_LOCAL,,,,,,
com.getyourguide.android,GetYourGuide,1,1,0,0,TRAVEL_AND_LOCAL,,,,,,
com.milabs.paddling.MainPagePack,Go Paddling,1,2,0,0,TRAVEL_AND_LOCAL,,,,,,
com.grabtaxi.passenger,Grab,1,3,0,0,TRAVEL_AND_LOCAL,,,,,,
com.hotwire.hotels,Hotwire Hotels & Cars,1,3,0,0,TRAVEL_AND_LOCAL,,,,,,
com.Hyatt.hyt,Hyatt,1,1,0,0,TRAVEL_AND_LOCAL,,,,,,
com.ihg.apps.android,IHG,1,11,0,0,TRAVEL_AND_LOCAL,,,,,,
com.dashride.clients.thekidmotoapp,Kidmoto,1,5,0,0,TRAVEL_AND_LOCAL,,,,,,
com.limebike,Lime,1,8,0,0,TRAVEL_AND_LOCAL,,,,,,
com.google.android.apps.mapslite,Maps Go,1,7,0,0,TRAVEL_AND_LOCAL,,,,,,
com.mapswithme.maps.pro,MAPS.ME,1,1,0,0,TRAVEL_AND_LOCAL,,,,,,
us.mobilepassport,Mobile Passport,1,1,0,0,TRAVEL_AND_LOCAL,,,,,,
com.citypass.my,My CityPASS,1,2,0,0,TRAVEL_AND_LOCAL,,,,,,
com.myride.buspas.android,MyRide,1,16,0,0,TRAVEL_AND_LOCAL,,,,,,
com.natparks.myparkmap,Natparks,1,7,0,0,TRAVEL_AND_LOCAL,,,,,,
ridewithvia.cityofnorman,Norman ODT,1,3,0,0,TRAVEL_AND_LOCAL,,,,,,
gov.nps.mobileapp,NPS,1,13,0,0,TRAVEL_AND_LOCAL,,,,,,
com.openkey.guest,OpenKey,1,4,0,0,TRAVEL_AND_LOCAL,,,,,,
com.paturnpike.PTCEZPass,PA Toll Pay,1,3,0,0,TRAVEL_AND_LOCAL,,,,,,
com.paylock.permitconnect.parkdcpermits,ParkDC Permits,1,2,0,0,TRAVEL_AND_LOCAL,,,,,,
net.sharewire.Nycdot,parknyc,1,2,0,0,TRAVEL_AND_LOCAL,,,,,,
com.playgroundbuddy,Playground Buddy,1,6,0,0,TRAVEL_AND_LOCAL,,,,,,
com.priceline.android.negotiator,Priceline,1,2,0,0,TRAVEL_AND_LOCAL,,,,,,
com.ricksteves.audioeurope,Rick Steves Audio Europe,1,7,0,0,TRAVEL_AND_LOCAL,,,,,,
com.rccl.royalcaribbean,Royal,1,4,0,0,TRAVEL_AND_LOCAL,,,,,,
jp.co.jr_central.exreserve.or,smartEX App,1,2,0,0,TRAVEL_AND_LOCAL,,,,,,
com.wmata.smartrip,SmarTrip,1,17,0,0,TRAVEL_AND_LOCAL,,,,,,
com.vsct.vsc.mobile.horaireetresa.android,SNCF Connect,1,1,0,0,TRAVEL_AND_LOCAL,,,,,,
dk.applimate.superchargers,Supercharged!,1,3,0,0,TRAVEL_AND_LOCAL,,,,,,
com.cubic.ctp.app,Umo,1,12,0,0,TRAVEL_AND_LOCAL,,,,,,
saultlake.uta,UTA On Demand,1,6,0,0,TRAVEL_AND_LOCAL,,,,,,
com.daon.glide.person.android,VeriFLY,1,21,0,0,TRAVEL_AND_LOCAL,,,,,,
com.grupovidanta.android.app,Vidanta Resorts,1,11,0,0,TRAVEL_AND_LOCAL,,,,,,
com.vikey.vikeyclient,Vikey,1,1,0,0,TRAVEL_AND_LOCAL,,,,,,
com.mo2o.vueling,Vueling,1,2,0,0,TRAVEL_AND_LOCAL,,,,,,
com.yellowpages.android.ypmobile,Yellow Pages,1,7,0,0,TRAVEL_AND_LOCAL,,,,,,
mobi.lockdown.weather,Today Weather,1,1,0,0,WEATHER,,,,,,
com.weather.forecast.weatherchannel,Weather,1,59,0,0,WEATHER,,,,,,
co.climacell.climacell,Weather,1,832,0,0,WEATHER,,,,,,
com.coloros.weather.service,Weather Services,1,16,0,0,WEATHER,,,,,,
com.davisinstruments.weatherlink,WeatherLink,1,1,0,0,WEATHER,,,,,,
com.happy.game.beat.music.fight.android,Beat Battle,1,7,0,0,GAME_MUSIC,,,,,,
com.sonlam.kidspiano,Kids Piano,1,1,0,0,GAME_MUSIC,,,,,,
com.candle.piano_star,Magic Piano Star,1,7,0,0,GAME_MUSIC,,,,,,
com.piano.tiles.music.game.circles.dancing.beat.magictiles,Piano Star,1,7,0,0,GAME_MUSIC,,,,,,
br.com.rodrigokolb.realdrum,Real Drum,1,7,0,0,GAME_MUSIC,,,,,,
com.square_enix.android_googleplay.chrono,ChronoTrigger,1,2,0,0,GAME_ROLE_PLAYING,,,,,,
com.WeLikeGames.BecameDog3,I Became a Dog 3,1,3,0,0,GAME_ROLE_PLAYING,,,,,,
com.global.xddqsea,Nobody's Adventure Chop-Chop,1,7,0,0,GAME_ROLE_PLAYING,,,,,,
com.ccp.rpgsimpledice,RPG Simple Dice,1,7,0,0,GAME_ROLE_PLAYING,,,,,,
com.tgc.sky.android,Sky,1,1,0,0,GAME_ROLE_PLAYING,,,,,,
com.gamtropy.sma,Subscribe To My Adventure,1,3,0,0,GAME_ROLE_PLAYING,,,,,,
com.miniclip.eightballpool,8 Ball Pool,1,45,0,0,GAME_SPORTS,,,,,,
com.frvr.basketball,Basketball FRVR,1,6,0,0,GAME_SPORTS,,,,,,
com.blacksleevemedia.cheer3dAndroid,Cheer Official,1,33,0,0,GAME_SPORTS,,,,,,
jp.konami.pesam,eFootball‚Äö√ë¬¢,1,4,0,0,GAME_SPORTS,,,,,,
jp.luxza.granboard,GranBoard,1,5,0,0,GAME_SPORTS,,,,,,
ru.mos.app,‚Äì√∫‚Äì√¶‚Äî√® ‚Äì√∫‚Äì√¶‚Äî√Ö‚Äì‚à´‚Äì‚â§‚Äì‚àû,1,56,0,0,Unknown,,,,,,
com.downhill.bus.racing.nearme.gamecenter,‚Äö√Ö¬£,1,7,0,0,Unknown,,,,,,
com.boundax.koreapreloadappinstaller,√è√ë√∫√éœÄ√ë√è√§¬ß √è√Ø¬± √è√ë¬ß√èœÄ√≤,1,3,0,0,Unknown,,,,,,
org.xbet.client1,1xBet,1,1,0,0,Unknown,,,,,,
com.android.internal.systemui.navbar.twobutton,"2 Button Navigation Bar, com.android.internal.systemui.navbar.twobutton",2,16,0,0,Unknown,,,,,,
org.bet22.client,22Bet,1,1,0,0,Unknown,,,,,,
com.android.internal.systemui.navbar.threebutton,"3 Button Navigation Bar, com.android.internal.systemui.navbar.threebutton",2,170,0,0,Unknown,,,,,,
com.example.guide_test,3CMALL,1,2,0,0,Unknown,,,,,,
com.wallix.wall4k,4K Fresh Wallpapers,1,1,0,0,Unknown,,,,,,
com.eco.wallpaper.background,4K Wallpaper,1,7,0,0,Unknown,,,,,,
live.wallpaper.background.ringtonemaker,4k Wallpapers,1,7,0,0,Unknown,,,,,,
fourmoms.thorley.com.androidroo,4moms,1,6,0,0,Unknown,,,,,,
com.samsung.aasaservice,"AASAservice, SecurityPolicy",2,434,0,0,Unknown,,,,,,
com.disney.datg.videoplatforms.android.abc,ABC,1,1,0,0,Unknown,,,,,,
com.theabfm.cksa,ABFM CKSA,1,3,0,0,Unknown,,,,,,
com.cybercat.acbridge,ACBridge,1,1,0,0,Unknown,,,,,,
com.ebcflex.acctassist,AccountAssistant,1,11,0,0,Unknown,,,,,,
org.chromium.webapk.aa5e9c3a52adcaaf2_v2,Ace Hardware,1,11,0,0,Unknown,,,,,,
com.mediatek.rcs.provisioning,ACS,1,2,0,0,Unknown,,,,,,
com.activebuilding.residents,ActiveBuilding,1,16,0,0,Unknown,,,,,,
de.szalkowski.activitylauncher,Activity Launcher,1,2,0,0,Unknown,,,,,,
com.motorola.android.fota,"Actualizaci‚àö‚â•n de software, Motorola FOTA Services, Software Update, com.motorola.android.fota",4,919,0,0,Unknown,,,,,,
com.sec.android.soagent,"Actualizaci‚àö‚â•n de software, Software update",2,453,0,0,Unknown,,,,,,
com.android.dynsystem,"Actualizaci‚àö‚â•n din‚àö¬∞mica del sistema, Dynamic System Updates",2,964,0,0,Unknown,,,,,,
com.samsung.android.cidmanager,"Actualizar configuraci‚àö‚â•n, CIDManager, Configuration update",3,423,0,0,Unknown,,,,,,
com.samsung.android.sdm.config,"Actualizar configuraci‚àö‚â•n, Configuration update",2,209,0,0,Unknown,,,,,,
com.samsung.android.providers.carrier,"Actualizar configuraci‚àö‚â•n, Configuration update",2,147,0,0,Unknown,,,,,,
com.sec.hearingadjust,"Adapt Sound, Adapt sound",2,111,0,0,Unknown,,,,,,
com.google.android.apps.scone,"Adaptive Connectivity Services, Connectivity Health Services, com.google.android.apps.scone",3,54,0,0,Unknown,,,,,,
com.motorola.appforecast,"Adaptive performance, Desempe‚àö¬±o",2,852,0,0,Unknown,,,,,,
com.betafish.adblocksbrowser,AdBlock for Samsung Internet,1,62,0,0,Unknown,,,,,,
ad.rar.tv,Adrar TV,1,2,0,0,Unknown,,,,,,
com.qualcomm.qti.gpudrivers.lahaina.api30,Adreno Graphics Drivers,1,42,0,0,Unknown,,,,,,
com.qualcomm.qti.gpudrivers.taro.api32,Adreno Graphics Drivers,1,13,0,0,Unknown,,,,,,
com.qualcomm.qti.gpudrivers.taro.api31,Adreno Graphics Drivers,1,12,0,0,Unknown,,,,,,
com.qualcomm.qti.gpudrivers.kalama.api33,Adreno Graphics Drivers,1,4,0,0,Unknown,,,,,,
com.qualcomm.qti.gpudrivers.msmnile.api30,Adreno Graphics Drivers,1,4,0,0,Unknown,,,,,,
com.qualcomm.qti.gpudrivers.kona.api30,Adreno Graphics Drivers,1,3,0,0,Unknown,,,,,,
com.qualcomm.qti.gpudrivers.sm6150.api30,Adreno Graphics Drivers,1,3,0,0,Unknown,,,,,,
com.qualcomm.qti.gpudrivers.pineapple.api34,Adreno Graphics Drivers,1,2,0,0,Unknown,,,,,,
com.qualcomm.qti.gpudrivers.lito.api30,"Adreno Graphics Drivers, com.qualcomm.qti.gpudrivers.lito.api30",2,8,0,0,Unknown,,,,,,
com.advancedsecurity,Advanced Security,1,58,0,0,Unknown,,,,,,
com.groundspeak.react.adventures,Adventure Lab,1,4,0,0,Unknown,,,,,,
com.appmk.book.AOUSFFHJTXIBEEHF,Afoset Baptist Hymnal,1,2,0,0,Unknown,,,,,,
com.mi.AutoTest,After Sale,1,20,0,0,Unknown,,,,,,
com.oppoex.afterservice,After-Sales Service,1,5,0,0,Unknown,,,,,,
com.google.android.feedback,"Agente de obs. de Market, Market Feedback Agent, com.google.android.feedback",3,198,0,0,Unknown,,,,,,
com.samsung.android.aware.service,"Agente de Quick Share, Quick Share, Quick Share Agent",3,226,0,0,Unknown,,,,,,
com.sec.android.easyMover.Agent,"Agente de Smart Switch, Smart Switch Agent",2,91,0,0,Unknown,,,,,,
com.oplus.aiunit,"AI Service Engine, AIUnit",2,21,0,0,Unknown,,,,,,
com.google.android.apps.aiwallpapers,"AI wallpaper, Fondo de pantalla de IA",2,7,0,0,Unknown,,,,,,
com.aircanada,Air Canada,1,2,0,0,Unknown,,,,,,
com.samsung.android.service.aircommand,Air command,1,29,0,0,Unknown,,,,,,
com.airfrance.android.dinamoprd,Air France,1,2,0,0,Unknown,,,,,,
com.Playrion.AirlinesManager2,Airlines Manager,1,5,0,0,Unknown,,,,,,
com.airrosti.remoterecovery,Airrosti,1,1,0,0,Unknown,,,,,,
com.formagrid.airtable,Airtable,1,12,0,0,Unknown,,,,,,
com.airtm.android,Airtm,1,6,0,0,Unknown,,,,,,
com.samsung.android.SettingsReceiver,"Ajustes, Settings",2,161,0,0,Unknown,,,,,,
com.alaskaairlines.android,Alaska,1,30,0,0,Unknown,,,,,,
com.recloak.littlealchemy2,Alchemy 2,1,7,0,0,Unknown,,,,,,
com.sec.android.app.cmas,Alertas de emergencia inal‚àö¬∞mbricas,1,2,0,0,Unknown,,,,,,
com.mobiletranstorapps.all.languages.translator.free.voice.translation,All Languages Translator,1,1,0,0,Unknown,,,,,,
screen.mirroring.screenmirroring,All Mirror - Screen Mirroring,1,4,0,0,Unknown,,,,,,
com.koushikdutta.cast,AllCast,1,1,0,0,Unknown,,,,,,
com.iqvia.chus.allergyplus,Allergy Plus,1,5,0,0,Unknown,,,,,,
org.alliant.mobile,Alliant,1,3,0,0,Unknown,,,,,,
org.allinahealth.android,Allina Health,1,8,0,0,Unknown,,,,,,
com.ally.auto.activity,Ally Auto,1,33,0,0,Unknown,,,,,,
com.android.providers.telephony,"Alm. mensajes y tel‚àö¬©fono, Almacenamiento del marcador, Dialer Storage, Memoria Mensajes/Tel‚àö¬©fono, Phone Call/SMS Storage, Phone and Messaging Storage, Phone/Messaging Storage",7,975,0,0,Unknown,,,,,,
com.android.providers.calendar,"Almacenamiento de calendario, Calendar Storage, Calendar storage",3,294,0,0,Unknown,,,,,,
com.android.providers.settings,"Almacenamiento de configuraci‚àö‚â•n, Settings Storage",2,996,0,0,Unknown,,,,,,
com.motorola.android.providers.settings,"Almacenamiento de configuraci‚àö‚â•n, Settings Storage",2,33,0,0,Unknown,,,,,,
com.samsung.android.providers.contacts,"Almacenamiento de contactos, Contacts Storage",2,237,0,0,Unknown,,,,,,
com.android.providers.media,"Almacenamiento de contenido multimedia, Media Storage, com.android.providers.media",3,5580,0,0,Unknown,,,,,,
com.android.providers.blockednumber,"Almacenamiento de n‚àö‚à´meros bloqueados, Blocked Numbers Storage, Save Blocked Numbers",3,7482,0,0,Unknown,,,,,,
com.android.externalstorage,"Almacenamiento externo, External Storage",2,219,0,0,Unknown,,,,,,
com.sesameworkshop.alphabetkitchen.play,Alphabet Kitchen,1,7,0,0,Unknown,,,,,,
com.altametrics.ersdashboard,Altametrics DAR,1,5,0,0,Unknown,,,,,,
com.altametrics.zipschedulesers,Altametrics Schedules,1,5,0,0,Unknown,,,,,,
com.oplus.aod,Always-On Display,1,21,0,0,Unknown,,,,,,
com.amazon.venezia,Amazon Appstore,1,28,0,0,Unknown,,,,,,
com.amazon.aa,Amazon Assistant,1,12,0,0,Unknown,,,,,,
com.amazon.sellermobile.android,Amazon Seller,1,16,0,0,Unknown,,,,,,
com.waverlylabs.ambassador.translate,Ambassador,1,7,0,0,Unknown,,,,,,
com.android.theme.color.amethyst,Amethyst,1,6,0,0,Unknown,,,,,,
ai.appfront.amicis,Amicis East Coast Pizzeria,1,4,0,0,Unknown,,,,,,
analystat.petersabry.analystat,AnalyStat,1,12,0,0,Unknown,,,,,,
com.google.android.apps.giant,Analytics,1,21,0,0,Unknown,,,,,,
com.miui.analytics,Analytics,1,8,0,0,Unknown,,,,,,
android12widget.kustom.pack,Android 13 Widget Pack,1,329,0,0,Unknown,,,,,,
com.android.egg,"Android Easter Egg, Android Q Easter Egg, Android R Easter Egg, Android S Easter Egg",4,141,0,0,Unknown,,,,,,
com.google.android.setupwizard,"Android Setup, Configuraci‚àö‚â•n de Android, com.google.android.setupwizard",3,3095,0,0,Unknown,,,,,,
com.google.android.ext.shared,"Android Shared Library, com.google.android.ext.shared",2,157,0,0,Unknown,,,,,,
com.android.angle,"Android System Angle, com.android.angle",2,17,0,0,Unknown,,,,,,
oplus,"Android System, ColorOS System",2,26,0,0,Unknown,,,,,,
android.aosp.overlay,android.aosp.overlay,1,8,0,0,Unknown,,,,,,
android.auto_generated_characteristics_rro,android.auto_generated_characteristics_rro,1,9,0,0,Unknown,,,,,,
android.auto_generated_rro_product__,android.auto_generated_rro_product__,1,117,0,0,Unknown,,,,,,
android.auto_generated_rro_vendor__,android.auto_generated_rro_vendor__,1,136,0,0,Unknown,,,,,,
android.autoinstalls.config.motorola.layout,android.autoinstalls.config.motorola.layout,1,4,0,0,Unknown,,,,,,
android.connectivity.base.overlay,android.connectivity.base.overlay,1,11,0,0,Unknown,,,,,,
android.framework.res.rro.oneplus,android.framework.res.rro.oneplus,1,16,0,0,Unknown,,,,,,
android.frameworkres.overlay,android.frameworkres.overlay,1,16,0,0,Unknown,,,,,,
android.frameworkres.overlay.display.product,android.frameworkres.overlay.display.product,1,16,0,0,Unknown,,,,,,
android.frameworkres.overlay.Network,android.frameworkres.overlay.Network,1,19,0,0,Unknown,,,,,,
android.frameworkres.overlay.ZERO_TOUCH,android.frameworkres.overlay.ZERO_TOUCH,1,5,0,0,Unknown,,,,,,
android.instant_app,android.instant_app,1,295,0,0,Unknown,,,,,,
android.miui.home.launcher.res,android.miui.home.launcher.res,1,7,0,0,Unknown,,,,,,
android.miui.overlay,android.miui.overlay,1,8,0,0,Unknown,,,,,,
android.overlay.common,android.overlay.common,1,20,0,0,Unknown,,,,,,
android.overlay.target,android.overlay.target,1,21,0,0,Unknown,,,,,,
android.qvaoverlay.common,android.qvaoverlay.common,1,7,0,0,Unknown,,,,,,
android.systemuithreekey.overlay.product,android.systemuithreekey.overlay.product,1,15,0,0,Unknown,,,,,,
com.servicemagic.consumer,Angi,1,1,0,0,Unknown,,,,,,
com.prodege.answer,Answer,1,8,0,0,Unknown,,,,,,
com.dsi.ant.sample.acquirechannels,ANT + DUT,1,5,0,0,Unknown,,,,,,
com.dsi.ant.server,"ANT HAL Service, ANT+ HAL service, Servicio ANT+ HAL",3,218,0,0,Unknown,,,,,,
net.sekg.antidote,Antidote,1,11,0,0,Unknown,,,,,,
yio.tro.antiyoy.android,Antiyoy,1,1,0,0,Unknown,,,,,,
com.republicwireless.messaging,Anywhere,1,2,0,0,Unknown,,,,,,
com.vzw.apnlib,"apnlib, com.vzw.apnlib",2,238,0,0,Unknown,,,,,,
com.motorola.brapps,"App Box, com.motorola.brapps",2,4,0,0,Unknown,,,,,,
softbrigh.candle.relaxed,App Candle Light,1,6,0,0,Unknown,,,,,,
com.oplus.multiapp,App Cloner,1,21,0,0,Unknown,,,,,,
com.coloros.oppomultiapp,App cloner,1,5,0,0,Unknown,,,,,,
com.oplus.cosa,App Enhancement Services,1,21,0,0,Unknown,,,,,,
com.coloros.gamespace,APP Enhancement Services,1,5,0,0,Unknown,,,,,,
com.samsung.android.sm.devicesecurity,"App protection, Device security, Phone security, Seguridad",4,56,0,0,Unknown,,,,,,
com.aura.oobe.deutsche,App Selector,1,4,0,0,Unknown,,,,,,
com.oplus.appplatform,App Services,1,21,0,0,Unknown,,,,,,
dev.firebase.appdistribution,App Tester,1,6,0,0,Unknown,,,,,,
com.appclose.androidapp,AppClose,1,6,0,0,Unknown,,,,,,
com.verizon.services,"AppDirectedSMS, com.verizon.services",2,38,0,0,Unknown,,,,,,
de.telekom.tsc,AppEnabler,1,6,0,0,Unknown,,,,,,
com.sec.android.preloadinstaller,"Application Installer, Instalador de aplicaciones",2,155,0,0,Unknown,,,,,,
com.samsung.android.mapsagent,"Application recommendations, Recomendaciones de la aplicaci‚àö‚â•n",2,9,0,0,Unknown,,,,,,
com.sec.android.app.applinker,AppLinker,1,382,0,0,Unknown,,,,,,
com.heytap.appplatform,AppPlatform,1,5,0,0,Unknown,,,,,,
com.android.theme.color.aquamarine,Aquamarine,1,6,0,0,Unknown,,,,,,
com.samsung.android.visionarapps,AR apps,1,17,0,0,Unknown,,,,,,
com.samsung.android.ardrawing,"AR Doodle, Dibujos AR",2,151,0,0,Unknown,,,,,,
com.samsung.android.aremoji,AR Emoji,1,3173,0,0,Unknown,,,,,,
com.samsung.android.aremojieditor,"AR Emoji Editor, Editor AR Emoji",2,160,0,0,Unknown,,,,,,
com.sec.android.mimage.avatarstickers,"AR Emoji Stickers, Adhesivos AR Emoji",2,109,0,0,Unknown,,,,,,
com.android.theme.font.arbutussource,Arbutus Slab / Source Sans Pro,1,17,0,0,Unknown,,,,,,
com.mediatek.mt6781.gamedriver,Arm GPU Game Driver,1,2,0,0,Unknown,,,,,,
com.armorvax,ArmorVax,1,3,0,0,Unknown,,,,,,
com.artkive.theartkiveapp,Artkive,1,4,0,0,Unknown,,,,,,
com.sec.android.app.setupwizard,"Asistente de Configuraci‚àö‚â•n, Setup Wizard",2,420,0,0,Unknown,,,,,,
com.samsung.android.scpm,"Asistente de Samsung Cloud, Samsung Cloud Assistant, Samsung Cloud Platform Manager, Samsung account storage Assistant",4,262,0,0,Unknown,,,,,,
com.coloros.lockassistant,Assistant,1,19,0,0,Unknown,,,,,,
com.samsung.android.app.assistantmenu,Assistant menu,1,135,0,0,Unknown,,,,,,
com.sec.providers.assisteddialing,Assisted Dialing,1,443,0,0,Unknown,,,,,,
com.coloros.floatassistant,Assistive Ball,1,23,0,0,Unknown,,,,,,
com.drivemode,"AT&T DriveMode, DriveMode",2,688,0,0,Unknown,,,,,,
com.matchboxmobile.wisp,AT&T Hot Spots,1,6,0,0,Unknown,,,,,,
com.att.android.digitallocker,AT&T Locker,1,8,0,0,Unknown,,,,,,
com.att.mobiletransfer,AT&T Mobile Transfer,1,8,0,0,Unknown,,,,,,
com.telenav.app.android.cingular,AT&T Navigator,1,7,0,0,Unknown,,,,,,
com.asurion.android.protech.att,AT&T ProTech,1,18,0,0,Unknown,,,,,,
com.asurion.android.mobilerecovery.att,AT&T Protect Plus,1,7,0,0,Unknown,,,,,,
com.att.android.attsmartwifi,AT&T Smart Wi-Fi,1,30,0,0,Unknown,,,,,,
com.att.tv.watchtv,AT&T WatchTV,1,3,0,0,Unknown,,,,,,
com.mediatek.atci.service,Atci_service,1,69,0,0,Unknown,,,,,,
com.oplus.athena,Athena,1,21,0,0,Unknown,,,,,,
com.coloros.athena,Athena,1,5,0,0,Unknown,,,,,,
com.oplus.atlas,atlasService,1,21,0,0,Unknown,,,,,,
com.oppo.atlas,atlasService,1,5,0,0,Unknown,,,,,,
com.atom.habit.meditation.mood,Atom: Managing Emotions,1,8,0,0,Unknown,,,,,,
com.atozdirectories.atozconnectapp,AtoZ Connect,1,3,0,0,Unknown,,,,,,
com.bluetooth.aptxmode,"Audio Bluetooth, Bluetooth audio",2,29,0,0,Unknown,,,,,,
com.motorola.motowaves,Audio effects,1,73,0,0,Unknown,,,,,,
com.lge.musicpicker,Audio picker,1,1,0,0,Unknown,,,,,,
com.lge.hifirecorder,Audio Recorder,1,1,0,0,Unknown,,,,,,
com.miui.audioeffect,AudioEffect,1,30,0,0,Unknown,,,,,,
com.oplus.audio.effectcenter,AudioEffectCenter,1,21,0,0,Unknown,,,,,,
com.samsung.android.tapack.authfw,AuthFw TaPack,1,32,0,0,Unknown,,,,,,
com.samsung.android.rampart,"Auto Blocker, Bloqueador autom‚àö¬∞tico",2,21,0,0,Unknown,,,,,,
com.sec.android.autodoodle.service,"Auto doodle, AutoDoodle, Dibujo autom‚àö¬∞tico",3,78,0,0,Unknown,,,,,,
com.sec.android.app.DataCreate,Automation Test,1,63,0,0,Unknown,,,,,,
com.sec.android.AutoPreconfig,AutoPreconfig,1,8,0,0,Unknown,,,,,,
com.longcheertel.AutoTest,Autotest,1,7,0,0,Unknown,,,,,,
com.samsung.android.beaconmanager,"B‚àö‚à´squeda de dispositivos, Nearby device scanning, SmartThings",3,454,0,0,Unknown,,,,,,
com.babylex,Babylex,1,7,0,0,Unknown,,,,,,
com.miui.backup,Backup,1,41,0,0,Unknown,,,,,,
com.sec.android.provider.badge,BadgeProvider,1,4296,0,0,Unknown,,,,,,
com.oplus.statistics.rom,"Basic Data Services, User Experience Program",2,49,0,0,Unknown,,,,,,
com.coloros.oppoguardelf,Battery,1,5,0,0,Unknown,,,,,,
com.miui.powerkeeper,Battery and performance,1,41,0,0,Unknown,,,,,,
air.uk.co.bbc.android.mediaplayer,BBC Media Player,1,1,0,0,Unknown,,,,,,
com.samsung.android.bbc.bbcagent,BBCAgent,1,431,0,0,Unknown,,,,,,
com.bbby.bedbathandbeyond,"Bed Bath & Beyond, Bed Bath And Beyond",2,13,0,0,Unknown,,,,,,
se.memfrag.app,been,1,1,0,0,Unknown,,,,,,
com.beermoneyapp,Beermoney,1,7,0,0,Unknown,,,,,,
com.papaya.bingocash,Bingo Cash,1,18,0,0,Unknown,,,,,,
com.miui.face,"Biometric, MiuiBiometric",2,41,0,0,Unknown,,,,,,
com.sodexo.us.bite.edu,Bite,1,3,0,0,Unknown,,,,,,
com.samsung.android.bixby.es.globalaction,Bixby Global Action,1,9,0,0,Unknown,,,,,,
com.samsung.android.bixby.plmsync,Bixby Service,1,9,0,0,Unknown,,,,,,
com.samsung.android.bixby.service,"Bixby Service, Bixby dictation, Servicio de Bixby",3,272,0,0,Unknown,,,,,,
com.samsung.android.bixby.agent.dummy,Bixby Voice Stub,1,175,0,0,Unknown,,,,,,
com.samsung.android.bixbyvision.framework,"BixbyVision Framework, com.samsung.android.bixbyvision.framework",2,211,0,0,Unknown,,,,,,
com.android.theme.color.black,"Black, com.android.theme.color.black",2,53,0,0,Unknown,,,,,,
com.bluproducts.activationapp,BLU Alerts,1,3,0,0,Unknown,,,,,,
com.google.android.bluetooth,Bluetooth,1,253,0,0,Unknown,,,,,,
com.sec.android.app.bluetoothagent,Bluetooth Agent,1,248,0,0,Unknown,,,,,,
com.android.bluetoothmidiservice,"Bluetooth MIDI Service, com.android.bluetoothmidiservice",2,162,0,0,Unknown,,,,,,
com.sec.android.app.bluetoothtest,BluetoothTest,1,185,0,0,Unknown,,,,,,
com.sec.kidsplat.drawing,"Bobby's
 Canvas",1,99,0,0,Unknown,,,,,,
com.miui.extraphoto,Bokeh,1,53,0,0,Unknown,,,,,,
com.android.bookmarkprovider,"Bookmark Provider, com.android.bookmarkprovider",2,161,0,0,Unknown,,,,,,
com.instagram.boomerang,Boomerang,1,1,0,0,Unknown,,,,,,
com.samsung.ucs.agent.boot,bootagent,1,137,0,0,Unknown,,,,,,
com.samsung.android.brightnessbackupservice,BrightnessBNR,1,441,0,0,Unknown,,,,,,
com.samsung.sait.bsdservice,BSDService,1,52,0,0,Unknown,,,,,,
com.oplus.bttestmode,BTtestmode,1,21,0,0,Unknown,,,,,,
com.oppo.bttestmode,BTtestmode,1,5,0,0,Unknown,,,,,,
com.android.systemui.overlay.fingerprint.anim.sw,Bubble,1,11,0,0,Unknown,,,,,,
com.buckjoy.app,BuckJoy,1,2,0,0,Unknown,,,,,,
com.bulletjournal.companion,Bullet Journal,1,8,0,0,Unknown,,,,,,
com.xiaomi.barrage,Bullet¬¨‚Ä†screen¬¨‚Ä†notification,1,22,0,0,Unknown,,,,,,
gov.ca.covid19.exposurenotifications,CA Notify,1,21,0,0,Unknown,,,,,,
vendor.qti.hardware.cacert.server,CACertApp,1,138,0,0,Unknown,,,,,,
com.samsung.android.opencalendar,"Calendarios de suscripci‚àö‚â•n, Subscription calendars, com.samsung.android.opencalendar",3,578,0,0,Unknown,,,,,,
com.oppo.tzupdate,Calibrate Time Zone,1,5,0,0,Unknown,,,,,,
com.android.calllogbackup,Call Log Backup/Restore,1,146,0,0,Unknown,,,,,,
com.android.server.telecom.overlay.miui,"Call Management, Manage calls",2,8,0,0,Unknown,,,,,,
com.mediatek.callrecorder,Call Recorder,1,6,0,0,Unknown,,,,,,
com.samsung.android.callassistant,"Call Services, Servicios de llamadas",2,23,0,0,Unknown,,,,,,
com.samsung.android.callbgprovider,CallBGProvider,1,316,0,0,Unknown,,,,,,
com.samsung.android.incall.contentprovider,CallContentProvider,1,62,0,0,Unknown,,,,,,
com.qualcomm.qti.callfeaturessetting,CallFeatureSetting,1,52,0,0,Unknown,,,,,,
com.tcl.camera,Camera,1,3,0,0,Unknown,,,,,,
com.android.camera2,Camera,1,1,0,0,Unknown,,,,,,
com.samsung.android.app.cameraassistant,Camera Assistant,1,2,0,0,Unknown,,,,,,
com.android.oemextensions,Camera Extensions Service,1,14,0,0,Unknown,,,,,,
com.sec.factory.iris.usercamera,Camera Iris User Test,1,135,0,0,Unknown,,,,,,
com.samsung.android.hwresourceshare,"Camera sharing, Compartir c‚àö¬∞mara",2,7,0,0,Unknown,,,,,,
com.sec.factory.camera,"Camera Test, FactoryCamera",2,432,0,0,Unknown,,,,,,
com.android.cameraextensions,CameraExtensionsProxy,1,118,0,0,Unknown,,,,,,
com.samsung.adaptivebrightnessgo,CameraLightSensor,1,18,0,0,Unknown,,,,,,
com.sec.factory.cameralyzer,Cameralyzer,1,47,0,0,Unknown,,,,,,
com.xiaomi.cameratools,CameraTools,1,31,0,0,Unknown,,,,,,
com.oplus.portrait,Canvas,1,21,0,0,Unknown,,,,,,
com.android.captiveportallogin.overlay,"CaptivePortalLoginOverlay, com.android.captiveportallogin.overlay",2,36,0,0,Unknown,,,,,,
com.verizon.fivegcamera,Capture,1,4,0,0,Unknown,,,,,,
com.lge.nextcapture,Capture to bottom,1,1,0,0,Unknown,,,,,,
com.android.theme.color.carbon,Carbon,1,6,0,0,Unknown,,,,,,
com.motorola.contacts.preloadcontacts,"Cargador de contactos precargados, Preloaded Contacts Loader, com.motorola.contacts.preloadcontacts",3,4839,0,0,Unknown,,,,,,
com.samsung.android.drivelink.stub,CarmodeStub,1,36,0,0,Unknown,,,,,,
com.google.android.apps.carrier.log,"Carrier App Logging, com.google.android.apps.carrier.log",2,54,0,0,Unknown,,,,,,
com.android.carrierdefaultapp,"Carrier Communications, CarrierDefaultApp, Comunicaciones de operadores",3,147,0,0,Unknown,,,,,,
com.sprint.ms.cdm,Carrier Device Manager,1,105,0,0,Unknown,,,,,,
com.motorola.nfwlocationattribution,Carrier Location Access,1,2,0,0,Unknown,,,,,,
com.oplus.locationproxy,Carrier Location Services,1,21,0,0,Unknown,,,,,,
com.coloros.locationproxy,Carrier Location Services,1,5,0,0,Unknown,,,,,,
com.google.android.carrierlocation,"Carrier Location, com.google.android.carrierlocation",2,29,0,0,Unknown,,,,,,
com.verizon.loginengine.unbranded,"Carrier Login Engine, com.verizon.loginengine.unbranded",2,8,0,0,Unknown,,,,,,
com.android.sdm.plugins.dcmo,"Carrier OMADM, com.android.sdm.plugins.dcmo",2,53,0,0,Unknown,,,,,,
com.android.omadm.service,Carrier Provisioning Service,1,54,0,0,Unknown,,,,,,
com.motorola.omadm.service,Carrier Provisioning Service,1,4,0,0,Unknown,,,,,,
com.oplus.cota,Carrier settings update,1,21,0,0,Unknown,,,,,,
com.google.android.carrier,"Carrier Settings, com.google.android.carrier",2,58,0,0,Unknown,,,,,,
com.google.android.carriersetup,Carrier Setup,1,30,0,0,Unknown,,,,,,
com.xiaomi.miplay_client,Casting,1,26,0,0,Unknown,,,,,,
com.sec.android.CcInfo,CcInfo,1,246,0,0,Unknown,,,,,,
com.q2e.capitalcreditunion5071.mobile.production,CCU Mobile,1,6,0,0,Unknown,,,,,,
com.sec.android.Cdfs,CDFS MODE Launcher,1,351,0,0,Unknown,,,,,,
com.google.android.cellbroadcastservice,Cell Broadcast Service,1,795,0,0,Unknown,,,,,,
com.android.cellbroadcastservice,Cell Broadcast Service,1,53,0,0,Unknown,,,,,,
com.google.android.cellbroadcastreceiver.overlay,CellBroadcastReceiverModuleOverlay,1,19,0,0,Unknown,,,,,,
com.google.android.cellbroadcastservice.overlay,CellBroadcastServiceModuleOverlay,1,14,0,0,Unknown,,,,,,
com.wapi.wapicertmanager,Certificado WAPI,1,2,0,0,Unknown,,,,,,
checkupdate.bluproducts.com.tracfoneupdate,CheckForUpdate,1,3,0,0,Unknown,,,,,,
com.tcs.chicagomarathon2013,ChiMarathon,1,11,0,0,Unknown,,,,,,
com.monotype.android.font.chococooky,ChocoEUKor,1,3,0,0,Unknown,,,,,,
delivery.chomp.mobile,CHOMP,1,2,0,0,Unknown,,,,,,
com.transsion.chromecustomization,Chrome Assistant,1,6,0,0,Unknown,,,,,,
com.sec.android.app.chromecustomizations,"ChromeCustomizations, com.sec.android.app.chromecustomizations",2,815,0,0,Unknown,,,,,,
com.chro11nicle.chronicle,Chronicle,1,3,0,0,Unknown,,,,,,
com.google.android.wallpaper.effects,Cinematic Wallpaper,1,21,0,0,Unknown,,,,,,
com.paytronix.client.android.app.cinnaholic,Cinnaholic,1,2,0,0,Unknown,,,,,,
com.android.theme.color.cinnamon,"Cinnamon, com.android.theme.color.cinnamon",2,53,0,0,Unknown,,,,,,
com.android.theme.icon_pack.circular.themepicker,Circular,1,53,0,0,Unknown,,,,,,
com.android.theme.icon_pack.circular.android,"Circular, com.android.theme.icon_pack.circular.android",2,53,0,0,Unknown,,,,,,
com.android.theme.icon_pack.circular.launcher,"Circular, com.android.theme.icon_pack.circular.launcher",2,53,0,0,Unknown,,,,,,
com.android.theme.icon_pack.circular.settings,"Circular, com.android.theme.icon_pack.circular.settings",2,53,0,0,Unknown,,,,,,
com.android.theme.icon_pack.circular.systemui,"Circular, com.android.theme.icon_pack.circular.systemui",2,53,0,0,Unknown,,,,,,
com.miui.cit,CIT,1,19,0,0,Unknown,,,,,,
com.longcheertel.cit,"CIT test, cit test",2,7,0,0,Unknown,,,,,,
com.miui.qr,"Cit_QR, com.miui.qr.InfoApplication",2,46,0,0,Unknown,,,,,,
com.cleanmaster.mguard,Clean Master,1,91,0,0,Unknown,,,,,,
com.cleanmaster.ultra,Clean Master Ultra,1,1,0,0,Unknown,,,,,,
com.mhs.chn,Cleveland Clinic,1,2,0,0,Unknown,,,,,,
com.autoclicker.autotap.autoclick,ClickMod,1,1,0,0,Unknown,,,,,,
com.samsung.android.app.clipboardedge,"Clipboard edge, Portapapeles edge",2,108,0,0,Unknown,,,,,,
com.samsung.clipboardsaveservice,ClipboardSaveService,1,409,0,0,Unknown,,,,,,
com.samsung.android.clipboarduiservice,ClipboardUIService,1,137,0,0,Unknown,,,,,,
com.android.deskclock.go,Clock,1,5,0,0,Unknown,,,,,,
com.samsung.android.app.clockpack,Clock style,1,28,0,0,Unknown,,,,,,
com.atlashealth,CloseKnit - Health,1,1,0,0,Unknown,,,,,,
com.amazon.comppai,Cloud Cam,1,1,0,0,Unknown,,,,,,
com.google.android.apps.cloudprint,Cloud Print,1,144,0,0,Unknown,,,,,,
com.samsung.cmfa.AuthTouch,CMFA AuthTouchService,1,266,0,0,Unknown,,,,,,
com.samsung.android.cmfa.framework,CMFA Framework,1,272,0,0,Unknown,,,,,,
com.samsung.cmh,CMHProvider,1,454,0,0,Unknown,,,,,,
com.qualcomm.qti.cne,CneApp,1,55,0,0,Unknown,,,,,,
com.cnn.mobile.android.phone.edgepanel,CNN for Edge Panel,1,7,0,0,Unknown,,,,,,
com.heytap.colorfulengine,Colorful Engine,1,21,0,0,Unknown,,,,,,
com.android.backupconfirm,com.android.backupconfirm,1,149,0,0,Unknown,,,,,,
com.android.bips.auto_generated_rro_product__,com.android.bips.auto_generated_rro_product__,1,47,0,0,Unknown,,,,,,
com.android.bluetooth.auto_generated_rro_vendor__,com.android.bluetooth.auto_generated_rro_vendor__,1,11,0,0,Unknown,,,,,,
com.android.bluetooth.oplus.overlay,com.android.bluetooth.oplus.overlay,1,11,0,0,Unknown,,,,,,
com.android.bluetooth.overlay,com.android.bluetooth.overlay,1,7,0,0,Unknown,,,,,,
com.android.camerasaver,com.android.camerasaver,1,2,0,0,Unknown,,,,,,
com.android.carrierconfig,com.android.carrierconfig,1,134,0,0,Unknown,,,,,,
com.android.carrierconfig.oplus.overlay,com.android.carrierconfig.oplus.overlay,1,14,0,0,Unknown,,,,,,
com.android.carrierconfig.overlay,com.android.carrierconfig.overlay,1,23,0,0,Unknown,,,,,,
com.android.carrierconfig.overlay.common,com.android.carrierconfig.overlay.common,1,21,0,0,Unknown,,,,,,
com.android.carrierconfig.overlay.miui,com.android.carrierconfig.overlay.miui,1,7,0,0,Unknown,,,,,,
com.android.carrierconfig.overlay.product.platform,com.android.carrierconfig.overlay.product.platform,1,14,0,0,Unknown,,,,,,
com.android.cellbroadcast.overlay,com.android.cellbroadcast.overlay,1,4,0,0,Unknown,,,,,,
com.android.cellbroadcastreceiver.overlay.common,com.android.cellbroadcastreceiver.overlay.common,1,27,0,0,Unknown,,,,,,
com.android.cellbroadcastreceiver.overlay.pixel,com.android.cellbroadcastreceiver.overlay.pixel,1,25,0,0,Unknown,,,,,,
com.android.cellbroadcastservice.overlay,com.android.cellbroadcastservice.overlay,1,4,0,0,Unknown,,,,,,
com.android.cellbroadcastservice.overlay.pixel,com.android.cellbroadcastservice.overlay.pixel,1,36,0,0,Unknown,,,,,,
com.android.companiondevicemanager.auto_generated_characteristics_rro,com.android.companiondevicemanager.auto_generated_characteristics_rro,1,2,0,0,Unknown,,,,,,
com.android.connectivity.metrics,com.android.connectivity.metrics.App,1,3,0,0,Unknown,,,,,,
com.android.cts.ctsshim,com.android.cts.ctsshim,1,148,0,0,Unknown,,,,,,
com.android.cts.priv.ctsshim,com.android.cts.priv.ctsshim,1,146,0,0,Unknown,,,,,,
com.android.devicediagnostics.auto_generated_rro_product__,com.android.devicediagnostics.auto_generated_rro_product__,1,2,0,0,Unknown,,,,,,
com.android.devicediagnostics.auto_generated_rro_vendor__,com.android.devicediagnostics.auto_generated_rro_vendor__,1,2,0,0,Unknown,,,,,,
com.android.hbmsvmanager,com.android.hbmsvmanager,1,123,0,0,Unknown,,,,,,
com.android.hbmsvmanager.auto_generated_rro_product__,com.android.hbmsvmanager.auto_generated_rro_product__,1,14,0,0,Unknown,,,,,,
com.android.hbmsvmanager.auto_generated_rro_vendor__,com.android.hbmsvmanager.auto_generated_rro_vendor__,1,11,0,0,Unknown,,,,,,
com.android.healthconnect.overlay,com.android.healthconnect.overlay,1,16,0,0,Unknown,,,,,,
com.android.imsserviceentitlement,com.android.imsserviceentitlement,1,49,0,0,Unknown,,,,,,
com.android.incallui.overlay,com.android.incallui.overlay,1,7,0,0,Unknown,,,,,,
com.android.inputsettings.overlay.miui,com.android.inputsettings.overlay.miui,1,7,0,0,Unknown,,,,,,
com.android.localtransport,com.android.localtransport,1,987,0,0,Unknown,,,,,,
com.android.nfc.auto_generated_rro_product__,com.android.nfc.auto_generated_rro_product__,1,41,0,0,Unknown,,,,,,
com.android.nfc.auto_generated_rro_vendor__,com.android.nfc.auto_generated_rro_vendor__,1,47,0,0,Unknown,,,,,,
com.android.nfc.overlay,com.android.nfc.overlay,1,9,0,0,Unknown,,,,,,
com.android.nfc.overlay.common,com.android.nfc.overlay.common,1,9,0,0,Unknown,,,,,,
com.android.omadm.service.auto_generated_rro_product__,com.android.omadm.service.auto_generated_rro_product__,1,24,0,0,Unknown,,,,,,
com.android.omadm.service.auto_generated_rro_vendor__,com.android.omadm.service.auto_generated_rro_vendor__,1,17,0,0,Unknown,,,,,,
com.google.android.ondevicepersonalization.services,"com.android.ondevicepersonalization.services.OnDevicePersonalizationApplication, com.google.android.ondevicepersonalization.services",2,103,0,0,Unknown,,,,,,
com.android.ons,com.android.ons,1,987,0,0,Unknown,,,,,,
com.android.ons.auto_generated_rro_vendor__,com.android.ons.auto_generated_rro_vendor__,1,9,0,0,Unknown,,,,,,
com.android.overlay.gmscontactprovider,com.android.overlay.gmscontactprovider,1,7,0,0,Unknown,,,,,,
com.android.overlay.gmssettingprovider,com.android.overlay.gmssettingprovider,1,7,0,0,Unknown,,,,,,
com.android.overlay.gmssettings,com.android.overlay.gmssettings,1,7,0,0,Unknown,,,,,,
com.android.overlay.gmstelecomm,com.android.overlay.gmstelecomm,1,8,0,0,Unknown,,,,,,
com.android.overlay.gmstelephony,com.android.overlay.gmstelephony,1,8,0,0,Unknown,,,,,,
com.android.overlay.systemui,com.android.overlay.systemui,1,7,0,0,Unknown,,,,,,
com.android.partnerbrowsercustomizations,com.android.partnerbrowsercustomizations,1,14,0,0,Unknown,,,,,,
com.android.phone.auto_generated_characteristics_rro,com.android.phone.auto_generated_characteristics_rro,1,2,0,0,Unknown,,,,,,
com.android.phone.auto_generated_rro_product__,com.android.phone.auto_generated_rro_product__,1,47,0,0,Unknown,,,,,,
com.android.phone.auto_generated_rro_vendor__,com.android.phone.auto_generated_rro_vendor__,1,47,0,0,Unknown,,,,,,
com.android.phone.overlay.carriersettings,com.android.phone.overlay.carriersettings,1,4,0,0,Unknown,,,,,,
com.android.phone.overlay.common,com.android.phone.overlay.common,1,25,0,0,Unknown,,,,,,
com.android.phone.overlay.miui,com.android.phone.overlay.miui,1,7,0,0,Unknown,,,,,,
com.android.phone.overlay.motcommon,com.android.phone.overlay.motcommon,1,4,0,0,Unknown,,,,,,
com.android.pixeldisplayservice,com.android.pixeldisplayservice,1,8,0,0,Unknown,,,,,,
com.android.providers.contacts.auto_generated_rro_product__,com.android.providers.contacts.auto_generated_rro_product__,1,47,0,0,Unknown,,,,,,
com.android.providers.media.overlay.pixel,com.android.providers.media.overlay.pixel,1,24,0,0,Unknown,,,,,,
com.android.providers.partnerbookmarks,com.android.providers.partnerbookmarks,1,1210,0,0,Unknown,,,,,,
com.android.providers.settings.auto_generated_rro_product__,com.android.providers.settings.auto_generated_rro_product__,1,51,0,0,Unknown,,,,,,
com.android.providers.settings.auto_generated_rro_vendor__,com.android.providers.settings.auto_generated_rro_vendor__,1,15,0,0,Unknown,,,,,,
com.android.providers.settings.overlay,com.android.providers.settings.overlay,1,7,0,0,Unknown,,,,,,
com.android.providers.telephony.auto_generated_characteristics_rro,com.android.providers.telephony.auto_generated_characteristics_rro,1,2,0,0,Unknown,,,,,,
com.android.providers.telephony.auto_generated_rro_product__,com.android.providers.telephony.auto_generated_rro_product__,1,47,0,0,Unknown,,,,,,
com.android.providers.telephony.overlay.carriersettings,com.android.providers.telephony.overlay.carriersettings,1,4,0,0,Unknown,,,,,,
com.android.qns,com.android.qns,1,86,0,0,Unknown,,,,,,
com.android.safetycenter.resources.overlay,com.android.safetycenter.resources.overlay,1,11,0,0,Unknown,,,,,,
com.android.safetycenter.styles.overlay,com.android.safetycenter.styles.overlay,1,16,0,0,Unknown,,,,,,
com.android.safetyregulatoryinfo.auto_generated_rro_product__,com.android.safetyregulatoryinfo.auto_generated_rro_product__,1,47,0,0,Unknown,,,,,,
com.android.sdm.plugins.diagmon,com.android.sdm.plugins.diagmon,1,53,0,0,Unknown,,,,,,
com.android.se.auto_generated_rro_vendor__,com.android.se.auto_generated_rro_vendor__,1,8,0,0,Unknown,,,,,,
com.google.android.networkstack.permissionconfig,com.android.server.NetworkPermissionConfig,1,299,0,0,Unknown,,,,,,
com.android.networkstack.permissionconfig,com.android.server.NetworkPermissionConfig,1,129,0,0,Unknown,,,,,,
com.android.server.telecom.auto_generated_rro_product__,com.android.server.telecom.auto_generated_rro_product__,1,47,0,0,Unknown,,,,,,
com.android.server.telecom.auto_generated_rro_vendor__,com.android.server.telecom.auto_generated_rro_vendor__,1,6,0,0,Unknown,,,,,,
com.android.server.telecom.overlay.common,com.android.server.telecom.overlay.common,1,21,0,0,Unknown,,,,,,
com.android.service.ims,com.android.service.ims.RcsServiceApp,1,203,0,0,Unknown,,,,,,
com.android.settings.auto_generated_rro_product__,com.android.settings.auto_generated_rro_product__,1,40,0,0,Unknown,,,,,,
com.android.settings.auto_generated_rro_vendor__,com.android.settings.auto_generated_rro_vendor__,1,40,0,0,Unknown,,,,,,
com.android.settings.future.overlay.biometrics,com.android.settings.future.overlay.biometrics,1,4,0,0,Unknown,,,,,,
com.android.settings.future.overlay.cheetah,com.android.settings.future.overlay.cheetah,1,3,0,0,Unknown,,,,,,
com.android.settings.future.overlay.panther,com.android.settings.future.overlay.panther,1,1,0,0,Unknown,,,,,,
com.android.settings.overlay.barbet,com.android.settings.overlay.barbet,1,3,0,0,Unknown,,,,,,
com.android.settings.overlay.bramble,com.android.settings.overlay.bramble,1,2,0,0,Unknown,,,,,,
com.android.settings.overlay.cheetah,com.android.settings.overlay.cheetah,1,3,0,0,Unknown,,,,,,
com.android.settings.overlay.common,com.android.settings.overlay.common,1,16,0,0,Unknown,,,,,,
com.android.settings.overlay.filesgoogle,com.android.settings.overlay.filesgoogle,1,4,0,0,Unknown,,,,,,
com.android.settings.overlay.flame,com.android.settings.overlay.flame,1,4,0,0,Unknown,,,,,,
com.android.settings.overlay.g020e,com.android.settings.overlay.g020e,1,2,0,0,Unknown,,,,,,
com.android.settings.overlay.g020i,com.android.settings.overlay.g020i,1,4,0,0,Unknown,,,,,,
com.android.settings.overlay.g025e,com.android.settings.overlay.g025e,1,2,0,0,Unknown,,,,,,
com.android.settings.overlay.g025j,com.android.settings.overlay.g025j,1,3,0,0,Unknown,,,,,,
com.android.settings.overlay.g1f8f,com.android.settings.overlay.g1f8f,1,3,0,0,Unknown,,,,,,
com.android.settings.overlay.g8v0u,com.android.settings.overlay.g8v0u,1,2,0,0,Unknown,,,,,,
com.android.settings.overlay.g9s9b,com.android.settings.overlay.g9s9b,1,1,0,0,Unknown,,,,,,
com.android.settings.overlay.gb7n6,com.android.settings.overlay.gb7n6,1,4,0,0,Unknown,,,,,,
com.android.settings.overlay.gd1yq,com.android.settings.overlay.gd1yq,1,3,0,0,Unknown,,,,,,
com.android.settings.overlay.ge2ae,com.android.settings.overlay.ge2ae,1,3,0,0,Unknown,,,,,,
com.android.settings.overlay.gvu6c,com.android.settings.overlay.gvu6c,1,1,0,0,Unknown,,,,,,
com.android.settings.overlay.gwkk3,com.android.settings.overlay.gwkk3,1,4,0,0,Unknown,,,,,,
com.android.settings.overlay.gx7as,com.android.settings.overlay.gx7as,1,4,0,0,Unknown,,,,,,
com.android.settings.overlay.lynx,com.android.settings.overlay.lynx,1,4,0,0,Unknown,,,,,,
com.android.settings.overlay.miui,com.android.settings.overlay.miui,1,8,0,0,Unknown,,,,,,
com.android.settings.overlay.oriole,com.android.settings.overlay.oriole,1,5,0,0,Unknown,,,,,,
com.android.settings.overlay.panther,com.android.settings.overlay.panther,1,1,0,0,Unknown,,,,,,
com.android.settings.overlay.pixel2019,com.android.settings.overlay.pixel2019,1,4,0,0,Unknown,,,,,,
com.android.settings.overlay.pixel2019midyear,com.android.settings.overlay.pixel2019midyear,1,2,0,0,Unknown,,,,,,
com.android.settings.overlay.pixel2021,com.android.settings.overlay.pixel2021,1,8,0,0,Unknown,,,,,,
com.android.settings.overlay.pixel2021andnewer,com.android.settings.overlay.pixel2021andnewer,1,9,0,0,Unknown,,,,,,
com.android.settings.overlay.pixel2022,com.android.settings.overlay.pixel2022,1,5,0,0,Unknown,,,,,,
com.android.settings.overlay.raven,com.android.settings.overlay.raven,1,2,0,0,Unknown,,,,,,
com.android.settings.overlay.redfin,com.android.settings.overlay.redfin,1,3,0,0,Unknown,,,,,,
com.android.settings.overlay.SettingsFuture,com.android.settings.overlay.SettingsFuture,1,4,0,0,Unknown,,,,,,
com.android.settings.overlay.sunfish,com.android.settings.overlay.sunfish,1,3,0,0,Unknown,,,,,,
com.android.sharedstoragebackup,com.android.sharedstoragebackup,1,161,0,0,Unknown,,,,,,
com.android.simappdialog.auto_generated_rro_product__,com.android.simappdialog.auto_generated_rro_product__,1,47,0,0,Unknown,,,,,,
com.android.smspush,com.android.smspush,1,29,0,0,Unknown,,,,,,
com.android.systemui.accessibility.accessibilitymenu,com.android.systemui.accessibility.accessibilitymenu,1,43,0,0,Unknown,,,,,,
com.android.systemui.accessibility.accessibilitymenu.auto_generated_rro_product__,com.android.systemui.accessibility.accessibilitymenu.auto_generated_rro_product__,1,16,0,0,Unknown,,,,,,
com.android.systemui.auto_generated_rro_product__,com.android.systemui.auto_generated_rro_product__,1,51,0,0,Unknown,,,,,,
com.android.systemui.auto_generated_rro_vendor__,com.android.systemui.auto_generated_rro_vendor__,1,51,0,0,Unknown,,,,,,
com.android.systemui.clocks.bignum,com.android.systemui.clocks.bignum,1,11,0,0,Unknown,,,,,,
com.android.systemui.clocks.calligraphy,com.android.systemui.clocks.calligraphy,1,11,0,0,Unknown,,,,,,
com.android.systemui.clocks.flex,com.android.systemui.clocks.flex,1,11,0,0,Unknown,,,,,,
com.android.systemui.clocks.growth,com.android.systemui.clocks.growth,1,11,0,0,Unknown,,,,,,
com.android.systemui.clocks.inflate,com.android.systemui.clocks.inflate,1,11,0,0,Unknown,,,,,,
com.android.systemui.clocks.metro,com.android.systemui.clocks.metro,1,11,0,0,Unknown,,,,,,
com.android.systemui.clocks.numoverlap,com.android.systemui.clocks.numoverlap,1,11,0,0,Unknown,,,,,,
com.android.systemui.clocks.weather,com.android.systemui.clocks.weather,1,11,0,0,Unknown,,,,,,
com.android.systemui.falcon.eight,com.android.systemui.falcon.eight,1,7,0,0,Unknown,,,,,,
com.android.systemui.falcon.four,com.android.systemui.falcon.four,1,7,0,0,Unknown,,,,,,
com.android.systemui.falcon.nine,com.android.systemui.falcon.nine,1,7,0,0,Unknown,,,,,,
com.android.systemui.falcon.one,com.android.systemui.falcon.one,1,7,0,0,Unknown,,,,,,
com.android.systemui.falcon.six,com.android.systemui.falcon.six,1,7,0,0,Unknown,,,,,,
com.android.systemui.falcon.three,com.android.systemui.falcon.three,1,7,0,0,Unknown,,,,,,
com.android.systemui.falcon.two,com.android.systemui.falcon.two,1,7,0,0,Unknown,,,,,,
com.android.systemui.gesture.line.overlay,com.android.systemui.gesture.line.overlay,1,8,0,0,Unknown,,,,,,
com.android.systemui.navigation.bar.overlay,com.android.systemui.navigation.bar.overlay,1,8,0,0,Unknown,,,,,,
com.android.systemui.overlay.common,com.android.systemui.overlay.common,1,21,0,0,Unknown,,,,,,
com.android.systemui.overlay.fingerprint.anim.ccyh,com.android.systemui.overlay.fingerprint.anim.ccyh,1,5,0,0,Unknown,,,,,,
com.android.systemui.overlay.fingerprint.anim.jhsy,com.android.systemui.overlay.fingerprint.anim.jhsy,1,5,0,0,Unknown,,,,,,
com.android.systemui.overlay.fingerprint.anim.jslz,com.android.systemui.overlay.fingerprint.anim.jslz,1,5,0,0,Unknown,,,,,,
com.android.systemui.overlay.fingerprint.anim.lgsy,com.android.systemui.overlay.fingerprint.anim.lgsy,1,5,0,0,Unknown,,,,,,
com.android.systemui.overlay.fingerprint.anim.nlgs,com.android.systemui.overlay.fingerprint.anim.nlgs,1,5,0,0,Unknown,,,,,,
com.android.systemui.overlay.fingerprint.anim.tyjw,com.android.systemui.overlay.fingerprint.anim.tyjw,1,5,0,0,Unknown,,,,,,
com.android.systemui.overlay.fingerprint.anim.xklc,com.android.systemui.overlay.fingerprint.anim.xklc,1,5,0,0,Unknown,,,,,,
com.android.systemui.overlay.miui,com.android.systemui.overlay.miui,1,8,0,0,Unknown,,,,,,
com.android.systemui.plugin.globalactions.wallet,com.android.systemui.plugin.globalactions.wallet,1,52,0,0,Unknown,,,,,,
com.android.telephony.imsmedia,com.android.telephony.imsmedia,1,8,0,0,Unknown,,,,,,
com.android.theme.color.brown,com.android.theme.color.brown,1,4,0,0,Unknown,,,,,,
com.android.theme.color.cherry,com.android.theme.color.cherry,1,4,0,0,Unknown,,,,,,
com.android.theme.color.darklake,com.android.theme.color.darklake,1,4,0,0,Unknown,,,,,,
com.android.theme.color.dorange,com.android.theme.color.dorange,1,4,0,0,Unknown,,,,,,
com.android.theme.color.dpurple,com.android.theme.color.dpurple,1,4,0,0,Unknown,,,,,,
com.android.theme.color.lgreen,com.android.theme.color.lgreen,1,4,0,0,Unknown,,,,,,
com.android.theme.color.magentahaze,com.android.theme.color.magentahaze,1,4,0,0,Unknown,,,,,,
com.android.theme.color.parasailing,com.android.theme.color.parasailing,1,4,0,0,Unknown,,,,,,
com.android.theme.color.saffron,com.android.theme.color.saffron,1,4,0,0,Unknown,,,,,,
com.android.theme.color.slate,com.android.theme.color.slate,1,4,0,0,Unknown,,,,,,
com.android.theme.font.barlowsource,com.android.theme.font.barlowsource,1,4,0,0,Unknown,,,,,,
com.android.theme.font.quicksandsource,com.android.theme.font.quicksandsource,1,4,0,0,Unknown,,,,,,
com.android.thememanager.gliobal_config.config.overlay,com.android.thememanager.gliobal_config.config.overlay,1,8,0,0,Unknown,,,,,,
com.android.traceur.auto_generated_rro_product__,com.android.traceur.auto_generated_rro_product__,1,30,0,0,Unknown,,,,,,
com.android.traceur.auto_generated_rro_vendor__,com.android.traceur.auto_generated_rro_vendor__,1,30,0,0,Unknown,,,,,,
com.android.virtualmachine.res,com.android.virtualmachine.res,1,25,0,0,Unknown,,,,,,
com.android.wallpaperbackup,com.android.wallpaperbackup,1,986,0,0,Unknown,,,,,,
com.android.wifi.mainline.resources.overlay,com.android.wifi.mainline.resources.overlay,1,6,0,0,Unknown,,,,,,
com.android.wifi.resources.overlay,com.android.wifi.resources.overlay,1,8,0,0,Unknown,,,,,,
com.android.wifi.resources.overlay.common,com.android.wifi.resources.overlay.common,1,21,0,0,Unknown,,,,,,
com.android.wifi.resources.overlay.motCommon,com.android.wifi.resources.overlay.motCommon,1,4,0,0,Unknown,,,,,,
com.android.wifi.resources.overlay.oplus,com.android.wifi.resources.overlay.oplus,1,16,0,0,Unknown,,,,,,
com.android.wifi.resources.overlay.target,com.android.wifi.resources.overlay.target,1,21,0,0,Unknown,,,,,,
com.android.wifi.resources.overlay.taro,com.android.wifi.resources.overlay.taro,1,11,0,0,Unknown,,,,,,
com.android.wifi.resources.xiaomi,com.android.wifi.resources.xiaomi,1,8,0,0,Unknown,,,,,,
com.android.wifi.system.mainline.resources.overlay,com.android.wifi.system.mainline.resources.overlay,1,7,0,0,Unknown,,,,,,
com.android.wifi.system.resources.overlay,com.android.wifi.system.resources.overlay,1,7,0,0,Unknown,,,,,,
com.bankofamerica.prepaid,com.bankofamerica.prepaid,1,2,0,0,Unknown,,,,,,
com.bsp.charginginfo,com.bsp.charginginfo.CitApplication,1,3,0,0,Unknown,,,,,,
com.google.android.apps.cbrsnetworkmonitor,com.google.android.apps.cbrsnetworkmonitor,1,1270,0,0,Unknown,,,,,,
com.google.android.apps.internal.betterbug,com.google.android.apps.internal.betterbug,1,30,0,0,Unknown,,,,,,
com.google.android.apps.privacy.wildlife,com.google.android.apps.privacy.wildlife,1,1,0,0,Unknown,,,,,,
com.google.android.apps.scone.overlays,com.google.android.apps.scone.overlays,1,5,0,0,Unknown,,,,,,
com.google.android.apps.wallpaper.auto_generated_rro_vendor__,com.google.android.apps.wallpaper.auto_generated_rro_vendor__,1,3,0,0,Unknown,,,,,,
com.google.android.appsearch.apk,com.google.android.appsearch.apk,1,3,0,0,Unknown,,,,,,
com.google.android.bluetooth.services,com.google.android.bluetooth.services,1,10,0,0,Unknown,,,,,,
com.google.android.cbrsnetworkmonitor,com.google.android.cbrsnetworkmonitor,1,589,0,0,Unknown,,,,,,
com.google.android.cellbroadcastreceiver.overlay.miui,com.google.android.cellbroadcastreceiver.overlay.miui,1,8,0,0,Unknown,,,,,,
com.google.android.cellbroadcastservice.overlay.miui,com.google.android.cellbroadcastservice.overlay.miui,1,8,0,0,Unknown,,,,,,
com.google.android.connectivity.resources.overlay,com.google.android.connectivity.resources.overlay,1,30,0,0,Unknown,,,,,,
com.google.android.connectivity.resources.overlay.oplus,com.google.android.connectivity.resources.overlay.oplus,1,11,0,0,Unknown,,,,,,
com.google.android.documentsui.theme.pixel,com.google.android.documentsui.theme.pixel,1,47,0,0,Unknown,,,,,,
com.google.android.euiccoverlay,com.google.android.euiccoverlay,1,24,0,0,Unknown,,,,,,
com.google.android.federatedcompute,com.google.android.federatedcompute,1,71,0,0,Unknown,,,,,,
com.google.android.flipendo.auto_generated_rro_product__,com.google.android.flipendo.auto_generated_rro_product__,1,24,0,0,Unknown,,,,,,
com.google.android.flipendo.auto_generated_rro_vendor__,com.google.android.flipendo.auto_generated_rro_vendor__,1,24,0,0,Unknown,,,,,,
com.google.android.gms.policy_sidecar_aps,com.google.android.gms.policy_sidecar_aps,1,8,0,0,Unknown,,,,,,
com.google.android.googlequicksearchbox.nga_resources,com.google.android.googlequicksearchbox.nga_resources,1,34,0,0,Unknown,,,,,,
com.google.android.grilservice,com.google.android.grilservice,1,1182,0,0,Unknown,,,,,,
com.google.android.hardwareinfo,com.google.android.hardwareinfo,1,29,0,0,Unknown,,,,,,
com.google.android.health.connect.backuprestore,com.google.android.health.connect.backuprestore,1,40,0,0,Unknown,,,,,,
com.google.android.iwlan,com.google.android.iwlan,1,184,0,0,Unknown,,,,,,
com.google.android.libraries.internal.sampleads_10003,com.google.android.libraries.internal.sampleads_10003,1,1,0,0,Unknown,,,,,,
com.google.android.microdroid.empty_payload,com.google.android.microdroid.empty_payload,1,15,0,0,Unknown,,,,,,
com.google.android.nearby.halfsheet,com.google.android.nearby.halfsheet,1,109,0,0,Unknown,,,,,,
com.google.android.networkstack.tethering.overlay2021,com.google.android.networkstack.tethering.overlay2021,1,19,0,0,Unknown,,,,,,
com.google.android.overlay.DeviceAsWebcam,com.google.android.overlay.DeviceAsWebcam,1,5,0,0,Unknown,,,,,,
com.google.android.overlay.devicelockcontroller,com.google.android.overlay.devicelockcontroller,1,16,0,0,Unknown,,,,,,
com.google.android.overlay.gms,com.google.android.overlay.gms,1,5,0,0,Unknown,,,,,,
com.google.android.overlay.gmsconfig,com.google.android.overlay.gmsconfig,1,3,0,0,Unknown,,,,,,
com.google.android.overlay.gmsconfig.asi,com.google.android.overlay.gmsconfig.asi,1,77,0,0,Unknown,,,,,,
com.google.android.overlay.gmsconfig.common,com.google.android.overlay.gmsconfig.common,1,122,0,0,Unknown,,,,,,
com.google.android.overlay.gmsconfig.comms,com.google.android.overlay.gmsconfig.comms,1,33,0,0,Unknown,,,,,,
com.google.android.overlay.gmsconfig.geotz,com.google.android.overlay.gmsconfig.geotz,1,74,0,0,Unknown,,,,,,
com.google.android.overlay.gmsconfig.gsa,com.google.android.overlay.gmsconfig.gsa,1,121,0,0,Unknown,,,,,,
com.google.android.overlay.gmsconfig.personalsafety,com.google.android.overlay.gmsconfig.personalsafety,1,7,0,0,Unknown,,,,,,
com.google.android.overlay.gmsconfig.photos,com.google.android.overlay.gmsconfig.photos,1,95,0,0,Unknown,,,,,,
com.google.android.overlay.gmsgsaconfig,com.google.android.overlay.gmsgsaconfig,1,3,0,0,Unknown,,,,,,
com.google.android.overlay.googleconfig,com.google.android.overlay.googleconfig,1,47,0,0,Unknown,,,,,,
com.google.android.overlay.googlewebview,com.google.android.overlay.googlewebview,1,47,0,0,Unknown,,,,,,
com.google.android.overlay.healthconnect,com.google.android.overlay.healthconnect,1,3,0,0,Unknown,,,,,,
com.google.android.overlay.modules.captiveportallogin.forframework,com.google.android.overlay.modules.captiveportallogin.forframework,1,78,0,0,Unknown,,,,,,
com.google.android.overlay.modules.cellbroadcastreceiver,com.google.android.overlay.modules.cellbroadcastreceiver,1,88,0,0,Unknown,,,,,,
com.google.android.overlay.modules.cellbroadcastservice,com.google.android.overlay.modules.cellbroadcastservice,1,87,0,0,Unknown,,,,,,
com.google.android.overlay.modules.documentsui,com.google.android.overlay.modules.documentsui,1,121,0,0,Unknown,,,,,,
com.google.android.overlay.modules.ext.services,com.google.android.overlay.modules.ext.services,1,103,0,0,Unknown,,,,,,
com.google.android.overlay.modules.modulemetadata.forframework,com.google.android.overlay.modules.modulemetadata.forframework,1,100,0,0,Unknown,,,,,,
com.google.android.overlay.modules.permissioncontroller,com.google.android.overlay.modules.permissioncontroller,1,120,0,0,Unknown,,,,,,
com.google.android.overlay.modules.permissioncontroller.forframework,com.google.android.overlay.modules.permissioncontroller.forframework,1,124,0,0,Unknown,,,,,,
com.google.android.overlay.permissioncontroller,com.google.android.overlay.permissioncontroller,1,47,0,0,Unknown,,,,,,
com.google.android.overlay.pixelconfig2017,com.google.android.overlay.pixelconfig2017,1,11,0,0,Unknown,,,,,,
com.google.android.overlay.pixelconfig2018,com.google.android.overlay.pixelconfig2018,1,47,0,0,Unknown,,,,,,
com.google.android.overlay.pixelconfig2019,com.google.android.overlay.pixelconfig2019,1,34,0,0,Unknown,,,,,,
com.google.android.overlay.pixelconfig2019midyear,com.google.android.overlay.pixelconfig2019midyear,1,36,0,0,Unknown,,,,,,
com.google.android.overlay.pixelconfig2021,com.google.android.overlay.pixelconfig2021,1,19,0,0,Unknown,,,,,,
com.google.android.overlay.pixelconfigbramble,com.google.android.overlay.pixelconfigbramble,1,5,0,0,Unknown,,,,,,
com.google.android.overlay.pixelconfigcommon,com.google.android.overlay.pixelconfigcommon,1,47,0,0,Unknown,,,,,,
com.google.android.overlay.pixelconfigsunfish,com.google.android.overlay.pixelconfigsunfish,1,3,0,0,Unknown,,,,,,
com.google.android.overlay.trafficlightfaceoverlay,com.google.android.overlay.trafficlightfaceoverlay,1,8,0,0,Unknown,,,,,,
com.google.android.overlay.udfpsoverlay,com.google.android.overlay.udfpsoverlay,1,19,0,0,Unknown,,,,,,
com.google.android.permissioncontroller.overlay.oplus,com.google.android.permissioncontroller.overlay.oplus,1,14,0,0,Unknown,,,,,,
com.google.android.permissioncontroller.overlay.oppo,com.google.android.permissioncontroller.overlay.oppo,1,5,0,0,Unknown,,,,,,
com.google.android.pixel.setupwizard.auto_generated_rro_product__,com.google.android.pixel.setupwizard.auto_generated_rro_product__,1,36,0,0,Unknown,,,,,,
com.google.android.pixelnfc,"com.google.android.pixelnfc, pixelnfc",2,34,0,0,Unknown,,,,,,
com.google.android.pixelsystemservice,com.google.android.pixelsystemservice.PersistentApplication,1,9,0,0,Unknown,,,,,,
com.google.android.rilextension,com.google.android.rilextension,1,8,0,0,Unknown,,,,,,
com.google.android.sdksandbox,com.google.android.sdksandbox,1,101,0,0,Unknown,,,,,,
com.google.android.server.deviceconfig.resources,com.google.android.server.deviceconfig.resources,1,2,0,0,Unknown,,,,,,
com.google.android.settings.overlay.clearcallingsettings2022,com.google.android.settings.overlay.clearcallingsettings2022,1,8,0,0,Unknown,,,,,,
com.google.android.settings.overlay.pixelvpnconfig,com.google.android.settings.overlay.pixelvpnconfig,1,2,0,0,Unknown,,,,,,
com.google.android.storagemanager.auto_generated_rro_product__,com.google.android.storagemanager.auto_generated_rro_product__,1,24,0,0,Unknown,,,,,,
com.google.android.storagemanager.auto_generated_rro_vendor__,com.google.android.storagemanager.auto_generated_rro_vendor__,1,24,0,0,Unknown,,,,,,
com.google.android.systemui.overlay.pixelbatteryhealthconfig,com.google.android.systemui.overlay.pixelbatteryhealthconfig,1,9,0,0,Unknown,,,,,,
com.google.android.systemui.overlay.pixelvpnconfig,com.google.android.systemui.overlay.pixelvpnconfig,1,2,0,0,Unknown,,,,,,
com.google.android.telephony,com.google.android.telephony,1,64,0,0,Unknown,,,,,,
com.google.android.trichromelibrary_584509331,com.google.android.trichromelibrary_584509331,1,1,0,0,Unknown,,,,,,
com.google.android.trichromelibrary_593815633,com.google.android.trichromelibrary_593815633,1,1,0,0,Unknown,,,,,,
com.google.android.uvexposurereporter,com.google.android.uvexposurereporter,1,34,0,0,Unknown,,,,,,
com.google.android.uwb.resources.pixel,com.google.android.uwb.resources.pixel,1,3,0,0,Unknown,,,,,,
com.google.android.virtualmachine.res,com.google.android.virtualmachine.res,1,17,0,0,Unknown,,,,,,
com.google.android.wifi.dialog,com.google.android.wifi.dialog,1,40,0,0,Unknown,,,,,,
com.google.android.wifi.resources.overlay.common,com.google.android.wifi.resources.overlay.common,1,14,0,0,Unknown,,,,,,
com.google.android.wifi.resources.overlay.target,com.google.android.wifi.resources.overlay.target,1,14,0,0,Unknown,,,,,,
com.google.android.wifi.resources.overlay.taro,com.google.android.wifi.resources.overlay.taro,1,11,0,0,Unknown,,,,,,
com.google.android.wifi.resources.pixel,com.google.android.wifi.resources.pixel,1,36,0,0,Unknown,,,,,,
com.google.euiccpixel.overlay.gs101,com.google.euiccpixel.overlay.gs101,1,9,0,0,Unknown,,,,,,
com.google.euiccpixel.overlay.gs201,com.google.euiccpixel.overlay.gs201,1,8,0,0,Unknown,,,,,,
com.google.euiccpixel.permissions,com.google.euiccpixel.permissions,1,30,0,0,Unknown,,,,,,
com.google.pixel.camera.services,com.google.pixel.camera.services.PersistentApplication,1,64,0,0,Unknown,,,,,,
com.google.pixel.digitalkey.timesync,"com.google.pixel.digitalkey.timesync, com.google.pixel.digitalkey.timesync.CccDkTimeSyncApplication",2,59,0,0,Unknown,,,,,,
com.google.pixel.dynamicwallpapers,com.google.pixel.dynamicwallpapers,1,10,0,0,Unknown,,,,,,
com.google.SSRestartDetector,com.google.SSRestartDetector,1,381,0,0,Unknown,,,,,,
com.lge.entitlementcheckservice,com.lge.entitlementcheckservice,1,1,0,0,Unknown,,,,,,
com.lge.icecontacts,com.lge.icecontacts,1,1,0,0,Unknown,,,,,,
com.lge.ims.rcsprovider,com.lge.ims.rcsprovider,1,1,0,0,Unknown,,,,,,
com.lge.provider.lockscreensettings,com.lge.provider.lockscreensettings,1,507,0,0,Unknown,,,,,,
com.lge.provider.systemui,com.lge.provider.systemui,1,1,0,0,Unknown,,,,,,
com.lge.sdencryption,com.lge.sdencryption,1,1,0,0,Unknown,,,,,,
com.lge.smartshare.provider,com.lge.smartshare.provider,1,24,0,0,Unknown,,,,,,
com.mediatek,com.mediatek,1,90,0,0,Unknown,,,,,,
com.mediatek.apmonitor,com.mediatek.apmonitor.ApmApplication,1,2,0,0,Unknown,,,,,,
com.mediatek.carrierexpress,com.mediatek.carrierexpress,1,79,0,0,Unknown,,,,,,
com.mediatek.cellbroadcastuiresoverlay,com.mediatek.cellbroadcastuiresoverlay,1,10,0,0,Unknown,,,,,,
com.mediatek.contacts.plugin,com.mediatek.contacts.plugin,1,2,0,0,Unknown,,,,,,
com.mediatek.entitlement,com.mediatek.entitlement.EntitlementApp,1,5,0,0,Unknown,,,,,,
com.mediatek.entitlement.fcm,com.mediatek.entitlement.fcm,1,5,0,0,Unknown,,,,,,
com.mediatek.frameworkresoverlay,com.mediatek.frameworkresoverlay,1,10,0,0,Unknown,,,,,,
com.mediatek.FrameworkResOverlayExt,com.mediatek.FrameworkResOverlayExt,1,10,0,0,Unknown,,,,,,
com.mediatek.gbaservice,com.mediatek.gbaservice,1,26,0,0,Unknown,,,,,,
com.mediatek.MtkSettingsResOverlay,com.mediatek.MtkSettingsResOverlay,1,8,0,0,Unknown,,,,,,
com.mediatek.op18.mms,com.mediatek.op18.mms,1,2,0,0,Unknown,,,,,,
com.mediatek.op18.omacp,com.mediatek.op18.omacp,1,2,0,0,Unknown,,,,,,
com.mediatek.presence,com.mediatek.presence.service.CoreApplication,1,2,0,0,Unknown,,,,,,
com.mediatek.SettingsProviderResOverlay,com.mediatek.SettingsProviderResOverlay,1,10,0,0,Unknown,,,,,,
com.mediatek.systemuiresoverlay,com.mediatek.systemuiresoverlay,1,10,0,0,Unknown,,,,,,
com.mediatek.systemuiwmshellresoverlay,com.mediatek.systemuiwmshellresoverlay,1,4,0,0,Unknown,,,,,,
com.mediatek.voiceunlock,com.mediatek.voiceunlock,1,6,0,0,Unknown,,,,,,
com.microsoftsdk.crossdeviceservicebroker,com.microsoftsdk.crossdeviceservicebroker,1,13,0,0,Unknown,,,,,,
com.miui.core.internal.editor.services,com.miui.core.internal.editor.services,1,2,0,0,Unknown,,,,,,
com.miui.core.internal.services,com.miui.core.internal.services,1,8,0,0,Unknown,,,,,,
com.miui.face.overlay.miui,com.miui.face.overlay.miui,1,8,0,0,Unknown,,,,,,
com.miui.system,com.miui.internal.app.SystemApplication,1,8,0,0,Unknown,,,,,,
com.miui.miwallpaper.overlay,com.miui.miwallpaper.overlay,1,8,0,0,Unknown,,,,,,
com.miui.miwallpaper.overlay.customize,com.miui.miwallpaper.overlay.customize,1,8,0,0,Unknown,,,,,,
com.miui.miwallpaper.wallpaperoverlay.config.overlay,com.miui.miwallpaper.wallpaperoverlay.config.overlay,1,4,0,0,Unknown,,,,,,
com.miui.phone.carriers.overlay.h3g,com.miui.phone.carriers.overlay.h3g,1,8,0,0,Unknown,,,,,,
com.miui.phone.carriers.overlay.vodafone,com.miui.phone.carriers.overlay.vodafone,1,8,0,0,Unknown,,,,,,
com.miui.rom,com.miui.rom,1,1565,0,0,Unknown,,,,,,
com.miui.settings.rro.device.config.overlay,com.miui.settings.rro.device.config.overlay,1,4,0,0,Unknown,,,,,,
com.miui.settings.rro.device.hide.statusbar.overlay,com.miui.settings.rro.device.hide.statusbar.overlay,1,7,0,0,Unknown,,,,,,
com.miui.settings.rro.device.type.overlay,com.miui.settings.rro.device.type.overlay,1,7,0,0,Unknown,,,,,,
com.miui.system.overlay,com.miui.system.overlay,1,7,0,0,Unknown,,,,,,
com.miui.systemui.carriers.overlay,com.miui.systemui.carriers.overlay,1,8,0,0,Unknown,,,,,,
com.miui.systemui.devices.overlay,com.miui.systemui.devices.overlay,1,8,0,0,Unknown,,,,,,
com.miui.systemui.overlay.devices.android,com.miui.systemui.overlay.devices.android,1,8,0,0,Unknown,,,,,,
com.miui.wallpaper.overlay,com.miui.wallpaper.overlay,1,8,0,0,Unknown,,,,,,
com.miui.wallpaper.overlay.customize,com.miui.wallpaper.overlay.customize,1,8,0,0,Unknown,,,,,,
com.modemdebug,com.modemdebug,1,40,0,0,Unknown,,,,,,
com.motorola.android.networkstack.tethering.overlay.motCommon,com.motorola.android.networkstack.tethering.overlay.motCommon,1,4,0,0,Unknown,,,,,,
com.motorola.android.providers.chromehomepage,com.motorola.android.providers.chromehomepage,1,10,0,0,Unknown,,,,,,
com.motorola.android.providers.settings.auto_generated_rro_product__,com.motorola.android.providers.settings.auto_generated_rro_product__,1,4,0,0,Unknown,,,,,,
com.motorola.bug2go,com.motorola.bug2go,1,33,0,0,Unknown,,,,,,
com.motorola.callredirectionservice,com.motorola.callredirectionservice,1,4,0,0,Unknown,,,,,,
com.motorola.camera2.content.ai,com.motorola.camera2.content.ai,1,4,0,0,Unknown,,,,,,
com.motorola.common.overlay,com.motorola.common.overlay,1,4,0,0,Unknown,,,,,,
com.motorola.iqimotmetrics,com.motorola.iqimotmetrics,1,850,0,0,Unknown,,,,,,
com.motorola.launcherconfig,com.motorola.launcherconfig,1,4,0,0,Unknown,,,,,,
com.motorola.launcherconfig.overlay.amxar,com.motorola.launcherconfig.overlay.amxar,1,4,0,0,Unknown,,,,,,
com.motorola.launcherconfig.overlay.amxbr,com.motorola.launcherconfig.overlay.amxbr,1,4,0,0,Unknown,,,,,,
com.motorola.launcherconfig.overlay.amxcl,com.motorola.launcherconfig.overlay.amxcl,1,4,0,0,Unknown,,,,,,
com.motorola.launcherconfig.overlay.amxco,com.motorola.launcherconfig.overlay.amxco,1,4,0,0,Unknown,,,,,,
com.motorola.launcherconfig.overlay.amxla,com.motorola.launcherconfig.overlay.amxla,1,4,0,0,Unknown,,,,,,
com.motorola.launcherconfig.overlay.amxmx,com.motorola.launcherconfig.overlay.amxmx,1,4,0,0,Unknown,,,,,,
com.motorola.launcherconfig.overlay.amxpe,com.motorola.launcherconfig.overlay.amxpe,1,4,0,0,Unknown,,,,,,
com.motorola.launcherconfig.overlay.comcast,com.motorola.launcherconfig.overlay.comcast,1,4,0,0,Unknown,,,,,,
com.motorola.launcherconfig.overlay.fi,com.motorola.launcherconfig.overlay.fi,1,4,0,0,Unknown,,,,,,
com.motorola.launcherconfig.overlay.usc,com.motorola.launcherconfig.overlay.usc,1,4,0,0,Unknown,,,,,,
com.motorola.motosignature.app,com.motorola.motosignature.app,1,4,0,0,Unknown,,,,,,
com.motorola.motosignature2.app,com.motorola.motosignature2.app,1,4,0,0,Unknown,,,,,,
com.motorola.overlay.googledps,com.motorola.overlay.googledps,1,4,0,0,Unknown,,,,,,
com.motorola.setup.auto_generated_rro_vendor__,com.motorola.setup.auto_generated_rro_vendor__,1,4,0,0,Unknown,,,,,,
com.motorola.setup.overlay.amx,com.motorola.setup.overlay.amx,1,4,0,0,Unknown,,,,,,
com.motorola.setup.overlay.comcast,com.motorola.setup.overlay.comcast,1,4,0,0,Unknown,,,,,,
com.motorola.setup.overlay.pai,com.motorola.setup.overlay.pai,1,4,0,0,Unknown,,,,,,
com.motorola.systemserver,com.motorola.systemserver,1,33,0,0,Unknown,,,,,,
com.motorola.telprov,com.motorola.telprov,1,4,0,0,Unknown,,,,,,
com.motorola.wifi.motowifimetrics,com.motorola.wifi.motowifimetrics,1,4,0,0,Unknown,,,,,,
com.myos.cameraoverlay,com.myos.cameraoverlay,1,2,0,0,Unknown,,,,,,
com.oplus.android.overlay.gmsconfig.common,com.oplus.android.overlay.gmsconfig.common,1,26,0,0,Unknown,,,,,,
com.oplus.android.overlay.modules.documentsui,com.oplus.android.overlay.modules.documentsui,1,26,0,0,Unknown,,,,,,
com.oplus.framework_bluetooth.overlay,com.oplus.framework_bluetooth.overlay,1,21,0,0,Unknown,,,,,,
com.oplus.framework.rro.att,com.oplus.framework.rro.att,1,21,0,0,Unknown,,,,,,
com.oplus.framework.rro.oneplus,com.oplus.framework.rro.oneplus,1,21,0,0,Unknown,,,,,,
com.oplus.ocloud,com.oplus.ocloud,1,21,0,0,Unknown,,,,,,
com.qorvo.uwb,com.qorvo.uwb.UwbApp,1,1,0,0,Unknown,,,,,,
com.qorvo.uwb.vendorservice,com.qorvo.uwb.vendorservice.android.UwbApp,1,50,0,0,Unknown,,,,,,
com.qti.diagservices,com.qti.diagservices,1,20,0,0,Unknown,,,,,,
com.qti.dpmserviceapp,com.qti.dpmserviceapp,1,50,0,0,Unknown,,,,,,
com.qti.phone,"com.qti.phone, com.qti.phone.QtiPhoneApp",2,208,0,0,Unknown,,,,,,
com.qti.qualcomm.datastatusnotification,com.qti.qualcomm.datastatusnotification,1,251,0,0,Unknown,,,,,,
com.qti.qualcomm.mstatssystemservice,com.qti.qualcomm.mstatssystemservice,1,1,0,0,Unknown,,,,,,
com.qti.service.colorservice,com.qti.service.colorservice,1,18,0,0,Unknown,,,,,,
com.qualcomm.atfwd,com.qualcomm.atfwd,1,228,0,0,Unknown,,,,,,
com.qualcomm.atfwd2,com.qualcomm.atfwd2,1,15,0,0,Unknown,,,,,,
com.qualcomm.embms,com.qualcomm.embms,1,2103,0,0,Unknown,,,,,,
com.qualcomm.overlay.target,com.qualcomm.overlay.target,1,2,0,0,Unknown,,,,,,
com.qualcomm.qcrilmsgtunnel,com.qualcomm.qcrilmsgtunnel,1,209,0,0,Unknown,,,,,,
com.qualcomm.qti.devicestatisticsservice,com.qualcomm.qti.devicestatisticsservice,1,107,0,0,Unknown,,,,,,
com.qualcomm.qti.dynamicddsservice,com.qualcomm.qti.dynamicddsservice,1,163,0,0,Unknown,,,,,,
com.qualcomm.qti.improvetouch.service,com.qualcomm.qti.improvetouch.service.ImproveTouchApp,1,5,0,0,Unknown,,,,,,
com.qualcomm.qti.ims,com.qualcomm.qti.ims,1,23,0,0,Unknown,,,,,,
com.qualcomm.qti.lpa,com.qualcomm.qti.lpa,1,23,0,0,Unknown,,,,,,
com.qualcomm.qti.qms.service.trustzoneaccess,com.qualcomm.qti.qms.service.trustzoneaccess,1,2,0,0,Unknown,,,,,,
com.qualcomm.qti.qtisystemservice,com.qualcomm.qti.qtisystemservice,1,5,0,0,Unknown,,,,,,
com.qualcomm.qti.remoteSimlockAuth,com.qualcomm.qti.remoteSimlockAuth,1,25,0,0,Unknown,,,,,,
com.qualcomm.qti.server.wigig.tethering.rro,com.qualcomm.qti.server.wigig.tethering.rro,1,5,0,0,Unknown,,,,,,
com.qualcomm.qti.simsettings,com.qualcomm.qti.simsettings,1,5,0,0,Unknown,,,,,,
com.qualcomm.qti.smcinvokepkgmgr,com.qualcomm.qti.smcinvokepkgmgr,1,6,0,0,Unknown,,,,,,
com.qualcomm.qti.telephonyservice,com.qualcomm.qti.telephonyservice,1,137,0,0,Unknown,,,,,,
com.qualcomm.qti.uim,com.qualcomm.qti.uim,1,28,0,0,Unknown,,,,,,
com.qualcomm.qti.uimGbaApp,com.qualcomm.qti.uimGbaApp,1,27,0,0,Unknown,,,,,,
com.qualcomm.qti.workloadclassifier,com.qualcomm.qti.workloadclassifier,1,40,0,0,Unknown,,,,,,
com.qualcomm.qtil.btdsda,com.qualcomm.qtil.btdsda,1,18,0,0,Unknown,,,,,,
com.qualcomm.timeservice,com.qualcomm.timeservice,1,111,0,0,Unknown,,,,,,
com.qualcomm.uimremoteclient,com.qualcomm.uimremoteclient,1,119,0,0,Unknown,,,,,,
com.qualcomm.uimremoteserver,com.qualcomm.uimremoteserver,1,119,0,0,Unknown,,,,,,
com.quicinc.cne.CNEService,com.quicinc.cne.CNEService.CNEServiceApp,1,114,0,0,Unknown,,,,,,
com.roaming.android.gsimbase,com.roaming.android.gsimbase,1,4,0,0,Unknown,,,,,,
com.roaming.android.gsimcontentprovider,com.roaming.android.gsimcontentprovider,1,4,0,0,Unknown,,,,,,
com.samsung.android.knox.attestation,com.samsung.android.knox.attestation,1,446,0,0,Unknown,,,,,,
com.samsung.android.mas.setting,com.samsung.android.mas.setting,1,2,0,0,Unknown,,,,,,
com.samsung.android.networkstack.tethering.inprocess.overlay,com.samsung.android.networkstack.tethering.inprocess.overlay,1,22,0,0,Unknown,,,,,,
com.samsung.android.networkstack.tethering.overlay,com.samsung.android.networkstack.tethering.overlay,1,87,0,0,Unknown,,,,,,
com.samsung.android.smartface.overlay,com.samsung.android.smartface.overlay,1,56,0,0,Unknown,,,,,,
com.samsung.android.smartswitchassistant,com.samsung.android.smartswitchassistant,1,455,0,0,Unknown,,,,,,
com.samsung.android.wallpaper.res,com.samsung.android.wallpaper.res,1,91,0,0,Unknown,,,,,,
com.samsung.android.wifi.decrease.scan.interval.resources,com.samsung.android.wifi.decrease.scan.interval.resources,1,13,0,0,Unknown,,,,,,
com.samsung.android.wifi.h2e.resources,com.samsung.android.wifi.h2e.resources,1,30,0,0,Unknown,,,,,,
com.samsung.android.wifi.increase.scan.interval.resources,com.samsung.android.wifi.increase.scan.interval.resources,1,13,0,0,Unknown,,,,,,
com.samsung.android.wifi.largetcpbuffer.resources,com.samsung.android.wifi.largetcpbuffer.resources,1,3,0,0,Unknown,,,,,,
com.samsung.android.wifi.p2paware.resources,com.samsung.android.wifi.p2paware.resources,1,63,0,0,Unknown,,,,,,
com.samsung.android.wifi.resources,com.samsung.android.wifi.resources,1,89,0,0,Unknown,,,,,,
com.samsung.android.wifi.resources.qc,com.samsung.android.wifi.resources.qc,1,10,0,0,Unknown,,,,,,
com.samsung.android.wifi.resources.wifilock,com.samsung.android.wifi.resources.wifilock,1,13,0,0,Unknown,,,,,,
com.samsung.android.wifi.saeupgradeoffload.resources,com.samsung.android.wifi.saeupgradeoffload.resources,1,2,0,0,Unknown,,,,,,
com.samsung.android.wifi.softap.resources,com.samsung.android.wifi.softap.resources,1,89,0,0,Unknown,,,,,,
com.samsung.android.wifi.softapdualap.resources,com.samsung.android.wifi.softapdualap.resources,1,7,0,0,Unknown,,,,,,
com.samsung.android.wifi.softapowe.resources,com.samsung.android.wifi.softapowe.resources,1,10,0,0,Unknown,,,,,,
com.samsung.android.wifi.softapqc.resources,com.samsung.android.wifi.softapqc.resources,1,10,0,0,Unknown,,,,,,
com.samsung.android.wifi.softapsixghz.resources,com.samsung.android.wifi.softapsixghz.resources,1,16,0,0,Unknown,,,,,,
com.samsung.android.wifi.softapwpathree.resources,com.samsung.android.wifi.softapwpathree.resources,1,64,0,0,Unknown,,,,,,
com.samsung.huxplatform,com.samsung.huxplatform,1,18,0,0,Unknown,,,,,,
com.samsung.InputEventApp,com.samsung.InputEventApp,1,442,0,0,Unknown,,,,,,
com.samsung.phone.overlay.common,com.samsung.phone.overlay.common,1,8,0,0,Unknown,,,,,,
com.samsung.slsi.telephony.oemril,"com.samsung.slsi.telephony.oemril, com.samsung.slsi.telephony.oemril.OemRilApp",2,182,0,0,Unknown,,,,,,
com.samsung.slsi.telephony.silentlogging,com.samsung.slsi.telephony.silentlogging,1,1,0,0,Unknown,,,,,,
com.samsung.ucs.agent.ese,"com.samsung.ucs.agent.ese, eSE UCS Plugin",2,198,0,0,Unknown,,,,,,
com.sec.android.app.qsfastpairoverlay,com.sec.android.app.qsfastpairoverlay,1,13,0,0,Unknown,,,,,,
com.sec.bcservice,com.sec.bcservice,1,432,0,0,Unknown,,,,,,
com.sec.enterprise.knox.attestation,com.sec.enterprise.knox.attestation,1,169,0,0,Unknown,,,,,,
com.sec.epdg,com.sec.epdg,1,453,0,0,Unknown,,,,,,
com.sec.ims,com.sec.ims,1,137,0,0,Unknown,,,,,,
com.sec.vsimservice,com.sec.internal.vsim.VSimServiceApp,1,137,0,0,Unknown,,,,,,
com.sec.phone,com.sec.phone,1,453,0,0,Unknown,,,,,,
com.ses.entitlement.o2,com.ses.entitlement.o2.EntitlementApp,1,26,0,0,Unknown,,,,,,
com.test.LTEfunctionality,com.test.LTEfunctionality,1,421,0,0,Unknown,,,,,,
com.tmobile.echolocate.system,com.tmobile.echolocate.system.TrafficStatsDBApp,1,2,0,0,Unknown,,,,,,
com.tracfone.tflock,com.tracfone.tflock,1,53,0,0,Unknown,,,,,,
com.tracfone.tfstatus,com.tracfone.tfstatus,1,53,0,0,Unknown,,,,,,
com.tracfone.tfunlock,com.tracfone.tfunlock,1,53,0,0,Unknown,,,,,,
com.verizon.obdm_permissions,com.verizon.obdm_permissions,1,14,0,0,Unknown,,,,,,
com.wing.wtsarcontrol,com.wing.wtsarcontrol,1,22,0,0,Unknown,,,,,,
com.wos.face.service,com.wos.face.service,1,2,0,0,Unknown,,,,,,
com.xiaomi.bluetooth.rro.device.config.overlay,com.xiaomi.bluetooth.rro.device.config.overlay,1,4,0,0,Unknown,,,,,,
com.xiaomi.micloud.sdk,com.xiaomi.micloudsdk.SdkApplication,1,8,0,0,Unknown,,,,,,
com.mediatek.voicecommand,"ComandoVoz, VoiceCommand",2,48,0,0,Unknown,,,,,,
com.vmn.android.comedycentral,Comedy Central,1,1,0,0,Unknown,,,,,,
com.oplus.engineermode,CommercialEngineerMode,1,21,0,0,Unknown,,,,,,
com.sec.android.app.safetyassurance,"Compartir en emergencias, Emergency sharing, Enviar mensajes SOS, Safety assistance, Send SOS Messages, Send SOS messages",6,349,0,0,Unknown,,,,,,
com.coloros.compass2,Compass,1,5,0,0,Unknown,,,,,,
com.google.android.compos.payload,CompOS,1,17,0,0,Unknown,,,,,,
com.samsung.android.mdx.kit,"Conectividad de Quick Share, MDE Service Framework, Quick Share Connectivity",3,446,0,0,Unknown,,,,,,
com.qualcomm.qti.confdialer,ConfDialer,1,11,0,0,Unknown,,,,,,
com.qti.confuridialer,Conference URI Dialer,1,50,0,0,Unknown,,,,,,
android.autoinstalls.config.samsung,ConfigAPK,1,91,0,0,Unknown,,,,,,
com.google.android.configupdater,"ConfigUpdater, com.google.android.configupdater",2,227,0,0,Unknown,,,,,,
com.synchronoss.dcs.att.r2g,"Configuraci‚àö‚â•n & Transferencia, Setup & Transfer",2,8,0,0,Unknown,,,,,,
com.samsung.android.dbsc,"Configuraci‚àö‚â•n de Servicio Galaxy, Galaxy Service Setup",2,7,0,0,Unknown,,,,,,
com.android.managedprovisioning,"Configuraci‚àö‚â•n de trabajo, Work Setup",2,214,0,0,Unknown,,,,,,
com.google.android.connectivitythermalpowermanager,Connectivity Thermal Power Manager,1,24,0,0,Unknown,,,,,,
com.samsung.android.ConnectivityOverlay,ConnectivityOverlay,1,63,0,0,Unknown,,,,,,
com.samsung.android.ConnectivityUxOverlay,ConnectivityUxOverlay,1,64,0,0,Unknown,,,,,,
com.android.sdm.plugins.connmo,ConnMO,1,51,0,0,Unknown,,,,,,
com.sec.android.widgetapp.easymodecontactswidget,"Contactos favoritos, Favorite Contacts",2,217,0,0,Unknown,,,,,,
com.android.providers.contactkeys,ContactsKeys Storage,1,4,0,0,Unknown,,,,,,
com.samsung.android.container,ContainerService,1,89,0,0,Unknown,,,,,,
com.samsung.android.providers.context,Context Service,1,323,0,0,Unknown,,,,,,
com.samsung.android.mcfds,"Continuity Service, MCFDeviceContinuity",2,261,0,0,Unknown,,,,,,
com.motorola.motofpstouch,Control¬¨‚Ä†t‚àö¬∞ctil¬¨‚Ä†Moto,1,2,0,0,Unknown,,,,,,
com.samsung.android.app.parentalcare,"Controles parentales, Parental controls",2,56,0,0,Unknown,,,,,,
com.convertio.fileconverter,Convertio,1,17,0,0,Unknown,,,,,,
com.monotype.android.font.cooljazz,CoolEUKor,1,3,0,0,Unknown,,,,,,
com.android.internal.display.cutout.emulation.corner,"Corner cutout, Corner display cut out, Corte de la esquina, com.android.internal.display.cutout.emulation.corner",4,161,0,0,Unknown,,,,,,
com.microsoft.cortana,Cortana,1,6,0,0,Unknown,,,,,,
com.android.internal.display.cutout.emulation.tall,"Corte alto, Tall cutout, Tall display cutout, com.android.internal.display.cutout.emulation.tall",4,162,0,0,Unknown,,,,,,
com.android.internal.display.cutout.emulation.waterfall,"Corte de cascada, Waterfall cutout, com.android.internal.display.cutout.emulation.waterfall",3,157,0,0,Unknown,,,,,,
com.android.internal.display.cutout.emulation.hole,"Corte de perforadora, Punch Hole cutout, Punch hole cutout, com.android.internal.display.cutout.emulation.hole",4,156,0,0,Unknown,,,,,,
com.android.internal.display.cutout.emulation.double,"Corte doble, Double cutout, Double display cutout, com.android.internal.display.cutout.emulation.double",4,161,0,0,Unknown,,,,,,
com.android.systemui.overlay.fingerprint.anim.cosmos,Cosmos,1,14,0,0,Unknown,,,,,,
cm.clean.master.cleaner.booster.cpu.cooler,CPU Monitor,1,5,0,0,Unknown,,,,,,
com.oplus.crashbox,CrashBox,1,26,0,0,Unknown,,,,,,
com.samsung.app.highlightplayer,"Crear video, Create movie, Story Video Editor",3,209,0,0,Unknown,,,,,,
com.adobe.cc,Creative Cloud,1,1,0,0,Unknown,,,,,,
com.samsung.android.app.camera.sticker.facearavatar.preload,"Crocro and friends, Crocro y amigos",2,60,0,0,Unknown,,,,,,
com.sec.android.app.kids3d,"Crocro's Friends
 Village",1,109,0,0,Unknown,,,,,,
com.google.ambient.streaming,"Cross-Device Services, Cross-device services",2,25,0,0,Unknown,,,,,,
com.uk.best.cross.word.game,Crossword Puzzle Free,1,1,0,0,Unknown,,,,,,
com.samsung.sec.android.application.csc,CSC,1,431,0,0,Unknown,,,,,,
com.samsung.android.app.ledbackcover,"Cubierta LED, LED Cover",2,59,0,0,Unknown,,,,,,
me.curiouscat.app,CuriousCat,1,2,0,0,Unknown,,,,,,
com.google.android.apps.plus,Currents,1,2,0,0,Unknown,,,,,,
com.oplus.customize.coreapp,CustCoreApp,1,26,0,0,Unknown,,,,,,
com.verizon.obdm,"D-MAT, com.verizon.obdm",2,23,0,0,Unknown,,,,,,
daily.appfront.com,Daily Creative,1,16,0,0,Unknown,,,,,,
com.android.systemui.theme.dark,Dark,1,8,0,0,Unknown,,,,,,
com.starikov.datecalc,Days Counter,1,6,0,0,Unknown,,,,,,
gov.dc.covid19.exposurenotifications,DC CAN,1,1,0,0,Unknown,,,,,,
com.dctransit.dcmetroapp,DC Transit: DC Metro & Bus,1,8,0,0,Unknown,,,,,,
com.qti.dcf,dcf,1,18,0,0,Unknown,,,,,,
com.samsung.android.dck.timesync,DckTimeSyncApplication,1,217,0,0,Unknown,,,,,,
com.debug.loggerui,DebugLoggerUI,1,7,0,0,Unknown,,,,,,
com.samsung.android.livestickers,DECO PIC,1,94,0,0,Unknown,,,,,,
com.coloros.deepthinker,DeepThinker,1,5,0,0,Unknown,,,,,,
com.samsung.android.a50.d01.wallpapermulti,Default,1,22,0,0,Unknown,,,,,,
com.deltadental.HealthApp,Delta Dental,1,1,0,0,Unknown,,,,,,
com.motorola.faceunlock,"Desbloqueo facial de Motorola, Motorola face unlock",2,154,0,0,Unknown,,,,,,
com.graphic.design.space.print.sticker,Design Studio,1,33,0,0,Unknown,,,,,,
com.motorola.systemui.desk,DesktopSystemUI,1,172,0,0,Unknown,,,,,,
com.motorola.motocare,Device Care,1,4,0,0,Unknown,,,,,,
android.autoinstalls.config.oneplus,Device configuration,1,16,0,0,Unknown,,,,,,
android.autoinstalls.config.oppo,Device configuration,1,5,0,0,Unknown,,,,,,
android.autoinstalls.config.BLU.B1550VL,Device configuration,1,2,0,0,Unknown,,,,,,
android.autoinstalls.config.google.nexus,"Device configuration, android.autoinstalls.config.google.nexus",2,36,0,0,Unknown,,,,,,
com.google.android.apps.pixel.dcservice,Device Connectivity Service,1,2,0,0,Unknown,,,,,,
com.google.android.turboadapter,Device Health Services Adapter,1,296,0,0,Unknown,,,,,,
com.att.iqi,"Device Health, Diagn‚àö‚â•sticos de Red M‚àö‚â•vil, Mobile Network Diagnostics, com.att.iqi",4,37,0,0,Unknown,,,,,,
com.qti.qualcomm.deviceinfo,Device Info,1,26,0,0,Unknown,,,,,,
com.microsoft.deviceintegrationservice,Device Integration Service,1,14,0,0,Unknown,,,,,,
com.motorola.ccc.devicemanagement,"Device Management, com.motorola.ccc.devicemanagement",2,4,0,0,Unknown,,,,,,
com.google.android.apps.enterprise.dmagent,Device Policy,1,18,0,0,Unknown,,,,,,
com.samsung.android.kgclient,"Device Services, Payment Services",2,432,0,0,Unknown,,,,,,
com.google.android.apps.work.oobconfig,"Device setup, com.google.android.apps.work.oobconfig",2,389,0,0,Unknown,,,,,,
com.tmobile.simlock,Device Unlock,1,208,0,0,Unknown,,,,,,
com.android.devicediagnostics,DeviceDiagnostics,1,2,0,0,Unknown,,,,,,
com.sec.android.app.factorykeystring,DeviceKeystring,1,432,0,0,Unknown,,,,,,
com.google.android.devicelockcontroller,DeviceLockController,1,88,0,0,Unknown,,,,,,
com.android.devicelockcontroller,DeviceLockController,1,37,0,0,Unknown,,,,,,
com.sec.factory,DeviceTest,1,185,0,0,Unknown,,,,,,
com.sec.android.desktopcommunity,DeX community,1,6,0,0,Unknown,,,,,,
com.sec.android.app.dexonpc,"DeX for PC, DeX para PC",2,399,0,0,Unknown,,,,,,
com.sec.android.diagmonagent,DiagMonAgent,1,453,0,0,Unknown,,,,,,
com.oplus.postmanservice,"Diagnostic Tool, OIDT Service",2,26,0,0,Unknown,,,,,,
com.coloros.healthcheck,Diagnostics,1,16,0,0,Unknown,,,,,,
com.google.android.apps.diagnosticstool,"DiagnosticsTool, com.google.android.apps.diagnosticstool",2,58,0,0,Unknown,,,,,,
es.rae.dle_offline,Diccionario,1,1,0,0,Unknown,,,,,,
com.android.providers.userdictionary,"Diccionario del usuario, User Dictionary",2,6299,0,0,Unknown,,,,,,
com.samsung.android.carkey,"Digital Key Framework, Samsung Pass_DKFW",2,69,0,0,Unknown,,,,,,
com.samsung.android.wellbeing,Digital wellbeing,1,2,0,0,Unknown,,,,,,
se.dirac.acs,Dirac Control Service,1,5,0,0,Unknown,,,,,,
com.aura.jet.att,Discovery Hub,1,4,0,0,Unknown,,,,,,
com.android.inputdevices,"Dispositivo de entrada, Dispositivos de entrada, Input Devices",3,996,0,0,Unknown,,,,,,
com.oplus.uiengine,Diverse engine,1,21,0,0,Unknown,,,,,,
com.color.uiengine,Diverse engine,1,5,0,0,Unknown,,,,,,
com.heytap.datamigration,DMApp,1,5,0,0,Unknown,,,,,,
com.google.android.dreamlinerupdater,Dock Updater,1,33,0,0,Unknown,,,,,,
org.chromium.webapk.a88d7fb11bb1f1b66_v2,Donor360-qnr,1,12,0,0,Unknown,,,,,,
com.popularapp.videodownloaderforinstagram,Downloader for Instagram,1,3,0,0,Unknown,,,,,,
com.coloros.providers.downloads.ui,Downloads,1,5,0,0,Unknown,,,,,,
com.samsung.android.dqagent,DQA,1,431,0,0,Unknown,,,,,,
com.fitnessmobileapps.dragonfly,Dragonfly,1,2,0,0,Unknown,,,,,,
com.dsemu.drastic,DraStic,1,2,0,0,Unknown,,,,,,
com.higame.par.world.flag.coloring.painting,Draw The Flag: Geo Coloring,1,96,0,0,Unknown,,,,,,
com.firsttouchgames.dlsa,Dream League,1,1,0,0,Unknown,,,,,,
com.drizly.Drizly,Drizly,1,9,0,0,Unknown,,,,,,
com.lge.drmservice,DRM Service,1,1,0,0,Unknown,,,,,,
com.sec.android.app.parser,DRParser Mode,1,433,0,0,Unknown,,,,,,
com.oplus.ndsf,DSF,1,21,0,0,Unknown,,,,,,
com.samsung.android.dsms,Dsms,1,240,0,0,Unknown,,,,,,
com.motorola.msimsettings,Dual SIM Settings,1,4,0,0,Unknown,,,,,,
com.duckdonuts.duckdonutsrewards.android.app,Duck Donuts,1,59,0,0,Unknown,,,,,,
com.samsung.carrier.logcollector,DumpCollector,1,34,0,0,Unknown,,,,,,
org.chromium.webapk.a2470f2909286ad21_v2,E-ticketing,1,39,0,0,Unknown,,,,,,
com.coloros.activation,E-warranty card,1,19,0,0,Unknown,,,,,,
com.motorola.rcs.eab,EAB Application,1,3,0,0,Unknown,,,,,,
com.hungerrush.eastofchicago,East of Chicago,1,3,0,0,Unknown,,,,,,
com.sec.android.easyonehand,EasyOneHand,1,241,0,0,Unknown,,,,,,
ke.co.equitybank.equitel,Eazzy Banking,1,5,0,0,Unknown,,,,,,
com.samsung.android.app.ledcoverdream,"Editor de ‚àö‚â†conos LED, LED icon editor",2,135,0,0,Unknown,,,,,,
com.oplus.eid,Eid-Service,1,26,0,0,Unknown,,,,,,
com.lge.ellievision,EllieService,1,18,0,0,Unknown,,,,,,
com.lge.eltest,ELTest,1,1,0,0,Unknown,,,,,,
com.android.email.partnerprovider,EmailPartnerProvider,1,22,0,0,Unknown,,,,,,
com.android.emergency,"Emergency information, com.android.emergency",2,60,0,0,Unknown,,,,,,
com.oppo.sos,Emergency SOS,1,5,0,0,Unknown,,,,,,
com.sec.android.emergencymode.service,EmergencyManagerService,1,185,0,0,Unknown,,,,,,
com.sec.android.provider.emergencymode,EmergencyProvider,1,84,0,0,Unknown,,,,,,
com.google.android.apps.emojiwallpaper,"Emoji Wallpaper, Emoji Workshop Wallpaper",2,28,0,0,Unknown,,,,,,
com.samsung.android.emojiupdater,emojiupdater,1,11,0,0,Unknown,,,,,,
com.samsung.android.nmt.apps.t2t.languagepack.enes,En-Es Language Pack,1,6,0,0,Unknown,,,,,,
com.samsung.sr.nmt.apps.t2t.languagepack.enes,En-Es Language Pack,1,2,0,0,Unknown,,,,,,
com.samsung.android.nmt.apps.t2t.languagepack.enesus,En-Esus Language Pack,1,2,0,0,Unknown,,,,,,
com.samsung.sr.nmt.apps.t2t.languagepack.entr,En-Tr Language Pack,1,2,0,0,Unknown,,,,,,
com.lge.smartenabler,Enabler Customizer,1,1,0,0,Unknown,,,,,,
com.oplus.engineercamera,EngineerCamera,1,21,0,0,Unknown,,,,,,
com.oppo.engineermode.camera,EngineerCamera,1,5,0,0,Unknown,,,,,,
com.mediatek.engineermode,EngineerMode,1,7,0,0,Unknown,,,,,,
com.oppo.engineermode,EngineerMode,1,5,0,0,Unknown,,,,,,
com.oplus.engineernetwork,EngineerNetwork,1,21,0,0,Unknown,,,,,,
com.oppo.engineermode.network,EngineerNetwork,1,5,0,0,Unknown,,,,,,
com.sec.enterprise.mdm.services.simpin,Enterprise Sim Pin Service,1,454,0,0,Unknown,,,,,,
com.sec.android.app.ewidgetatt,Entertainment Widget,1,35,0,0,Unknown,,,,,,
com.motorola.entitlement,Entitlement,1,4,0,0,Unknown,,,,,,
com.samsung.android.sead,EnvironmentAdaptiveDisplay,1,9,0,0,Unknown,,,,,,
com.sec.epdgtestapp,EpdgTestApp,1,61,0,0,Unknown,,,,,,
com.sec.app.RilErrorNotifier,"Error, RilNotifier",2,431,0,0,Unknown,,,,,,
com.samsung.android.app.telephonyui.esimclient,EsimClient,1,58,0,0,Unknown,,,,,,
com.samsung.android.app.esimkeystring,esimkeystring,1,26,0,0,Unknown,,,,,,
com.lge.exchange,Exchange,1,1,0,0,Unknown,,,,,,
com.coloros.eyeprotect,Eye comfort,1,5,0,0,Unknown,,,,,,
com.sec.facatfunction,FacAtFunction,1,246,0,0,Unknown,,,,,,
com.samsung.android.bio.face.service,Face,1,190,0,0,Unknown,,,,,,
com.google.android.settings.future.biometrics.faceenroll,Face Enroll,1,86,0,0,Unknown,,,,,,
com.ape.faceunlock,Face recognition,1,953,0,0,Unknown,,,,,,
com.facebook.system,"Facebook App Installer, Meta App Installer, com.facebook.system",3,817,0,0,Unknown,,,,,,
com.facebook.services,"Facebook Services, Meta Services, com.facebook.services",3,195,0,0,Unknown,,,,,,
com.samsung.faceservice,"FaceService, com.samsung.faceservice",2,454,0,0,Unknown,,,,,,
com.samsung.android.aircommandmanager,FACM,1,424,0,0,Unknown,,,,,,
com.google.android.factoryota,Factory OTA Mode,1,22,0,0,Unknown,,,,,,
com.samsung.android.providers.factory,FactoryTestProvider,1,254,0,0,Unknown,,,,,,
com.codebutler.farebot,FareBot,1,4,0,0,Unknown,,,,,,
com.oplus.logkit,Feedback,1,21,0,0,Unknown,,,,,,
com.coloros.logkit,Feedback,1,5,0,0,Unknown,,,,,,
org.chromium.webapk.a6bfb4bed60346f85_v2,FeetFinder,1,15,0,0,Unknown,,,,,,
com.fido.asm,FIDO UAF1.0 ASM,1,74,0,0,Unknown,,,,,,
com.fido.xiaomi.uafclient,FIDO UAF1.0 Client,1,48,0,0,Unknown,,,,,,
com.fido.uafclient,FIDO UAF1.0 Client,1,21,0,0,Unknown,,,,,,
com.rhmsoft.fm,File Manager,1,1,0,0,Unknown,,,,,,
co.ke.tonyoa.android.filevatreturns,File Returns,1,1,0,0,Unknown,,,,,,
com.lge.smartsharepush,File sharing,1,1,0,0,Unknown,,,,,,
com.google.android.files.theme.pixel,FilesOverlay,1,6,0,0,Unknown,,,,,,
com.android.theme.icon_pack.filled.themepicker,Filled,1,53,0,0,Unknown,,,,,,
com.android.theme.icon_pack.filled.android,"Filled, com.android.theme.icon_pack.filled.android",2,53,0,0,Unknown,,,,,,
com.android.theme.icon_pack.filled.launcher,"Filled, com.android.theme.icon_pack.filled.launcher",2,53,0,0,Unknown,,,,,,
com.android.theme.icon_pack.filled.settings,"Filled, com.android.theme.icon_pack.filled.settings",2,53,0,0,Unknown,,,,,,
com.android.theme.icon_pack.filled.systemui,"Filled, com.android.theme.icon_pack.filled.systemui",2,53,0,0,Unknown,,,,,,
com.samsung.android.provider.filterprovider,Filter Provider,1,455,0,0,Unknown,,,,,,
com.goodix.gftest,Fingerpirnt test,1,5,0,0,Unknown,,,,,,
com.swfp.factory,Fingerprint Test,1,26,0,0,Unknown,,,,,,
com.silead.factorytest,"Fingerprint test, √ä√•√°√Å‚à´œÄ√ä¬µ√£√ã√ò√Ø",2,6,0,0,Unknown,,,,,,
com.crucialsoft.asm,FingerprintASM,1,1,0,0,Unknown,,,,,,
com.crucialtec.uaf,FingerprintAuthenticator,1,1,0,0,Unknown,,,,,,
com.android.systemui.overlay.fingerprint.anim.fireworks,Fireworks,1,11,0,0,Unknown,,,,,,
com.mfoundry.android.mb_120,First Bank,1,6,0,0,Unknown,,,,,,
com.firstrepublic.banking,First Republic,1,9,0,0,Unknown,,,,,,
net.flixster.android,Flixster,1,8,0,0,Unknown,,,,,,
com.miui.freeform,Floating windows,1,41,0,0,Unknown,,,,,,
com.caf.fmradio,FM Radio,1,7,0,0,Unknown,,,,,,
com.lge.fmradio,FM Radio,1,1,0,0,Unknown,,,,,,
com.miui.fmservice,FM Radio Service,1,54,0,0,Unknown,,,,,,
com.motorola.android.fmradio,FMRadioService,1,4,0,0,Unknown,,,,,,
com.coloros.focusmode,Focus mode,1,5,0,0,Unknown,,,,,,
com.hy.system.fontserver,Font Server,1,1,0,0,Unknown,,,,,,
com.scripps.android.foodnetwork,Food Network Kitchen,1,2,0,0,Unknown,,,,,,
com.tmobile.rsusrv,forgotPassword,1,2,0,0,Unknown,,,,,,
com.lge.lgfota.permission,FOTA Update,1,1,0,0,Unknown,,,,,,
com.monotype.android.font.foundation,Foundation,1,90,0,0,Unknown,,,,,,
freetone.textnow.textme.freeusnumberphone.free_call_text_now,Free SMS Text,1,6,0,0,Unknown,,,,,,
free.reddit.news,free.reddit.news,1,1,0,0,Unknown,,,,,,
pl.org.zielinscy.freeciv,Freeciv,1,1,0,0,Unknown,,,,,,
com.miui.phrase,Frequent phrases,1,136,0,0,Unknown,,,,,,
com.phonecheck.frpautomation,FrpAutomation,1,12,0,0,Unknown,,,,,,
com.fullscreen.android,Fullscreen,1,2,0,0,Unknown,,,,,,
com.Funimation.FunimationNow,Funimation,1,7,0,0,Unknown,,,,,,
com.android.location.fused,"Fused Location, Ubicaci‚àö‚â•n combinada",2,995,0,0,Unknown,,,,,,
com.fzapp,FzStudios,1,17,0,0,Unknown,,,,,,
com.lge.gdec.client,G-DEC,1,1,0,0,Unknown,,,,,,
com.samsung.android.globalpostprocmgr,"Galaxy editing service, GlobalPostProcMgr",2,54,0,0,Unknown,,,,,,
com.sec.android.widgetapp.samsungapps,Galaxy Essentials Widget,1,3,0,0,Unknown,,,,,,
com.samsung.gpudriver.S8Adreno540_90,Galaxy Graphics Driver,1,6,0,0,Unknown,,,,,,
com.samsung.android.galaxy,Galaxy Shop,1,2,0,0,Unknown,,,,,,
com.samsung.android.themecenter,"Galaxy Themes Service, Samsung Themes, Servicio de Galaxy Themes, Themes",4,454,0,0,Unknown,,,,,,
com.samsung.android.widget.pictureframe,"Galer‚àö‚â†a, Gallery",2,59,0,0,Unknown,,,,,,
com.samsung.android.game.gameboosterplus,Game Booster Plus,1,50,0,0,Unknown,,,,,,
com.gameinformer.tablet,Game Informer,1,59,0,0,Unknown,,,,,,
com.lge.gamelauncher,Game Launcher,1,2,0,0,Unknown,,,,,,
com.samsung.android.game.gos,Game Optimizing Service,1,219,0,0,Unknown,,,,,,
com.lge.gametuner,Gaming,1,1,0,0,Unknown,,,,,,
com.tobii.atex,GAZE,1,41,0,0,Unknown,,,,,,
com.lge.gba.android,GBAService,1,1,0,0,Unknown,,,,,,
com.koziodigital.gcmandroid,GCM,1,16,0,0,Unknown,,,,,,
com.lge.gcuv,GCUV,1,1,0,0,Unknown,,,,,,
com.samsung.android.hmt.vrsvc,Gear VR Service,1,149,0,0,Unknown,,,,,,
org.chromium.webapk.a9cac921a3b114673_v2,Genealysis.social,1,2,0,0,Unknown,,,,,,
com.samsung.internal.systemui.navbar.gestural_no_hint,Gestural Navigation Bar,1,91,0,0,Unknown,,,,,,
com.samsung.internal.systemui.navbar.sec_gestural,Gestural Navigation Bar,1,91,0,0,Unknown,,,,,,
com.samsung.internal.systemui.navbar.sec_gestural_no_hint,Gestural Navigation Bar,1,91,0,0,Unknown,,,,,,
com.samsung.internal.systemui.navbar.gestural_no_hint_extra_wide_back,Gestural Navigation Bar,1,27,0,0,Unknown,,,,,,
com.samsung.internal.systemui.navbar.gestural_no_hint_narrow_back,Gestural Navigation Bar,1,27,0,0,Unknown,,,,,,
com.samsung.internal.systemui.navbar.gestural_no_hint_wide_back,Gestural Navigation Bar,1,27,0,0,Unknown,,,,,,
com.android.internal.systemui.navbar.gestural,"Gestural Navigation Bar, com.android.internal.systemui.navbar.gestural",2,174,0,0,Unknown,,,,,,
com.android.internal.systemui.navbar.gestural_extra_wide_back,"Gestural Navigation Bar, com.android.internal.systemui.navbar.gestural_extra_wide_back",2,172,0,0,Unknown,,,,,,
com.android.internal.systemui.navbar.gestural_narrow_back,"Gestural Navigation Bar, com.android.internal.systemui.navbar.gestural_narrow_back",2,174,0,0,Unknown,,,,,,
com.android.internal.systemui.navbar.gestural_wide_back,"Gestural Navigation Bar, com.android.internal.systemui.navbar.gestural_wide_back",2,168,0,0,Unknown,,,,,,
com.motorola.gesture,Gesture Navigation Tutorial,1,5,0,0,Unknown,,,,,,
com.oplus.exserviceui,Gesture_Motion Services,1,21,0,0,Unknown,,,,,,
com.coloros.exserviceui,Gesture_Motion Services,1,5,0,0,Unknown,,,,,,
com.oplus.gesture,Gestures & motions,1,410,0,0,Unknown,,,,,,
com.coloros.gesture,Gestures & motions,1,5,0,0,Unknown,,,,,,
com.transsion.keyguardgesture,GestureService,1,30,0,0,Unknown,,,,,,
com.goodix.fingerprint,GFManager,1,6,0,0,Unknown,,,,,,
com.e8996da9b891.www,GHC SmartCare,1,3,0,0,Unknown,,,,,,
com.samsung.android.service.pentastic,Glance,1,12,0,0,Unknown,,,,,,
com.glance.lockscreenTF,Glance,1,3,0,0,Unknown,,,,,,
com.lge.gnss.airtest,GNSS Air Test,1,1,0,0,Unknown,,,,,,
com.lge.gnsslogsetting,GNSS LOG LEVEL SETTING,1,1,0,0,Unknown,,,,,,
com.lge.gnsstest,GnssTest 1.2,1,1,0,0,Unknown,,,,,,
com.simplenexus.loans.client.s__48751,Go Direct,1,5,0,0,Unknown,,,,,,
com.gogoair.ife,Gogo Entertainment,1,8,0,0,Unknown,,,,,,
com.android.hotwordenrollment.okgoogle,"Google Assistant, OK Google enrollment, com.android.hotwordenrollment.okgoogle",3,261,0,0,Unknown,,,,,,
com.google.android.syncadapters.calendar,"Google Calendar Sync, Sincronizaci‚àö‚â•n del Calendario de Google",2,405,0,0,Unknown,,,,,,
com.google.android.syncadapters.contacts,"Google Contacts Sync, com.google.android.syncadapters.contacts",2,47,0,0,Unknown,,,,,,
com.google.android.apps.nova.bugreportwrapper,Google Fi Support,1,2,0,0,Unknown,,,,,,
com.google.android.gms.location.history,"Google Location History, Historial de ubicaciones de Google, com.google.android.gms.location.history",3,174,0,0,Unknown,,,,,,
com.google.android.onetimeinitializer,"Google One Time Init, com.google.android.onetimeinitializer",2,157,0,0,Unknown,,,,,,
com.google.android.partnersetup,"Google Partner Set Up, Google Partner Setup, com.google.android.partnersetup",3,152,0,0,Unknown,,,,,,
com.google.android.inputmethod.pinyin,Google Pinyin Input,1,3,0,0,Unknown,,,,,,
com.google.android.odad,"Google Play Protect Service, com.google.android.odad",2,2451,0,0,Unknown,,,,,,
com.google.android.safetycenter.resources,"Google Safety Center Resources, Google Safety Centre resources, Recursos del Centro de seg. de Google",3,214,0,0,Unknown,,,,,,
com.google.android.gsf,"Google Services Framework, Marco de los servicios de Google",2,32188,0,0,Unknown,,,,,,
com.google.android.apps.travel.onthego,Google Trips,1,8,0,0,Unknown,,,,,,
com.google.vr.vrcore,"Google VR Services, com.google.vr.vrcore",2,811,0,0,Unknown,,,,,,
com.google.android.apps.wallpaper.nexus,Google Wallpaper Images,1,7,0,0,Unknown,,,,,,
com.google.android.apps.wallpaper.pixel,"Google Wallpaper Images, com.google.android.apps.wallpaper.pixel",2,24,0,0,Unknown,,,,,,
com.google.android.apps.carrier.carrierwifi,"Google Wi-Fi Provisioner, com.google.android.apps.carrier.carrierwifi",2,143,0,0,Unknown,,,,,,
com.google.android.apps.inputmethod.zhuyin,Google Zhuyin Input,1,3,0,0,Unknown,,,,,,
com.google.android.networkstack.overlay,"GoogleNetworkStackResOverlay, com.google.android.networkstack.overlay",2,29,0,0,Unknown,,,,,,
net.bitburst.gopinion,Gopinion,1,1,0,0,Unknown,,,,,,
app.gotok,Gotok,1,2,0,0,Unknown,,,,,,
com.govexec,GovExec,1,2,0,0,Unknown,,,,,,
com.oplus.gpudrivers.sm8450.api31,gpudriver,1,21,0,0,Unknown,,,,,,
com.samsung.gpuwatchapp,GPUWatch,1,285,0,0,Unknown,,,,,,
org.mygreatlakes.borrower.mobile,Great Lakes,1,15,0,0,Unknown,,,,,,
com.android.theme.color.green,"Green, com.android.theme.color.green",2,53,0,0,Unknown,,,,,,
com.magiear.handsfree.assistant,Hands-Free Assistant,1,26,0,0,Unknown,,,,,,
com.samsung.android.sdk.handwriting,HandwritingService,1,237,0,0,Unknown,,,,,,
com.google.android.apps.hangoutsdialer,Hangouts Dialer,1,1,0,0,Unknown,,,,,,
com.samsung.android.hdmapp,HdmApp,1,317,0,0,Unknown,,,,,,
com.sec.android.service.health,Health Service,1,3,0,0,Unknown,,,,,,
com.google.android.healthconnect.controller,Health¬¨‚Ä†Connect,1,46,0,0,Unknown,,,,,,
com.oplus.healthservice,healthservice,1,21,0,0,Unknown,,,,,,
com.coloros.healthservice,healthservice,1,5,0,0,Unknown,,,,,,
com.mi.healthglobal,Heart rate,1,47,0,0,Unknown,,,,,,
com.coloros.operationManual,Help & feedback,1,18,0,0,Unknown,,,,,,
com.sec.android.app.quicktool,"Herramientas, Quick tools, Tools",3,428,0,0,Unknown,,,,,,
com.oplus.synergy,HeySynergy,1,21,0,0,Unknown,,,,,,
com.google.android.hiddenmenu,Hidden Menu,1,14,0,0,Unknown,,,,,,
com.lge.hiddenmenu,Hidden Menu,1,1,0,0,Unknown,,,,,,
com.android.internal.display.cutout.emulation.noCutout,"Hide, com.android.internal.display.cutout.emulation.noCutout",2,32,0,0,Unknown,,,,,,
com.samsung.systemui.hidenotch,HideNotch,1,11,0,0,Unknown,,,,,,
com.samsung.systemui.hidenotch.withoutcornerround,HideNotchWithoutCornerRound,1,5,0,0,Unknown,,,,,,
com.gohitv.hitv,HiTV,1,2,0,0,Unknown,,,,,,
com.hiya.axolotl.companion,Hiya Service,1,12,0,0,Unknown,,,,,,
com.hiya.star,"Hiya Service, com.hiya.star",2,336,0,0,Unknown,,,,,,
com.lge.launcher3,Home,1,2596,0,0,Unknown,,,,,,
com.lge.homeselector,Home selector,1,1,0,0,Unknown,,,,,,
com.mi.globallayout,HomeLayout,1,8,0,0,Unknown,,,,,,
com.comcast.hsf,Hotspots,1,3,0,0,Unknown,,,,,,
com.herzick.houseparty,Houseparty,1,2,0,0,Unknown,,,,,,
com.hp.android.print,HP ePrint,1,4,0,0,Unknown,,,,,,
com.samsung.huxextension,Hux Extension,1,12,0,0,Unknown,,,,,,
com.sec.android.app.hwmoduletest,HwModuleTest,1,432,0,0,Unknown,,,,,,
com.hyvee.fprmobilecheckout,Hy-Vee Scan & Go,1,11,0,0,Unknown,,,,,,
com.sec.android.iaft,iaft,1,225,0,0,Unknown,,,,,,
com.samsung.android.icdvs,ICD Verification Service,1,135,0,0,Unknown,,,,,,
io.ice.app,Ice,1,1,0,0,Unknown,,,,,,
org.ifaa.aidl.manager,IFAAService,1,23,0,0,Unknown,,,,,,
com.ifreenow.app,ifree,1,3,0,0,Unknown,,,,,,
com.ikea.kompis,IKEA Store,1,4,0,0,Unknown,,,,,,
com.sec.imsservice,IMS Service,1,454,0,0,Unknown,,,,,,
com.samsung.advp.imssettings,IMS Settings,1,197,0,0,Unknown,,,,,,
com.mediatek.ims,"ImsApp, com.mediatek.ims.ImsApp",2,106,0,0,Unknown,,,,,,
com.sec.imslogger,ImsLogger,1,432,0,0,Unknown,,,,,,
com.shannon.imsservice,ImsService,1,185,0,0,Unknown,,,,,,
com.coloros.karaoke,In-ear monitoring,1,5,0,0,Unknown,,,,,,
com.samsung.safetyinformation,"Informaci‚àö‚â•n de seguridad, Safety information",2,62,0,0,Unknown,,,,,,
com.android.mms.service,"Information services, MmsService",2,996,0,0,Unknown,,,,,,
com.samsung.android.knox.containercore,"Inicio personal, KnoxCore, Personal home, Work profile",4,432,0,0,Unknown,,,,,,
com.miui.miinput,Input settings,1,7,0,0,Unknown,,,,,,
org.chromium.webapk.a01684c55bfc38659,Instagram,1,33,0,0,Unknown,,,,,,
com.samsung.android.kidsinstaller,"Instalador de Samsung Kids, Kids Home Installer, Samsung Kids Installer",3,2398,0,0,Unknown,,,,,,
com.oppo.operationManual,Instructions,1,5,0,0,Unknown,,,,,,
com.samsung.android.biometrics.service,Intelligent Scan,1,129,0,0,Unknown,,,,,,
com.oplus.deepthinker,Intelligent Services,1,21,0,0,Unknown,,,,,,
com.android.statementservice,"Intent Filter Verification Service, com.android.statementservice",2,76,0,0,Unknown,,,,,,
com.oplus.interconnectcollectkit,InterconnectCollectKit,1,21,0,0,Unknown,,,,,,
com.motorola.invisiblenet,"Invisible Net, com.motorola.invisiblenet",2,4,0,0,Unknown,,,,,,
com.sec.hiddenmenu,IOTHiddenMenu,1,420,0,0,Unknown,,,,,,
com.samsung.ipservice,IPService,1,453,0,0,Unknown,,,,,,
com.samsung.android.server.iris,Iris,1,135,0,0,Unknown,,,,,,
com.isthmuseats.isthmuseats,Isthmus Eats,1,11,0,0,Unknown,,,,,,
com.jackpocket.sam,Jackpocket,1,2,0,0,Unknown,,,,,,
com.motorola.android.jvtcmd,JavaTcmdHelper,1,7,0,0,Unknown,,,,,,
jkuat.portal,Jkuat Portal,1,5,0,0,Unknown,,,,,,
org.chromium.webapk.a1895b8acc442cf40_v2,JoinBrands,1,5,0,0,Unknown,,,,,,
com.xiaomi.joyose,Joyose,1,25,0,0,Unknown,,,,,,
com.android.theme.icon_pack.kai.android,Kai,1,6,0,0,Unknown,,,,,,
com.android.theme.icon_pack.kai.launcher,Kai,1,6,0,0,Unknown,,,,,,
com.android.theme.icon_pack.kai.settings,Kai,1,6,0,0,Unknown,,,,,,
com.android.theme.icon_pack.kai.systemui,Kai,1,6,0,0,Unknown,,,,,,
com.android.theme.icon_pack.kai.themepicker,Kai,1,6,0,0,Unknown,,,,,,
com.samsung.android.icecone,Keyboard Content Center,1,24,0,0,Unknown,,,,,,
com.samsung.android.keycustomizationinfobackupservice,KeyCustomizationInfoBNR,1,247,0,0,Unknown,,,,,,
com.samsung.android.app.kfa,KFA,1,144,0,0,Unknown,,,,,,
com.coloros.childrenspace,"Kid Space, Kids mode",2,23,0,0,Unknown,,,,,,
com.amazon.kindlefs,Kindle,1,15,0,0,Unknown,,,,,,
com.chess.kingdom,Kingdom,1,7,0,0,Unknown,,,,,,
com.klasha.app,Klasha,1,12,0,0,Unknown,,,,,,
com.samsung.klmsagent,KLMS Agent,1,220,0,0,Unknown,,,,,,
com.samsung.android.kmxservice,KmxService,1,13,0,0,Unknown,,,,,,
com.netpulse.mobile.kettlemoraineymca,KMYMCA,1,4,0,0,Unknown,,,,,,
com.samsung.android.knox.analytics.uploader,Knox Analytics Uploader,1,240,0,0,Unknown,,,,,,
com.sec.enterprise.knox.cloudmdm.smdms,Knox Enrollment Service,1,218,0,0,Unknown,,,,,,
com.samsung.knox.keychain,Knox Key Chain,1,169,0,0,Unknown,,,,,,
com.samsung.android.knox.containerdesktop,KnoxContainerDesktop,1,6,0,0,Unknown,,,,,,
com.samsung.android.knox.app.networkfilter,KnoxNetworkFilter,1,45,0,0,Unknown,,,,,,
com.samsung.android.knox.pushmanager,KnoxPushManager,1,295,0,0,Unknown,,,,,,
com.knox.vpn.proxyhandler,KnoxVpnPacProcessor,1,431,0,0,Unknown,,,,,,
com.samsung.android.knox.zt.framework,KnoxZT Framework,1,45,0,0,Unknown,,,,,,
com.samsung.android.knox.kpecore,KPECore,1,129,0,0,Unknown,,,,,,
com.kfteausa.kungfutea.android.app,Kung Fu Tea,1,1,0,0,Unknown,,,,,,
com.moldvv1.app2,LA Deportes,1,2,0,0,Unknown,,,,,,
com.betalixt.udc_lascp2_dev.femain_feature_pwa.twa,LACourtConnect,1,2,0,0,Unknown,,,,,,
gov.nih.nlm.sis.lactmed,LactMed@NIH,1,17,0,0,Unknown,,,,,,
com.lagosride.rider,LagosRide,1,2,0,0,Unknown,,,,,,
com.lge.laot,LAOP Test v1.93,1,1,0,0,Unknown,,,,,,
com.sec.android.cover.ledcover,LED Cover Service,1,186,0,0,Unknown,,,,,,
com.lepto.app363,Lepto Sports,1,2,0,0,Unknown,,,,,,
com.lge.lgaccount,LG Account,1,1,0,0,Unknown,,,,,,
com.lge.remote.lgairdrive,LG AirDrive,1,1,0,0,Unknown,,,,,,
com.lge.remote.setting,LG AirDrive Settings,1,1,0,0,Unknown,,,,,,
com.lge.sync,LG Bridge Service,1,1,0,0,Unknown,,,,,,
com.lge.leccp,LG Connectivity Service,1,1,0,0,Unknown,,,,,,
com.lge.faceglance.enrollment,LG Face Recognition,1,1,0,0,Unknown,,,,,,
com.lge.faceglance.trustagent,LG Face Recognition,1,1,0,0,Unknown,,,,,,
com.lge.gnsspostest,LG GNSS 2.1,1,1,0,0,Unknown,,,,,,
com.lge.ims,LG IMS,1,1,0,0,Unknown,,,,,,
com.lge.inputdevices,LG Input Devices,1,1,0,0,Unknown,,,,,,
com.lge.bnr,LG Mobile Switch,1,1,0,0,Unknown,,,,,,
com.lge.wifi.p2p,LG P2p Service,1,1,0,0,Unknown,,,,,,
com.lge,LG System Resources,1,1,0,0,Unknown,,,,,,
com.lge.systemservice,LG System Server,1,1,0,0,Unknown,,,,,,
com.lge.wfds.service.v3,LG WFDS Services,1,1,0,0,Unknown,,,,,,
com.lge.lgbroadcastradioservice,LGBroadcastRadioService,1,1,0,0,Unknown,,,,,,
com.lge.lginstallservies,LGInstallService,1,1,0,0,Unknown,,,,,,
com.lge.appbox.installer,LGPackageInstaller,1,3,0,0,Unknown,,,,,,
com.lge.android.lgsafeguard,LGSafeGuard,1,1,0,0,Unknown,,,,,,
com.lge.ia.task.informant,LIA Informant,1,1,0,0,Unknown,,,,,,
com.lge.ia.task.smartcare,LIA SmartDoctor Engine,1,1,0,0,Unknown,,,,,,
com.kuchro.ebooks.library,LibGen,1,1,0,0,Unknown,,,,,,
com.motorola.colorbook,Libro para colorear,1,26,0,0,Unknown,,,,,,
com.motorola.lifetimedata,LifetimeData,1,8,0,0,Unknown,,,,,,
com.ymca.link,Link,1,4,0,0,Unknown,,,,,,
com.librarything.libanywhere.custom.linkcat,LINKcat,1,6,0,0,Unknown,,,,,,
com.linkedin.android.jobs.jobseeker,LinkedIn Job Search,1,3,0,0,Unknown,,,,,,
com.sec.kidsplat.media.kidsmusic,"Lisa's
 Music Band",1,111,0,0,Unknown,,,,,,
com.autopets.whiskers.android,Litter-Robot,1,11,0,0,Unknown,,,,,,
com.samsung.android.app.siofviewer,Live focus picture,1,3,0,0,Unknown,,,,,,
com.samsung.android.service.livedrawing,Live messages,1,60,0,0,Unknown,,,,,,
com.android.wallpaper.livepicker,"Live Wallpaper Picker, Live wallpaper selector, Seleccionador de fondo animado",3,170,0,0,Unknown,,,,,,
com.sherpaoutdoorapp.noaaweatherbuoys,Live Weather,1,2,0,0,Unknown,,,,,,
com.samsung.android.visualars,"Llamada v‚àö‚â†a Smart Touch Call, Smart Touch Call",2,50,0,0,Unknown,,,,,,
com.verizon.llkagent,"LLKAgent, com.verizon.llkagent",2,38,0,0,Unknown,,,,,,
com.samsung.android.localeoverlaymanager,Locale Overlay Manager,1,271,0,0,Unknown,,,,,,
com.mediatek.lbs.em2.ui,LocationEM2,1,9,0,0,Unknown,,,,,,
com.qualcomm.location,LocationServices,1,182,0,0,Unknown,,,,,,
com.bsp.catchlog,Log generator,1,40,0,0,Unknown,,,,,,
com.artemzin.android.love,Love widget,1,6,0,0,Unknown,,,,,,
com.mediatek.location.lppe.main,LPPe Service,1,106,0,0,Unknown,,,,,,
com.qti.ltebc,LTE Broadcast Manager,1,16,0,0,Unknown,,,,,,
com.android.theme.font.kai,Lustria,1,6,0,0,Unknown,,,,,,
busradar.madison,Madison BusRadar,1,1,0,0,Unknown,,,,,,
com.msandroid.mobile,MAGIS,1,8,0,0,Unknown,,,,,,
com.samsung.android.app.readingglass,Magnify,1,13,0,0,Unknown,,,,,,
com.google.mainline.adservices,Main components,1,146,0,0,Unknown,,,,,,
com.google.android.modulemetadata,"Main components, com.google.android.modulemetadata",2,229,0,0,Unknown,,,,,,
com.android.managedprovisioning.overlay,"ManagedProvisioningPixelOverlay, com.android.managedprovisioning.overlay",2,37,0,0,Unknown,,,,,,
com.ncrcinema.movietime.marcus,Marcus,1,11,0,0,Unknown,,,,,,
io.mashpoamarketplace,MashPoa,1,5,0,0,Unknown,,,,,,
gov.ma.covid19.exposurenotifications.v3,Massachusetts Department of Public Health,1,11,0,0,Unknown,,,,,,
com.waves.maxxservice,MaxxService,1,172,0,0,Unknown,,,,,,
com.qualcomm.qti.modemtestmode,MBN Test,1,6,0,0,Unknown,,,,,,
gov.md.covid19.exposurenotifications,MD COVID Alert,1,1,0,0,Unknown,,,,,,
com.samsung.android.mdagent,MdAgent,1,20,0,0,Unknown,,,,,,
com.samsung.android.mdm,MDMApp,1,61,0,0,Unknown,,,,,,
com.mediatek.mdmconfig,MDMConfig,1,9,0,0,Unknown,,,,,,
com.mediatek.mdmlsample,MDMLSample,1,11,0,0,Unknown,,,,,,
com.google.tango.measure,Measure,1,2,0,0,Unknown,,,,,,
com.lge.smartshare,Media server,1,1,0,0,Unknown,,,,,,
com.samsung.mediasearch,MediaSearch,1,7,0,0,Unknown,,,,,,
com.oplus.metis,Metis,1,280,0,0,Unknown,,,,,,
com.hodgepig.wmata,MetroHero,1,1,0,0,Unknown,,,,,,
com.metro.minus1,"MetroPlay, Rewards+",2,6,0,0,Unknown,,,,,,
com.samsung.android.mhs.ai,MhsAiService,1,7,0,0,Unknown,,,,,,
com.xiaomi.aicr,Mi AI Engine,1,66,0,0,Unknown,,,,,,
com.xiaomi.payment,Mi Coin,1,35,0,0,Unknown,,,,,,
com.micredit.in,Mi Credit,1,2,0,0,Unknown,,,,,,
cn.wps.xiaomi.abroad.lite,Mi Doc Viewer (Powered by WPS),1,222,0,0,Unknown,,,,,,
com.mipay.wallet.in,Mi Pay,1,26,0,0,Unknown,,,,,,
com.xiaomi.mircs,Mi RCS,1,1249,0,0,Unknown,,,,,,
com.android.WingFactoryCamera,MiCaliTool,1,4,0,0,Unknown,,,,,,
com.miui.micloudsync,MiCloudSync,1,1665,0,0,Unknown,,,,,,
app.revanced.android.gms,microG Services,1,107,0,0,Unknown,,,,,,
com.speakcreative.milwaukeecountyzoo,Milwaukee Zoo,1,5,0,0,Unknown,,,,,,
com.minimilitia.simplemod.neeraj,Mini Militia Simple 4.2.8 Neeraj,1,33,0,0,Unknown,,,,,,
org.mipay.android.manager,MipayService,1,20,0,0,Unknown,,,,,,
com.mediatek.miravision.ui,MiraVision,1,7,0,0,Unknown,,,,,,
com.xiaomi.trustservice,MiTrustService,1,14,0,0,Unknown,,,,,,
com.miui.daemon,"MIUI Daemon, System Daemon",2,41,0,0,Unknown,,,,,,
com.miui.core,MIUI SDK,1,8,0,0,Unknown,,,,,,
com.miui.guardprovider,"MIUI security components, System security components",2,18,0,0,Unknown,,,,,,
com.miui.miwallpaper,"MiWallpaper, WallPaper",2,639,0,0,Unknown,,,,,,
com.sec.mldapchecker,MLDAPlog,1,6,0,0,Unknown,,,,,,
com.samsung.mlp,mlp,1,208,0,0,Unknown,,,,,,
com.factory.mmigroup,MMIGroup,1,22,0,0,Unknown,,,,,,
com.spectrum.Spec_Mobile,Mobile,1,3,0,0,Unknown,,,,,,
com.aciworldwide.uobapp.dollar,Mobile Banking,1,3,0,0,Unknown,,,,,,
com.amazon.appmanager,"Mobile Device Information Provider, com.amazon.appmanager",2,99,0,0,Unknown,,,,,,
com.lge.wifihotspotwidget,Mobile Hotspot,1,1,0,0,Unknown,,,,,,
com.samsung.android.server.wifi.mobilewips.client,MobileWips,1,129,0,0,Unknown,,,,,,
com.samsung.android.server.wifi.mobilewips,MobileWips,1,104,0,0,Unknown,,,,,,
com.samsung.android.mocca,MoccaMobile,1,5,0,0,Unknown,,,,,,
com.android.modemnotifier,Modem Notifier,1,2,0,0,Unknown,,,,,,
com.motorola.bach.modemstats,Modem Service,1,33,0,0,Unknown,,,,,,
com.google.modemservice,Modem Service,1,12,0,0,Unknown,,,,,,
com.spinmaster.moonlite,Moonlite,1,11,0,0,Unknown,,,,,,
com.samsung.android.app.motionpanoramaviewer,Motion panorama viewer,1,3,0,0,Unknown,,,,,,
com.samsung.android.motionphoto.viewer,Motion photo viewer,1,54,0,0,Unknown,,,,,,
com.google.oslo,Motion Sense,1,154,0,0,Unknown,,,,,,
com.samsung.android.app.selfmotionpanoramaviewer,Motion wide-angle selfie viewer,1,3,0,0,Unknown,,,,,,
com.motorola.launcher3,Moto App Launcher,1,27763,0,0,Unknown,,,,,,
com.motorola.dciservice,Moto DCI Service,1,3,0,0,Unknown,,,,,,
com.motorola.motoedgeassistant,Moto Edge Touch,1,71,0,0,Unknown,,,,,,
com.motorola.leanbacklauncher,Moto Experience Hub,1,3,0,0,Unknown,,,,,,
com.motorola.mototour,"Moto Tour, Tutorial Moto",2,412,0,0,Unknown,,,,,,
com.motorola.motoalexa,Moto Voice for Alexa,1,3,0,0,Unknown,,,,,,
com.motorola.motolights,MotoLights,1,3,0,0,Unknown,,,,,,
com.motorola.nfc,MotoNfcSetup,1,8,0,0,Unknown,,,,,,
com.samsung.SMT,"Motor de texto a voz de Samsung, Samsung text-to-speech engine",2,434,0,0,Unknown,,,,,,
com.motorola.appdirectedsmsproxy,Motorola Message Service,1,4,0,0,Unknown,,,,,,
com.motorola.ccc.mainplm,Motorola Services Main,1,7,0,0,Unknown,,,,,,
com.motorola.coresettingsext,Motorola Settings,1,4,0,0,Unknown,,,,,,
com.motorola.slpc_sys,"Motorola Slpc System, com.motorola.slpc_sys",2,4,0,0,Unknown,,,,,,
com.mpl.androidapp,MPL Pro,1,25,0,0,Unknown,,,,,,
info.mta.bustime,MTA Bus Time,1,2,0,0,Unknown,,,,,,
com.mediatek.location.mtkgeofence,Mtk Geofence,1,4,0,0,Unknown,,,,,,
com.mediatek.gnss.nonframeworklbs,MTK Non-Framework LBS,1,3,0,0,Unknown,,,,,,
com.samsung.android.inputshare,"Multi control, Multicontrol",2,56,0,0,Unknown,,,,,,
com.lge.jansky.service,Multi-line Service,1,1,0,0,Unknown,,,,,,
com.zs.multiversionsbiblestatic,MultiVersionsBibleStatic,1,1,0,0,Unknown,,,,,,
com.lge.music,Music,1,116,0,0,Unknown,,,,,,
free.music.download.mp3.song.tubemusic.downloader,Music Downloader,1,2,0,0,Unknown,,,,,,
com.coloros.musiclink,Music Party,1,5,0,0,Unknown,,,,,,
com.android.musicfx,"MusicFX, com.android.musicfx",2,38,0,0,Unknown,,,,,,
com.sec.kidsplat.kidsbrowser,"My
 Browser",1,111,0,0,Unknown,,,,,,
com.mygpt,My AI,1,1,0,0,Unknown,,,,,,
com.samsung.android.artstudio,My Art Studio,1,97,0,0,Unknown,,,,,,
com.sec.kidsplat.camera,My Camera,1,111,0,0,Unknown,,,,,,
com.verizon.myfios,My Fios,1,14,0,0,Unknown,,,,,,
com.sec.kidsplat.kidsgallery,My Gallery,1,111,0,0,Unknown,,,,,,
com.sec.kidsplat.kidstalk,My Magic Voice,1,97,0,0,Unknown,,,,,,
com.oppo.usercenter,My OPPO,1,5,0,0,Unknown,,,,,,
com.sec.kidsplat.phone,My Phone,1,111,0,0,Unknown,,,,,,
com.myadt.android,MyADT,1,13,0,0,Unknown,,,,,,
com.onsharp.cnt,MySitters,1,11,0,0,Unknown,,,,,,
com.nbcsports.mobile.rsnlocalsports,MyTeams,1,9,0,0,Unknown,,,,,,
com.android.systemui.overlay.fingerprint.anim.none,NA,1,11,0,0,Unknown,,,,,,
com.nailsmailed.app,Nails Mailed,1,1,0,0,Unknown,,,,,,
com.privacystar.android.metro,Name ID,1,1,0,0,Unknown,,,,,,
com.greygoomedia.naperville_parks,Naperville Parks,1,11,0,0,Unknown,,,,,,
com.motorola.android.nativedropboxagent,NativeDropBoxAgent,1,33,0,0,Unknown,,,,,,
com.samsung.android.allshare.service.mediashare,Nearby Service,1,251,0,0,Unknown,,,,,,
com.Nelnet.nelnetmmaapp,Nelnet,1,16,0,0,Unknown,,,,,,
com.lge.networksettings,Network,1,1,0,0,Unknown,,,,,,
com.samsung.usbyod,Network configuration,1,69,0,0,Unknown,,,,,,
com.oppo.nhs,Network Health Service,1,5,0,0,Unknown,,,,,,
com.oplus.location,"Network Location Service, OplusLocationService",2,26,0,0,Unknown,,,,,,
com.google.android.go.networkstack,Network manager,1,5,0,0,Unknown,,,,,,
com.oplus.nas,Network services,1,21,0,0,Unknown,,,,,,
com.samsung.android.app.networkstoragemanager,Network Storage Manager,1,50,0,0,Unknown,,,,,,
com.samsung.android.networkdiagnostic,NetworkDiagnostic,1,453,0,0,Unknown,,,,,,
com.oplus.nhs,NetworkHealthService,1,21,0,0,Unknown,,,,,,
com.android.networkstack.inprocess,NetworkStack,1,129,0,0,Unknown,,,,,,
com.android.networkstack.inprocess.overlay,NetworkStackInProcessResOverlay,1,8,0,0,Unknown,,,,,,
com.samsung.android.networkstack,NetworkStackOverlay,1,89,0,0,Unknown,,,,,,
com.android.networkstack.overlay,"NetworkStackOverlay, NetworkStackResOverlay, com.android.networkstack.overlay",3,46,0,0,Unknown,,,,,,
top.investcloud,Neumann WT Xmas,1,1,0,0,Unknown,,,,,,
com.linguistica360.newsinslowspanishlatino,News in Slow Spanish Latino,1,1,0,0,Unknown,,,,,,
com.lge.NfcSettings,NFC settings,1,1,0,0,Unknown,,,,,,
com.google.euiccpixel,"NFC/eSE/eSIM firmware updater, SIM manager, com.google.euiccpixel",3,221,0,0,Unknown,,,,,,
com.waddensky.nightshift,Nightshift,1,4,0,0,Unknown,,,,,,
com.android.role.notes.enabled,Notes Role enabled,1,44,0,0,Unknown,,,,,,
com.samsung.android.rlc,Notification,1,9,0,0,Unknown,,,,,,
com.sallysoft.NotiCenter,Notification Edge,1,22,0,0,Unknown,,,,,,
com.android.theme.font.notoserifsource,"Noto Serif / Source Sans Pro, com.android.theme.font.notoserifsource",2,154,0,0,Unknown,,,,,,
com.ntask.android,nTask,1,3,0,0,Unknown,,,,,,
com.coloros.relax,O Relax,1,5,0,0,Unknown,,,,,,
com.samsung.obdmpermission,obdm_permissions,1,10,0,0,Unknown,,,,,,
com.samsung.aimodelprovider.objectremovalmodels,Object Eraser,1,348,0,0,Unknown,,,,,,
com.oplus.obrain,OBrain,1,21,0,0,Unknown,,,,,,
com.obvio.obviogo,ObvioGo,1,20,0,0,Unknown,,,,,,
com.android.theme.color.ocean,"Ocean, com.android.theme.color.ocean",2,53,0,0,Unknown,,,,,,
com.samsung.android.sdk.ocr,OCRDataProvider,1,72,0,0,Unknown,,,,,,
com.google.omadm.trigger,OemDmTrigger,1,78,0,0,Unknown,,,,,,
com.htc.omadm.trigger,OemDmTrigger,1,12,0,0,Unknown,,,,,,
com.oplus.olc,Olc,1,21,0,0,Unknown,,,,,,
com.motorola.android.provisioning,"OMA Client Provisioning, com.motorola.android.provisioning",2,4,0,0,Unknown,,,,,,
com.inficare.ocm,Omaha Children's Museum,1,1,0,0,Unknown,,,,,,
com.oplus.omoji,Omoji,1,21,0,0,Unknown,,,,,,
com.android.internal.systemui.onehanded.gestural,"One Handed Mode, com.android.internal.systemui.onehanded.gestural",2,74,0,0,Unknown,,,,,,
com.verizon.onetalk.dialer,One Talk Dialer,1,5,0,0,Unknown,,,,,,
com.firstalert.onelink,Onelink,1,7,0,0,Unknown,,,,,,
com.oplus.onet,ONet,1,21,0,0,Unknown,,,,,,
com.oplus.onetrace,OneTrace,1,26,0,0,Unknown,,,,,,
SamsungUX.DW.FreshP09.wallpapermulti,OneUI3X_Animals,1,1,0,0,Unknown,,,,,,
SamsungUX.DW.FreshP08.wallpapermulti,OneUI3X_Cats,1,1,0,0,Unknown,,,,,,
SamsungUX.DW.FreshP13.wallpapermulti,OneUI3X_Food,1,1,0,0,Unknown,,,,,,
com.mediatek.op01.telecom,OP01Telecom,1,7,0,0,Unknown,,,,,,
com.mediatek.op07.wfo,OP07Wos,1,2,0,0,Unknown,,,,,,
com.mediatek.op08.ims,OP08Ims,1,2,0,0,Unknown,,,,,,
com.mediatek.op08.systemui,OP08SystemUI,1,2,0,0,Unknown,,,,,,
com.mediatek.op09clib.telecom,OP09ClibTelecom,1,7,0,0,Unknown,,,,,,
com.mediatek.op09clib.phone.plugin,OP09ClibTeleService,1,7,0,0,Unknown,,,,,,
com.mediatek.op12.ims,OP12Ims,1,2,0,0,Unknown,,,,,,
com.mediatek.op12.settings,OP12Settings,1,53,0,0,Unknown,,,,,,
com.mediatek.op20.settings,OP20Settings,1,2,0,0,Unknown,,,,,,
com.mediatek.op20.systemui,OP20SystemUI,1,2,0,0,Unknown,,,,,,
com.oplus.ocs,OpenCapabilityService,1,21,0,0,Unknown,,,,,,
com.coloros.ocs.opencapabilityservice,OpenCapabilityService,1,5,0,0,Unknown,,,,,,
com.heytap.openid,OpenID,1,5,0,0,Unknown,,,,,,
com.opera.branding,Opera Branding Provider,1,124,0,0,Unknown,,,,,,
com.lge.operator.hiddenmenu,Operator HiddenMenu,1,1,0,0,Unknown,,,,,,
com.mediatek.op08.settings,OperatorPlugin,1,53,0,0,Unknown,,,,,,
com.mediatek.op01.phone.plugin,OperatorPlugin,1,6,0,0,Unknown,,,,,,
com.mediatek.op07.dialer,OperatorPlugin,1,3,0,0,Unknown,,,,,,
com.mediatek.op07.telecom,OperatorPlugin,1,3,0,0,Unknown,,,,,,
com.mediatek.op08.dialer,OperatorPlugin,1,3,0,0,Unknown,,,,,,
com.mediatek.op08.phone,OperatorPlugin,1,3,0,0,Unknown,,,,,,
com.mediatek.op12.phone,OperatorPlugin,1,3,0,0,Unknown,,,,,,
com.mediatek.op18.dialer,OperatorPlugin,1,3,0,0,Unknown,,,,,,
com.mediatek.op18.telecom,OperatorPlugin,1,3,0,0,Unknown,,,,,,
com.mediatek.op07.phone,OperatorPlugin,1,2,0,0,Unknown,,,,,,
com.mediatek.op07.settings,OperatorPlugin,1,2,0,0,Unknown,,,,,,
com.mediatek.op07.systemui,OperatorPlugin,1,2,0,0,Unknown,,,,,,
com.mediatek.op12.dialer,OperatorPlugin,1,2,0,0,Unknown,,,,,,
com.mediatek.op12.systemui,OperatorPlugin,1,2,0,0,Unknown,,,,,,
com.mediatek.op20.phone,OperatorPlugin,1,2,0,0,Unknown,,,,,,
oplus.frameworkres.overlay.display.product,oplus.frameworkres.overlay.display.product,1,11,0,0,Unknown,,,,,,
com.oplus.dm,OplusDm,1,21,0,0,Unknown,,,,,,
com.coloros.exsystemservice,OplusExSystemService,1,5,0,0,Unknown,,,,,,
com.oplus.lfeh,OplusLFEHer,1,21,0,0,Unknown,,,,,,
com.oplus.nrMode,OplusNrModeControl,1,21,0,0,Unknown,,,,,,
com.oplus.virtualcomm,OplusVirtualComm,1,21,0,0,Unknown,,,,,,
com.oppo.multimedia.dirac,OppoDiracService,1,5,0,0,Unknown,,,,,,
com.oppo.lfeh,OppoLFEHer,1,5,0,0,Unknown,,,,,,
com.oplus.linker,OPSynergy,1,21,0,0,Unknown,,,,,,
com.orbitalshift.app,Orbital Shift,1,2,0,0,Unknown,,,,,,
com.android.theme.color.orchid,"Orchid, com.android.theme.color.orchid",2,53,0,0,Unknown,,,,,,
org.codeaurora.ims,"org.codeaurora.ims, org.codeaurora.ims.ImsApp",2,243,0,0,Unknown,,,,,,
org.codeaurora.ims.auto_generated_rro_product__,org.codeaurora.ims.auto_generated_rro_product__,1,8,0,0,Unknown,,,,,,
com.tangibleplay.osmo.parent,Osmo Parent,1,7,0,0,Unknown,,,,,,
com.android.hotspot2.osulogin,OsuLogin,1,114,0,0,Unknown,,,,,,
com.android.hotspot2,OsuLogin,1,14,0,0,Unknown,,,,,,
com.google.android.hotspot2.osulogin,"OsuLogin, com.google.android.hotspot2.osulogin",2,61,0,0,Unknown,,,,,,
com.getfairshare.ourhome,OurHome,1,5,0,0,Unknown,,,,,,
com.mytona.outgun,Outfire,1,7,0,0,Unknown,,,,,,
com.oplus.owkservice,OwkService,1,21,0,0,Unknown,,,,,,
com.android.defcontainer,Package Access Helper,1,111,0,0,Unknown,,,,,,
com.packageconcierge.mobileapp,Package Concierge,1,1,0,0,Unknown,,,,,,
com.android.pacprocessor,PacProcessor,1,158,0,0,Unknown,,,,,,
com.motorola.paks,PAKS,1,4,0,0,Unknown,,,,,,
com.motorola.paks.notification,PAKS Notification,1,26,0,0,Unknown,,,,,,
com.android.theme.color.palette,Palette,1,6,0,0,Unknown,,,,,,
com.f2zentertainment.pandemic,Pandemic,1,7,0,0,Unknown,,,,,,
com.netflix.partner.activation,PartnerNetflixActivation,1,17,0,0,Unknown,,,,,,
com.salesoft.passionplay,Passion Play,1,6,0,0,Unknown,,,,,,
com.nextmd.nextgenpp,Patient Portal,1,1,0,0,Unknown,,,,,,
com.coloros.securepay,Payment protection,1,5,0,0,Unknown,,,,,,
com.upgenicsint.phonechecklite,PC Utility,1,12,0,0,Unknown,,,,,,
com.motorola.vzw.pco.extensions.pcoreceiver,PcoReceiver,1,4,0,0,Unknown,,,,,,
com.android.theme.icon.pebble,"Pebble, com.android.theme.icon.pebble",2,39,0,0,Unknown,,,,,,
com.samsung.android.service.peoplestripe,"People, People edge, Personas",3,218,0,0,Unknown,,,,,,
com.samsung.android.perf_z,Perf Z,1,17,0,0,Unknown,,,,,,
com.samsung.android.knox.containeragent,"Perfil de trabajo, Work profile, Workspace",3,185,0,0,Unknown,,,,,,
com.qualcomm.qti.performancemode,Performance Mode,1,39,0,0,Unknown,,,,,,
com.samsung.android.peripheral.framework,Peripheral Framework,1,277,0,0,Unknown,,,,,,
com.oplus.securitypermission,Permission manager,1,21,0,0,Unknown,,,,,,
com.coloros.securitypermission,Permission manager,1,5,0,0,Unknown,,,,,,
com.sec.android.app.personalization,"Perso, Personalizar",2,431,0,0,Unknown,,,,,,
com.coloros.uxdesign,Personalisations,1,5,0,0,Unknown,,,,,,
com.samsung.petservice,PetService,1,17,0,0,Unknown,,,,,,
com.trc.PL,Pharmacist's Letter,1,6,0,0,Unknown,,,,,,
com.mattel163.phase10.samsung,Phase 10,1,16,0,0,Unknown,,,,,,
com.motorola.vzw.phone.extensions,Phone,1,1572,0,0,Unknown,,,,,,
com.motorola.android.buacloudcontactadapter,Phone,1,1,0,0,Unknown,,,,,,
com.upgenicsint.phonecheck,PhoneCheck,1,12,0,0,Unknown,,,,,,
com.roidapp.photogrid,PhotoGrid,1,14,0,0,Unknown,,,,,,
com.samsung.android.photoremasterservice,PhotoRemasterService,1,235,0,0,Unknown,,,,,,
com.umosun.pianotiles,Piano Tiles,1,7,0,0,Unknown,,,,,,
org.chromium.webapk.a7a56ff46b13165e8_v2,Pinterest,1,33,0,0,Unknown,,,,,,
com.amitkot.pinwheel,Pinwheel,1,7,0,0,Unknown,,,,,,
com.google.pixel.crosshatch.gamedriver,Pixel 3 Game Driver,1,11,0,0,Unknown,,,,,,
com.google.pixel.coral.gpuprofiling.vulkanlayer,Pixel 4 GPU Profiling Vulkan Layer,1,4,0,0,Unknown,,,,,,
com.google.pixel.redbull.gpuprofiling.vulkanlayer,Pixel GPU Profiling Vulkan Layer,1,8,0,0,Unknown,,,,,,
com.google.pixel.sunfish.gpuprofiling.vulkanlayer,Pixel GPU Profiling Vulkan Layer,1,3,0,0,Unknown,,,,,,
com.google.pixel.livewallpaper,"Pixel Live Wallpaper, com.google.pixel.livewallpaper",2,31,0,0,Unknown,,,,,,
com.google.android.pixel.setupwizard,"Pixel Setup, com.google.android.pixel.setupwizard",2,333,0,0,Unknown,,,,,,
com.google.android.apps.dreamliner,"Pixel Stand, com.google.android.apps.dreamliner",2,218,0,0,Unknown,,,,,,
com.google.android.apps.customization.pixel,"Pixel Themes, com.google.android.apps.customization.pixel",2,47,0,0,Unknown,,,,,,
com.google.android.apps.pixel.support,"Pixel Troubleshooting, com.google.android.apps.pixel.support",2,16,0,0,Unknown,,,,,,
com.breel.wallpapers19,Pixel Wallpapers 19,1,2,0,0,Unknown,,,,,,
com.breel.wallpapers20,Pixel Wallpapers 20,1,1,0,0,Unknown,,,,,,
com.breel.wallpapers,Pixel wallpapers 2017,1,12,0,0,Unknown,,,,,,
com.breel.wallpapers20a,Pixel Wallpapers 20a,1,175,0,0,Unknown,,,,,,
com.google.android.pixel.setupwizard.overlay,"PixelSetupWizardOverlay, com.google.android.pixel.setupwizard.overlay",2,30,0,0,Unknown,,,,,,
com.google.android.pixel.setupwizard.overlay2019,"PixelSetupWizardOverlay2019, com.google.android.pixel.setupwizard.overlay2019",2,28,0,0,Unknown,,,,,,
com.google.android.pixel.setupwizard.overlay2021,PixelSetupWizardOverlay2021,1,11,0,0,Unknown,,,,,,
com.google.android.pixel.setupwizard.activeedge,"PixelSetupWizardOverlayActiveEdge, com.google.android.pixel.setupwizard.activeedge",2,6,0,0,Unknown,,,,,,
android.autoinstalls.config.Xiaomi.model,PlayAutoInstalls,1,6,0,0,Unknown,,,,,,
android.autoinstalls.config.Xiaomi.qssi,PlayAutoInstalls,1,3,0,0,Unknown,,,,,,
com.pocketpoints.pocketpoints,Pocket Points,1,3,0,0,Unknown,,,,,,
com.saberespoder.poder.card,PODERcard,1,91,0,0,Unknown,,,,,,
com.pokemon.pokemonpass,Pok‚àö¬©mon Pass,1,2,0,0,Unknown,,,,,,
com.polaroid.mobileprinter,Polaroid ZIP,1,1,0,0,Unknown,,,,,,
com.transsion.powercenter,Power,1,3,0,0,Unknown,,,,,,
com.xiaomi.powerchecker,Power Detector,1,20,0,0,Unknown,,,,,,
com.oplus.powermonitor,Power Monitor,1,21,0,0,Unknown,,,,,,
com.oppo.oppopowermonitor,Power monitor,1,5,0,0,Unknown,,,,,,
com.painless.pc,Power Toggles,1,36,0,0,Unknown,,,,,,
com.qualcomm.qti.poweroffalarm,PowerOffAlarm,1,33,0,0,Unknown,,,,,,
com.android.service.ims.presence,Presence,1,200,0,0,Unknown,,,,,,
com.amazon.now,Prime Now,1,8,0,0,Unknown,,,,,,
com.google.android.printservice.recommendation,"Print Service Recommendation Service, com.google.android.printservice.recommendation",2,168,0,0,Unknown,,,,,,
com.studioquizz.tvstudioromania,Pro Romania Tv,1,2,0,0,Unknown,,,,,,
com.productInfo,ProductInfo,1,53,0,0,Unknown,,,,,,
com.thehomedepot.coloryourworld,Project Color,1,11,0,0,Unknown,,,,,,
com.android.provision,Provision,1,46,0,0,Unknown,,,,,,
com.lge.hotspotprovision,Provision,1,1,0,0,Unknown,,,,,,
com.android.proxyhandler,ProxyHandler,1,322,0,0,Unknown,,,,,,
com.tencent.igxiaomi,PUBG MOBILE Gift Box,1,173,0,0,Unknown,,,,,,
com.android.theme.color.purple,"Purple, com.android.theme.color.purple",2,53,0,0,Unknown,,,,,,
com.qti.qcc,QCC,1,72,0,0,Unknown,,,,,,
com.qualcomm.qti.qdma,QCC,1,1,0,0,Unknown,,,,,,
com.qualcomm.qti.qccauthmgr,QCC-AUTHMGR,1,2,0,0,Unknown,,,,,,
com.qualcomm.qti.qcolor,QColor,1,33,0,0,Unknown,,,,,,
com.qti.snapdragon.qdcm_ff,QDCM-FF,1,404,0,0,Unknown,,,,,,
com.lge.qlens,QLens,1,1,0,0,Unknown,,,,,,
com.samsung.android.qmdservice,QMDService,1,9,0,0,Unknown,,,,,,
com.samsung.qosindicator,QoSIndicator,1,8,0,0,Unknown,,,,,,
com.qualcomm.qti.smq,QTR,1,17,0,0,Unknown,,,,,,
com.qualcomm.location.XT,Qualcomm IZat,1,1,0,0,Unknown,,,,,,
com.shannon.qualifiednetworksservice,QualifiedNetworksService,1,26046,0,0,Unknown,,,,,,
com.oplus.qualityprotect,QualityProtect,1,21,0,0,Unknown,,,,,,
com.miui.hybrid,Quick apps Service Framework,1,28,0,0,Unknown,,,,,,
com.miui.touchassistant,Quick ball,1,23,0,0,Unknown,,,,,,
com.lge.videostudio,Quick Video Editor,1,1,0,0,Unknown,,,,,,
com.sec.android.app.fm,Radio,1,1,0,0,Unknown,,,,,,
com.samsung.slsi.telephony.oem.oemrilhookservice,RadioConfigService,1,184,0,0,Unknown,,,,,,
ca.radioplayer.android,Radioplayer,1,8,0,0,Unknown,,,,,,
com.rcw.rcwappV2,RC Willey,1,3,0,0,Unknown,,,,,,
com.rcn.mobile,RCN Mobile,1,1,0,0,Unknown,,,,,,
com.motorola.rcsConfigService,"RCS Config Service, com.motorola.rcsConfigService",2,4,0,0,Unknown,,,,,,
com.mediatek.ims.rcsua.service,RCS UA,1,2,0,0,Unknown,,,,,,
com.shannon.rcsservice,RcsService,1,13184,0,0,Unknown,,,,,,
com.qualcomm.qti.uceShimService,"RCSService, uceShimService",2,232,0,0,Unknown,,,,,,
com.samsung.rcs,RcsSettings,1,7,0,0,Unknown,,,,,,
com.miui.audiomonitor,Recording assistant,1,41,0,0,Unknown,,,,,,
com.oplus.apprecover,Recover system apps,1,21,0,0,Unknown,,,,,,
com.coloros.apprecover,Recover Uninstalled System Apps,1,5,0,0,Unknown,,,,,,
com.google.android.connectivity.resources,"Recursos de conectividad del sistema, System Connectivity Resources, System connectivity resources, com.google.android.connectivity.resources",4,236,0,0,Unknown,,,,,,
com.android.wifi.resources,"Recursos Wi‚Äö√Ñ√´Fi del sistema, System Wi-Fi Resources, System Wi-Fi resources",3,116,0,0,Unknown,,,,,,
com.redbox.android.activity,Redbox,1,11,0,0,Unknown,,,,,,
com.samsung.aimodelprovider.reflectionremovalmodels,Reflection Eraser,1,5,0,0,Unknown,,,,,,
com.android.traceur,"Registro del sistema, System Tracing, com.android.traceur",3,223,0,0,Unknown,,,,,,
com.samsung.android.app.reminder,Reminder,1,13754,0,0,Unknown,,,,,,
com.google.android.rkpdapp,RemoteProvisioner,1,59,0,0,Unknown,,,,,,
com.android.rkpdapp,RemoteProvisioner,1,13,0,0,Unknown,,,,,,
com.android.remoteprovisioner,"RemoteProvisioner, com.android.remoteprovisioner",2,24,0,0,Unknown,,,,,,
com.renaissanceapp,Renaissance,1,2,0,0,Unknown,,,,,,
com.android.internal.display.cutout.emulation.avoidAppsInCutout,"Render apps below cutout area, com.android.internal.display.cutout.emulation.avoidAppsInCutout",2,28,0,0,Unknown,,,,,,
com.google.android.repairmode,Repair Mode,1,64,0,0,Unknown,,,,,,
ttpc.restauramtapp,RestaurantApp,1,1,0,0,Unknown,,,,,,
com.customermobile.preload.vzw,Retail Demo Mode,1,83,0,0,Unknown,,,,,,
com.google.android.apps.retaildemo.preload,Retail Demo Services,1,8,0,0,Unknown,,,,,,
com.motorola.revoker.services,"Revoker Services, Servicios de suspensi‚àö‚â•n",2,29,0,0,Unknown,,,,,,
com.qualcomm.qti.ridemodeaudio,RideMode Recording list,1,48,0,0,Unknown,,,,,,
com.libertymutual.uscm.safeco.righttrack,RightTrack,1,16,0,0,Unknown,,,,,,
com.mediatek.capctrl.service,RilCap,1,106,0,0,Unknown,,,,,,
com.google.RilConfigService,RilConfig,1,369,0,0,Unknown,,,,,,
com.sec.android.app.ringtoneBR,ringtonebackup,1,177,0,0,Unknown,,,,,,
com.android.systemui.overlay.fingerprint.anim.ripple,Ripple,1,14,0,0,Unknown,,,,,,
com.monotype.android.font.roboto,Roboto,1,13,0,0,Unknown,,,,,,
com.gd.mobicore.pa,RootPA,1,7,0,0,Unknown,,,,,,
com.monotype.android.font.rosemary,RoseEUKor,1,3,0,0,Unknown,,,,,,
com.android.theme.icon_pack.rounded.themepicker,Rounded,1,50,0,0,Unknown,,,,,,
com.android.theme.icon.roundedrect,"Rounded Rectangle, com.android.theme.icon.roundedrect",2,53,0,0,Unknown,,,,,,
com.android.theme.icon_pack.rounded.android,"Rounded, com.android.theme.icon_pack.rounded.android",2,53,0,0,Unknown,,,,,,
com.android.theme.icon_pack.rounded.launcher,"Rounded, com.android.theme.icon_pack.rounded.launcher",2,53,0,0,Unknown,,,,,,
com.android.theme.icon_pack.rounded.settings,"Rounded, com.android.theme.icon_pack.rounded.settings",2,53,0,0,Unknown,,,,,,
com.android.theme.icon_pack.rounded.systemui,"Rounded, com.android.theme.icon_pack.rounded.systemui",2,53,0,0,Unknown,,,,,,
com.tmobile.rsuadapter.aidl,RsuSleService,1,2,0,0,Unknown,,,,,,
com.android.theme.font.rubikrubik,Rubik / Rubik,1,17,0,0,Unknown,,,,,,
com.xiaomi.mtb,"Rueban(MTB)V2.6, Rueban(MTB)V6.0.6, Rueban(MTB)V6.1.5, Rueban(MTB)V6.1.7, Rueban(MTB)V6.5.20231026",5,40,0,0,Unknown,,,,,,
yio.tro.kladom,S-kladom,1,1,0,0,Unknown,,,,,,
com.sec.sprextension,SAE,1,16,0,0,Unknown,,,,,,
org.advocateaurorahealth.safecheck,SafeCheck,1,11,0,0,Unknown,,,,,,
com.app.safeter_mobile,Safeter,1,8,0,0,Unknown,,,,,,
com.android.safetyregulatoryinfo,"Safety & regulatory manual, com.android.safetyregulatoryinfo",2,31,0,0,Unknown,,,,,,
com.android.theme.font.sam,Sam,1,6,0,0,Unknown,,,,,,
com.android.theme.icon_pack.sam.android,Sam,1,6,0,0,Unknown,,,,,,
com.android.theme.icon_pack.sam.launcher,Sam,1,6,0,0,Unknown,,,,,,
com.android.theme.icon_pack.sam.settings,Sam,1,6,0,0,Unknown,,,,,,
com.android.theme.icon_pack.sam.systemui,Sam,1,6,0,0,Unknown,,,,,,
com.android.theme.icon_pack.sam.themepicker,Sam,1,6,0,0,Unknown,,,,,,
com.sameday.sameday_android,Sameday,1,8,0,0,Unknown,,,,,,
com.sec.android.app.apex,Samsung ApexService,1,419,0,0,Unknown,,,,,,
com.samsung.android.coldwalletservice,Samsung Blockchain Keystore,1,68,0,0,Unknown,,,,,,
com.sec.android.app.billing,Samsung Checkout,1,89,0,0,Unknown,,,,,,
com.samsung.android.scs,Samsung Core Services,1,90,0,0,Unknown,,,,,,
com.sec.android.sdhms,Samsung Device Health Manager Service,1,431,0,0,Unknown,,,,,,
com.samsung.desktopsystemui,Samsung DeX System UI,1,57,0,0,Unknown,,,,,,
com.sec.android.dexsystemui,Samsung DeX System UI,1,45,0,0,Unknown,,,,,,
com.samsung.android.digitalkey,Samsung Digital Key,1,1,0,0,Unknown,,,,,,
com.samsung.android.mateagent,Samsung Galaxy Friends,1,49,0,0,Unknown,,,,,,
com.samsung.android.shealthmonitor,Samsung Health Monitor,1,295,0,0,Unknown,,,,,,
com.samsung.android.intellivoiceservice,Samsung Intelligence Voice Services,1,7,0,0,Unknown,,,,,,
com.samsung.android.app.sbrowseredge,Samsung Internet panel,1,3,0,0,Unknown,,,,,,
com.sec.android.inputmethod.beta,Samsung Keyboard Neural Beta,1,3,0,0,Unknown,,,,,,
com.sec.android.inputmethod,"Samsung Keyboard, Samsung Keyboard (deprecated), Teclado Samsung (no recomendad)",3,159,0,0,Unknown,,,,,,
com.sec.android.app.kidshome,Samsung Kids,1,54,0,0,Unknown,,,,,,
com.samsung.kidsplay,Samsung Kids+,1,6,0,0,Unknown,,,,,,
com.samsung.android.offline.languagemodel,Samsung Language Core,1,2,0,0,Unknown,,,,,,
com.sec.location.nsflp2,Samsung Location SDK,1,433,0,0,Unknown,,,,,,
com.samsung.android.providers.media,"Samsung Media Storage, Sec Media Storage",2,3645,0,0,Unknown,,,,,,
com.samsung.oh,Samsung Members v1,1,150,0,0,Unknown,,,,,,
com.samsung.mdl.radio,Samsung Milk Music,1,7,0,0,Unknown,,,,,,
com.samsung.android.app.mirrorlink,Samsung MirrorLink 1.1,1,6,0,0,Unknown,,,,,,
com.samsung.android.mcfserver,Samsung Multi Connectivity,1,1264,0,0,Unknown,,,,,,
com.samsung.android.app.notes.addons,Samsung Notes Add-ons,1,49,0,0,Unknown,,,,,,
com.samsung.android.bixby.ondevice.enus,Samsung on-device Resource English (United States),1,103,0,0,Unknown,,,,,,
com.samsung.android.samsungpass,Samsung Pass,1,292,0,0,Unknown,,,,,,
com.samsung.android.dkey,"Samsung Pass, Samsung Wallet Digital Key",2,703,0,0,Unknown,,,,,,
com.samsung.android.spayfw,"Samsung Pay Framework, Samsung PaymentFramework",2,428,0,0,Unknown,,,,,,
com.samsung.gamedriver.sm8250,Samsung SM8250 GameDriver,1,3,0,0,Unknown,,,,,,
com.samsung.vklayer.sm8250,Samsung SM8250 VKLayer,1,3,0,0,Unknown,,,,,,
com.samsung.gamedriver.sm8350,Samsung SM8350 GameDriver,1,42,0,0,Unknown,,,,,,
com.samsung.vklayer.sm8350,Samsung SM8350 VKLayer,1,41,0,0,Unknown,,,,,,
com.samsung.gamedriver.sm8450,Samsung SM8450 GameDriver,1,14,0,0,Unknown,,,,,,
com.samsung.gamedriver.sm8550,Samsung SM8550 GameDriver,1,4,0,0,Unknown,,,,,,
com.samsung.gamedriver.sm8650,Samsung SM8650 GameDriver,1,2,0,0,Unknown,,,,,,
com.samsung.android.timezone.data_R,Samsung Time Zone Data,1,22,0,0,Unknown,,,,,,
com.samsung.android.timezone.data_P,Samsung Time Zone Data,1,8,0,0,Unknown,,,,,,
com.samsung.android.timezone.data_Q,Samsung Time Zone Data,1,3,0,0,Unknown,,,,,,
com.samsung.android.wallpaper.magician,Samsung Vision Core,1,2,0,0,Unknown,,,,,,
com.samsung.android.svoiceime,Samsung voice input,1,130,0,0,Unknown,,,,,,
com.samsung.android.wallpaper.live,Samsung Wallpaper,1,9,0,0,Unknown,,,,,,
com.samsung.euicc,SamsungEuiccService,1,242,0,0,Unknown,,,,,,
com.samsung.oda.service,SamsungOdaService,1,250,0,0,Unknown,,,,,,
com.monotype.android.font.samsungone,SamsungOne,1,89,0,0,Unknown,,,,,,
com.samsung.android.samsungpositioning,SamsungPositioning,1,452,0,0,Unknown,,,,,,
com.samsung.SMT.lang_en_us_l03,SamsungTTS US English Voice 1,1,417,0,0,Unknown,,,,,,
com.samsung.SMT.lang_en_us_l04,SamsungTTS US English Voice 3,1,100,0,0,Unknown,,,,,,
com.samsung.SMT.lang_es_us_l01,"SamsungTTS US Espanol Voz 1, SamsungTTS US Espa‚àö¬±ol Voz 1",2,5,0,0,Unknown,,,,,,
com.android.theme.color.sand,Sand,1,6,0,0,Unknown,,,,,,
com.motorola.sarcontrol,Sar Control Service,1,26,0,0,Unknown,,,,,,
com.wingtech.sartest,SarTest,1,20,0,0,Unknown,,,,,,
com.longcheertel.sarauth,SarUI,1,7,0,0,Unknown,,,,,,
com.oplus.sauhelper,SAUHelper,1,21,0,0,Unknown,,,,,,
com.coloros.sauhelper,SAUHelper,1,5,0,0,Unknown,,,,,,
com.samsung.android.sbrowserintelligenceservice,SbrowserIntelligenceService,1,2,0,0,Unknown,,,,,,
com.sharecare.dpp,Scale Back,1,1,0,0,Unknown,,,,,,
com.samsung.android.camerasdkservice,SCameraService,1,301,0,0,Unknown,,,,,,
com.samsung.android.cameraxservice,SCameraXService,1,283,0,0,Unknown,,,,,,
com.score808.app,Score808,1,7,0,0,Unknown,,,,,,
com.telenav.app.android.scout4cars,Scout GPS Link,1,1,0,0,Unknown,,,,,,
com.samsung.android.sm.policy,SCPM Client,1,4293,0,0,Unknown,,,,,,
com.financialfreedom.scabble,Scrabble Dictionary,1,43,0,0,Unknown,,,,,,
com.coloros.onekeylockscreen,Screen Lock,1,5,0,0,Unknown,,,,,,
com.coloros.colordirectservice,Screen Recognition,1,19,0,0,Unknown,,,,,,
com.heytap.cast,Screencast,1,5,0,0,Unknown,,,,,,
com.coloros.screenshot,Screenshot,1,619,0,0,Unknown,,,,,,
com.transsion.screenshot,Screenshots,1,6,0,0,Unknown,,,,,,
com.oppo.qualityprotect,sdk,1,5,0,0,Unknown,,,,,,
com.google.android.apps.setupwizard.searchselector,Search Engine Selector,1,9,0,0,Unknown,,,,,,
com.qualcomm.qti.seccamservice,SecCamService,1,7,0,0,Unknown,,,,,,
com.samsung.android.providers.trash,SecTrashProvider,1,13,0,0,Unknown,,,,,,
com.oplus.securitykeyboard,Secure Keyboard,1,21,0,0,Unknown,,,,,,
com.coloros.securitykeyboard,Secure Keyboard,1,5,0,0,Unknown,,,,,,
com.nearme.atlas,Secure payment,1,5,0,0,Unknown,,,,,,
com.samsung.android.fast,"Secure Wi-Fi, Wi-Fi segura",2,123,0,0,Unknown,,,,,,
com.android.se,SecureElementApplication,1,991,0,0,Unknown,,,,,,
com.oplus.safecenter,Security Center,1,21,0,0,Unknown,,,,,,
com.sec.android.providers.security,Security storage,1,8,0,0,Unknown,,,,,,
com.sec.sve,SecVideoEngineService,1,454,0,0,Unknown,,,,,,
com.sec.android.ofviewer,Selective focus,1,3,0,0,Unknown,,,,,,
com.semaconnect,SemaConnect,1,8,0,0,Unknown,,,,,,
com.sem.factoryapp,SEMFactoryApp,1,419,0,0,Unknown,,,,,,
com.fingerprints.sensortesttool,Sensor Test Tool,1,28,0,0,Unknown,,,,,,
com.sec.android.app.servicemodeapp,Service mode,1,432,0,0,Unknown,,,,,,
com.sec.android.RilServiceModeApp,Service mode RIL,1,432,0,0,Unknown,,,,,,
com.sec.location.nfwlocationprivacy,Service provider location,1,60,0,0,Unknown,,,,,,
com.lge.servicemenu,ServiceMenu,1,1,0,0,Unknown,,,,,,
com.miui.miservice,Services & feedback,1,54,0,0,Unknown,,,,,,
com.xiaomi.misettings,Settings,1,41,0,0,Unknown,,,,,,
com.motorola.carriersettingsext,Settings,1,4,0,0,Unknown,,,,,,
com.motorola.vzw.settings.extensions,Settings,1,4,0,0,Unknown,,,,,,
com.motorola.comcast.settings.extensions,Settings,1,3,0,0,Unknown,,,,,,
com.samsung.android.app.settings.bixby,SettingsBixby,1,430,0,0,Unknown,,,,,,
com.samsung.android.settingshelper,SettingsHelper,1,7,0,0,Unknown,,,,,,
com.motorola.setupwizard.devicesetup,Setup Wizard,1,3,0,0,Unknown,,,,,,
com.android.LGSetupWizard,Setup Wizard,1,1,0,0,Unknown,,,,,,
com.sec.android.app.setupwizardlegalprovider,SetupWizardLegalProvider,1,100,0,0,Unknown,,,,,,
com.samsung.aimodelprovider.shadowremovalmodels,Shadow Eraser,1,6,0,0,Unknown,,,,,,
com.sharewaste.app.production,ShareWaste,1,6,0,0,Unknown,,,,,,
com.android.shell,Shell,1,971,0,0,Unknown,,,,,,
com.daemon.shelper,Shelper,1,5,0,0,Unknown,,,,,,
com.ShoppingAddiction.Calendar,Shopping Addiction Calendar,1,5,0,0,Unknown,,,,,,
com.samsung.android.shortcutbackupservice,ShortcutBNR,1,421,0,0,Unknown,,,,,,
com.totsp.crossword.shortyz,Shortyz,1,11,0,0,Unknown,,,,,,
com.curogram.patient,SickApp,1,1,0,0,Unknown,,,,,,
com.silead.fingerprint,silead manager,1,3,0,0,Unknown,,,,,,
com.sec.modem.settings,SilentLogging,1,444,0,0,Unknown,,,,,,
com.android.simappdialog,"Sim App Dialog, Sim app dialogue, com.android.simappdialog",3,173,0,0,Unknown,,,,,,
com.sec.android.app.simsettingmgr,SIM card manager,1,8,0,0,Unknown,,,,,,
com.qualcomm.qti.simcontacts,SimContacts,1,37,0,0,Unknown,,,,,,
org.chromium.webapk.a4bfe56f315b5b29f_v2,Similac¬¨√Ü Rewards,1,6,0,0,Unknown,,,,,,
com.samsung.ims.smk,SimMobilityKit,1,61,0,0,Unknown,,,,,,
com.resonancelab.unrar,Simple Unrar,1,11,0,0,Unknown,,,,,,
com.skms.android.agent,SKMSAgentService,1,454,0,0,Unknown,,,,,,
net.slideshare.mobile,SlideShare,1,1,0,0,Unknown,,,,,,
com.samsung.android.location,slocation,1,92,0,0,Unknown,,,,,,
com.samsung.app.slowmotion,Slow motion editor,1,9,0,0,Unknown,,,,,,
com.samsung.android.smartcallprovider,Smart Call,1,226,0,0,Unknown,,,,,,
com.lge.springcleaning,Smart cleaning,1,1,0,0,Unknown,,,,,,
com.fisher_price.android,Smart Connect,1,1,0,0,Unknown,,,,,,
com.qti.xdivert,"Smart Forwarding, Smart-Divert",2,186,0,0,Unknown,,,,,,
com.locationlabs.cni.att,Smart Limits,1,9,0,0,Unknown,,,,,,
com.samsung.aimodelprovider.smartaiengine,Smart Photo Editor Engine,1,2,0,0,Unknown,,,,,,
com.miui.hybrid.accessory,Smart Scenes,1,28,0,0,Unknown,,,,,,
com.coloros.smartsidebar,Smart Sidebar,1,16,0,0,Unknown,,,,,,
com.samsung.android.app.smartwidget,"Smart Widget, Widget inteligente",2,146,0,0,Unknown,,,,,,
com.thinkeco.app,smartAC Go,1,1,0,0,Unknown,,,,,,
com.oplus.smartengine,SmartEngine,1,21,0,0,Unknown,,,,,,
com.samsung.android.smartface,SmartFaceService,1,452,0,0,Unknown,,,,,,
com.samsung.android.smartfitting,SmartFittingService,1,175,0,0,Unknown,,,,,,
com.sec.android.smartfpsadjuster,SmartFPSAdjuster,1,295,0,0,Unknown,,,,,,
com.mediatek.smartratswitch.service,SmartRatSwitch,1,75,0,0,Unknown,,,,,,
com.samsung.android.ststub,SmartThings,1,2,0,0,Unknown,,,,,,
com.samsung.android.service.stplatform,SmartThings Framework,1,97,0,0,Unknown,,,,,,
com.smartthings.android,"SmartThings, com.smartthings.android",2,3,0,0,Unknown,,,,,,
com.lge.lgworld,SmartWorld,1,2,0,0,Unknown,,,,,,
air.app.smartybubbles,Smarty Bubbles,1,1,0,0,Unknown,,,,,,
dansons.grills,Smoke IT,1,4,0,0,Unknown,,,,,,
com.progressive.snapshot2,Snapshot,1,7,0,0,Unknown,,,,,,
com.oplus.ota,Software update,1,21,0,0,Unknown,,,,,,
com.lge.android.atservice,Software Update,1,1,0,0,Unknown,,,,,,
com.oppo.cota,Software Updates,1,5,0,0,Unknown,,,,,,
com.samsung.sait.sohservice,SoHService,1,240,0,0,Unknown,,,,,,
com.coloros.videoeditor,Soloop,1,5,0,0,Unknown,,,,,,
com.tencent.soter.soterserver,"SoterService, aidlserverdemo",2,27,0,0,Unknown,,,,,,
com.samsung.android.app.advsounddetector,Sound detectors,1,135,0,0,Unknown,,,,,,
com.gpk.iss,Space Idle,1,7,0,0,Unknown,,,,,,
com.android.theme.color.space,"Space, com.android.theme.color.space",2,53,0,0,Unknown,,,,,,
com.babbel.mobile.android.es,Spanish,1,3,0,0,Unknown,,,,,,
com.motorola.spectrum.setup.extensions,Spectrum Setup,1,3,0,0,Unknown,,,,,,
com.sec.android.splitsound,SplitSoundService,1,137,0,0,Unknown,,,,,,
co.spotafriend.google,Spotafriend,1,17,0,0,Unknown,,,,,,
io.bettylabs.disco,Spotify Live,1,3,0,0,Unknown,,,,,,
com.spreadthesign.androidapp_paid,Spread the Sign,1,27,0,0,Unknown,,,,,,
com.android.sdm.plugins.sprintdm,SprintDM,1,195,0,0,Unknown,,,,,,
com.android.theme.icon.square,Square,1,3,0,0,Unknown,,,,,,
com.android.theme.icon.squircle,"Squircle, com.android.theme.icon.squircle",2,53,0,0,Unknown,,,,,,
com.lge.srtc,SRTC,1,1,0,0,Unknown,,,,,,
org.chromium.webapk.a264e699c2e76ef6e_v2,Starbucks,1,1,0,0,Unknown,,,,,,
com.android.systemui.overlay.fingerprint.anim.fy,Stardust,1,11,0,0,Unknown,,,,,,
com.coloros.bootreg,Startup Wizard,1,11,0,0,Unknown,,,,,,
com.oplus.stdid,StdID,1,21,0,0,Unknown,,,,,,
com.oplus.stdsp,StdSP Core,1,21,0,0,Unknown,,,,,,
com.samsung.android.stickercenter,"Sticker Center, StickerCenter",2,453,0,0,Unknown,,,,,,
com.samsung.android.provider.stickerprovider,StickerProvider,1,62,0,0,Unknown,,,,,,
com.stickman.supreme.clash.fight.game,Stickman Hero Fight Clash,1,1,0,0,Unknown,,,,,,
com.android.systemui.overlay.fingerprint.anim.stripe,Stripe,1,14,0,0,Unknown,,,,,,
com.subaru.global.infotainment.gen2,"SUBARU STARLINK, com.subaru.global.infotainment.gen2",2,398,0,0,Unknown,,,,,,
com.oplus.subsys,Subsystem Service,1,21,0,0,Unknown,,,,,,
com.samsung.android.sume.nn.service,"SumeNN, SumeNNService",2,284,0,0,Unknown,,,,,,
com.summit.motorola.rcs,"Summit IMS Service, com.summit.motorola.rcs",2,4,0,0,Unknown,,,,,,
com.centene.sunshine,Sunshine,1,4,0,0,Unknown,,,,,,
com.pikpok.mamcb,Super MAMC,1,2,0,0,Unknown,,,,,,
com.google.mainline.telemetry,"Support components, com.google.mainline.telemetry",2,212,0,0,Unknown,,,,,,
com.sec.android.gallery3d.panorama360view,Surround shot,1,3,0,0,Unknown,,,,,,
com.sec.android.app.suwscriptplayer,SuwScriptPlayer,1,6,0,0,Unknown,,,,,,
com.samsung.android.svcagent,SVC Agent,1,453,0,0,Unknown,,,,,,
net.wooga.switchcraft.googleplay,Switchcraft,1,3,0,0,Unknown,,,,,,
com.coloros.systemclone,System Cloner,1,11,0,0,Unknown,,,,,,
com.android.connectivity.resources,System Connectivity Resources,1,14,0,0,Unknown,,,,,,
com.qualcomm.qti.services.systemhelper,System Helper Service,1,3023,0,0,Unknown,,,,,,
com.oplus.exsystemservice,System Service,1,21,0,0,Unknown,,,,,,
com.maxwest.ota,System Update,1,2,0,0,Unknown,,,,,,
com.oplus.sau,System Upgrade Services,1,21,0,0,Unknown,,,,,,
com.coloros.sau,System Upgrade Services,1,5,0,0,Unknown,,,,,,
com.android.uwb.resources,System UWB Resources,1,75,0,0,Unknown,,,,,,
com.google.android.uwb.resources,System UWB Resources,1,27,0,0,Unknown,,,,,,
com.google.android.wifi.resources,"System Wi-Fi Resources, com.google.android.wifi.resources",2,65,0,0,Unknown,,,,,,
com.samsung.systemui.bixby2,SystemUIBixby2,1,41,0,0,Unknown,,,,,,
com.google.android.systemui.gxoverlay,SystemUIGX,1,30,0,0,Unknown,,,,,,
com.sec.android.systemupdate,SystemUpdate,1,34,0,0,Unknown,,,,,,
com.tmobile.echolocate,T-Mobile Diagnostics,1,12,0,0,Unknown,,,,,,
com.tmobile.homeisp,T-Mobile Internet,1,3,0,0,Unknown,,,,,,
com.whitepages.nameid.tmobile,T-Mobile Name ID,1,46,0,0,Unknown,,,,,,
com.mobitv.client.tmobiletvhd,T-Mobile TV,1,36,0,0,Unknown,,,,,,
com.samsung.android.tadownloader,TADownloader,1,48,0,0,Unknown,,,,,,
com.samsung.android.accessibility.talkback,TalkBack,1,112,0,0,Unknown,,,,,,
com.android.theme.color.tangerine,Tangerine,1,6,0,0,Unknown,,,,,,
com.android.theme.icon.taperedrect,"Tapered Rect, com.android.theme.icon.taperedrect",2,39,0,0,Unknown,,,,,,
com.samsung.android.app.taskedge,"Tareas, Tasks, Tasks edge",3,93,0,0,Unknown,,,,,,
com.sec.tasmanager,TasManager,1,9,0,0,Unknown,,,,,,
com.android.theme.icon.teardrop,"Teardrop, com.android.theme.icon.teardrop",2,53,0,0,Unknown,,,,,,
com.samsung.sec.android.teegris.tui_service,TEEgrisTuiService,1,14,0,0,Unknown,,,,,,
com.trustonic.teeservice,TeeService,1,158,0,0,Unknown,,,,,,
com.mediatek.telephony,Telephony Assist,1,106,0,0,Unknown,,,,,,
com.lge.eula,Terms of Use for LG apps,1,23,0,0,Unknown,,,,,,
com.android.networkstack.tethering.inprocess,Tethering,1,53,0,0,Unknown,,,,,,
com.sec.automation,TetheringAutomation,1,432,0,0,Unknown,,,,,,
com.android.networkstack.tethering.inprocess.overlay,TetheringResOverlay,1,8,0,0,Unknown,,,,,,
com.android.networkstack.tethering.overlay,TetheringResOverlay,1,8,0,0,Unknown,,,,,,
com.mtk.android.networkstack.tethering.inprocess.overlay,TetheringResOverlay,1,2,0,0,Unknown,,,,,,
com.mtk.android.networkstack.tethering.overlay,TetheringResOverlay,1,2,0,0,Unknown,,,,,,
com.mtk.google.android.networkstack.tethering.overlay,TetheringResOverlay,1,2,0,0,Unknown,,,,,,
com.google.android.networkstack.tethering.overlay,"TetheringResOverlay, com.google.android.networkstack.tethering.overlay",2,91,0,0,Unknown,,,,,,
com.miuix.editor,textaction,1,8,0,0,Unknown,,,,,,
com.honeycommb.thecookout20,The Cookout Online ¬¨√Ü,1,3,0,0,Unknown,,,,,,
com.lge.themeservice,ThemeService,1,1,0,0,Unknown,,,,,,
tiktok.tiktokvideodownloader.savetiktokvideo.nowatermark,TikTok Downloader,1,2,0,0,Unknown,,,,,,
com.samsung.android.timezone.updater,Time Zone Updater,1,33,0,0,Unknown,,,,,,
com.android.timezone.updater,Time Zone Updater,1,6,0,0,Unknown,,,,,,
com.tchipwanya.tipcalc,TipCalc,1,3,0,0,Unknown,,,,,,
com.motorola.carrierconfig,TMOConfig,1,4,0,0,Unknown,,,,,,
com.tocaboca.tocakitchen,Toca Kitchen,1,1,0,0,Unknown,,,,,,
com.lge.touchcontrol,Touch control areas,1,1,0,0,Unknown,,,,,,
com.crookneckconsulting.tpeandroid,TPE,1,1,0,0,Unknown,,,,,,
com.tinno.tracfonersu,TracFoneRSU,1,53,0,0,Unknown,,,,,,
com.runtastic.android.results.lite,Training,1,2,0,0,Unknown,,,,,,
com.samsung.android.service.airviewdictionary,Translate,1,30,0,0,Unknown,,,,,,
com.samsung.android.six.webtrans,Translator,1,365,0,0,Unknown,,,,,,
com.android.internal.systemui.navbar.transparent,Transparent navigation bar,1,43,0,0,Unknown,,,,,,
org.chromium.webapk.ab6e2a78741c1df94_v2,Trimble Connect Web,1,1,0,0,Unknown,,,,,,
com.google.android.apps.emergencyassist,Trusted Contacts,1,2,0,0,Unknown,,,,,,
com.samsung.ts43authservice,Ts43AuthService,1,23,0,0,Unknown,,,,,,
com.frostypop.Tumblewords,Tumblewords!,1,12,0,0,Unknown,,,,,,
vendor.qti.data.txpwradmin,TxPwrAdmin,1,24,0,0,Unknown,,,,,,
com.oplus.pantanal.ums,Ubiquitous Manager Service,1,21,0,0,Unknown,,,,,,
com.sec.android.uibcvirtualsoftkey,UIBCVirtualSoftkey,1,137,0,0,Unknown,,,,,,
org.addingstrengthtomarriages.ultimateintimacy2,Ultimate Intimacy,1,6,0,0,Unknown,,,,,,
com.umpqua.engage,Umpqua Go-To,1,1,0,0,Unknown,,,,,,
com.samsung.unifiedsettingservice,Unified Settings,1,9,0,0,Unknown,,,,,,
com.samsung.android.universalswitch,Universal switch,1,135,0,0,Unknown,,,,,,
com.oplus.romupdate,Update Service,1,21,0,0,Unknown,,,,,,
com.nearme.romupdate,Update Service,1,5,0,0,Unknown,,,,,,
com.qualcomm.qti.powersavemode,Usable Power Mode,1,14,0,0,Unknown,,,,,,
com.sec.usbsettings,USBSettings,1,432,0,0,Unknown,,,,,,
com.android.sdm.plugins.usccdm,USCC,1,25,0,0,Unknown,,,,,,
com.motorola.omadm.usc,USCDM,1,4,0,0,Unknown,,,,,,
com.nearme.statistics.rom,User Experience Program,1,5,0,0,Unknown,,,,,,
com.passportparking.mobile.transit.utagoride,UTA GoRide,1,3,0,0,Unknown,,,,,,
com.samsung.android.uwb,"UwbApplication, com.samsung.android.uwb.UwbApplication",2,70,0,0,Unknown,,,,,,
com.sec.android.app.uwbtest,UwbTest,1,71,0,0,Unknown,,,,,,
com.vanced.manager,Vanced Manager,1,1,0,0,Unknown,,,,,,
com.vanced.manager.origin,Vanced Manager v2,1,1,0,0,Unknown,,,,,,
com.oplus.vdc,VDC Service,1,21,0,0,Unknown,,,,,,
com.android.systemuiattoverlay,vendor_frameworkres_overlay,1,4,0,0,Unknown,,,,,,
com.android.systemuisprintoverlay,vendor_frameworkres_overlay,1,4,0,0,Unknown,,,,,,
com.android.systemuitmooverlay,vendor_frameworkres_overlay,1,4,0,0,Unknown,,,,,,
com.android.systemuiusccoverlay,vendor_frameworkres_overlay,1,4,0,0,Unknown,,,,,,
com.android.systemuivzwoverlay,vendor_frameworkres_overlay,1,4,0,0,Unknown,,,,,,
vendor.qti.imsdatachannel,vendor.qti.imsdatachannel,1,21,0,0,Unknown,,,,,,
vendor.qti.imsrcs,vendor.qti.imsrcs,1,26,0,0,Unknown,,,,,,
vendor.qti.iwlan,vendor.qti.iwlan,1,58,0,0,Unknown,,,,,,
org.chromium.webapk.abc09cb243c1e0055_v2,Vennture Brew Co,1,5,0,0,Unknown,,,,,,
com.bc360.control,Verizon Adaptive Sound,1,3,0,0,Unknown,,,,,,
com.android.theme.icon.vessel,"Vessel, com.android.theme.icon.vessel",2,39,0,0,Unknown,,,,,,
via.rider,Via,1,1,0,0,Unknown,,,,,,
com.android.theme.font.victor,Victor,1,6,0,0,Unknown,,,,,,
com.android.theme.icon_pack.victor.android,Victor,1,6,0,0,Unknown,,,,,,
com.android.theme.icon_pack.victor.launcher,Victor,1,6,0,0,Unknown,,,,,,
com.android.theme.icon_pack.victor.settings,Victor,1,6,0,0,Unknown,,,,,,
com.android.theme.icon_pack.victor.systemui,Victor,1,6,0,0,Unknown,,,,,,
com.android.theme.icon_pack.victor.themepicker,Victor,1,6,0,0,Unknown,,,,,,
com.lge.videoplayer,Video,1,1,0,0,Unknown,,,,,,
com.lge.imsvt,Video Call,1,1,0,0,Unknown,,,,,,
com.samsung.videoscan,VideoScan,1,3,0,0,Unknown,,,,,,
com.oplus.viewtalk,ViewTalk,1,26,0,0,Unknown,,,,,,
com.pnc.ecommerce.mobile.vw.android,Virtual Wallet,1,3,0,0,Unknown,,,,,,
com.oplus.hamlet,Vision Enhance,1,21,0,0,Unknown,,,,,,
com.samsung.visionprovider,VisionProvider,1,6,0,0,Unknown,,,,,,
com.samsung.tmovvm,Visual Voicemail,1,94,0,0,Unknown,,,,,,
com.samsung.attvvm,Visual Voicemail,1,2,0,0,Unknown,,,,,,
com.samsung.android.app.talkback,Voice Assistant,1,3,0,0,Unknown,,,,,,
com.app.studio.voicerecord,Voice Recorder,1,1,0,0,Unknown,,,,,,
com.volta.android,Volta,1,8,0,0,Unknown,,,,,,
com.sec.android.app.volumemonitorprovider,VolumeMonitorProvider,1,71,0,0,Unknown,,,,,,
com.vont.smartlight,Vont Home,1,1,0,0,Unknown,,,,,,
org.newdataproject.votewithme,votewithme,1,8,0,0,Unknown,,,,,,
vox.app.sports,VOX Sp‚àö‚â§rs,1,2,0,0,Unknown,,,,,,
com.vtechbabymonitor.app221051,Vtech Baby Monitor,1,4,0,0,Unknown,,,,,,
com.oplus.vulkanLayer,vulkan_layer,1,21,0,0,Unknown,,,,,,
com.vznavigator.Generic,VZ Navigator,1,3,0,0,Unknown,,,,,,
com.qualcomm.ltebc_vzw,VZW_Multicast_MW,1,12,0,0,Unknown,,,,,,
com.samsung.vzwapiservice,VzwApiService,1,33,0,0,Unknown,,,,,,
com.vzw.apnservice,"VZWAPN, VZWAPNService, com.vzw.apnservice",3,6,0,0,Unknown,,,,,,
com.vzw.otadm,VZWDM,1,53,0,0,Unknown,,,,,,
com.motorola.omadm.vzw,VzwDM,1,4,0,0,Unknown,,,,,,
com.motorola.vzw.provider,VzwUnifiedSettingsApp,1,3,0,0,Unknown,,,,,,
com.lge.wallpaperpicker,Wallpaper,1,65,0,0,Unknown,,,,,,
com.lge.lgcontentsetting,Wallpaper & theme,1,1,0,0,Unknown,,,,,,
com.sec.android.wallpapercropper2,Wallpapers,1,8,0,0,Unknown,,,,,,
com.coloros.wallpapers,Wallpapers,1,5,0,0,Unknown,,,,,,
com.lge.wapservice,WAP Service,1,1,0,0,Unknown,,,,,,
com.wapi.wapicertmanage,WAPI certificate,1,26,0,0,Unknown,,,,,,
me.togather.wave,WAVE,1,6,0,0,Unknown,,,,,,
com.waveapps.money,WaveMoney,1,6,0,0,Unknown,,,,,,
com.samsung.android.wcmurlsnetworkstack,WcmUrlsNetworkStackOverlay,1,64,0,0,Unknown,,,,,,
com.tohsoft.weather.radar.widget,Weather,1,59,0,0,Unknown,,,,,,
com.lge.sizechangable.weather.platform,Weather Service,1,1,0,0,Unknown,,,,,,
com.android.DeviceAsWebcam,Webcam Service,1,64,0,0,Unknown,,,,,,
com.hesonline.wtr,Well Traveled,1,1,0,0,Unknown,,,,,,
com.americanwell.android.member.bcbsma,WellConnection,1,1,0,0,Unknown,,,,,,
com.wingtech.wfcsdk,WFCSDK,1,2,0,0,Unknown,,,,,,
com.qualcomm.wfd.service,Wfd Service,1,21,0,0,Unknown,,,,,,
com.buzamoto.wfepocket,WFE POCKET,1,7,0,0,Unknown,,,,,,
com.samsung.android.app.social,What's new,1,11,0,0,Unknown,,,,,,
gov.wi.covid19.exposurenotifications,"WI Exposure Notification, gov.wi.covid19.exposurenotifications",2,29,0,0,Unknown,,,,,,
com.lge.wfcservice,Wi-Fi Calling,1,1,0,0,Unknown,,,,,,
com.lge.wfcsettings,Wi-Fi Calling,1,1,0,0,Unknown,,,,,,
com.lge.wfcconnectivity,Wi-Fi Calling Connectivity,1,254,0,0,Unknown,,,,,,
com.lge.wfcprovider,Wi-Fi Calling Provider,1,1,0,0,Unknown,,,,,,
com.samsung.android.allshare.service.fileshare,Wi-Fi Direct,1,220,0,0,Unknown,,,,,,
com.mywickr.wickr2,Wickr Me,1,3,0,0,Unknown,,,,,,
com.samsung.android.wifi.ai,WiFiAiService,1,45,0,0,Unknown,,,,,,
com.oplus.wifibackuprestore,WifiBackupRestore,1,21,0,0,Unknown,,,,,,
com.coloros.wifibackuprestore,WifiBackupRestore,1,5,0,0,Unknown,,,,,,
com.oppo.wifitest,wifitest,1,5,0,0,Unknown,,,,,,
com.sec.android.app.wlantest,WlanTest,1,432,0,0,Unknown,,,,,,
io.pushpay.woodburylutheranchurch,WLC,1,7,0,0,Unknown,,,,,,
com.miui.wmsvc,WMService,1,20,0,0,Unknown,,,,,,
com.nikon.wu.wmau,wmu,1,4,0,0,Unknown,,,,,,
com.samsung.android.spdfnote,Write on PDF,1,21,0,0,Unknown,,,,,,
com.wingtech.carrierconfig,WtCarrierConfig,1,2,0,0,Unknown,,,,,,
com.wingtech.secretcode,wtsecretcode,1,4,0,0,Unknown,,,,,,
com.miui.cloudservice,Xiaomi Cloud,1,184,0,0,Unknown,,,,,,
com.xiaomi.xmsf,Xiaomi service framework,1,8,0,0,Unknown,,,,,,
com.xiaomi.xmsfkeeper,Xiaomi Service Framework Keeper,1,40,0,0,Unknown,,,,,,
com.qualcomm.qti.xrcb,XRCB,1,19,0,0,Unknown,,,,,,
com.qualcomm.qti.xrvd.service,XRVD,1,44,0,0,Unknown,,,,,,
com.sec.android.app.sbrowser.webapk.w9be7a7ba67ca6782e795de8f228623901,Yahoo Lite,1,3,0,0,Unknown,,,,,,
com.miui.yellowpage,Yellow pages,1,114,0,0,Unknown,,,,,,
com.mediatek.ygps,YGPS,1,10,0,0,Unknown,,,,,,
com.ymca.universalapp,YMCA Universal,1,5,0,0,Unknown,,,,,,
com.vanced.android.youtube,YouTube,1,3,0,0,Unknown,,,,,,
com.vanced.android.apps.youtube.music,YouTube Music,1,3,0,0,Unknown,,,,,,
com.google.android.apps.youtube.music.setupwizard,"YT Music, com.google.android.apps.youtube.music.setupwizard",2,30,0,0,Unknown,,,,,,
com.ytv.player,YTV Player,1,2,0,0,Unknown,,,,,,
com.android.theme.font.arvolato,Zilla Slab / Lato,1,17,0,0,Unknown,,,,,,