app_package_name,broad_app_category,genreId,dataset,categorization_source
agency.blueyonder.alertya,Lifestyle,LIFESTYLE,"University of South Carolina Arnold School of Public Health Arnold Healthy Kids Initiative (Bridget Armstrong, PhD, Josh Culverhouse, PhD, et al.)",Existing Codebook
ai.perplexity.app.android,Productivity & Business,PRODUCTIVITY,"University of South Carolina Arnold School of Public Health Arnold Healthy Kids Initiative (Bridget Armstrong, PhD, Josh Culverhouse, PhD, et al.)",Existing Codebook
air.au.com.minimega.bonza,Games,GAME_WORD,"University of South Carolina Arnold School of Public Health Arnold Healthy Kids Initiative (Bridget Armstrong, PhD, Josh Culverhouse, PhD, et al.)",Existing Codebook
air.com.magiclightpictures.gruffalogamesAndroid,Games,GAME_EDUCATIONAL,"University of South Carolina Arnold School of Public Health Arnold Healthy Kids Initiative (Bridget Armstrong, PhD, Josh Culverhouse, PhD, et al.)",Existing Codebook
air.com.sesameworkshop.MilitaryMovingApp,Education,EDUCATION,"University of South Carolina Arnold School of Public Health Arnold Healthy Kids Initiative (Bridget Armstrong, PhD, Josh Culverhouse, PhD, et al.)",Existing Codebook
air.com.sesameworkshop.ResilienceThinkBreathDo,Education,EDUCATION,"University of South Carolina Arnold School of Public Health Arnold Healthy Kids Initiative (Bridget Armstrong, PhD, Josh Culverhouse, PhD, et al.), BCM CNRC",Existing Codebook
air.com.shubi.LearnCNLW.english,Games,GAME_EDUCATIONAL,"University of South Carolina Arnold School of Public Health Arnold Healthy Kids Initiative (Bridget Armstrong, PhD, Josh Culverhouse, PhD, et al.)",Existing Codebook
air.com.starfall.more,Education,EDUCATION,"University of South Carolina Arnold School of Public Health Arnold Healthy Kids Initiative (Bridget Armstrong, PhD, Josh Culverhouse, PhD, et al.), BCM CNRC",Existing Codebook
air.org.pbskids.playandlearn,Education,EDUCATION,"University of South Carolina Arnold School of Public Health Arnold Healthy Kids Initiative (Bridget Armstrong, PhD, Josh Culverhouse, PhD, et al.), BCM CNRC",Existing Codebook
amazon.speech.sim,Productivity & Business,TOOLS,"University of South Carolina Arnold School of Public Health Arnold Healthy Kids Initiative (Bridget Armstrong, PhD, Josh Culverhouse, PhD, et al.), BCM CNRC",Existing Codebook
app.acetjfamilyapp.android,Entertainment,ENTERTAINMENT,"University of South Carolina Arnold School of Public Health Arnold Healthy Kids Initiative (Bridget Armstrong, PhD, Josh Culverhouse, PhD, et al.)",Existing Codebook
app.brickseek.com.brickseekapp,Lifestyle,SHOPPING,"University of South Carolina Arnold School of Public Health Arnold Healthy Kids Initiative (Bridget Armstrong, PhD, Josh Culverhouse, PhD, et al.)",Existing Codebook
au.com.shiftyjelly.pocketcasts,Lifestyle,NEWS_AND_MAGAZINES,"University of South Carolina Arnold School of Public Health Arnold Healthy Kids Initiative (Bridget Armstrong, PhD, Josh Culverhouse, PhD, et al.)",Existing Codebook
au.com.willyweather,Travel & Local,WEATHER,"University of South Carolina Arnold School of Public Health Arnold Healthy Kids Initiative (Bridget Armstrong, PhD, Josh Culverhouse, PhD, et al.)",Existing Codebook
bitstory.story.maker.animated.storymaker,Video Players (e.g. YouTube),VIDEO_PLAYERS,"University of South Carolina Arnold School of Public Health Arnold Healthy Kids Initiative (Bridget Armstrong, PhD, Josh Culverhouse, PhD, et al.)",Existing Codebook
biz.merlinentertainments.legoland.florida,Travel & Local,TRAVEL_AND_LOCAL,"University of South Carolina Arnold School of Public Health Arnold Healthy Kids Initiative (Bridget Armstrong, PhD, Josh Culverhouse, PhD, et al.), BCM CNRC",Existing Codebook
bodyfast.zero.fastingtracker.weightloss,Health,HEALTH_AND_FITNESS,"University of South Carolina Arnold School of Public Health Arnold Healthy Kids Initiative (Bridget Armstrong, PhD, Josh Culverhouse, PhD, et al.)",Existing Codebook
calendar.agenda.calendarplanner.agendaplanner,Productivity & Business,PRODUCTIVITY,"University of South Carolina Arnold School of Public Health Arnold Healthy Kids Initiative (Bridget Armstrong, PhD, Josh Culverhouse, PhD, et al.)",Existing Codebook
cast.video.screenmirroring.casttotv,Video Players (e.g. YouTube),VIDEO_PLAYERS,"University of South Carolina Arnold School of Public Health Arnold Healthy Kids Initiative (Bridget Armstrong, PhD, Josh Culverhouse, PhD, et al.)",Existing Codebook
cats.goods.sort.sorting.games,Games,GAME_PUZZLE,"University of South Carolina Arnold School of Public Health Arnold Healthy Kids Initiative (Bridget Armstrong, PhD, Josh Culverhouse, PhD, et al.)",Existing Codebook
chatcbt.ai.limbic,Health,HEALTH_AND_FITNESS,"University of South Carolina Arnold School of Public Health Arnold Healthy Kids Initiative (Bridget Armstrong, PhD, Josh Culverhouse, PhD, et al.)",Existing Codebook
cm.pt.barkparent,Lifestyle,PARENTING,"University of South Carolina Arnold School of Public Health Arnold Healthy Kids Initiative (Bridget Armstrong, PhD, Josh Culverhouse, PhD, et al.)",Existing Codebook
cn.wps.moffice_eng,Productivity & Business,PRODUCTIVITY,"University of South Carolina Arnold School of Public Health Arnold Healthy Kids Initiative (Bridget Armstrong, PhD, Josh Culverhouse, PhD, et al.)",Existing Codebook
co.happybits.marcopolo,Social & Communication,COMMUNICATION,"University of South Carolina Arnold School of Public Health Arnold Healthy Kids Initiative (Bridget Armstrong, PhD, Josh Culverhouse, PhD, et al.), BCM CNRC",Existing Codebook
co.mona.android,Productivity & Business,FINANCE,"University of South Carolina Arnold School of Public Health Arnold Healthy Kids Initiative (Bridget Armstrong, PhD, Josh Culverhouse, PhD, et al.)",Existing Codebook
co.onese.android,Video Players (e.g. YouTube),VIDEO_PLAYERS,"University of South Carolina Arnold School of Public Health Arnold Healthy Kids Initiative (Bridget Armstrong, PhD, Josh Culverhouse, PhD, et al.)",Existing Codebook
co.tapcart.app.npQt0DXZpj,Lifestyle,SHOPPING,"University of South Carolina Arnold School of Public Health Arnold Healthy Kids Initiative (Bridget Armstrong, PhD, Josh Culverhouse, PhD, et al.)",Existing Codebook
co.yellw.yellowapp,Social & Communication,SOCIAL,"University of South Carolina Arnold School of Public Health Arnold Healthy Kids Initiative (Bridget Armstrong, PhD, Josh Culverhouse, PhD, et al.)",Existing Codebook
com.BookScouter,Productivity & Business,PRODUCTIVITY,"University of South Carolina Arnold School of Public Health Arnold Healthy Kids Initiative (Bridget Armstrong, PhD, Josh Culverhouse, PhD, et al.)",Existing Codebook
com.EducaGames.MathLandFull,Games,GAME_EDUCATIONAL,"University of South Carolina Arnold School of Public Health Arnold Healthy Kids Initiative (Bridget Armstrong, PhD, Josh Culverhouse, PhD, et al.)",Existing Codebook
com.GamesForKids.BabyPreschoolLearning.ToddlerGames,Games,GAME_EDUCATIONAL,"University of South Carolina Arnold School of Public Health Arnold Healthy Kids Initiative (Bridget Armstrong, PhD, Josh Culverhouse, PhD, et al.), BCM CNRC",Existing Codebook
com.Garawell.BridgeRace,Games,GAME_CASUAL,"University of South Carolina Arnold School of Public Health Arnold Healthy Kids Initiative (Bridget Armstrong, PhD, Josh Culverhouse, PhD, et al.), BCM CNRC",Existing Codebook
com.GingGames.Lazy,Games,GAME_CASUAL,"University of South Carolina Arnold School of Public Health Arnold Healthy Kids Initiative (Bridget Armstrong, PhD, Josh Culverhouse, PhD, et al.)",Existing Codebook
com.MagicalTranslations.FabuLingua,Education,EDUCATION,"University of South Carolina Arnold School of Public Health Arnold Healthy Kids Initiative (Bridget Armstrong, PhD, Josh Culverhouse, PhD, et al.)",Existing Codebook
com.MelsoftGames.FamilyIslandFarm,Games,GAME_CASUAL,"University of South Carolina Arnold School of Public Health Arnold Healthy Kids Initiative (Bridget Armstrong, PhD, Josh Culverhouse, PhD, et al.)",Existing Codebook
com.MonsterCouch.Wingspan,Games,GAME_BOARD,"University of South Carolina Arnold School of Public Health Arnold Healthy Kids Initiative (Bridget Armstrong, PhD, Josh Culverhouse, PhD, et al.)",Existing Codebook
com.Parkour.Master.Obby.Games,Games,GAME_CASUAL,"University of South Carolina Arnold School of Public Health Arnold Healthy Kids Initiative (Bridget Armstrong, PhD, Josh Culverhouse, PhD, et al.), BCM CNRC",Existing Codebook
com.ProjectCamus.projectcamus,Health,HEALTH_AND_FITNESS,"University of South Carolina Arnold School of Public Health Arnold Healthy Kids Initiative (Bridget Armstrong, PhD, Josh Culverhouse, PhD, et al.)",Existing Codebook
com.SAXapp.SAXBuzzer,Entertainment,ENTERTAINMENT,"University of South Carolina Arnold School of Public Health Arnold Healthy Kids Initiative (Bridget Armstrong, PhD, Josh Culverhouse, PhD, et al.)",Existing Codebook
com.Slack,Productivity & Business,BUSINESS,"University of South Carolina Arnold School of Public Health Arnold Healthy Kids Initiative (Bridget Armstrong, PhD, Josh Culverhouse, PhD, et al.), BCM CNRC",Existing Codebook
com.SuponoHoldings.SaveThePetBrainPuzzleGame,Games,GAME_PUZZLE,"University of South Carolina Arnold School of Public Health Arnold Healthy Kids Initiative (Bridget Armstrong, PhD, Josh Culverhouse, PhD, et al.), BCM CNRC",Existing Codebook
com.Suponoholdings.KidsColoringBookforToddlers,Productivity & Business,ART_AND_DESIGN,"University of South Carolina Arnold School of Public Health Arnold Healthy Kids Initiative (Bridget Armstrong, PhD, Josh Culverhouse, PhD, et al.), BCM CNRC",Existing Codebook
com.TeachMonsterGames.NumberSkills,Games,GAME_EDUCATIONAL,"University of South Carolina Arnold School of Public Health Arnold Healthy Kids Initiative (Bridget Armstrong, PhD, Josh Culverhouse, PhD, et al.)",Existing Codebook
com.VenkoGames.SpookyCat,Games,GAME_CASUAL,"University of South Carolina Arnold School of Public Health Arnold Healthy Kids Initiative (Bridget Armstrong, PhD, Josh Culverhouse, PhD, et al.)",Existing Codebook
com.WildWorks.RyansTag,Games,GAME_CASUAL,"University of South Carolina Arnold School of Public Health Arnold Healthy Kids Initiative (Bridget Armstrong, PhD, Josh Culverhouse, PhD, et al.), BCM CNRC",Existing Codebook
com.YovoGames.NailSalon2,Games,GAME_CASUAL,"University of South Carolina Arnold School of Public Health Arnold Healthy Kids Initiative (Bridget Armstrong, PhD, Josh Culverhouse, PhD, et al.)",Existing Codebook
com.YsoCorp.BalloonClash,Games,GAME_ACTION,"University of South Carolina Arnold School of Public Health Arnold Healthy Kids Initiative (Bridget Armstrong, PhD, Josh Culverhouse, PhD, et al.)",Existing Codebook
com.YsoCorp.HauntedHeroes,Games,GAME_ACTION,"University of South Carolina Arnold School of Public Health Arnold Healthy Kids Initiative (Bridget Armstrong, PhD, Josh Culverhouse, PhD, et al.)",Existing Codebook
com.YsoCorp.HideNSeek3D,Games,GAME_CASUAL,"University of South Carolina Arnold School of Public Health Arnold Healthy Kids Initiative (Bridget Armstrong, PhD, Josh Culverhouse, PhD, et al.)",Existing Codebook
com.YsoCorp.StretchGuy,Games,GAME_PUZZLE,"University of South Carolina Arnold School of Public Health Arnold Healthy Kids Initiative (Bridget Armstrong, PhD, Josh Culverhouse, PhD, et al.)",Existing Codebook
com.abovethebargymnasticsacademy.mi,Entertainment,SPORTS,"University of South Carolina Arnold School of Public Health Arnold Healthy Kids Initiative (Bridget Armstrong, PhD, Josh Culverhouse, PhD, et al.)",Existing Codebook
com.accuweather.android,Travel & Local,WEATHER,"University of South Carolina Arnold School of Public Health Arnold Healthy Kids Initiative (Bridget Armstrong, PhD, Josh Culverhouse, PhD, et al.)",Existing Codebook
com.acmeaom.android.myradar,Travel & Local,WEATHER,"University of South Carolina Arnold School of Public Health Arnold Healthy Kids Initiative (Bridget Armstrong, PhD, Josh Culverhouse, PhD, et al.)",Existing Codebook
com.adobe.lrmobile,Photography,PHOTOGRAPHY,"University of South Carolina Arnold School of Public Health Arnold Healthy Kids Initiative (Bridget Armstrong, PhD, Josh Culverhouse, PhD, et al.)",Existing Codebook
com.adobe.reader,Productivity & Business,PRODUCTIVITY,"University of South Carolina Arnold School of Public Health Arnold Healthy Kids Initiative (Bridget Armstrong, PhD, Josh Culverhouse, PhD, et al.), BCM CNRC",Existing Codebook
com.adobe.scan.android,Productivity & Business,BUSINESS,"University of South Carolina Arnold School of Public Health Arnold Healthy Kids Initiative (Bridget Armstrong, PhD, Josh Culverhouse, PhD, et al.), BCM CNRC",Existing Codebook
com.adobe.spark.post,Productivity & Business,ART_AND_DESIGN,"University of South Carolina Arnold School of Public Health Arnold Healthy Kids Initiative (Bridget Armstrong, PhD, Josh Culverhouse, PhD, et al.)",Existing Codebook
com.adpmobile.android,Productivity & Business,BUSINESS,"University of South Carolina Arnold School of Public Health Arnold Healthy Kids Initiative (Bridget Armstrong, PhD, Josh Culverhouse, PhD, et al.)",Existing Codebook
com.aetna.aetnahealth,Health,MEDICAL,"University of South Carolina Arnold School of Public Health Arnold Healthy Kids Initiative (Bridget Armstrong, PhD, Josh Culverhouse, PhD, et al.)",Existing Codebook
com.affinity.rewarded_play,Lifestyle,LIFESTYLE,"University of South Carolina Arnold School of Public Health Arnold Healthy Kids Initiative (Bridget Armstrong, PhD, Josh Culverhouse, PhD, et al.)",Existing Codebook
com.affirm.central,Lifestyle,SHOPPING,"University of South Carolina Arnold School of Public Health Arnold Healthy Kids Initiative (Bridget Armstrong, PhD, Josh Culverhouse, PhD, et al.), BCM CNRC",Existing Codebook
com.afterpaymobile.us,Lifestyle,SHOPPING,"University of South Carolina Arnold School of Public Health Arnold Healthy Kids Initiative (Bridget Armstrong, PhD, Josh Culverhouse, PhD, et al.)",Existing Codebook
com.agedstudio.card.solitaire.klondike,Games,GAME_CARD,"University of South Carolina Arnold School of Public Health Arnold Healthy Kids Initiative (Bridget Armstrong, PhD, Josh Culverhouse, PhD, et al.), BCM CNRC",Existing Codebook
com.airbnb.android,Travel & Local,TRAVEL_AND_LOCAL,"University of South Carolina Arnold School of Public Health Arnold Healthy Kids Initiative (Bridget Armstrong, PhD, Josh Culverhouse, PhD, et al.), BCM CNRC",Existing Codebook
com.ak.app.firehouse.activity,Lifestyle,FOOD_AND_DRINK,"University of South Carolina Arnold School of Public Health Arnold Healthy Kids Initiative (Bridget Armstrong, PhD, Josh Culverhouse, PhD, et al.)",Existing Codebook
com.akuvox.mobile.smartplus,Productivity & Business,TOOLS,"University of South Carolina Arnold School of Public Health Arnold Healthy Kids Initiative (Bridget Armstrong, PhD, Josh Culverhouse, PhD, et al.)",Existing Codebook
com.alibaba.aliexpresshd,Lifestyle,SHOPPING,"University of South Carolina Arnold School of Public Health Arnold Healthy Kids Initiative (Bridget Armstrong, PhD, Josh Culverhouse, PhD, et al.), BCM CNRC",Existing Codebook
com.alibaba.intl.android.apps.poseidon,Lifestyle,SHOPPING,"University of South Carolina Arnold School of Public Health Arnold Healthy Kids Initiative (Bridget Armstrong, PhD, Josh Culverhouse, PhD, et al.)",Existing Codebook
com.alivecor.aliveecg,Health,MEDICAL,"University of South Carolina Arnold School of Public Health Arnold Healthy Kids Initiative (Bridget Armstrong, PhD, Josh Culverhouse, PhD, et al.)",Existing Codebook
com.allrcs.philips_remote,Productivity & Business,TOOLS,"University of South Carolina Arnold School of Public Health Arnold Healthy Kids Initiative (Bridget Armstrong, PhD, Josh Culverhouse, PhD, et al.)",Existing Codebook
com.alltrails.alltrails,Health,HEALTH_AND_FITNESS,"University of South Carolina Arnold School of Public Health Arnold Healthy Kids Initiative (Bridget Armstrong, PhD, Josh Culverhouse, PhD, et al.)",Existing Codebook
com.ally.MobileBanking,Productivity & Business,FINANCE,"University of South Carolina Arnold School of Public Health Arnold Healthy Kids Initiative (Bridget Armstrong, PhD, Josh Culverhouse, PhD, et al.), BCM CNRC",Existing Codebook
com.alphaprogression.alphaprogression,Health,HEALTH_AND_FITNESS,"University of South Carolina Arnold School of Public Health Arnold Healthy Kids Initiative (Bridget Armstrong, PhD, Josh Culverhouse, PhD, et al.)",Existing Codebook
com.aluntapps.sleepfan,Lifestyle,LIFESTYLE,"University of South Carolina Arnold School of Public Health Arnold Healthy Kids Initiative (Bridget Armstrong, PhD, Josh Culverhouse, PhD, et al.)",Existing Codebook
com.amazon.avod.thirdpartyclient,Entertainment,ENTERTAINMENT,"University of South Carolina Arnold School of Public Health Arnold Healthy Kids Initiative (Bridget Armstrong, PhD, Josh Culverhouse, PhD, et al.), BCM CNRC",Existing Codebook
com.amazon.clouddrive.photos,Photography,PHOTOGRAPHY,"University of South Carolina Arnold School of Public Health Arnold Healthy Kids Initiative (Bridget Armstrong, PhD, Josh Culverhouse, PhD, et al.), BCM CNRC",Existing Codebook
com.amazon.dee.app,Lifestyle,LIFESTYLE,"University of South Carolina Arnold School of Public Health Arnold Healthy Kids Initiative (Bridget Armstrong, PhD, Josh Culverhouse, PhD, et al.), BCM CNRC",Existing Codebook
com.amazon.imdb.tv.mobile.app,Entertainment,ENTERTAINMENT,"University of South Carolina Arnold School of Public Health Arnold Healthy Kids Initiative (Bridget Armstrong, PhD, Josh Culverhouse, PhD, et al.), BCM CNRC",Existing Codebook
com.amazon.kindle,Entertainment,BOOKS_AND_REFERENCE,"University of South Carolina Arnold School of Public Health Arnold Healthy Kids Initiative (Bridget Armstrong, PhD, Josh Culverhouse, PhD, et al.), BCM CNRC",Existing Codebook
com.amazon.mShop.android.business.shopping,Lifestyle,SHOPPING,"University of South Carolina Arnold School of Public Health Arnold Healthy Kids Initiative (Bridget Armstrong, PhD, Josh Culverhouse, PhD, et al.)",Existing Codebook
com.amazon.mShop.android.shopping,Lifestyle,SHOPPING,"University of South Carolina Arnold School of Public Health Arnold Healthy Kids Initiative (Bridget Armstrong, PhD, Josh Culverhouse, PhD, et al.), BCM CNRC",Existing Codebook
com.amazon.mp3,Entertainment,MUSIC_AND_AUDIO,"University of South Carolina Arnold School of Public Health Arnold Healthy Kids Initiative (Bridget Armstrong, PhD, Josh Culverhouse, PhD, et al.), BCM CNRC",Existing Codebook
com.amazon.shopperpanel.android.mobile.app,Productivity & Business,TOOLS,"University of South Carolina Arnold School of Public Health Arnold Healthy Kids Initiative (Bridget Armstrong, PhD, Josh Culverhouse, PhD, et al.)",Existing Codebook
com.amazon.storm.lightning.client.aosp,Productivity & Business,TOOLS,"University of South Carolina Arnold School of Public Health Arnold Healthy Kids Initiative (Bridget Armstrong, PhD, Josh Culverhouse, PhD, et al.), BCM CNRC",Existing Codebook
com.amazon.tahoe.grownups,Entertainment,ENTERTAINMENT,"University of South Carolina Arnold School of Public Health Arnold Healthy Kids Initiative (Bridget Armstrong, PhD, Josh Culverhouse, PhD, et al.)",Existing Codebook
com.americanexpress.android.acctsvcs.us,Productivity & Business,FINANCE,"University of South Carolina Arnold School of Public Health Arnold Healthy Kids Initiative (Bridget Armstrong, PhD, Josh Culverhouse, PhD, et al.), BCM CNRC",Existing Codebook
com.amp.zipscarwash,Productivity & Business,BUSINESS,"University of South Carolina Arnold School of Public Health Arnold Healthy Kids Initiative (Bridget Armstrong, PhD, Josh Culverhouse, PhD, et al.)",Existing Codebook
com.ancestry.android.apps.ancestry,Entertainment,BOOKS_AND_REFERENCE,"University of South Carolina Arnold School of Public Health Arnold Healthy Kids Initiative (Bridget Armstrong, PhD, Josh Culverhouse, PhD, et al.), BCM CNRC",Existing Codebook
com.android.chrome,Social & Communication,COMMUNICATION,"University of South Carolina Arnold School of Public Health Arnold Healthy Kids Initiative (Bridget Armstrong, PhD, Josh Culverhouse, PhD, et al.), BCM CNRC",Existing Codebook
com.andymstone.metronome,Entertainment,MUSIC_AND_AUDIO,"University of South Carolina Arnold School of Public Health Arnold Healthy Kids Initiative (Bridget Armstrong, PhD, Josh Culverhouse, PhD, et al.)",Existing Codebook
com.anthem.sydney,Health,MEDICAL,"University of South Carolina Arnold School of Public Health Arnold Healthy Kids Initiative (Bridget Armstrong, PhD, Josh Culverhouse, PhD, et al.)",Existing Codebook
com.aofl.readingiq.google,Education,EDUCATION,"University of South Carolina Arnold School of Public Health Arnold Healthy Kids Initiative (Bridget Armstrong, PhD, Josh Culverhouse, PhD, et al.)",Existing Codebook
com.app.calculator.vault.hider,Productivity & Business,TOOLS,"University of South Carolina Arnold School of Public Health Arnold Healthy Kids Initiative (Bridget Armstrong, PhD, Josh Culverhouse, PhD, et al.)",Existing Codebook
com.app.notepad.vault.hider.pro,Productivity & Business,PERSONALIZATION,"University of South Carolina Arnold School of Public Health Arnold Healthy Kids Initiative (Bridget Armstrong, PhD, Josh Culverhouse, PhD, et al.)",Existing Codebook
com.app.tgtg,Lifestyle,FOOD_AND_DRINK,"University of South Carolina Arnold School of Public Health Arnold Healthy Kids Initiative (Bridget Armstrong, PhD, Josh Culverhouse, PhD, et al.)",Existing Codebook
com.app.wanderly,Education,EDUCATION,"University of South Carolina Arnold School of Public Health Arnold Healthy Kids Initiative (Bridget Armstrong, PhD, Josh Culverhouse, PhD, et al.)",Existing Codebook
com.appfolio.resident_portal,Lifestyle,HOUSE_AND_HOME,"University of South Carolina Arnold School of Public Health Arnold Healthy Kids Initiative (Bridget Armstrong, PhD, Josh Culverhouse, PhD, et al.), BCM CNRC",Existing Codebook
com.apple.android.music,Entertainment,MUSIC_AND_AUDIO,"University of South Carolina Arnold School of Public Health Arnold Healthy Kids Initiative (Bridget Armstrong, PhD, Josh Culverhouse, PhD, et al.), BCM CNRC",Existing Codebook
com.apppoint.viome,Health,HEALTH_AND_FITNESS,"University of South Carolina Arnold School of Public Health Arnold Healthy Kids Initiative (Bridget Armstrong, PhD, Josh Culverhouse, PhD, et al.)",Existing Codebook
com.apptegy.pickenscounty,Education,EDUCATION,"University of South Carolina Arnold School of Public Health Arnold Healthy Kids Initiative (Bridget Armstrong, PhD, Josh Culverhouse, PhD, et al.)",Existing Codebook
com.arbys.android.arbysapp,Lifestyle,FOOD_AND_DRINK,"University of South Carolina Arnold School of Public Health Arnold Healthy Kids Initiative (Bridget Armstrong, PhD, Josh Culverhouse, PhD, et al.)",Existing Codebook
com.arcade.mine,Games,GAME_ROLE_PLAYING,"University of South Carolina Arnold School of Public Health Arnold Healthy Kids Initiative (Bridget Armstrong, PhD, Josh Culverhouse, PhD, et al.)",Existing Codebook
com.armnomads.hamstermazer,Games,GAME_ADVENTURE,"University of South Carolina Arnold School of Public Health Arnold Healthy Kids Initiative (Bridget Armstrong, PhD, Josh Culverhouse, PhD, et al.)",Existing Codebook
com.artsonia.android,Education,EDUCATION,"University of South Carolina Arnold School of Public Health Arnold Healthy Kids Initiative (Bridget Armstrong, PhD, Josh Culverhouse, PhD, et al.)",Existing Codebook
com.arubanetworks.quickconnect.android,Social & Communication,COMMUNICATION,"University of South Carolina Arnold School of Public Health Arnold Healthy Kids Initiative (Bridget Armstrong, PhD, Josh Culverhouse, PhD, et al.)",Existing Codebook
com.atistudios.mondly.ua,Education,EDUCATION,"University of South Carolina Arnold School of Public Health Arnold Healthy Kids Initiative (Bridget Armstrong, PhD, Josh Culverhouse, PhD, et al.)",Existing Codebook
com.att.csoiam.mobilekey,Productivity & Business,BUSINESS,"University of South Carolina Arnold School of Public Health Arnold Healthy Kids Initiative (Bridget Armstrong, PhD, Josh Culverhouse, PhD, et al.), BCM CNRC",Existing Codebook
com.att.dh,Productivity & Business,TOOLS,"University of South Carolina Arnold School of Public Health Arnold Healthy Kids Initiative (Bridget Armstrong, PhD, Josh Culverhouse, PhD, et al.), BCM CNRC",Existing Codebook
com.att.mobile.android.vvm,Social & Communication,COMMUNICATION,"University of South Carolina Arnold School of Public Health Arnold Healthy Kids Initiative (Bridget Armstrong, PhD, Josh Culverhouse, PhD, et al.)",Existing Codebook
com.att.mobilesecurity,Productivity & Business,TOOLS,"University of South Carolina Arnold School of Public Health Arnold Healthy Kids Initiative (Bridget Armstrong, PhD, Josh Culverhouse, PhD, et al.), BCM CNRC",Existing Codebook
com.att.myWireless,Productivity & Business,PRODUCTIVITY,"University of South Carolina Arnold School of Public Health Arnold Healthy Kids Initiative (Bridget Armstrong, PhD, Josh Culverhouse, PhD, et al.), BCM CNRC",Existing Codebook
com.att.personalcloud,Productivity & Business,TOOLS,"University of South Carolina Arnold School of Public Health Arnold Healthy Kids Initiative (Bridget Armstrong, PhD, Josh Culverhouse, PhD, et al.), BCM CNRC",Existing Codebook
com.auctionmobility.auctions.recommerce412llc,Lifestyle,SHOPPING,"University of South Carolina Arnold School of Public Health Arnold Healthy Kids Initiative (Bridget Armstrong, PhD, Josh Culverhouse, PhD, et al.)",Existing Codebook
com.audible.application,Entertainment,BOOKS_AND_REFERENCE,"University of South Carolina Arnold School of Public Health Arnold Healthy Kids Initiative (Bridget Armstrong, PhD, Josh Culverhouse, PhD, et al.), BCM CNRC",Existing Codebook
com.audubon.mobile.android,Entertainment,BOOKS_AND_REFERENCE,"University of South Carolina Arnold School of Public Health Arnold Healthy Kids Initiative (Bridget Armstrong, PhD, Josh Culverhouse, PhD, et al.)",Existing Codebook
com.auntieannes.pretzelperks,Lifestyle,FOOD_AND_DRINK,"University of South Carolina Arnold School of Public Health Arnold Healthy Kids Initiative (Bridget Armstrong, PhD, Josh Culverhouse, PhD, et al.)",Existing Codebook
com.awareaidev.awareai,Lifestyle,PARENTING,"University of South Carolina Arnold School of Public Health Arnold Healthy Kids Initiative (Bridget Armstrong, PhD, Josh Culverhouse, PhD, et al.)",Existing Codebook
com.axs.android,Entertainment,ENTERTAINMENT,"University of South Carolina Arnold School of Public Health Arnold Healthy Kids Initiative (Bridget Armstrong, PhD, Josh Culverhouse, PhD, et al.), BCM CNRC",Existing Codebook
com.azure.authenticator,Productivity & Business,BUSINESS,"University of South Carolina Arnold School of Public Health Arnold Healthy Kids Initiative (Bridget Armstrong, PhD, Josh Culverhouse, PhD, et al.), BCM CNRC",Existing Codebook
com.baby.toddler.games,Games,GAME_EDUCATIONAL,"University of South Carolina Arnold School of Public Health Arnold Healthy Kids Initiative (Bridget Armstrong, PhD, Josh Culverhouse, PhD, et al.)",Existing Codebook
com.babynotebookapp.babynotebook,Entertainment,BOOKS_AND_REFERENCE,"University of South Carolina Arnold School of Public Health Arnold Healthy Kids Initiative (Bridget Armstrong, PhD, Josh Culverhouse, PhD, et al.)",Existing Codebook
com.bandlegame.bandleguessasong,Games,GAME_MUSIC,"University of South Carolina Arnold School of Public Health Arnold Healthy Kids Initiative (Bridget Armstrong, PhD, Josh Culverhouse, PhD, et al.)",Existing Codebook
com.bathandbody.bbw,Lifestyle,SHOPPING,"University of South Carolina Arnold School of Public Health Arnold Healthy Kids Initiative (Bridget Armstrong, PhD, Josh Culverhouse, PhD, et al.)",Existing Codebook
com.bcbssc.myhealthtoolkit.mobile,Health,HEALTH_AND_FITNESS,"University of South Carolina Arnold School of Public Health Arnold Healthy Kids Initiative (Bridget Armstrong, PhD, Josh Culverhouse, PhD, et al.)",Existing Codebook
com.bcclogin.laundryboss.android,Lifestyle,LIFESTYLE,"University of South Carolina Arnold School of Public Health Arnold Healthy Kids Initiative (Bridget Armstrong, PhD, Josh Culverhouse, PhD, et al.)",Existing Codebook
com.beansprites.icecreamsandwichshopFREE,Games,GAME_EDUCATIONAL,"University of South Carolina Arnold School of Public Health Arnold Healthy Kids Initiative (Bridget Armstrong, PhD, Josh Culverhouse, PhD, et al.)",Existing Codebook
com.beansprites.mypretendgrocerystoreFREE,Games,GAME_EDUCATIONAL,"University of South Carolina Arnold School of Public Health Arnold Healthy Kids Initiative (Bridget Armstrong, PhD, Josh Culverhouse, PhD, et al.)",Existing Codebook
com.beanstack,Education,EDUCATION,"University of South Carolina Arnold School of Public Health Arnold Healthy Kids Initiative (Bridget Armstrong, PhD, Josh Culverhouse, PhD, et al.), BCM CNRC",Existing Codebook
com.becker.cpa2017,Education,EDUCATION,"University of South Carolina Arnold School of Public Health Arnold Healthy Kids Initiative (Bridget Armstrong, PhD, Josh Culverhouse, PhD, et al.)",Existing Codebook
com.bedfont.iCOquit,Health,HEALTH_AND_FITNESS,"University of South Carolina Arnold School of Public Health Arnold Healthy Kids Initiative (Bridget Armstrong, PhD, Josh Culverhouse, PhD, et al.)",Existing Codebook
com.bennyapp.benny,Productivity & Business,FINANCE,"University of South Carolina Arnold School of Public Health Arnold Healthy Kids Initiative (Bridget Armstrong, PhD, Josh Culverhouse, PhD, et al.)",Existing Codebook
com.bets.airindia.ui,Travel & Local,TRAVEL_AND_LOCAL,"University of South Carolina Arnold School of Public Health Arnold Healthy Kids Initiative (Bridget Armstrong, PhD, Josh Culverhouse, PhD, et al.)",Existing Codebook
com.bgg.jump,Games,GAME_CASUAL,"University of South Carolina Arnold School of Public Health Arnold Healthy Kids Initiative (Bridget Armstrong, PhD, Josh Culverhouse, PhD, et al.), BCM CNRC",Existing Codebook
com.bigbasket.mobileapp,Lifestyle,SHOPPING,"University of South Carolina Arnold School of Public Health Arnold Healthy Kids Initiative (Bridget Armstrong, PhD, Josh Culverhouse, PhD, et al.)",Existing Codebook
com.bigfishgames.mergetalesgoog,Games,GAME_PUZZLE,"University of South Carolina Arnold School of Public Health Arnold Healthy Kids Initiative (Bridget Armstrong, PhD, Josh Culverhouse, PhD, et al.)",Existing Codebook
com.bigwinepot.nwdn.international,Photography,PHOTOGRAPHY,"University of South Carolina Arnold School of Public Health Arnold Healthy Kids Initiative (Bridget Armstrong, PhD, Josh Culverhouse, PhD, et al.), BCM CNRC",Existing Codebook
com.bimiboo.coloring,Games,GAME_EDUCATIONAL,"University of South Carolina Arnold School of Public Health Arnold Healthy Kids Initiative (Bridget Armstrong, PhD, Josh Culverhouse, PhD, et al.), BCM CNRC",Existing Codebook
com.bimiboo.puzzles,Games,GAME_EDUCATIONAL,"University of South Carolina Arnold School of Public Health Arnold Healthy Kids Initiative (Bridget Armstrong, PhD, Josh Culverhouse, PhD, et al.), BCM CNRC",Existing Codebook
com.blake.mathseeds,Education,EDUCATION,"University of South Carolina Arnold School of Public Health Arnold Healthy Kids Initiative (Bridget Armstrong, PhD, Josh Culverhouse, PhD, et al.)",Existing Codebook
com.blake.readingeggs.android,Education,EDUCATION,"University of South Carolina Arnold School of Public Health Arnold Healthy Kids Initiative (Bridget Armstrong, PhD, Josh Culverhouse, PhD, et al.)",Existing Codebook
com.block.juggle,Games,GAME_PUZZLE,"University of South Carolina Arnold School of Public Health Arnold Healthy Kids Initiative (Bridget Armstrong, PhD, Josh Culverhouse, PhD, et al.), BCM CNRC",Existing Codebook
com.boddle.learning,Games,GAME_EDUCATIONAL,"University of South Carolina Arnold School of Public Health Arnold Healthy Kids Initiative (Bridget Armstrong, PhD, Josh Culverhouse, PhD, et al.)",Existing Codebook
com.bonbongame.toys.games.kids,Games,GAME_EDUCATIONAL,"University of South Carolina Arnold School of Public Health Arnold Healthy Kids Initiative (Bridget Armstrong, PhD, Josh Culverhouse, PhD, et al.)",Existing Codebook
com.booking,Travel & Local,TRAVEL_AND_LOCAL,"University of South Carolina Arnold School of Public Health Arnold Healthy Kids Initiative (Bridget Armstrong, PhD, Josh Culverhouse, PhD, et al.), BCM CNRC",Existing Codebook
com.booksrun.booksrun,Productivity & Business,PRODUCTIVITY,"University of South Carolina Arnold School of Public Health Arnold Healthy Kids Initiative (Bridget Armstrong, PhD, Josh Culverhouse, PhD, et al.)",Existing Codebook
com.brakefield.painter,Productivity & Business,ART_AND_DESIGN,"University of South Carolina Arnold School of Public Health Arnold Healthy Kids Initiative (Bridget Armstrong, PhD, Josh Culverhouse, PhD, et al.)",Existing Codebook
com.brave.browser,Social & Communication,COMMUNICATION,"University of South Carolina Arnold School of Public Health Arnold Healthy Kids Initiative (Bridget Armstrong, PhD, Josh Culverhouse, PhD, et al.)",Existing Codebook
com.brickit.brickit,Entertainment,ENTERTAINMENT,"University of South Carolina Arnold School of Public Health Arnold Healthy Kids Initiative (Bridget Armstrong, PhD, Josh Culverhouse, PhD, et al.)",Existing Codebook
com.brighthouse.mybhn,Productivity & Business,TOOLS,"University of South Carolina Arnold School of Public Health Arnold Healthy Kids Initiative (Bridget Armstrong, PhD, Josh Culverhouse, PhD, et al.)",Existing Codebook
com.brinker.chilis,Lifestyle,LIFESTYLE,"University of South Carolina Arnold School of Public Health Arnold Healthy Kids Initiative (Bridget Armstrong, PhD, Josh Culverhouse, PhD, et al.)",Existing Codebook
com.brother.mfc.brprint,Productivity & Business,TOOLS,"University of South Carolina Arnold School of Public Health Arnold Healthy Kids Initiative (Bridget Armstrong, PhD, Josh Culverhouse, PhD, et al.), BCM CNRC",Existing Codebook
com.bsm.activity2,Productivity & Business,FINANCE,"University of South Carolina Arnold School of Public Health Arnold Healthy Kids Initiative (Bridget Armstrong, PhD, Josh Culverhouse, PhD, et al.)",Existing Codebook
com.btows.photo,Photography,PHOTOGRAPHY,"University of South Carolina Arnold School of Public Health Arnold Healthy Kids Initiative (Bridget Armstrong, PhD, Josh Culverhouse, PhD, et al.)",Existing Codebook
com.budgestudios.StrawberryShortcakeBakeShare,Games,GAME_CASUAL,"University of South Carolina Arnold School of Public Health Arnold Healthy Kids Initiative (Bridget Armstrong, PhD, Josh Culverhouse, PhD, et al.)",Existing Codebook
com.budgestudios.googleplay.BlueyBLU,Games,GAME_CASUAL,"University of South Carolina Arnold School of Public Health Arnold Healthy Kids Initiative (Bridget Armstrong, PhD, Josh Culverhouse, PhD, et al.), BCM CNRC",Existing Codebook
com.budgestudios.googleplay.HotWheelsUnlimited,Games,GAME_RACING,"University of South Carolina Arnold School of Public Health Arnold Healthy Kids Initiative (Bridget Armstrong, PhD, Josh Culverhouse, PhD, et al.)",Existing Codebook
com.budgestudios.googleplay.MyLittlePonyPocketPonies,Games,GAME_CASUAL,"University of South Carolina Arnold School of Public Health Arnold Healthy Kids Initiative (Bridget Armstrong, PhD, Josh Culverhouse, PhD, et al.)",Existing Codebook
com.budgestudios.googleplay.PawPatrolRescueWorld,Games,GAME_CASUAL,"University of South Carolina Arnold School of Public Health Arnold Healthy Kids Initiative (Bridget Armstrong, PhD, Josh Culverhouse, PhD, et al.), BCM CNRC",Existing Codebook
com.buffalowildwings.blazinrewards,Lifestyle,FOOD_AND_DRINK,"University of South Carolina Arnold School of Public Health Arnold Healthy Kids Initiative (Bridget Armstrong, PhD, Josh Culverhouse, PhD, et al.)",Existing Codebook
com.buschgardens.mobile,Travel & Local,TRAVEL_AND_LOCAL,"University of South Carolina Arnold School of Public Health Arnold Healthy Kids Initiative (Bridget Armstrong, PhD, Josh Culverhouse, PhD, et al.)",Existing Codebook
com.c51,Lifestyle,SHOPPING,"University of South Carolina Arnold School of Public Health Arnold Healthy Kids Initiative (Bridget Armstrong, PhD, Josh Culverhouse, PhD, et al.)",Existing Codebook
com.calm.android,Health,HEALTH_AND_FITNESS,"University of South Carolina Arnold School of Public Health Arnold Healthy Kids Initiative (Bridget Armstrong, PhD, Josh Culverhouse, PhD, et al.)",Existing Codebook
com.camerasideas.instashot,Photography,PHOTOGRAPHY,"University of South Carolina Arnold School of Public Health Arnold Healthy Kids Initiative (Bridget Armstrong, PhD, Josh Culverhouse, PhD, et al.)",Existing Codebook
com.camerasideas.trimmer,Video Players (e.g. YouTube),VIDEO_PLAYERS,"University of South Carolina Arnold School of Public Health Arnold Healthy Kids Initiative (Bridget Armstrong, PhD, Josh Culverhouse, PhD, et al.)",Existing Codebook
com.campanionapp,Photography,PHOTOGRAPHY,"University of South Carolina Arnold School of Public Health Arnold Healthy Kids Initiative (Bridget Armstrong, PhD, Josh Culverhouse, PhD, et al.)",Existing Codebook
com.canva.editor,Productivity & Business,ART_AND_DESIGN,"University of South Carolina Arnold School of Public Health Arnold Healthy Kids Initiative (Bridget Armstrong, PhD, Josh Culverhouse, PhD, et al.), BCM CNRC",Existing Codebook
com.capiratech.morgantownwv,Entertainment,BOOKS_AND_REFERENCE,"University of South Carolina Arnold School of Public Health Arnold Healthy Kids Initiative (Bridget Armstrong, PhD, Josh Culverhouse, PhD, et al.)",Existing Codebook
com.carddecks,Lifestyle,LIFESTYLE,"University of South Carolina Arnold School of Public Health Arnold Healthy Kids Initiative (Bridget Armstrong, PhD, Josh Culverhouse, PhD, et al.)",Existing Codebook
com.cardfree.android.redlobster,Lifestyle,FOOD_AND_DRINK,"University of South Carolina Arnold School of Public Health Arnold Healthy Kids Initiative (Bridget Armstrong, PhD, Josh Culverhouse, PhD, et al.)",Existing Codebook
com.carnival.android,Travel & Local,TRAVEL_AND_LOCAL,"University of South Carolina Arnold School of Public Health Arnold Healthy Kids Initiative (Bridget Armstrong, PhD, Josh Culverhouse, PhD, et al.)",Existing Codebook
com.catdaddy.nba2km,Games,GAME_SPORTS,"University of South Carolina Arnold School of Public Health Arnold Healthy Kids Initiative (Bridget Armstrong, PhD, Josh Culverhouse, PhD, et al.)",Existing Codebook
com.cbord.patient,Lifestyle,FOOD_AND_DRINK,"University of South Carolina Arnold School of Public Health Arnold Healthy Kids Initiative (Bridget Armstrong, PhD, Josh Culverhouse, PhD, et al.)",Existing Codebook
com.cbs.app,Entertainment,ENTERTAINMENT,"University of South Carolina Arnold School of Public Health Arnold Healthy Kids Initiative (Bridget Armstrong, PhD, Josh Culverhouse, PhD, et al.), BCM CNRC",Existing Codebook
com.cbs.ott,Entertainment,ENTERTAINMENT,"University of South Carolina Arnold School of Public Health Arnold Healthy Kids Initiative (Bridget Armstrong, PhD, Josh Culverhouse, PhD, et al.), BCM CNRC",Existing Codebook
com.cedarfair.kingsdominion,Travel & Local,TRAVEL_AND_LOCAL,"University of South Carolina Arnold School of Public Health Arnold Healthy Kids Initiative (Bridget Armstrong, PhD, Josh Culverhouse, PhD, et al.)",Existing Codebook
com.cerdillac.persetforlightroom,Photography,PHOTOGRAPHY,"University of South Carolina Arnold School of Public Health Arnold Healthy Kids Initiative (Bridget Armstrong, PhD, Josh Culverhouse, PhD, et al.)",Existing Codebook
com.charleys.app,Lifestyle,FOOD_AND_DRINK,"University of South Carolina Arnold School of Public Health Arnold Healthy Kids Initiative (Bridget Armstrong, PhD, Josh Culverhouse, PhD, et al.)",Existing Codebook
com.chase.sig.android,Productivity & Business,FINANCE,"University of South Carolina Arnold School of Public Health Arnold Healthy Kids Initiative (Bridget Armstrong, PhD, Josh Culverhouse, PhD, et al.), BCM CNRC",Existing Codebook
com.chatbooks,Photography,PHOTOGRAPHY,"University of South Carolina Arnold School of Public Health Arnold Healthy Kids Initiative (Bridget Armstrong, PhD, Josh Culverhouse, PhD, et al.), BCM CNRC",Existing Codebook
com.chickfila.cfaflagship,Lifestyle,FOOD_AND_DRINK,"University of South Carolina Arnold School of Public Health Arnold Healthy Kids Initiative (Bridget Armstrong, PhD, Josh Culverhouse, PhD, et al.), BCM CNRC",Existing Codebook
com.cinnfocus.app,Lifestyle,FOOD_AND_DRINK,"University of South Carolina Arnold School of Public Health Arnold Healthy Kids Initiative (Bridget Armstrong, PhD, Josh Culverhouse, PhD, et al.)",Existing Codebook
com.circlek.gmap.na,Lifestyle,SHOPPING,"University of South Carolina Arnold School of Public Health Arnold Healthy Kids Initiative (Bridget Armstrong, PhD, Josh Culverhouse, PhD, et al.), BCM CNRC",Existing Codebook
com.cisco.webex.meetings,Productivity & Business,BUSINESS,"University of South Carolina Arnold School of Public Health Arnold Healthy Kids Initiative (Bridget Armstrong, PhD, Josh Culverhouse, PhD, et al.), BCM CNRC",Existing Codebook
com.classdojo.android,Education,EDUCATION,"University of South Carolina Arnold School of Public Health Arnold Healthy Kids Initiative (Bridget Armstrong, PhD, Josh Culverhouse, PhD, et al.), BCM CNRC",Existing Codebook
com.clearchannel.iheartkids,Entertainment,MUSIC_AND_AUDIO,"University of South Carolina Arnold School of Public Health Arnold Healthy Kids Initiative (Bridget Armstrong, PhD, Josh Culverhouse, PhD, et al.)",Existing Codebook
com.cloudedge.smarteye,Lifestyle,LIFESTYLE,"University of South Carolina Arnold School of Public Health Arnold Healthy Kids Initiative (Bridget Armstrong, PhD, Josh Culverhouse, PhD, et al.)",Existing Codebook
com.clue.android,Health,HEALTH_AND_FITNESS,"University of South Carolina Arnold School of Public Health Arnold Healthy Kids Initiative (Bridget Armstrong, PhD, Josh Culverhouse, PhD, et al.)",Existing Codebook
com.coinout.scan,Lifestyle,SHOPPING,"University of South Carolina Arnold School of Public Health Arnold Healthy Kids Initiative (Bridget Armstrong, PhD, Josh Culverhouse, PhD, et al.)",Existing Codebook
com.colgate.humkids,Health,HEALTH_AND_FITNESS,"University of South Carolina Arnold School of Public Health Arnold Healthy Kids Initiative (Bridget Armstrong, PhD, Josh Culverhouse, PhD, et al.)",Existing Codebook
com.color.ball.red.bounce.wonder.island,Games,GAME_ARCADE,"University of South Carolina Arnold School of Public Health Arnold Healthy Kids Initiative (Bridget Armstrong, PhD, Josh Culverhouse, PhD, et al.)",Existing Codebook
com.coloros.alarmclock,Productivity & Business,TOOLS,"University of South Carolina Arnold School of Public Health Arnold Healthy Kids Initiative (Bridget Armstrong, PhD, Josh Culverhouse, PhD, et al.)",Existing Codebook
com.coloros.assistantscreen,Productivity & Business,PERSONALIZATION,"University of South Carolina Arnold School of Public Health Arnold Healthy Kids Initiative (Bridget Armstrong, PhD, Josh Culverhouse, PhD, et al.)",Existing Codebook
com.coloros.filemanager,Productivity & Business,TOOLS,"University of South Carolina Arnold School of Public Health Arnold Healthy Kids Initiative (Bridget Armstrong, PhD, Josh Culverhouse, PhD, et al.)",Existing Codebook
com.coloros.gallery3d,Productivity & Business,PRODUCTIVITY,"University of South Carolina Arnold School of Public Health Arnold Healthy Kids Initiative (Bridget Armstrong, PhD, Josh Culverhouse, PhD, et al.)",Existing Codebook
com.coloros.phonemanager,Productivity & Business,TOOLS,"University of South Carolina Arnold School of Public Health Arnold Healthy Kids Initiative (Bridget Armstrong, PhD, Josh Culverhouse, PhD, et al.)",Existing Codebook
com.coloros.weather.service,Travel & Local,WEATHER,"University of South Carolina Arnold School of Public Health Arnold Healthy Kids Initiative (Bridget Armstrong, PhD, Josh Culverhouse, PhD, et al.)",Existing Codebook
com.coloros.weather2,Travel & Local,WEATHER,"University of South Carolina Arnold School of Public Health Arnold Healthy Kids Initiative (Bridget Armstrong, PhD, Josh Culverhouse, PhD, et al.)",Existing Codebook
com.contextlogic.wish,Lifestyle,SHOPPING,"University of South Carolina Arnold School of Public Health Arnold Healthy Kids Initiative (Bridget Armstrong, PhD, Josh Culverhouse, PhD, et al.)",Existing Codebook
com.costarastrology,Lifestyle,LIFESTYLE,"University of South Carolina Arnold School of Public Health Arnold Healthy Kids Initiative (Bridget Armstrong, PhD, Josh Culverhouse, PhD, et al.)",Existing Codebook
com.costco.app.android,Lifestyle,SHOPPING,"University of South Carolina Arnold School of Public Health Arnold Healthy Kids Initiative (Bridget Armstrong, PhD, Josh Culverhouse, PhD, et al.)",Existing Codebook
com.crayolallc.crayola_create_and_play,Games,GAME_EDUCATIONAL,"University of South Carolina Arnold School of Public Health Arnold Healthy Kids Initiative (Bridget Armstrong, PhD, Josh Culverhouse, PhD, et al.), BCM CNRC",Existing Codebook
com.crayolallc.crayola_scribble_scrubbie_pets,Games,GAME_CASUAL,"University of South Carolina Arnold School of Public Health Arnold Healthy Kids Initiative (Bridget Armstrong, PhD, Josh Culverhouse, PhD, et al.), BCM CNRC",Existing Codebook
com.crazylabs.hotel.transylvania.adventure,Games,GAME_ADVENTURE,"University of South Carolina Arnold School of Public Health Arnold Healthy Kids Initiative (Bridget Armstrong, PhD, Josh Culverhouse, PhD, et al.)",Existing Codebook
com.creditkarma.mobile,Productivity & Business,FINANCE,"University of South Carolina Arnold School of Public Health Arnold Healthy Kids Initiative (Bridget Armstrong, PhD, Josh Culverhouse, PhD, et al.), BCM CNRC",Existing Codebook
com.creditonebank.mobile,Productivity & Business,FINANCE,"University of South Carolina Arnold School of Public Health Arnold Healthy Kids Initiative (Bridget Armstrong, PhD, Josh Culverhouse, PhD, et al.)",Existing Codebook
com.creedon.Nixplay,Photography,PHOTOGRAPHY,"University of South Carolina Arnold School of Public Health Arnold Healthy Kids Initiative (Bridget Armstrong, PhD, Josh Culverhouse, PhD, et al.)",Existing Codebook
com.cricketwireless.thescoop,Entertainment,ENTERTAINMENT,"University of South Carolina Arnold School of Public Health Arnold Healthy Kids Initiative (Bridget Armstrong, PhD, Josh Culverhouse, PhD, et al.)",Existing Codebook
com.cronometer.android.gold,Health,HEALTH_AND_FITNESS,"University of South Carolina Arnold School of Public Health Arnold Healthy Kids Initiative (Bridget Armstrong, PhD, Josh Culverhouse, PhD, et al.)",Existing Codebook
com.csnmedia.android.bg,Entertainment,BOOKS_AND_REFERENCE,"University of South Carolina Arnold School of Public Health Arnold Healthy Kids Initiative (Bridget Armstrong, PhD, Josh Culverhouse, PhD, et al.)",Existing Codebook
com.cspace.android.community,Lifestyle,LIFESTYLE,"University of South Carolina Arnold School of Public Health Arnold Healthy Kids Initiative (Bridget Armstrong, PhD, Josh Culverhouse, PhD, et al.)",Existing Codebook
com.current.app,Productivity & Business,FINANCE,"University of South Carolina Arnold School of Public Health Arnold Healthy Kids Initiative (Bridget Armstrong, PhD, Josh Culverhouse, PhD, et al.)",Existing Codebook
com.cvs.launchers.cvs,Lifestyle,SHOPPING,"University of South Carolina Arnold School of Public Health Arnold Healthy Kids Initiative (Bridget Armstrong, PhD, Josh Culverhouse, PhD, et al.), BCM CNRC",Existing Codebook
com.cyberlink.youcammakeup,Photography,PHOTOGRAPHY,"University of South Carolina Arnold School of Public Health Arnold Healthy Kids Initiative (Bridget Armstrong, PhD, Josh Culverhouse, PhD, et al.)",Existing Codebook
com.cyberlink.youperfect,Photography,PHOTOGRAPHY,"University of South Carolina Arnold School of Public Health Arnold Healthy Kids Initiative (Bridget Armstrong, PhD, Josh Culverhouse, PhD, et al.)",Existing Codebook
com.dailyburn.home.workouts,Health,HEALTH_AND_FITNESS,"University of South Carolina Arnold School of Public Health Arnold Healthy Kids Initiative (Bridget Armstrong, PhD, Josh Culverhouse, PhD, et al.)",Existing Codebook
com.dailywire.thedailywire,Lifestyle,NEWS_AND_MAGAZINES,"University of South Carolina Arnold School of Public Health Arnold Healthy Kids Initiative (Bridget Armstrong, PhD, Josh Culverhouse, PhD, et al.)",Existing Codebook
com.dashin.ordering,Lifestyle,FOOD_AND_DRINK,"University of South Carolina Arnold School of Public Health Arnold Healthy Kids Initiative (Bridget Armstrong, PhD, Josh Culverhouse, PhD, et al.)",Existing Codebook
com.dd.doordash,Lifestyle,FOOD_AND_DRINK,"University of South Carolina Arnold School of Public Health Arnold Healthy Kids Initiative (Bridget Armstrong, PhD, Josh Culverhouse, PhD, et al.), BCM CNRC",Existing Codebook
com.dealcatcher.dealcatcher,Lifestyle,SHOPPING,"University of South Carolina Arnold School of Public Health Arnold Healthy Kids Initiative (Bridget Armstrong, PhD, Josh Culverhouse, PhD, et al.)",Existing Codebook
com.decor.life,Games,GAME_SIMULATION,"University of South Carolina Arnold School of Public Health Arnold Healthy Kids Initiative (Bridget Armstrong, PhD, Josh Culverhouse, PhD, et al.), BCM CNRC",Existing Codebook
com.deletemaster2.brain.puzzle,Games,GAME_PUZZLE,"University of South Carolina Arnold School of Public Health Arnold Healthy Kids Initiative (Bridget Armstrong, PhD, Josh Culverhouse, PhD, et al.)",Existing Codebook
com.delhiveryConsigneeApp,Productivity & Business,BUSINESS,"University of South Carolina Arnold School of Public Health Arnold Healthy Kids Initiative (Bridget Armstrong, PhD, Josh Culverhouse, PhD, et al.)",Existing Codebook
com.dietbet.app,Health,HEALTH_AND_FITNESS,"University of South Carolina Arnold School of Public Health Arnold Healthy Kids Initiative (Bridget Armstrong, PhD, Josh Culverhouse, PhD, et al.)",Existing Codebook
com.digital.clown.circus.playtime,Games,GAME_ACTION,"University of South Carolina Arnold School of Public Health Arnold Healthy Kids Initiative (Bridget Armstrong, PhD, Josh Culverhouse, PhD, et al.)",Existing Codebook
com.dino.spider.ropehero.herogames,Games,GAME_ACTION,"University of South Carolina Arnold School of Public Health Arnold Healthy Kids Initiative (Bridget Armstrong, PhD, Josh Culverhouse, PhD, et al.)",Existing Codebook
com.discord,Social & Communication,COMMUNICATION,"University of South Carolina Arnold School of Public Health Arnold Healthy Kids Initiative (Bridget Armstrong, PhD, Josh Culverhouse, PhD, et al.), BCM CNRC",Existing Codebook
com.discoverfinancial.mobile,Productivity & Business,FINANCE,"University of South Carolina Arnold School of Public Health Arnold Healthy Kids Initiative (Bridget Armstrong, PhD, Josh Culverhouse, PhD, et al.), BCM CNRC",Existing Codebook
com.dish.vvm,Social & Communication,COMMUNICATION,"University of South Carolina Arnold School of Public Health Arnold Healthy Kids Initiative (Bridget Armstrong, PhD, Josh Culverhouse, PhD, et al.)",Existing Codebook
com.dish.wireless.boostone,Social & Communication,COMMUNICATION,"University of South Carolina Arnold School of Public Health Arnold Healthy Kids Initiative (Bridget Armstrong, PhD, Josh Culverhouse, PhD, et al.)",Existing Codebook
com.disney.cruise.sept_goo,Travel & Local,TRAVEL_AND_LOCAL,"University of South Carolina Arnold School of Public Health Arnold Healthy Kids Initiative (Bridget Armstrong, PhD, Josh Culverhouse, PhD, et al.)",Existing Codebook
com.disney.disneyplus,Entertainment,ENTERTAINMENT,"University of South Carolina Arnold School of Public Health Arnold Healthy Kids Initiative (Bridget Armstrong, PhD, Josh Culverhouse, PhD, et al.), BCM CNRC",Existing Codebook
com.disney.playdisneyparks.goo,Travel & Local,TRAVEL_AND_LOCAL,"University of South Carolina Arnold School of Public Health Arnold Healthy Kids Initiative (Bridget Armstrong, PhD, Josh Culverhouse, PhD, et al.)",Existing Codebook
com.disney.thoughtbubbles_goo,Games,GAME_PUZZLE,"University of South Carolina Arnold School of Public Health Arnold Healthy Kids Initiative (Bridget Armstrong, PhD, Josh Culverhouse, PhD, et al.)",Existing Codebook
com.disney.wdw.android,Travel & Local,TRAVEL_AND_LOCAL,"University of South Carolina Arnold School of Public Health Arnold Healthy Kids Initiative (Bridget Armstrong, PhD, Josh Culverhouse, PhD, et al.), BCM CNRC",Existing Codebook
com.disneydigitalbooks.DisneyMagicBrushTimer_goo,Health,HEALTH_AND_FITNESS,"University of South Carolina Arnold School of Public Health Arnold Healthy Kids Initiative (Bridget Armstrong, PhD, Josh Culverhouse, PhD, et al.)",Existing Codebook
com.dji.overSeaStore,Lifestyle,SHOPPING,"University of South Carolina Arnold School of Public Health Arnold Healthy Kids Initiative (Bridget Armstrong, PhD, Josh Culverhouse, PhD, et al.)",Existing Codebook
com.dollarbank.onlinebanking,Productivity & Business,FINANCE,"University of South Carolina Arnold School of Public Health Arnold Healthy Kids Initiative (Bridget Armstrong, PhD, Josh Culverhouse, PhD, et al.)",Existing Codebook
com.dollargeneral.android,Lifestyle,SHOPPING,"University of South Carolina Arnold School of Public Health Arnold Healthy Kids Initiative (Bridget Armstrong, PhD, Josh Culverhouse, PhD, et al.), BCM CNRC",Existing Codebook
com.dollartree.consumer,Lifestyle,SHOPPING,"University of South Carolina Arnold School of Public Health Arnold Healthy Kids Initiative (Bridget Armstrong, PhD, Josh Culverhouse, PhD, et al.)",Existing Codebook
com.dominospizza,Lifestyle,FOOD_AND_DRINK,"University of South Carolina Arnold School of Public Health Arnold Healthy Kids Initiative (Bridget Armstrong, PhD, Josh Culverhouse, PhD, et al.), BCM CNRC",Existing Codebook
com.doodlejoy.studio.kidsdoojoy,Games,GAME_CASUAL,"University of South Carolina Arnold School of Public Health Arnold Healthy Kids Initiative (Bridget Armstrong, PhD, Josh Culverhouse, PhD, et al.), BCM CNRC",Existing Codebook
com.doublefs.halara,Lifestyle,SHOPPING,"University of South Carolina Arnold School of Public Health Arnold Healthy Kids Initiative (Bridget Armstrong, PhD, Josh Culverhouse, PhD, et al.)",Existing Codebook
com.doubletapsoftware.basketballbattle,Games,GAME_SPORTS,"University of South Carolina Arnold School of Public Health Arnold Healthy Kids Initiative (Bridget Armstrong, PhD, Josh Culverhouse, PhD, et al.)",Existing Codebook
com.doubletapsoftware.kickreturngame,Games,GAME_SPORTS,"University of South Carolina Arnold School of Public Health Arnold Healthy Kids Initiative (Bridget Armstrong, PhD, Josh Culverhouse, PhD, et al.)",Existing Codebook
com.dramaton.slime,Lifestyle,LIFESTYLE,"University of South Carolina Arnold School of Public Health Arnold Healthy Kids Initiative (Bridget Armstrong, PhD, Josh Culverhouse, PhD, et al.), BCM CNRC",Existing Codebook
com.drillyapps.babydaybook,Lifestyle,PARENTING,"University of South Carolina Arnold School of Public Health Arnold Healthy Kids Initiative (Bridget Armstrong, PhD, Josh Culverhouse, PhD, et al.)",Existing Codebook
com.driverhelp.westvirginia.dmv,Education,EDUCATION,"University of South Carolina Arnold School of Public Health Arnold Healthy Kids Initiative (Bridget Armstrong, PhD, Josh Culverhouse, PhD, et al.)",Existing Codebook
com.dropbox.android,Productivity & Business,PRODUCTIVITY,"University of South Carolina Arnold School of Public Health Arnold Healthy Kids Initiative (Bridget Armstrong, PhD, Josh Culverhouse, PhD, et al.), BCM CNRC",Existing Codebook
com.dsi.ant.plugins.antplus,Productivity & Business,TOOLS,"University of South Carolina Arnold School of Public Health Arnold Healthy Kids Initiative (Bridget Armstrong, PhD, Josh Culverhouse, PhD, et al.)",Existing Codebook
com.dsi.ant.service.socket,Social & Communication,COMMUNICATION,"University of South Carolina Arnold School of Public Health Arnold Healthy Kids Initiative (Bridget Armstrong, PhD, Josh Culverhouse, PhD, et al.)",Existing Codebook
com.duckduckgo.mobile.android,Productivity & Business,TOOLS,"University of South Carolina Arnold School of Public Health Arnold Healthy Kids Initiative (Bridget Armstrong, PhD, Josh Culverhouse, PhD, et al.)",Existing Codebook
com.duckduckmoosedesign.bat,Games,GAME_EDUCATIONAL,"University of South Carolina Arnold School of Public Health Arnold Healthy Kids Initiative (Bridget Armstrong, PhD, Josh Culverhouse, PhD, et al.), BCM CNRC",Existing Codebook
com.dukecfast.l2qsmi,Health,HEALTH_AND_FITNESS,"University of South Carolina Arnold School of Public Health Arnold Healthy Kids Initiative (Bridget Armstrong, PhD, Josh Culverhouse, PhD, et al.)",Existing Codebook
com.dukeenergy.customerapp.release,Productivity & Business,BUSINESS,"University of South Carolina Arnold School of Public Health Arnold Healthy Kids Initiative (Bridget Armstrong, PhD, Josh Culverhouse, PhD, et al.)",Existing Codebook
com.dunkinbrands.otgo,Lifestyle,FOOD_AND_DRINK,"University of South Carolina Arnold School of Public Health Arnold Healthy Kids Initiative (Bridget Armstrong, PhD, Josh Culverhouse, PhD, et al.)",Existing Codebook
com.duokan.phone.remotecontroller,Productivity & Business,TOOLS,"University of South Carolina Arnold School of Public Health Arnold Healthy Kids Initiative (Bridget Armstrong, PhD, Josh Culverhouse, PhD, et al.)",Existing Codebook
com.duolingo,Education,EDUCATION,"University of South Carolina Arnold School of Public Health Arnold Healthy Kids Initiative (Bridget Armstrong, PhD, Josh Culverhouse, PhD, et al.), BCM CNRC",Existing Codebook
com.duolingo.literacy,Education,EDUCATION,"University of South Carolina Arnold School of Public Health Arnold Healthy Kids Initiative (Bridget Armstrong, PhD, Josh Culverhouse, PhD, et al.), BCM CNRC",Existing Codebook
com.duosecurity.duomobile,Productivity & Business,BUSINESS,"University of South Carolina Arnold School of Public Health Arnold Healthy Kids Initiative (Bridget Armstrong, PhD, Josh Culverhouse, PhD, et al.), BCM CNRC",Existing Codebook
com.ea.game.pvzfree_row,Games,GAME_STRATEGY,"University of South Carolina Arnold School of Public Health Arnold Healthy Kids Initiative (Bridget Armstrong, PhD, Josh Culverhouse, PhD, et al.)",Existing Codebook
com.easybrain.number.sums.puzzle,Games,GAME_PUZZLE,"University of South Carolina Arnold School of Public Health Arnold Healthy Kids Initiative (Bridget Armstrong, PhD, Josh Culverhouse, PhD, et al.)",Existing Codebook
com.easystudio.screw.pin.jam.puzzle,Games,GAME_CASUAL,"University of South Carolina Arnold School of Public Health Arnold Healthy Kids Initiative (Bridget Armstrong, PhD, Josh Culverhouse, PhD, et al.)",Existing Codebook
com.ebates,Lifestyle,SHOPPING,"University of South Carolina Arnold School of Public Health Arnold Healthy Kids Initiative (Bridget Armstrong, PhD, Josh Culverhouse, PhD, et al.)",Existing Codebook
com.ebay.mobile,Lifestyle,SHOPPING,"University of South Carolina Arnold School of Public Health Arnold Healthy Kids Initiative (Bridget Armstrong, PhD, Josh Culverhouse, PhD, et al.), BCM CNRC",Existing Codebook
com.ecw.healow,Health,HEALTH_AND_FITNESS,"University of South Carolina Arnold School of Public Health Arnold Healthy Kids Initiative (Bridget Armstrong, PhD, Josh Culverhouse, PhD, et al.), BCM CNRC",Existing Codebook
com.edujoy.vlad.niki,Games,GAME_EDUCATIONAL,"University of South Carolina Arnold School of Public Health Arnold Healthy Kids Initiative (Bridget Armstrong, PhD, Josh Culverhouse, PhD, et al.), BCM CNRC",Existing Codebook
com.einnovation.temu,Lifestyle,SHOPPING,"University of South Carolina Arnold School of Public Health Arnold Healthy Kids Initiative (Bridget Armstrong, PhD, Josh Culverhouse, PhD, et al.), BCM CNRC",Existing Codebook
com.emn8.mobilem8.nativeapp.bk,Lifestyle,FOOD_AND_DRINK,"University of South Carolina Arnold School of Public Health Arnold Healthy Kids Initiative (Bridget Armstrong, PhD, Josh Culverhouse, PhD, et al.), BCM CNRC",Existing Codebook
com.enflick.android.TextNow,Social & Communication,COMMUNICATION,"University of South Carolina Arnold School of Public Health Arnold Healthy Kids Initiative (Bridget Armstrong, PhD, Josh Culverhouse, PhD, et al.), BCM CNRC",Existing Codebook
com.enflick.android.tn2ndLine,Social & Communication,COMMUNICATION,"University of South Carolina Arnold School of Public Health Arnold Healthy Kids Initiative (Bridget Armstrong, PhD, Josh Culverhouse, PhD, et al.)",Existing Codebook
com.epson.epsonsmart,Productivity & Business,TOOLS,"University of South Carolina Arnold School of Public Health Arnold Healthy Kids Initiative (Bridget Armstrong, PhD, Josh Culverhouse, PhD, et al.)",Existing Codebook
com.epson.mobilephone.android.epsonprintserviceplugin,Productivity & Business,TOOLS,"University of South Carolina Arnold School of Public Health Arnold Healthy Kids Initiative (Bridget Armstrong, PhD, Josh Culverhouse, PhD, et al.)",Existing Codebook
com.etekcity.vesyncplatform,Lifestyle,LIFESTYLE,"University of South Carolina Arnold School of Public Health Arnold Healthy Kids Initiative (Bridget Armstrong, PhD, Josh Culverhouse, PhD, et al.)",Existing Codebook
com.etsy.android,Lifestyle,SHOPPING,"University of South Carolina Arnold School of Public Health Arnold Healthy Kids Initiative (Bridget Armstrong, PhD, Josh Culverhouse, PhD, et al.), BCM CNRC",Existing Codebook
com.etsy.butter.sell_on_etsy,Productivity & Business,BUSINESS,"University of South Carolina Arnold School of Public Health Arnold Healthy Kids Initiative (Bridget Armstrong, PhD, Josh Culverhouse, PhD, et al.)",Existing Codebook
com.everydollar.android,Productivity & Business,FINANCE,"University of South Carolina Arnold School of Public Health Arnold Healthy Kids Initiative (Bridget Armstrong, PhD, Josh Culverhouse, PhD, et al.)",Existing Codebook
com.everymother,Health,HEALTH_AND_FITNESS,"University of South Carolina Arnold School of Public Health Arnold Healthy Kids Initiative (Bridget Armstrong, PhD, Josh Culverhouse, PhD, et al.)",Existing Codebook
com.excentus.frn.android,Lifestyle,LIFESTYLE,"University of South Carolina Arnold School of Public Health Arnold Healthy Kids Initiative (Bridget Armstrong, PhD, Josh Culverhouse, PhD, et al.)",Existing Codebook
com.expedia.bookings,Travel & Local,TRAVEL_AND_LOCAL,"University of South Carolina Arnold School of Public Health Arnold Healthy Kids Initiative (Bridget Armstrong, PhD, Josh Culverhouse, PhD, et al.), BCM CNRC",Existing Codebook
com.experian.android,Productivity & Business,FINANCE,"University of South Carolina Arnold School of Public Health Arnold Healthy Kids Initiative (Bridget Armstrong, PhD, Josh Culverhouse, PhD, et al.)",Existing Codebook
com.ezaccessapp,Health,HEALTH_AND_FITNESS,"University of South Carolina Arnold School of Public Health Arnold Healthy Kids Initiative (Bridget Armstrong, PhD, Josh Culverhouse, PhD, et al.)",Existing Codebook
com.facebook.adsmanager,Productivity & Business,BUSINESS,"University of South Carolina Arnold School of Public Health Arnold Healthy Kids Initiative (Bridget Armstrong, PhD, Josh Culverhouse, PhD, et al.)",Existing Codebook
com.facebook.katana,Social & Communication,SOCIAL,"University of South Carolina Arnold School of Public Health Arnold Healthy Kids Initiative (Bridget Armstrong, PhD, Josh Culverhouse, PhD, et al.), BCM CNRC",Existing Codebook
com.facebook.orca,Social & Communication,COMMUNICATION,"University of South Carolina Arnold School of Public Health Arnold Healthy Kids Initiative (Bridget Armstrong, PhD, Josh Culverhouse, PhD, et al.), BCM CNRC",Existing Codebook
com.facebook.pages.app,Productivity & Business,BUSINESS,"University of South Carolina Arnold School of Public Health Arnold Healthy Kids Initiative (Bridget Armstrong, PhD, Josh Culverhouse, PhD, et al.)",Existing Codebook
com.facemoji.lite.xiaomi,Productivity & Business,PERSONALIZATION,"University of South Carolina Arnold School of Public Health Arnold Healthy Kids Initiative (Bridget Armstrong, PhD, Josh Culverhouse, PhD, et al.)",Existing Codebook
com.familywall,Lifestyle,LIFESTYLE,"University of South Carolina Arnold School of Public Health Arnold Healthy Kids Initiative (Bridget Armstrong, PhD, Josh Culverhouse, PhD, et al.)",Existing Codebook
com.fc.p.cp.jelly.mukbang.asmr.live.diy,Games,GAME_SIMULATION,"University of South Carolina Arnold School of Public Health Arnold Healthy Kids Initiative (Bridget Armstrong, PhD, Josh Culverhouse, PhD, et al.)",Existing Codebook
com.fehnerssoftware.visualtimer,Education,EDUCATION,"University of South Carolina Arnold School of Public Health Arnold Healthy Kids Initiative (Bridget Armstrong, PhD, Josh Culverhouse, PhD, et al.)",Existing Codebook
com.fetchrewards.fetchrewards.hop,Lifestyle,SHOPPING,"University of South Carolina Arnold School of Public Health Arnold Healthy Kids Initiative (Bridget Armstrong, PhD, Josh Culverhouse, PhD, et al.), BCM CNRC",Existing Codebook
com.fidelity.wi.activity,Productivity & Business,FINANCE,"University of South Carolina Arnold School of Public Health Arnold Healthy Kids Initiative (Bridget Armstrong, PhD, Josh Culverhouse, PhD, et al.)",Existing Codebook
com.findmybluetooth.headset.headphones.devices,Productivity & Business,TOOLS,"University of South Carolina Arnold School of Public Health Arnold Healthy Kids Initiative (Bridget Armstrong, PhD, Josh Culverhouse, PhD, et al.)",Existing Codebook
com.firstdata.fdgs.authenticare2,Health,MEDICAL,"University of South Carolina Arnold School of Public Health Arnold Healthy Kids Initiative (Bridget Armstrong, PhD, Josh Culverhouse, PhD, et al.)",Existing Codebook
com.fis.ebtedge,Productivity & Business,FINANCE,"University of South Carolina Arnold School of Public Health Arnold Healthy Kids Initiative (Bridget Armstrong, PhD, Josh Culverhouse, PhD, et al.)",Existing Codebook
com.fitbit.FitbitMobile,Health,HEALTH_AND_FITNESS,"University of South Carolina Arnold School of Public Health Arnold Healthy Kids Initiative (Bridget Armstrong, PhD, Josh Culverhouse, PhD, et al.)",Existing Codebook
com.fitnow.loseit,Health,HEALTH_AND_FITNESS,"University of South Carolina Arnold School of Public Health Arnold Healthy Kids Initiative (Bridget Armstrong, PhD, Josh Culverhouse, PhD, et al.)",Existing Codebook
com.flipkart.android,Lifestyle,SHOPPING,"University of South Carolina Arnold School of Public Health Arnold Healthy Kids Initiative (Bridget Armstrong, PhD, Josh Culverhouse, PhD, et al.)",Existing Codebook
com.focusschoolsoftware.community.browardk12,Education,EDUCATION,"University of South Carolina Arnold School of Public Health Arnold Healthy Kids Initiative (Bridget Armstrong, PhD, Josh Culverhouse, PhD, et al.)",Existing Codebook
com.foodlion.mobile,Lifestyle,SHOPPING,"University of South Carolina Arnold School of Public Health Arnold Healthy Kids Initiative (Bridget Armstrong, PhD, Josh Culverhouse, PhD, et al.)",Existing Codebook
com.foodtec.marcos,Lifestyle,FOOD_AND_DRINK,"University of South Carolina Arnold School of Public Health Arnold Healthy Kids Initiative (Bridget Armstrong, PhD, Josh Culverhouse, PhD, et al.)",Existing Codebook
com.foxandsheep.moviestudio,Education,EDUCATION,"University of South Carolina Arnold School of Public Health Arnold Healthy Kids Initiative (Bridget Armstrong, PhD, Josh Culverhouse, PhD, et al.)",Existing Codebook
com.freerobux.scratchfreerobux,Games,GAME_PUZZLE,"University of South Carolina Arnold School of Public Health Arnold Healthy Kids Initiative (Bridget Armstrong, PhD, Josh Culverhouse, PhD, et al.)",Existing Codebook
com.freestylelibre2.app.us,Health,MEDICAL,"University of South Carolina Arnold School of Public Health Arnold Healthy Kids Initiative (Bridget Armstrong, PhD, Josh Culverhouse, PhD, et al.)",Existing Codebook
com.fuelcycle.multitenant,Social & Communication,SOCIAL,"University of South Carolina Arnold School of Public Health Arnold Healthy Kids Initiative (Bridget Armstrong, PhD, Josh Culverhouse, PhD, et al.)",Existing Codebook
com.funcamerastudio.videomaker,Video Players (e.g. YouTube),VIDEO_PLAYERS,"University of South Carolina Arnold School of Public Health Arnold Healthy Kids Initiative (Bridget Armstrong, PhD, Josh Culverhouse, PhD, et al.)",Existing Codebook
com.fungames.blockcraft,Games,GAME_ARCADE,"University of South Carolina Arnold School of Public Health Arnold Healthy Kids Initiative (Bridget Armstrong, PhD, Josh Culverhouse, PhD, et al.), BCM CNRC",Existing Codebook
com.future.HappyKids,Entertainment,ENTERTAINMENT,"University of South Carolina Arnold School of Public Health Arnold Healthy Kids Initiative (Bridget Armstrong, PhD, Josh Culverhouse, PhD, et al.)",Existing Codebook
com.gamebasic.decibel,Productivity & Business,TOOLS,"University of South Carolina Arnold School of Public Health Arnold Healthy Kids Initiative (Bridget Armstrong, PhD, Josh Culverhouse, PhD, et al.)",Existing Codebook
com.gamebrain.hexasort,Games,GAME_PUZZLE,"University of South Carolina Arnold School of Public Health Arnold Healthy Kids Initiative (Bridget Armstrong, PhD, Josh Culverhouse, PhD, et al.)",Existing Codebook
com.gamebrain.piesort,Games,GAME_PUZZLE,"University of South Carolina Arnold School of Public Health Arnold Healthy Kids Initiative (Bridget Armstrong, PhD, Josh Culverhouse, PhD, et al.)",Existing Codebook
com.gameloft.android.ANMP.GloftDMHM,Games,GAME_CASUAL,"University of South Carolina Arnold School of Public Health Arnold Healthy Kids Initiative (Bridget Armstrong, PhD, Josh Culverhouse, PhD, et al.), BCM CNRC",Existing Codebook
com.gamovation.chessclubpilot,Games,GAME_BOARD,"University of South Carolina Arnold School of Public Health Arnold Healthy Kids Initiative (Bridget Armstrong, PhD, Josh Culverhouse, PhD, et al.), BCM CNRC",Existing Codebook
com.gannett.local.library.news.wltx,Lifestyle,NEWS_AND_MAGAZINES,"University of South Carolina Arnold School of Public Health Arnold Healthy Kids Initiative (Bridget Armstrong, PhD, Josh Culverhouse, PhD, et al.)",Existing Codebook
com.garmin.android.apps.connectmobile,Health,HEALTH_AND_FITNESS,"University of South Carolina Arnold School of Public Health Arnold Healthy Kids Initiative (Bridget Armstrong, PhD, Josh Culverhouse, PhD, et al.)",Existing Codebook
com.geico.mobile,Productivity & Business,FINANCE,"University of South Carolina Arnold School of Public Health Arnold Healthy Kids Initiative (Bridget Armstrong, PhD, Josh Culverhouse, PhD, et al.), BCM CNRC",Existing Codebook
com.genfare.mobile2.broward,Travel & Local,TRAVEL_AND_LOCAL,"University of South Carolina Arnold School of Public Health Arnold Healthy Kids Initiative (Bridget Armstrong, PhD, Josh Culverhouse, PhD, et al.)",Existing Codebook
com.georama.marketresearch,Lifestyle,LIFESTYLE,"University of South Carolina Arnold School of Public Health Arnold Healthy Kids Initiative (Bridget Armstrong, PhD, Josh Culverhouse, PhD, et al.)",Existing Codebook
com.getepic.Epic,Education,EDUCATION,"University of South Carolina Arnold School of Public Health Arnold Healthy Kids Initiative (Bridget Armstrong, PhD, Josh Culverhouse, PhD, et al.)",Existing Codebook
com.getperka.android,Lifestyle,LIFESTYLE,"University of South Carolina Arnold School of Public Health Arnold Healthy Kids Initiative (Bridget Armstrong, PhD, Josh Culverhouse, PhD, et al.), BCM CNRC",Existing Codebook
com.gf.slow.mo.running.fightgame.drag.parkour,Games,GAME_ACTION,"University of South Carolina Arnold School of Public Health Arnold Healthy Kids Initiative (Bridget Armstrong, PhD, Josh Culverhouse, PhD, et al.)",Existing Codebook
com.gianteagle.apps.grocery,Lifestyle,SHOPPING,"University of South Carolina Arnold School of Public Health Arnold Healthy Kids Initiative (Bridget Armstrong, PhD, Josh Culverhouse, PhD, et al.)",Existing Codebook
com.giftcertificatesandmore,Lifestyle,FOOD_AND_DRINK,"University of South Carolina Arnold School of Public Health Arnold Healthy Kids Initiative (Bridget Armstrong, PhD, Josh Culverhouse, PhD, et al.)",Existing Codebook
com.glinttec.beautyscan.beautyscore.photoBeautyScan,Lifestyle,BEAUTY,"University of South Carolina Arnold School of Public Health Arnold Healthy Kids Initiative (Bridget Armstrong, PhD, Josh Culverhouse, PhD, et al.)",Existing Codebook
com.glitchdealsworld.dealsworld,Lifestyle,SHOPPING,"University of South Carolina Arnold School of Public Health Arnold Healthy Kids Initiative (Bridget Armstrong, PhD, Josh Culverhouse, PhD, et al.)",Existing Codebook
com.glow.android.baby,Lifestyle,PARENTING,"University of South Carolina Arnold School of Public Health Arnold Healthy Kids Initiative (Bridget Armstrong, PhD, Josh Culverhouse, PhD, et al.)",Existing Codebook
com.gof.global,Games,GAME_STRATEGY,"University of South Carolina Arnold School of Public Health Arnold Healthy Kids Initiative (Bridget Armstrong, PhD, Josh Culverhouse, PhD, et al.)",Existing Codebook
com.goldencorralapp.app,Lifestyle,FOOD_AND_DRINK,"University of South Carolina Arnold School of Public Health Arnold Healthy Kids Initiative (Bridget Armstrong, PhD, Josh Culverhouse, PhD, et al.)",Existing Codebook
com.gombosdev.ampere,Productivity & Business,TOOLS,"University of South Carolina Arnold School of Public Health Arnold Healthy Kids Initiative (Bridget Armstrong, PhD, Josh Culverhouse, PhD, et al.)",Existing Codebook
com.gonegames.sword.slice.hero.runner,Games,GAME_ACTION,"University of South Carolina Arnold School of Public Health Arnold Healthy Kids Initiative (Bridget Armstrong, PhD, Josh Culverhouse, PhD, et al.)",Existing Codebook
com.good2grow.collectors,Entertainment,ENTERTAINMENT,"University of South Carolina Arnold School of Public Health Arnold Healthy Kids Initiative (Bridget Armstrong, PhD, Josh Culverhouse, PhD, et al.)",Existing Codebook
com.goodbarber.crsummit,Lifestyle,LIFESTYLE,"University of South Carolina Arnold School of Public Health Arnold Healthy Kids Initiative (Bridget Armstrong, PhD, Josh Culverhouse, PhD, et al.)",Existing Codebook
com.goodreads,Entertainment,BOOKS_AND_REFERENCE,"University of South Carolina Arnold School of Public Health Arnold Healthy Kids Initiative (Bridget Armstrong, PhD, Josh Culverhouse, PhD, et al.), BCM CNRC",Existing Codebook
com.goodrx,Health,MEDICAL,"University of South Carolina Arnold School of Public Health Arnold Healthy Kids Initiative (Bridget Armstrong, PhD, Josh Culverhouse, PhD, et al.)",Existing Codebook
com.google.android.GoogleCamera,Photography,PHOTOGRAPHY,"University of South Carolina Arnold School of Public Health Arnold Healthy Kids Initiative (Bridget Armstrong, PhD, Josh Culverhouse, PhD, et al.), BCM CNRC",Existing Codebook
com.google.android.accessibility.soundamplifier,Social & Communication,COMMUNICATION,"University of South Carolina Arnold School of Public Health Arnold Healthy Kids Initiative (Bridget Armstrong, PhD, Josh Culverhouse, PhD, et al.), BCM CNRC",Existing Codebook
com.google.android.accessibility.switchaccess,Productivity & Business,TOOLS,"University of South Carolina Arnold School of Public Health Arnold Healthy Kids Initiative (Bridget Armstrong, PhD, Josh Culverhouse, PhD, et al.), BCM CNRC",Existing Codebook
com.google.android.aicore,Productivity & Business,TOOLS,"University of South Carolina Arnold School of Public Health Arnold Healthy Kids Initiative (Bridget Armstrong, PhD, Josh Culverhouse, PhD, et al.), BCM CNRC",Existing Codebook
com.google.android.apps.accessibility.voiceaccess,Productivity & Business,TOOLS,"University of South Carolina Arnold School of Public Health Arnold Healthy Kids Initiative (Bridget Armstrong, PhD, Josh Culverhouse, PhD, et al.), BCM CNRC",Existing Codebook
com.google.android.apps.adm,Productivity & Business,TOOLS,"University of South Carolina Arnold School of Public Health Arnold Healthy Kids Initiative (Bridget Armstrong, PhD, Josh Culverhouse, PhD, et al.), BCM CNRC",Existing Codebook
com.google.android.apps.adwords,Productivity & Business,BUSINESS,"University of South Carolina Arnold School of Public Health Arnold Healthy Kids Initiative (Bridget Armstrong, PhD, Josh Culverhouse, PhD, et al.)",Existing Codebook
com.google.android.apps.assistant,Productivity & Business,TOOLS,"University of South Carolina Arnold School of Public Health Arnold Healthy Kids Initiative (Bridget Armstrong, PhD, Josh Culverhouse, PhD, et al.), BCM CNRC",Existing Codebook
com.google.android.apps.bard,Productivity & Business,PRODUCTIVITY,"University of South Carolina Arnold School of Public Health Arnold Healthy Kids Initiative (Bridget Armstrong, PhD, Josh Culverhouse, PhD, et al.), BCM CNRC",Existing Codebook
com.google.android.apps.baselinestudy,Health,MEDICAL,"University of South Carolina Arnold School of Public Health Arnold Healthy Kids Initiative (Bridget Armstrong, PhD, Josh Culverhouse, PhD, et al.)",Existing Codebook
com.google.android.apps.books,Entertainment,BOOKS_AND_REFERENCE,"University of South Carolina Arnold School of Public Health Arnold Healthy Kids Initiative (Bridget Armstrong, PhD, Josh Culverhouse, PhD, et al.), BCM CNRC",Existing Codebook
com.google.android.apps.camera.services,Photography,PHOTOGRAPHY,"University of South Carolina Arnold School of Public Health Arnold Healthy Kids Initiative (Bridget Armstrong, PhD, Josh Culverhouse, PhD, et al.), BCM CNRC",Existing Codebook
com.google.android.apps.chromecast.app,Lifestyle,LIFESTYLE,"University of South Carolina Arnold School of Public Health Arnold Healthy Kids Initiative (Bridget Armstrong, PhD, Josh Culverhouse, PhD, et al.), BCM CNRC",Existing Codebook
com.google.android.apps.classroom,Education,EDUCATION,"University of South Carolina Arnold School of Public Health Arnold Healthy Kids Initiative (Bridget Armstrong, PhD, Josh Culverhouse, PhD, et al.)",Existing Codebook
com.google.android.apps.docs,Productivity & Business,PRODUCTIVITY,"University of South Carolina Arnold School of Public Health Arnold Healthy Kids Initiative (Bridget Armstrong, PhD, Josh Culverhouse, PhD, et al.), BCM CNRC",Existing Codebook
com.google.android.apps.docs.editors.docs,Productivity & Business,PRODUCTIVITY,"University of South Carolina Arnold School of Public Health Arnold Healthy Kids Initiative (Bridget Armstrong, PhD, Josh Culverhouse, PhD, et al.), BCM CNRC",Existing Codebook
com.google.android.apps.docs.editors.sheets,Productivity & Business,PRODUCTIVITY,"University of South Carolina Arnold School of Public Health Arnold Healthy Kids Initiative (Bridget Armstrong, PhD, Josh Culverhouse, PhD, et al.), BCM CNRC",Existing Codebook
com.google.android.apps.docs.editors.slides,Productivity & Business,PRODUCTIVITY,"University of South Carolina Arnold School of Public Health Arnold Healthy Kids Initiative (Bridget Armstrong, PhD, Josh Culverhouse, PhD, et al.), BCM CNRC",Existing Codebook
com.google.android.apps.dynamite,Productivity & Business,BUSINESS,"University of South Carolina Arnold School of Public Health Arnold Healthy Kids Initiative (Bridget Armstrong, PhD, Josh Culverhouse, PhD, et al.), BCM CNRC",Existing Codebook
com.google.android.apps.fitness,Health,HEALTH_AND_FITNESS,"University of South Carolina Arnold School of Public Health Arnold Healthy Kids Initiative (Bridget Armstrong, PhD, Josh Culverhouse, PhD, et al.)",Existing Codebook
com.google.android.apps.googleassistant,Productivity & Business,PRODUCTIVITY,"University of South Carolina Arnold School of Public Health Arnold Healthy Kids Initiative (Bridget Armstrong, PhD, Josh Culverhouse, PhD, et al.), BCM CNRC",Existing Codebook
com.google.android.apps.googlevoice,Social & Communication,COMMUNICATION,"University of South Carolina Arnold School of Public Health Arnold Healthy Kids Initiative (Bridget Armstrong, PhD, Josh Culverhouse, PhD, et al.), BCM CNRC",Existing Codebook
com.google.android.apps.healthdata,Health,HEALTH_AND_FITNESS,"University of South Carolina Arnold School of Public Health Arnold Healthy Kids Initiative (Bridget Armstrong, PhD, Josh Culverhouse, PhD, et al.), BCM CNRC",Existing Codebook
com.google.android.apps.helprtc,Productivity & Business,TOOLS,"University of South Carolina Arnold School of Public Health Arnold Healthy Kids Initiative (Bridget Armstrong, PhD, Josh Culverhouse, PhD, et al.), BCM CNRC",Existing Codebook
com.google.android.apps.kids.familylink,Productivity & Business,TOOLS,"University of South Carolina Arnold School of Public Health Arnold Healthy Kids Initiative (Bridget Armstrong, PhD, Josh Culverhouse, PhD, et al.), BCM CNRC",Existing Codebook
com.google.android.apps.kids.familylinkhelper,Productivity & Business,TOOLS,"University of South Carolina Arnold School of Public Health Arnold Healthy Kids Initiative (Bridget Armstrong, PhD, Josh Culverhouse, PhD, et al.), BCM CNRC",Existing Codebook
com.google.android.apps.kids.familylinkmanager,Productivity & Business,TOOLS,"University of South Carolina Arnold School of Public Health Arnold Healthy Kids Initiative (Bridget Armstrong, PhD, Josh Culverhouse, PhD, et al.)",Existing Codebook
com.google.android.apps.magazines,Lifestyle,NEWS_AND_MAGAZINES,"University of South Carolina Arnold School of Public Health Arnold Healthy Kids Initiative (Bridget Armstrong, PhD, Josh Culverhouse, PhD, et al.), BCM CNRC",Existing Codebook
com.google.android.apps.maps,Travel & Local,TRAVEL_AND_LOCAL,"University of South Carolina Arnold School of Public Health Arnold Healthy Kids Initiative (Bridget Armstrong, PhD, Josh Culverhouse, PhD, et al.), BCM CNRC",Existing Codebook
com.google.android.apps.mapslite,Travel & Local,TRAVEL_AND_LOCAL,"University of South Carolina Arnold School of Public Health Arnold Healthy Kids Initiative (Bridget Armstrong, PhD, Josh Culverhouse, PhD, et al.), BCM CNRC",Existing Codebook
com.google.android.apps.messaging,Social & Communication,COMMUNICATION,"University of South Carolina Arnold School of Public Health Arnold Healthy Kids Initiative (Bridget Armstrong, PhD, Josh Culverhouse, PhD, et al.), BCM CNRC",Existing Codebook
com.google.android.apps.navlite,Travel & Local,TRAVEL_AND_LOCAL,"University of South Carolina Arnold School of Public Health Arnold Healthy Kids Initiative (Bridget Armstrong, PhD, Josh Culverhouse, PhD, et al.), BCM CNRC",Existing Codebook
com.google.android.apps.nbu.files,Productivity & Business,TOOLS,"University of South Carolina Arnold School of Public Health Arnold Healthy Kids Initiative (Bridget Armstrong, PhD, Josh Culverhouse, PhD, et al.), BCM CNRC",Existing Codebook
com.google.android.apps.nbu.paisa.user,Productivity & Business,FINANCE,"University of South Carolina Arnold School of Public Health Arnold Healthy Kids Initiative (Bridget Armstrong, PhD, Josh Culverhouse, PhD, et al.), BCM CNRC",Existing Codebook
com.google.android.apps.paidtasks,Productivity & Business,TOOLS,"University of South Carolina Arnold School of Public Health Arnold Healthy Kids Initiative (Bridget Armstrong, PhD, Josh Culverhouse, PhD, et al.), BCM CNRC",Existing Codebook
com.google.android.apps.photos,Photography,PHOTOGRAPHY,"University of South Carolina Arnold School of Public Health Arnold Healthy Kids Initiative (Bridget Armstrong, PhD, Josh Culverhouse, PhD, et al.), BCM CNRC",Existing Codebook
com.google.android.apps.photos.scanner,Photography,PHOTOGRAPHY,"University of South Carolina Arnold School of Public Health Arnold Healthy Kids Initiative (Bridget Armstrong, PhD, Josh Culverhouse, PhD, et al.)",Existing Codebook
com.google.android.apps.photosgo,Photography,PHOTOGRAPHY,"University of South Carolina Arnold School of Public Health Arnold Healthy Kids Initiative (Bridget Armstrong, PhD, Josh Culverhouse, PhD, et al.), BCM CNRC",Existing Codebook
com.google.android.apps.recorder,Productivity & Business,TOOLS,"University of South Carolina Arnold School of Public Health Arnold Healthy Kids Initiative (Bridget Armstrong, PhD, Josh Culverhouse, PhD, et al.), BCM CNRC",Existing Codebook
com.google.android.apps.restore,Productivity & Business,TOOLS,"University of South Carolina Arnold School of Public Health Arnold Healthy Kids Initiative (Bridget Armstrong, PhD, Josh Culverhouse, PhD, et al.), BCM CNRC",Existing Codebook
com.google.android.apps.safetyhub,Productivity & Business,TOOLS,"University of South Carolina Arnold School of Public Health Arnold Healthy Kids Initiative (Bridget Armstrong, PhD, Josh Culverhouse, PhD, et al.), BCM CNRC",Existing Codebook
com.google.android.apps.searchlite,Productivity & Business,TOOLS,"University of South Carolina Arnold School of Public Health Arnold Healthy Kids Initiative (Bridget Armstrong, PhD, Josh Culverhouse, PhD, et al.), BCM CNRC",Existing Codebook
com.google.android.apps.subscriptions.red,Productivity & Business,PRODUCTIVITY,"University of South Carolina Arnold School of Public Health Arnold Healthy Kids Initiative (Bridget Armstrong, PhD, Josh Culverhouse, PhD, et al.), BCM CNRC",Existing Codebook
com.google.android.apps.tachyon,Social & Communication,COMMUNICATION,"University of South Carolina Arnold School of Public Health Arnold Healthy Kids Initiative (Bridget Armstrong, PhD, Josh Culverhouse, PhD, et al.), BCM CNRC",Existing Codebook
com.google.android.apps.tasks,Productivity & Business,PRODUCTIVITY,"University of South Carolina Arnold School of Public Health Arnold Healthy Kids Initiative (Bridget Armstrong, PhD, Josh Culverhouse, PhD, et al.)",Existing Codebook
com.google.android.apps.translate,Productivity & Business,TOOLS,"University of South Carolina Arnold School of Public Health Arnold Healthy Kids Initiative (Bridget Armstrong, PhD, Josh Culverhouse, PhD, et al.), BCM CNRC",Existing Codebook
com.google.android.apps.tycho,Productivity & Business,TOOLS,"University of South Carolina Arnold School of Public Health Arnold Healthy Kids Initiative (Bridget Armstrong, PhD, Josh Culverhouse, PhD, et al.)",Existing Codebook
com.google.android.apps.walletnfcrel,Productivity & Business,FINANCE,"University of South Carolina Arnold School of Public Health Arnold Healthy Kids Initiative (Bridget Armstrong, PhD, Josh Culverhouse, PhD, et al.), BCM CNRC",Existing Codebook
com.google.android.apps.wallpaper,Productivity & Business,PERSONALIZATION,"University of South Carolina Arnold School of Public Health Arnold Healthy Kids Initiative (Bridget Armstrong, PhD, Josh Culverhouse, PhD, et al.), BCM CNRC",Existing Codebook
com.google.android.apps.wear.companion,Social & Communication,COMMUNICATION,"University of South Carolina Arnold School of Public Health Arnold Healthy Kids Initiative (Bridget Armstrong, PhD, Josh Culverhouse, PhD, et al.)",Existing Codebook
com.google.android.apps.wearables.maestro.companion,Entertainment,MUSIC_AND_AUDIO,"University of South Carolina Arnold School of Public Health Arnold Healthy Kids Initiative (Bridget Armstrong, PhD, Josh Culverhouse, PhD, et al.), BCM CNRC",Existing Codebook
com.google.android.apps.weather,Travel & Local,WEATHER,"University of South Carolina Arnold School of Public Health Arnold Healthy Kids Initiative (Bridget Armstrong, PhD, Josh Culverhouse, PhD, et al.), BCM CNRC",Existing Codebook
com.google.android.apps.wellbeing,Productivity & Business,TOOLS,"University of South Carolina Arnold School of Public Health Arnold Healthy Kids Initiative (Bridget Armstrong, PhD, Josh Culverhouse, PhD, et al.), BCM CNRC",Existing Codebook
com.google.android.apps.wifisetup.app,Lifestyle,LIFESTYLE,"University of South Carolina Arnold School of Public Health Arnold Healthy Kids Initiative (Bridget Armstrong, PhD, Josh Culverhouse, PhD, et al.)",Existing Codebook
com.google.android.apps.work.clouddpc,Productivity & Business,TOOLS,"University of South Carolina Arnold School of Public Health Arnold Healthy Kids Initiative (Bridget Armstrong, PhD, Josh Culverhouse, PhD, et al.), BCM CNRC",Existing Codebook
com.google.android.apps.youtube.creator,Video Players (e.g. YouTube),VIDEO_PLAYERS,"University of South Carolina Arnold School of Public Health Arnold Healthy Kids Initiative (Bridget Armstrong, PhD, Josh Culverhouse, PhD, et al.)",Existing Codebook
com.google.android.apps.youtube.kids,Video Players (e.g. YouTube),VIDEO_PLAYERS,"University of South Carolina Arnold School of Public Health Arnold Healthy Kids Initiative (Bridget Armstrong, PhD, Josh Culverhouse, PhD, et al.), BCM CNRC",Existing Codebook
com.google.android.apps.youtube.music,Entertainment,MUSIC_AND_AUDIO,"University of South Carolina Arnold School of Public Health Arnold Healthy Kids Initiative (Bridget Armstrong, PhD, Josh Culverhouse, PhD, et al.), BCM CNRC",Existing Codebook
com.google.android.apps.youtube.unplugged,Entertainment,ENTERTAINMENT,"University of South Carolina Arnold School of Public Health Arnold Healthy Kids Initiative (Bridget Armstrong, PhD, Josh Culverhouse, PhD, et al.)",Existing Codebook
com.google.android.as,Productivity & Business,TOOLS,"University of South Carolina Arnold School of Public Health Arnold Healthy Kids Initiative (Bridget Armstrong, PhD, Josh Culverhouse, PhD, et al.), BCM CNRC",Existing Codebook
com.google.android.as.oss,Productivity & Business,TOOLS,"University of South Carolina Arnold School of Public Health Arnold Healthy Kids Initiative (Bridget Armstrong, PhD, Josh Culverhouse, PhD, et al.), BCM CNRC",Existing Codebook
com.google.android.calculator,Productivity & Business,TOOLS,"University of South Carolina Arnold School of Public Health Arnold Healthy Kids Initiative (Bridget Armstrong, PhD, Josh Culverhouse, PhD, et al.), BCM CNRC",Existing Codebook
com.google.android.calendar,Productivity & Business,PRODUCTIVITY,"University of South Carolina Arnold School of Public Health Arnold Healthy Kids Initiative (Bridget Armstrong, PhD, Josh Culverhouse, PhD, et al.), BCM CNRC",Existing Codebook
com.google.android.contactkeys,Productivity & Business,TOOLS,"University of South Carolina Arnold School of Public Health Arnold Healthy Kids Initiative (Bridget Armstrong, PhD, Josh Culverhouse, PhD, et al.), BCM CNRC",Existing Codebook
com.google.android.contacts,Social & Communication,COMMUNICATION,"University of South Carolina Arnold School of Public Health Arnold Healthy Kids Initiative (Bridget Armstrong, PhD, Josh Culverhouse, PhD, et al.), BCM CNRC",Existing Codebook
com.google.android.deskclock,Productivity & Business,TOOLS,"University of South Carolina Arnold School of Public Health Arnold Healthy Kids Initiative (Bridget Armstrong, PhD, Josh Culverhouse, PhD, et al.), BCM CNRC",Existing Codebook
com.google.android.dialer,Productivity & Business,TOOLS,"University of South Carolina Arnold School of Public Health Arnold Healthy Kids Initiative (Bridget Armstrong, PhD, Josh Culverhouse, PhD, et al.), BCM CNRC",Existing Codebook
com.google.android.euicc,Productivity & Business,TOOLS,"University of South Carolina Arnold School of Public Health Arnold Healthy Kids Initiative (Bridget Armstrong, PhD, Josh Culverhouse, PhD, et al.), BCM CNRC",Existing Codebook
com.google.android.gm,Social & Communication,COMMUNICATION,"University of South Carolina Arnold School of Public Health Arnold Healthy Kids Initiative (Bridget Armstrong, PhD, Josh Culverhouse, PhD, et al.), BCM CNRC",Existing Codebook
com.google.android.gm.lite,Social & Communication,COMMUNICATION,"University of South Carolina Arnold School of Public Health Arnold Healthy Kids Initiative (Bridget Armstrong, PhD, Josh Culverhouse, PhD, et al.), BCM CNRC",Existing Codebook
com.google.android.gms,Productivity & Business,TOOLS,"University of South Carolina Arnold School of Public Health Arnold Healthy Kids Initiative (Bridget Armstrong, PhD, Josh Culverhouse, PhD, et al.), BCM CNRC",Existing Codebook
com.google.android.googlequicksearchbox,Productivity & Business,TOOLS,"University of South Carolina Arnold School of Public Health Arnold Healthy Kids Initiative (Bridget Armstrong, PhD, Josh Culverhouse, PhD, et al.), BCM CNRC",Existing Codebook
com.google.android.ims,Social & Communication,COMMUNICATION,"University of South Carolina Arnold School of Public Health Arnold Healthy Kids Initiative (Bridget Armstrong, PhD, Josh Culverhouse, PhD, et al.), BCM CNRC",Existing Codebook
com.google.android.inputmethod.latin,Productivity & Business,TOOLS,"University of South Carolina Arnold School of Public Health Arnold Healthy Kids Initiative (Bridget Armstrong, PhD, Josh Culverhouse, PhD, et al.), BCM CNRC",Existing Codebook
com.google.android.keep,Productivity & Business,PRODUCTIVITY,"University of South Carolina Arnold School of Public Health Arnold Healthy Kids Initiative (Bridget Armstrong, PhD, Josh Culverhouse, PhD, et al.), BCM CNRC",Existing Codebook
com.google.android.marvin.talkback,Productivity & Business,TOOLS,"University of South Carolina Arnold School of Public Health Arnold Healthy Kids Initiative (Bridget Armstrong, PhD, Josh Culverhouse, PhD, et al.), BCM CNRC",Existing Codebook
com.google.android.music,Entertainment,MUSIC_AND_AUDIO,"University of South Carolina Arnold School of Public Health Arnold Healthy Kids Initiative (Bridget Armstrong, PhD, Josh Culverhouse, PhD, et al.), BCM CNRC",Existing Codebook
com.google.android.play.games,Entertainment,ENTERTAINMENT,"University of South Carolina Arnold School of Public Health Arnold Healthy Kids Initiative (Bridget Armstrong, PhD, Josh Culverhouse, PhD, et al.), BCM CNRC",Existing Codebook
com.google.android.projection.gearhead,Productivity & Business,AUTO_AND_VEHICLES,"University of South Carolina Arnold School of Public Health Arnold Healthy Kids Initiative (Bridget Armstrong, PhD, Josh Culverhouse, PhD, et al.), BCM CNRC",Existing Codebook
com.google.android.safetycore,Productivity & Business,TOOLS,"University of South Carolina Arnold School of Public Health Arnold Healthy Kids Initiative (Bridget Armstrong, PhD, Josh Culverhouse, PhD, et al.), BCM CNRC",Existing Codebook
com.google.android.tts,Productivity & Business,TOOLS,"University of South Carolina Arnold School of Public Health Arnold Healthy Kids Initiative (Bridget Armstrong, PhD, Josh Culverhouse, PhD, et al.), BCM CNRC",Existing Codebook
com.google.android.videos,Video Players (e.g. YouTube),VIDEO_PLAYERS,"University of South Carolina Arnold School of Public Health Arnold Healthy Kids Initiative (Bridget Armstrong, PhD, Josh Culverhouse, PhD, et al.), BCM CNRC",Existing Codebook
com.google.android.webview,Productivity & Business,TOOLS,"University of South Carolina Arnold School of Public Health Arnold Healthy Kids Initiative (Bridget Armstrong, PhD, Josh Culverhouse, PhD, et al.), BCM CNRC",Existing Codebook
com.google.android.youtube,Video Players (e.g. YouTube),VIDEO_PLAYERS,"University of South Carolina Arnold School of Public Health Arnold Healthy Kids Initiative (Bridget Armstrong, PhD, Josh Culverhouse, PhD, et al.), BCM CNRC",Existing Codebook
com.google.ar.core,Productivity & Business,TOOLS,"University of South Carolina Arnold School of Public Health Arnold Healthy Kids Initiative (Bridget Armstrong, PhD, Josh Culverhouse, PhD, et al.), BCM CNRC",Existing Codebook
com.google.ar.lens,Productivity & Business,TOOLS,"University of South Carolina Arnold School of Public Health Arnold Healthy Kids Initiative (Bridget Armstrong, PhD, Josh Culverhouse, PhD, et al.), BCM CNRC",Existing Codebook
com.google.audio.hearing.visualization.accessibility.scribe,Social & Communication,COMMUNICATION,"University of South Carolina Arnold School of Public Health Arnold Healthy Kids Initiative (Bridget Armstrong, PhD, Josh Culverhouse, PhD, et al.), BCM CNRC",Existing Codebook
com.google.earth,Travel & Local,TRAVEL_AND_LOCAL,"University of South Carolina Arnold School of Public Health Arnold Healthy Kids Initiative (Bridget Armstrong, PhD, Josh Culverhouse, PhD, et al.)",Existing Codebook
com.grantwsingleton.pangobookslive,Lifestyle,SHOPPING,"University of South Carolina Arnold School of Public Health Arnold Healthy Kids Initiative (Bridget Armstrong, PhD, Josh Culverhouse, PhD, et al.)",Existing Codebook
com.grapedata.userapp,Lifestyle,LIFESTYLE,"University of South Carolina Arnold School of Public Health Arnold Healthy Kids Initiative (Bridget Armstrong, PhD, Josh Culverhouse, PhD, et al.)",Existing Codebook
com.greatwolf.app,Entertainment,ENTERTAINMENT,"University of South Carolina Arnold School of Public Health Arnold Healthy Kids Initiative (Bridget Armstrong, PhD, Josh Culverhouse, PhD, et al.)",Existing Codebook
com.greendot.walmart.prepaid,Productivity & Business,FINANCE,"University of South Carolina Arnold School of Public Health Arnold Healthy Kids Initiative (Bridget Armstrong, PhD, Josh Culverhouse, PhD, et al.)",Existing Codebook
com.greentech.quran,Entertainment,BOOKS_AND_REFERENCE,"University of South Carolina Arnold School of Public Health Arnold Healthy Kids Initiative (Bridget Armstrong, PhD, Josh Culverhouse, PhD, et al.)",Existing Codebook
com.grofers.customerapp,Lifestyle,FOOD_AND_DRINK,"University of South Carolina Arnold School of Public Health Arnold Healthy Kids Initiative (Bridget Armstrong, PhD, Josh Culverhouse, PhD, et al.)",Existing Codebook
com.groupme.android,Social & Communication,COMMUNICATION,"University of South Carolina Arnold School of Public Health Arnold Healthy Kids Initiative (Bridget Armstrong, PhD, Josh Culverhouse, PhD, et al.), BCM CNRC",Existing Codebook
com.groupon,Lifestyle,SHOPPING,"University of South Carolina Arnold School of Public Health Arnold Healthy Kids Initiative (Bridget Armstrong, PhD, Josh Culverhouse, PhD, et al.), BCM CNRC",Existing Codebook
com.grubhub.android,Lifestyle,FOOD_AND_DRINK,"University of South Carolina Arnold School of Public Health Arnold Healthy Kids Initiative (Bridget Armstrong, PhD, Josh Culverhouse, PhD, et al.), BCM CNRC",Existing Codebook
com.gsn.android.tripeaks,Games,GAME_CARD,"University of South Carolina Arnold School of Public Health Arnold Healthy Kids Initiative (Bridget Armstrong, PhD, Josh Culverhouse, PhD, et al.)",Existing Codebook
com.gss.android.Childrenspgh,Health,HEALTH_AND_FITNESS,"University of South Carolina Arnold School of Public Health Arnold Healthy Kids Initiative (Bridget Armstrong, PhD, Josh Culverhouse, PhD, et al.)",Existing Codebook
com.gtsy.crazy.policegame.slapandsmash.officegame,Games,GAME_ACTION,"University of South Carolina Arnold School of Public Health Arnold Healthy Kids Initiative (Bridget Armstrong, PhD, Josh Culverhouse, PhD, et al.)",Existing Codebook
com.haagendazs.passconnect,Lifestyle,FOOD_AND_DRINK,"University of South Carolina Arnold School of Public Health Arnold Healthy Kids Initiative (Bridget Armstrong, PhD, Josh Culverhouse, PhD, et al.)",Existing Codebook
com.halfbrick.fruitninjax,Games,GAME_ACTION,"University of South Carolina Arnold School of Public Health Arnold Healthy Kids Initiative (Bridget Armstrong, PhD, Josh Culverhouse, PhD, et al.)",Existing Codebook
com.hatchbaby.rest,Lifestyle,LIFESTYLE,"University of South Carolina Arnold School of Public Health Arnold Healthy Kids Initiative (Bridget Armstrong, PhD, Josh Culverhouse, PhD, et al.)",Existing Codebook
com.hb.Slow.Mo.Hero.Running.Game,Games,GAME_CASUAL,"University of South Carolina Arnold School of Public Health Arnold Healthy Kids Initiative (Bridget Armstrong, PhD, Josh Culverhouse, PhD, et al.)",Existing Codebook
com.headway.books,Education,EDUCATION,"University of South Carolina Arnold School of Public Health Arnold Healthy Kids Initiative (Bridget Armstrong, PhD, Josh Culverhouse, PhD, et al.)",Existing Codebook
com.healthypaws.android,Lifestyle,LIFESTYLE,"University of South Carolina Arnold School of Public Health Arnold Healthy Kids Initiative (Bridget Armstrong, PhD, Josh Culverhouse, PhD, et al.)",Existing Codebook
com.help.me.please,Games,GAME_CASUAL,"University of South Carolina Arnold School of Public Health Arnold Healthy Kids Initiative (Bridget Armstrong, PhD, Josh Culverhouse, PhD, et al.)",Existing Codebook
com.hevy,Health,HEALTH_AND_FITNESS,"University of South Carolina Arnold School of Public Health Arnold Healthy Kids Initiative (Bridget Armstrong, PhD, Josh Culverhouse, PhD, et al.)",Existing Codebook
com.heytap.browser,Productivity & Business,TOOLS,"University of South Carolina Arnold School of Public Health Arnold Healthy Kids Initiative (Bridget Armstrong, PhD, Josh Culverhouse, PhD, et al.)",Existing Codebook
com.heytap.mcs,Productivity & Business,TOOLS,"University of South Carolina Arnold School of Public Health Arnold Healthy Kids Initiative (Bridget Armstrong, PhD, Josh Culverhouse, PhD, et al.)",Existing Codebook
com.heytap.pictorial,Productivity & Business,TOOLS,"University of South Carolina Arnold School of Public Health Arnold Healthy Kids Initiative (Bridget Armstrong, PhD, Josh Culverhouse, PhD, et al.)",Existing Codebook
com.heytap.themestore,Productivity & Business,PERSONALIZATION,"University of South Carolina Arnold School of Public Health Arnold Healthy Kids Initiative (Bridget Armstrong, PhD, Josh Culverhouse, PhD, et al.)",Existing Codebook
com.hi5.app,Social & Communication,SOCIAL,"University of South Carolina Arnold School of Public Health Arnold Healthy Kids Initiative (Bridget Armstrong, PhD, Josh Culverhouse, PhD, et al.)",Existing Codebook
com.hippo.kindergartenquest,Games,GAME_EDUCATIONAL,"University of South Carolina Arnold School of Public Health Arnold Healthy Kids Initiative (Bridget Armstrong, PhD, Josh Culverhouse, PhD, et al.)",Existing Codebook
com.hitapps.figgerits,Games,GAME_WORD,"University of South Carolina Arnold School of Public Health Arnold Healthy Kids Initiative (Bridget Armstrong, PhD, Josh Culverhouse, PhD, et al.), BCM CNRC",Existing Codebook
com.hollar.android,Lifestyle,SHOPPING,"University of South Carolina Arnold School of Public Health Arnold Healthy Kids Initiative (Bridget Armstrong, PhD, Josh Culverhouse, PhD, et al.)",Existing Codebook
com.hoopladigital.android,Entertainment,BOOKS_AND_REFERENCE,"University of South Carolina Arnold School of Public Health Arnold Healthy Kids Initiative (Bridget Armstrong, PhD, Josh Culverhouse, PhD, et al.), BCM CNRC",Existing Codebook
com.hopper.mountainview.play,Travel & Local,TRAVEL_AND_LOCAL,"University of South Carolina Arnold School of Public Health Arnold Healthy Kids Initiative (Bridget Armstrong, PhD, Josh Culverhouse, PhD, et al.)",Existing Codebook
com.horror.sprunky.beats,Games,GAME_CASUAL,"University of South Carolina Arnold School of Public Health Arnold Healthy Kids Initiative (Bridget Armstrong, PhD, Josh Culverhouse, PhD, et al.)",Existing Codebook
com.hp.android.printservice,Productivity & Business,PRODUCTIVITY,"University of South Carolina Arnold School of Public Health Arnold Healthy Kids Initiative (Bridget Armstrong, PhD, Josh Culverhouse, PhD, et al.), BCM CNRC",Existing Codebook
com.hp.printercontrol,Productivity & Business,PRODUCTIVITY,"University of South Carolina Arnold School of Public Health Arnold Healthy Kids Initiative (Bridget Armstrong, PhD, Josh Culverhouse, PhD, et al.), BCM CNRC",Existing Codebook
com.hsn.android,Lifestyle,SHOPPING,"University of South Carolina Arnold School of Public Health Arnold Healthy Kids Initiative (Bridget Armstrong, PhD, Josh Culverhouse, PhD, et al.)",Existing Codebook
com.htec.gardenize,Lifestyle,HOUSE_AND_HOME,"University of South Carolina Arnold School of Public Health Arnold Healthy Kids Initiative (Bridget Armstrong, PhD, Josh Culverhouse, PhD, et al.)",Existing Codebook
com.hualai,Lifestyle,LIFESTYLE,"University of South Carolina Arnold School of Public Health Arnold Healthy Kids Initiative (Bridget Armstrong, PhD, Josh Culverhouse, PhD, et al.), BCM CNRC",Existing Codebook
com.huckleberry_labs.app,Lifestyle,PARENTING,"University of South Carolina Arnold School of Public Health Arnold Healthy Kids Initiative (Bridget Armstrong, PhD, Josh Culverhouse, PhD, et al.)",Existing Codebook
com.hulu.plus,Entertainment,ENTERTAINMENT,"University of South Carolina Arnold School of Public Health Arnold Healthy Kids Initiative (Bridget Armstrong, PhD, Josh Culverhouse, PhD, et al.), BCM CNRC",Existing Codebook
com.iabuzz.minigames.dino,Games,GAME_ROLE_PLAYING,"University of South Carolina Arnold School of Public Health Arnold Healthy Kids Initiative (Bridget Armstrong, PhD, Josh Culverhouse, PhD, et al.)",Existing Codebook
com.ibotta.android,Lifestyle,SHOPPING,"University of South Carolina Arnold School of Public Health Arnold Healthy Kids Initiative (Bridget Armstrong, PhD, Josh Culverhouse, PhD, et al.), BCM CNRC",Existing Codebook
com.ig.spider.fighting,Games,GAME_ACTION,"University of South Carolina Arnold School of Public Health Arnold Healthy Kids Initiative (Bridget Armstrong, PhD, Josh Culverhouse, PhD, et al.)",Existing Codebook
com.imangi.templerun2,Games,GAME_ACTION,"University of South Carolina Arnold School of Public Health Arnold Healthy Kids Initiative (Bridget Armstrong, PhD, Josh Culverhouse, PhD, et al.)",Existing Codebook
com.immediasemi.android.blink,Productivity & Business,TOOLS,"University of South Carolina Arnold School of Public Health Arnold Healthy Kids Initiative (Bridget Armstrong, PhD, Josh Culverhouse, PhD, et al.)",Existing Codebook
com.impostor.shooter.cho.survival.train,Games,GAME_ADVENTURE,"University of South Carolina Arnold School of Public Health Arnold Healthy Kids Initiative (Bridget Armstrong, PhD, Josh Culverhouse, PhD, et al.)",Existing Codebook
com.inficare.membershipdemo,Education,EDUCATION,"University of South Carolina Arnold School of Public Health Arnold Healthy Kids Initiative (Bridget Armstrong, PhD, Josh Culverhouse, PhD, et al.)",Existing Codebook
com.influenster,Lifestyle,SHOPPING,"University of South Carolina Arnold School of Public Health Arnold Healthy Kids Initiative (Bridget Armstrong, PhD, Josh Culverhouse, PhD, et al.)",Existing Codebook
com.infonow.bofa,Productivity & Business,FINANCE,"University of South Carolina Arnold School of Public Health Arnold Healthy Kids Initiative (Bridget Armstrong, PhD, Josh Culverhouse, PhD, et al.), BCM CNRC",Existing Codebook
com.infoscout.receipthog,Lifestyle,SHOPPING,"University of South Carolina Arnold School of Public Health Arnold Healthy Kids Initiative (Bridget Armstrong, PhD, Josh Culverhouse, PhD, et al.)",Existing Codebook
com.ingka.ikea.app,Lifestyle,SHOPPING,"University of South Carolina Arnold School of Public Health Arnold Healthy Kids Initiative (Bridget Armstrong, PhD, Josh Culverhouse, PhD, et al.)",Existing Codebook
com.innersloth.spacemafia,Games,GAME_ACTION,"University of South Carolina Arnold School of Public Health Arnold Healthy Kids Initiative (Bridget Armstrong, PhD, Josh Culverhouse, PhD, et al.), BCM CNRC",Existing Codebook
com.inspiredsquare.jupiter,Games,GAME_PUZZLE,"University of South Carolina Arnold School of Public Health Arnold Healthy Kids Initiative (Bridget Armstrong, PhD, Josh Culverhouse, PhD, et al.)",Existing Codebook
com.instacart.client,Lifestyle,FOOD_AND_DRINK,"University of South Carolina Arnold School of Public Health Arnold Healthy Kids Initiative (Bridget Armstrong, PhD, Josh Culverhouse, PhD, et al.)",Existing Codebook
com.instagram.android,Social & Communication,SOCIAL,"University of South Carolina Arnold School of Public Health Arnold Healthy Kids Initiative (Bridget Armstrong, PhD, Josh Culverhouse, PhD, et al.), BCM CNRC",Existing Codebook
com.instagram.barcelona,Social & Communication,SOCIAL,"University of South Carolina Arnold School of Public Health Arnold Healthy Kids Initiative (Bridget Armstrong, PhD, Josh Culverhouse, PhD, et al.), BCM CNRC",Existing Codebook
com.instructure.candroid,Education,EDUCATION,"University of South Carolina Arnold School of Public Health Arnold Healthy Kids Initiative (Bridget Armstrong, PhD, Josh Culverhouse, PhD, et al.), BCM CNRC",Existing Codebook
com.instructure.teacher,Education,EDUCATION,"University of South Carolina Arnold School of Public Health Arnold Healthy Kids Initiative (Bridget Armstrong, PhD, Josh Culverhouse, PhD, et al.)",Existing Codebook
com.intellijoy.kids.academy,Games,GAME_EDUCATIONAL,"University of South Carolina Arnold School of Public Health Arnold Healthy Kids Initiative (Bridget Armstrong, PhD, Josh Culverhouse, PhD, et al.)",Existing Codebook
com.intellijoy.kids.math,Games,GAME_EDUCATIONAL,"University of South Carolina Arnold School of Public Health Arnold Healthy Kids Initiative (Bridget Armstrong, PhD, Josh Culverhouse, PhD, et al.)",Existing Codebook
com.interfocusllc.patpat,Lifestyle,SHOPPING,"University of South Carolina Arnold School of Public Health Arnold Healthy Kids Initiative (Bridget Armstrong, PhD, Josh Culverhouse, PhD, et al.)",Existing Codebook
com.internetdesignzone.nurseryrhymes,Games,GAME_EDUCATIONAL,"University of South Carolina Arnold School of Public Health Arnold Healthy Kids Initiative (Bridget Armstrong, PhD, Josh Culverhouse, PhD, et al.)",Existing Codebook
com.intsig.camscanner,Productivity & Business,PRODUCTIVITY,"University of South Carolina Arnold School of Public Health Arnold Healthy Kids Initiative (Bridget Armstrong, PhD, Josh Culverhouse, PhD, et al.), BCM CNRC",Existing Codebook
com.ixl.ixlmath,Education,EDUCATION,"University of South Carolina Arnold School of Public Health Arnold Healthy Kids Initiative (Bridget Armstrong, PhD, Josh Culverhouse, PhD, et al.), BCM CNRC",Existing Codebook
com.iz.baby.games.kids.toddler.learning.shark.puzzle.game,Games,GAME_EDUCATIONAL,"University of South Carolina Arnold School of Public Health Arnold Healthy Kids Initiative (Bridget Armstrong, PhD, Josh Culverhouse, PhD, et al.)",Existing Codebook
com.izettle.android,Productivity & Business,BUSINESS,"University of South Carolina Arnold School of Public Health Arnold Healthy Kids Initiative (Bridget Armstrong, PhD, Josh Culverhouse, PhD, et al.)",Existing Codebook
com.jardogs.fmhmobile,Health,MEDICAL,"University of South Carolina Arnold School of Public Health Arnold Healthy Kids Initiative (Bridget Armstrong, PhD, Josh Culverhouse, PhD, et al.)",Existing Codebook
com.jctswbglsm.SwipeAway,Games,GAME_PUZZLE,"University of South Carolina Arnold School of Public Health Arnold Healthy Kids Initiative (Bridget Armstrong, PhD, Josh Culverhouse, PhD, et al.), BCM CNRC",Existing Codebook
com.jellybtn.boardkings,Games,GAME_BOARD,"University of South Carolina Arnold School of Public Health Arnold Healthy Kids Initiative (Bridget Armstrong, PhD, Josh Culverhouse, PhD, et al.)",Existing Codebook
com.jimmyjohns,Lifestyle,FOOD_AND_DRINK,"University of South Carolina Arnold School of Public Health Arnold Healthy Kids Initiative (Bridget Armstrong, PhD, Josh Culverhouse, PhD, et al.)",Existing Codebook
com.jiobit.app,Lifestyle,PARENTING,"University of South Carolina Arnold School of Public Health Arnold Healthy Kids Initiative (Bridget Armstrong, PhD, Josh Culverhouse, PhD, et al.)",Existing Codebook
com.joybits.choices,Games,GAME_CASUAL,"University of South Carolina Arnold School of Public Health Arnold Healthy Kids Initiative (Bridget Armstrong, PhD, Josh Culverhouse, PhD, et al.)",Existing Codebook
com.jpma.EBTShopper,Lifestyle,SHOPPING,"University of South Carolina Arnold School of Public Health Arnold Healthy Kids Initiative (Bridget Armstrong, PhD, Josh Culverhouse, PhD, et al.)",Existing Codebook
com.jrustonapps.myauroraforecast,Travel & Local,WEATHER,"University of South Carolina Arnold School of Public Health Arnold Healthy Kids Initiative (Bridget Armstrong, PhD, Josh Culverhouse, PhD, et al.)",Existing Codebook
com.jura.coloring.page,Games,GAME_SIMULATION,"University of South Carolina Arnold School of Public Health Arnold Healthy Kids Initiative (Bridget Armstrong, PhD, Josh Culverhouse, PhD, et al.), BCM CNRC",Existing Codebook
com.justecho.discoverdairy,Education,EDUCATION,"University of South Carolina Arnold School of Public Health Arnold Healthy Kids Initiative (Bridget Armstrong, PhD, Josh Culverhouse, PhD, et al.)",Existing Codebook
com.kajokangin.indosaham,Productivity & Business,FINANCE,"University of South Carolina Arnold School of Public Health Arnold Healthy Kids Initiative (Bridget Armstrong, PhD, Josh Culverhouse, PhD, et al.)",Existing Codebook
com.kevinbradford.games.secondgrade,Games,GAME_EDUCATIONAL,"University of South Carolina Arnold School of Public Health Arnold Healthy Kids Initiative (Bridget Armstrong, PhD, Josh Culverhouse, PhD, et al.)",Existing Codebook
com.key.android,Productivity & Business,FINANCE,"University of South Carolina Arnold School of Public Health Arnold Healthy Kids Initiative (Bridget Armstrong, PhD, Josh Culverhouse, PhD, et al.)",Existing Codebook
com.kidnection.app,Entertainment,ENTERTAINMENT,"University of South Carolina Arnold School of Public Health Arnold Healthy Kids Initiative (Bridget Armstrong, PhD, Josh Culverhouse, PhD, et al.)",Existing Codebook
com.kidsbowlfree.mobile,Entertainment,ENTERTAINMENT,"University of South Carolina Arnold School of Public Health Arnold Healthy Kids Initiative (Bridget Armstrong, PhD, Josh Culverhouse, PhD, et al.)",Existing Codebook
com.kidsfreegames.superhero.coloringpages,Games,GAME_CASUAL,"University of South Carolina Arnold School of Public Health Arnold Healthy Kids Initiative (Bridget Armstrong, PhD, Josh Culverhouse, PhD, et al.)",Existing Codebook
com.kigle.cocobi.animalhospital,Games,GAME_EDUCATIONAL,"University of South Carolina Arnold School of Public Health Arnold Healthy Kids Initiative (Bridget Armstrong, PhD, Josh Culverhouse, PhD, et al.)",Existing Codebook
com.kiloo.subwaysurf,Games,GAME_ARCADE,"University of South Carolina Arnold School of Public Health Arnold Healthy Kids Initiative (Bridget Armstrong, PhD, Josh Culverhouse, PhD, et al.), BCM CNRC",Existing Codebook
com.kindercare.classroom,Lifestyle,LIFESTYLE,"University of South Carolina Arnold School of Public Health Arnold Healthy Kids Initiative (Bridget Armstrong, PhD, Josh Culverhouse, PhD, et al.), BCM CNRC",Existing Codebook
com.king.candycrushsaga,Games,GAME_CASUAL,"University of South Carolina Arnold School of Public Health Arnold Healthy Kids Initiative (Bridget Armstrong, PhD, Josh Culverhouse, PhD, et al.), BCM CNRC",Existing Codebook
com.king.petrescuesaga,Games,GAME_CASUAL,"University of South Carolina Arnold School of Public Health Arnold Healthy Kids Initiative (Bridget Armstrong, PhD, Josh Culverhouse, PhD, et al.)",Existing Codebook
com.kinsa.polaris.app,Health,HEALTH_AND_FITNESS,"University of South Carolina Arnold School of Public Health Arnold Healthy Kids Initiative (Bridget Armstrong, PhD, Josh Culverhouse, PhD, et al.)",Existing Codebook
com.kiosoft.sudkick,Productivity & Business,TOOLS,"University of South Carolina Arnold School of Public Health Arnold Healthy Kids Initiative (Bridget Armstrong, PhD, Josh Culverhouse, PhD, et al.)",Existing Codebook
com.kiwifun.game.android.ball.sort,Games,GAME_PUZZLE,"University of South Carolina Arnold School of Public Health Arnold Healthy Kids Initiative (Bridget Armstrong, PhD, Josh Culverhouse, PhD, et al.)",Existing Codebook
com.kohls.mcommerce.opal,Lifestyle,SHOPPING,"University of South Carolina Arnold School of Public Health Arnold Healthy Kids Initiative (Bridget Armstrong, PhD, Josh Culverhouse, PhD, et al.)",Existing Codebook
com.konylabs.capitalone,Productivity & Business,FINANCE,"University of South Carolina Arnold School of Public Health Arnold Healthy Kids Initiative (Bridget Armstrong, PhD, Josh Culverhouse, PhD, et al.), BCM CNRC",Existing Codebook
com.krispykreme.HotLights,Lifestyle,FOOD_AND_DRINK,"University of South Carolina Arnold School of Public Health Arnold Healthy Kids Initiative (Bridget Armstrong, PhD, Josh Culverhouse, PhD, et al.)",Existing Codebook
com.kroger.mobile,Lifestyle,SHOPPING,"University of South Carolina Arnold School of Public Health Arnold Healthy Kids Initiative (Bridget Armstrong, PhD, Josh Culverhouse, PhD, et al.), BCM CNRC",Existing Codebook
com.labs.merlinbirdid.app,Entertainment,BOOKS_AND_REFERENCE,"University of South Carolina Arnold School of Public Health Arnold Healthy Kids Initiative (Bridget Armstrong, PhD, Josh Culverhouse, PhD, et al.)",Existing Codebook
com.lachu.greatfall,Games,GAME_PUZZLE,"University of South Carolina Arnold School of Public Health Arnold Healthy Kids Initiative (Bridget Armstrong, PhD, Josh Culverhouse, PhD, et al.)",Existing Codebook
com.lastpass.lpandroid,Productivity & Business,PRODUCTIVITY,"University of South Carolina Arnold School of Public Health Arnold Healthy Kids Initiative (Bridget Armstrong, PhD, Josh Culverhouse, PhD, et al.), BCM CNRC",Existing Codebook
com.leagueapps.mobile.client,Entertainment,SPORTS,"University of South Carolina Arnold School of Public Health Arnold Healthy Kids Initiative (Bridget Armstrong, PhD, Josh Culverhouse, PhD, et al.)",Existing Codebook
com.learninga_z.onyourown,Education,EDUCATION,"University of South Carolina Arnold School of Public Health Arnold Healthy Kids Initiative (Bridget Armstrong, PhD, Josh Culverhouse, PhD, et al.), BCM CNRC",Existing Codebook
com.learningcaregroup.sproutabout,Education,EDUCATION,"University of South Carolina Arnold School of Public Health Arnold Healthy Kids Initiative (Bridget Armstrong, PhD, Josh Culverhouse, PhD, et al.), BCM CNRC",Existing Codebook
com.learnyland.animals,Education,EDUCATION,"University of South Carolina Arnold School of Public Health Arnold Healthy Kids Initiative (Bridget Armstrong, PhD, Josh Culverhouse, PhD, et al.)",Existing Codebook
com.lego.legobuildinginstructions,Entertainment,ENTERTAINMENT,"University of South Carolina Arnold School of Public Health Arnold Healthy Kids Initiative (Bridget Armstrong, PhD, Josh Culverhouse, PhD, et al.)",Existing Codebook
com.lemon.lvoverseas,Video Players (e.g. YouTube),VIDEO_PLAYERS,"University of South Carolina Arnold School of Public Health Arnold Healthy Kids Initiative (Bridget Armstrong, PhD, Josh Culverhouse, PhD, et al.), BCM CNRC",Existing Codebook
com.lenovo.anyshare.gps,Productivity & Business,TOOLS,"University of South Carolina Arnold School of Public Health Arnold Healthy Kids Initiative (Bridget Armstrong, PhD, Josh Culverhouse, PhD, et al.)",Existing Codebook
com.lenskart.app,Lifestyle,SHOPPING,"University of South Carolina Arnold School of Public Health Arnold Healthy Kids Initiative (Bridget Armstrong, PhD, Josh Culverhouse, PhD, et al.)",Existing Codebook
com.lidl.android,Lifestyle,SHOPPING,"University of South Carolina Arnold School of Public Health Arnold Healthy Kids Initiative (Bridget Armstrong, PhD, Josh Culverhouse, PhD, et al.)",Existing Codebook
com.life360.android.safetymapd,Lifestyle,LIFESTYLE,"University of South Carolina Arnold School of Public Health Arnold Healthy Kids Initiative (Bridget Armstrong, PhD, Josh Culverhouse, PhD, et al.), BCM CNRC",Existing Codebook
com.lightcut.videoeditor,Video Players (e.g. YouTube),VIDEO_PLAYERS,"University of South Carolina Arnold School of Public Health Arnold Healthy Kids Initiative (Bridget Armstrong, PhD, Josh Culverhouse, PhD, et al.)",Existing Codebook
com.lightricks.photoleap,Productivity & Business,ART_AND_DESIGN,"University of South Carolina Arnold School of Public Health Arnold Healthy Kids Initiative (Bridget Armstrong, PhD, Josh Culverhouse, PhD, et al.)",Existing Codebook
com.lightricks.pixaloop,Photography,PHOTOGRAPHY,"University of South Carolina Arnold School of Public Health Arnold Healthy Kids Initiative (Bridget Armstrong, PhD, Josh Culverhouse, PhD, et al.)",Existing Codebook
com.lightricks.videoleap,Video Players (e.g. YouTube),VIDEO_PLAYERS,"University of South Carolina Arnold School of Public Health Arnold Healthy Kids Initiative (Bridget Armstrong, PhD, Josh Culverhouse, PhD, et al.)",Existing Codebook
com.limefresh.app,Lifestyle,FOOD_AND_DRINK,"University of South Carolina Arnold School of Public Health Arnold Healthy Kids Initiative (Bridget Armstrong, PhD, Josh Culverhouse, PhD, et al.)",Existing Codebook
com.linkedin.android,Productivity & Business,BUSINESS,"University of South Carolina Arnold School of Public Health Arnold Healthy Kids Initiative (Bridget Armstrong, PhD, Josh Culverhouse, PhD, et al.), BCM CNRC",Existing Codebook
com.littlecaesars,Lifestyle,FOOD_AND_DRINK,"University of South Carolina Arnold School of Public Health Arnold Healthy Kids Initiative (Bridget Armstrong, PhD, Josh Culverhouse, PhD, et al.), BCM CNRC",Existing Codebook
com.livenation.mobile.android.na,Entertainment,MUSIC_AND_AUDIO,"University of South Carolina Arnold School of Public Health Arnold Healthy Kids Initiative (Bridget Armstrong, PhD, Josh Culverhouse, PhD, et al.)",Existing Codebook
com.livingsocial.www,Lifestyle,SHOPPING,"University of South Carolina Arnold School of Public Health Arnold Healthy Kids Initiative (Bridget Armstrong, PhD, Josh Culverhouse, PhD, et al.)",Existing Codebook
com.localaiapp.scoops,Entertainment,ENTERTAINMENT,"University of South Carolina Arnold School of Public Health Arnold Healthy Kids Initiative (Bridget Armstrong, PhD, Josh Culverhouse, PhD, et al.)",Existing Codebook
com.logicappkids,Education,EDUCATION,"University of South Carolina Arnold School of Public Health Arnold Healthy Kids Initiative (Bridget Armstrong, PhD, Josh Culverhouse, PhD, et al.), BCM CNRC",Existing Codebook
com.lollitech.facejoy,Health,HEALTH_AND_FITNESS,"University of South Carolina Arnold School of Public Health Arnold Healthy Kids Initiative (Bridget Armstrong, PhD, Josh Culverhouse, PhD, et al.)",Existing Codebook
com.lookout,Productivity & Business,TOOLS,"University of South Carolina Arnold School of Public Health Arnold Healthy Kids Initiative (Bridget Armstrong, PhD, Josh Culverhouse, PhD, et al.)",Existing Codebook
com.lowes.android,Lifestyle,SHOPPING,"University of South Carolina Arnold School of Public Health Arnold Healthy Kids Initiative (Bridget Armstrong, PhD, Josh Culverhouse, PhD, et al.), BCM CNRC",Existing Codebook
com.ludia.tmnt,Games,GAME_ROLE_PLAYING,"University of South Carolina Arnold School of Public Health Arnold Healthy Kids Initiative (Bridget Armstrong, PhD, Josh Culverhouse, PhD, et al.), BCM CNRC",Existing Codebook
com.luwukmeliana.lexicard,Games,GAME_PUZZLE,"University of South Carolina Arnold School of Public Health Arnold Healthy Kids Initiative (Bridget Armstrong, PhD, Josh Culverhouse, PhD, et al.)",Existing Codebook
com.m.qr,Travel & Local,TRAVEL_AND_LOCAL,"University of South Carolina Arnold School of Public Health Arnold Healthy Kids Initiative (Bridget Armstrong, PhD, Josh Culverhouse, PhD, et al.)",Existing Codebook
com.macys.android,Lifestyle,SHOPPING,"University of South Carolina Arnold School of Public Health Arnold Healthy Kids Initiative (Bridget Armstrong, PhD, Josh Culverhouse, PhD, et al.)",Existing Codebook
com.magoosh.ielts.flashcards.vocabulary,Education,EDUCATION,"University of South Carolina Arnold School of Public Health Arnold Healthy Kids Initiative (Bridget Armstrong, PhD, Josh Culverhouse, PhD, et al.)",Existing Codebook
com.mapmyrun.android2,Health,HEALTH_AND_FITNESS,"University of South Carolina Arnold School of Public Health Arnold Healthy Kids Initiative (Bridget Armstrong, PhD, Josh Culverhouse, PhD, et al.)",Existing Codebook
com.mapswithme.maps.pro,Travel & Local,TRAVEL_AND_LOCAL,"University of South Carolina Arnold School of Public Health Arnold Healthy Kids Initiative (Bridget Armstrong, PhD, Josh Culverhouse, PhD, et al.)",Existing Codebook
com.marianatek.sweat440,Health,HEALTH_AND_FITNESS,"University of South Carolina Arnold School of Public Health Arnold Healthy Kids Initiative (Bridget Armstrong, PhD, Josh Culverhouse, PhD, et al.)",Existing Codebook
com.markedprivate.hwa,Productivity & Business,PRODUCTIVITY,"University of South Carolina Arnold School of Public Health Arnold Healthy Kids Initiative (Bridget Armstrong, PhD, Josh Culverhouse, PhD, et al.)",Existing Codebook
com.mattel163.phase10,Games,GAME_CARD,"University of South Carolina Arnold School of Public Health Arnold Healthy Kids Initiative (Bridget Armstrong, PhD, Josh Culverhouse, PhD, et al.)",Existing Codebook
com.maxgames.stickwarlegacy,Games,GAME_STRATEGY,"University of South Carolina Arnold School of Public Health Arnold Healthy Kids Initiative (Bridget Armstrong, PhD, Josh Culverhouse, PhD, et al.)",Existing Codebook
com.mcdonalds.app,Lifestyle,FOOD_AND_DRINK,"University of South Carolina Arnold School of Public Health Arnold Healthy Kids Initiative (Bridget Armstrong, PhD, Josh Culverhouse, PhD, et al.), BCM CNRC",Existing Codebook
com.mcom.firstcitizens,Productivity & Business,FINANCE,"University of South Carolina Arnold School of Public Health Arnold Healthy Kids Initiative (Bridget Armstrong, PhD, Josh Culverhouse, PhD, et al.)",Existing Codebook
com.mdiwebma.screenshot,Productivity & Business,TOOLS,"University of South Carolina Arnold School of Public Health Arnold Healthy Kids Initiative (Bridget Armstrong, PhD, Josh Culverhouse, PhD, et al.)",Existing Codebook
com.mdsol.aquila,Health,HEALTH_AND_FITNESS,"University of South Carolina Arnold School of Public Health Arnold Healthy Kids Initiative (Bridget Armstrong, PhD, Josh Culverhouse, PhD, et al.)",Existing Codebook
com.me2zen.tripeaks,Games,GAME_CARD,"University of South Carolina Arnold School of Public Health Arnold Healthy Kids Initiative (Bridget Armstrong, PhD, Josh Culverhouse, PhD, et al.)",Existing Codebook
com.mealime,Lifestyle,FOOD_AND_DRINK,"University of South Carolina Arnold School of Public Health Arnold Healthy Kids Initiative (Bridget Armstrong, PhD, Josh Culverhouse, PhD, et al.)",Existing Codebook
com.meamobile.photoprintsnow,Productivity & Business,PERSONALIZATION,"University of South Carolina Arnold School of Public Health Arnold Healthy Kids Initiative (Bridget Armstrong, PhD, Josh Culverhouse, PhD, et al.)",Existing Codebook
com.media.bestrecorder.audiorecorder,Entertainment,MUSIC_AND_AUDIO,"University of South Carolina Arnold School of Public Health Arnold Healthy Kids Initiative (Bridget Armstrong, PhD, Josh Culverhouse, PhD, et al.), BCM CNRC",Existing Codebook
com.meetalbert,Productivity & Business,FINANCE,"University of South Carolina Arnold School of Public Health Arnold Healthy Kids Initiative (Bridget Armstrong, PhD, Josh Culverhouse, PhD, et al.)",Existing Codebook
com.mercariapp.mercari,Lifestyle,SHOPPING,"University of South Carolina Arnold School of Public Health Arnold Healthy Kids Initiative (Bridget Armstrong, PhD, Josh Culverhouse, PhD, et al.)",Existing Codebook
com.messages.hide.sms,Social & Communication,COMMUNICATION,"University of South Carolina Arnold School of Public Health Arnold Healthy Kids Initiative (Bridget Armstrong, PhD, Josh Culverhouse, PhD, et al.)",Existing Codebook
com.metricwire.android3,Health,MEDICAL,"University of South Carolina Arnold School of Public Health Arnold Healthy Kids Initiative (Bridget Armstrong, PhD, Josh Culverhouse, PhD, et al.)",Existing Codebook
com.metropcs.metrozone,Entertainment,ENTERTAINMENT,"University of South Carolina Arnold School of Public Health Arnold Healthy Kids Initiative (Bridget Armstrong, PhD, Josh Culverhouse, PhD, et al.), BCM CNRC",Existing Codebook
com.metropcs.service.vvm,Productivity & Business,BUSINESS,"University of South Carolina Arnold School of Public Health Arnold Healthy Kids Initiative (Bridget Armstrong, PhD, Josh Culverhouse, PhD, et al.), BCM CNRC",Existing Codebook
com.mgif.ball.v,Games,GAME_ADVENTURE,"University of South Carolina Arnold School of Public Health Arnold Healthy Kids Initiative (Bridget Armstrong, PhD, Josh Culverhouse, PhD, et al.)",Existing Codebook
com.mhealth.insight,Health,HEALTH_AND_FITNESS,"University of South Carolina Arnold School of Public Health Arnold Healthy Kids Initiative (Bridget Armstrong, PhD, Josh Culverhouse, PhD, et al.)",Existing Codebook
com.mi.android.globalFileexplorer,Productivity & Business,TOOLS,"University of South Carolina Arnold School of Public Health Arnold Healthy Kids Initiative (Bridget Armstrong, PhD, Josh Culverhouse, PhD, et al.)",Existing Codebook
com.mi.android.globallauncher,Productivity & Business,PERSONALIZATION,"University of South Carolina Arnold School of Public Health Arnold Healthy Kids Initiative (Bridget Armstrong, PhD, Josh Culverhouse, PhD, et al.)",Existing Codebook
com.mi.android.globalminusscreen,Productivity & Business,TOOLS,"University of South Carolina Arnold School of Public Health Arnold Healthy Kids Initiative (Bridget Armstrong, PhD, Josh Culverhouse, PhD, et al.)",Existing Codebook
com.mi.global.pocobbs,Social & Communication,SOCIAL,"University of South Carolina Arnold School of Public Health Arnold Healthy Kids Initiative (Bridget Armstrong, PhD, Josh Culverhouse, PhD, et al.)",Existing Codebook
com.mi.globalbrowser,Productivity & Business,TOOLS,"University of South Carolina Arnold School of Public Health Arnold Healthy Kids Initiative (Bridget Armstrong, PhD, Josh Culverhouse, PhD, et al.)",Existing Codebook
com.michaels.michaelsstores,Lifestyle,LIFESTYLE,"University of South Carolina Arnold School of Public Health Arnold Healthy Kids Initiative (Bridget Armstrong, PhD, Josh Culverhouse, PhD, et al.)",Existing Codebook
com.microblink.photomath,Education,EDUCATION,"University of South Carolina Arnold School of Public Health Arnold Healthy Kids Initiative (Bridget Armstrong, PhD, Josh Culverhouse, PhD, et al.)",Existing Codebook
com.microsoft.appmanager,Productivity & Business,PRODUCTIVITY,"University of South Carolina Arnold School of Public Health Arnold Healthy Kids Initiative (Bridget Armstrong, PhD, Josh Culverhouse, PhD, et al.), BCM CNRC",Existing Codebook
com.microsoft.copilot,Productivity & Business,PRODUCTIVITY,"University of South Carolina Arnold School of Public Health Arnold Healthy Kids Initiative (Bridget Armstrong, PhD, Josh Culverhouse, PhD, et al.)",Existing Codebook
com.microsoft.emmx,Social & Communication,COMMUNICATION,"University of South Carolina Arnold School of Public Health Arnold Healthy Kids Initiative (Bridget Armstrong, PhD, Josh Culverhouse, PhD, et al.)",Existing Codebook
com.microsoft.office.officehubrow,Productivity & Business,PRODUCTIVITY,"University of South Carolina Arnold School of Public Health Arnold Healthy Kids Initiative (Bridget Armstrong, PhD, Josh Culverhouse, PhD, et al.), BCM CNRC",Existing Codebook
com.microsoft.office.onenote,Productivity & Business,PRODUCTIVITY,"University of South Carolina Arnold School of Public Health Arnold Healthy Kids Initiative (Bridget Armstrong, PhD, Josh Culverhouse, PhD, et al.), BCM CNRC",Existing Codebook
com.microsoft.office.outlook,Productivity & Business,PRODUCTIVITY,"University of South Carolina Arnold School of Public Health Arnold Healthy Kids Initiative (Bridget Armstrong, PhD, Josh Culverhouse, PhD, et al.), BCM CNRC",Existing Codebook
com.microsoft.office.word,Productivity & Business,PRODUCTIVITY,"University of South Carolina Arnold School of Public Health Arnold Healthy Kids Initiative (Bridget Armstrong, PhD, Josh Culverhouse, PhD, et al.), BCM CNRC",Existing Codebook
com.microsoft.skydrive,Productivity & Business,PRODUCTIVITY,"University of South Carolina Arnold School of Public Health Arnold Healthy Kids Initiative (Bridget Armstrong, PhD, Josh Culverhouse, PhD, et al.), BCM CNRC",Existing Codebook
com.microsoft.teams,Productivity & Business,BUSINESS,"University of South Carolina Arnold School of Public Health Arnold Healthy Kids Initiative (Bridget Armstrong, PhD, Josh Culverhouse, PhD, et al.), BCM CNRC",Existing Codebook
com.miga.world,Education,EDUCATION,"University of South Carolina Arnold School of Public Health Arnold Healthy Kids Initiative (Bridget Armstrong, PhD, Josh Culverhouse, PhD, et al.), BCM CNRC",Existing Codebook
com.milinix.ieltsspeakings,Education,EDUCATION,"University of South Carolina Arnold School of Public Health Arnold Healthy Kids Initiative (Bridget Armstrong, PhD, Josh Culverhouse, PhD, et al.)",Existing Codebook
com.milinix.toeflspeaking,Education,EDUCATION,"University of South Carolina Arnold School of Public Health Arnold Healthy Kids Initiative (Bridget Armstrong, PhD, Josh Culverhouse, PhD, et al.)",Existing Codebook
com.milinix.toefltest,Education,EDUCATION,"University of South Carolina Arnold School of Public Health Arnold Healthy Kids Initiative (Bridget Armstrong, PhD, Josh Culverhouse, PhD, et al.)",Existing Codebook
com.millecrepestudios.vampirequeen,Games,GAME_CASUAL,"University of South Carolina Arnold School of Public Health Arnold Healthy Kids Initiative (Bridget Armstrong, PhD, Josh Culverhouse, PhD, et al.)",Existing Codebook
com.mindbodyonline.connect,Health,HEALTH_AND_FITNESS,"University of South Carolina Arnold School of Public Health Arnold Healthy Kids Initiative (Bridget Armstrong, PhD, Josh Culverhouse, PhD, et al.)",Existing Codebook
com.mindcandy.sleepstories,Education,EDUCATION,"University of South Carolina Arnold School of Public Health Arnold Healthy Kids Initiative (Bridget Armstrong, PhD, Josh Culverhouse, PhD, et al.)",Existing Codebook
com.minibitstudio.game,Games,GAME_EDUCATIONAL,"University of South Carolina Arnold School of Public Health Arnold Healthy Kids Initiative (Bridget Armstrong, PhD, Josh Culverhouse, PhD, et al.)",Existing Codebook
com.mirai.bad.cat.life.sim,Games,GAME_SIMULATION,"University of South Carolina Arnold School of Public Health Arnold Healthy Kids Initiative (Bridget Armstrong, PhD, Josh Culverhouse, PhD, et al.)",Existing Codebook
com.mirai.com.help.me.please.tricky.story.puzzlegame,Games,GAME_PUZZLE,"University of South Carolina Arnold School of Public Health Arnold Healthy Kids Initiative (Bridget Armstrong, PhD, Josh Culverhouse, PhD, et al.)",Existing Codebook
com.miui.android.fashiongallery,Productivity & Business,PERSONALIZATION,"University of South Carolina Arnold School of Public Health Arnold Healthy Kids Initiative (Bridget Armstrong, PhD, Josh Culverhouse, PhD, et al.)",Existing Codebook
com.miui.calculator,Productivity & Business,TOOLS,"University of South Carolina Arnold School of Public Health Arnold Healthy Kids Initiative (Bridget Armstrong, PhD, Josh Culverhouse, PhD, et al.)",Existing Codebook
com.miui.cleaner,Productivity & Business,TOOLS,"University of South Carolina Arnold School of Public Health Arnold Healthy Kids Initiative (Bridget Armstrong, PhD, Josh Culverhouse, PhD, et al.)",Existing Codebook
com.miui.player,Entertainment,MUSIC_AND_AUDIO,"University of South Carolina Arnold School of Public Health Arnold Healthy Kids Initiative (Bridget Armstrong, PhD, Josh Culverhouse, PhD, et al.)",Existing Codebook
com.miui.videoplayer,Entertainment,ENTERTAINMENT,"University of South Carolina Arnold School of Public Health Arnold Healthy Kids Initiative (Bridget Armstrong, PhD, Josh Culverhouse, PhD, et al.)",Existing Codebook
com.miui.weather2,Travel & Local,WEATHER,"University of South Carolina Arnold School of Public Health Arnold Healthy Kids Initiative (Bridget Armstrong, PhD, Josh Culverhouse, PhD, et al.)",Existing Codebook
com.mizmowireless.acctmgt,Productivity & Business,TOOLS,"University of South Carolina Arnold School of Public Health Arnold Healthy Kids Initiative (Bridget Armstrong, PhD, Josh Culverhouse, PhD, et al.)",Existing Codebook
com.mmmoussa.iqra,Entertainment,BOOKS_AND_REFERENCE,"University of South Carolina Arnold School of Public Health Arnold Healthy Kids Initiative (Bridget Armstrong, PhD, Josh Culverhouse, PhD, et al.)",Existing Codebook
com.mobile.uhc,Health,MEDICAL,"University of South Carolina Arnold School of Public Health Arnold Healthy Kids Initiative (Bridget Armstrong, PhD, Josh Culverhouse, PhD, et al.)",Existing Codebook
com.mojang.minecraftedu,Education,EDUCATION,"University of South Carolina Arnold School of Public Health Arnold Healthy Kids Initiative (Bridget Armstrong, PhD, Josh Culverhouse, PhD, et al.)",Existing Codebook
com.mojang.minecraftpe,Games,GAME_ARCADE,"University of South Carolina Arnold School of Public Health Arnold Healthy Kids Initiative (Bridget Armstrong, PhD, Josh Culverhouse, PhD, et al.), BCM CNRC",Existing Codebook
com.monkey.island.journey.platformer,Games,GAME_CASUAL,"University of South Carolina Arnold School of Public Health Arnold Healthy Kids Initiative (Bridget Armstrong, PhD, Josh Culverhouse, PhD, et al.)",Existing Codebook
com.monsters.lab,Games,GAME_ACTION,"University of South Carolina Arnold School of Public Health Arnold Healthy Kids Initiative (Bridget Armstrong, PhD, Josh Culverhouse, PhD, et al.)",Existing Codebook
com.moocho.moocho,Lifestyle,SHOPPING,"University of South Carolina Arnold School of Public Health Arnold Healthy Kids Initiative (Bridget Armstrong, PhD, Josh Culverhouse, PhD, et al.)",Existing Codebook
com.motorola.actions,Productivity & Business,PERSONALIZATION,"University of South Carolina Arnold School of Public Health Arnold Healthy Kids Initiative (Bridget Armstrong, PhD, Josh Culverhouse, PhD, et al.), BCM CNRC",Existing Codebook
com.motorola.camera3,Photography,PHOTOGRAPHY,"University of South Carolina Arnold School of Public Health Arnold Healthy Kids Initiative (Bridget Armstrong, PhD, Josh Culverhouse, PhD, et al.), BCM CNRC",Existing Codebook
com.motorola.gamemode,Productivity & Business,TOOLS,"University of South Carolina Arnold School of Public Health Arnold Healthy Kids Initiative (Bridget Armstrong, PhD, Josh Culverhouse, PhD, et al.), BCM CNRC",Existing Codebook
com.motorola.genie,Productivity & Business,TOOLS,"University of South Carolina Arnold School of Public Health Arnold Healthy Kids Initiative (Bridget Armstrong, PhD, Josh Culverhouse, PhD, et al.), BCM CNRC",Existing Codebook
com.motorola.imagertuning_V2,Photography,PHOTOGRAPHY,"University of South Carolina Arnold School of Public Health Arnold Healthy Kids Initiative (Bridget Armstrong, PhD, Josh Culverhouse, PhD, et al.), BCM CNRC",Existing Codebook
com.motorola.livewallpaper3,Productivity & Business,PERSONALIZATION,"University of South Carolina Arnold School of Public Health Arnold Healthy Kids Initiative (Bridget Armstrong, PhD, Josh Culverhouse, PhD, et al.), BCM CNRC",Existing Codebook
com.motorola.motodisplay,Productivity & Business,TOOLS,"University of South Carolina Arnold School of Public Health Arnold Healthy Kids Initiative (Bridget Armstrong, PhD, Josh Culverhouse, PhD, et al.), BCM CNRC",Existing Codebook
com.motorola.stylus,Productivity & Business,TOOLS,"University of South Carolina Arnold School of Public Health Arnold Healthy Kids Initiative (Bridget Armstrong, PhD, Josh Culverhouse, PhD, et al.), BCM CNRC",Existing Codebook
com.motorola.timeweatherwidget,Productivity & Business,TOOLS,"University of South Carolina Arnold School of Public Health Arnold Healthy Kids Initiative (Bridget Armstrong, PhD, Josh Culverhouse, PhD, et al.), BCM CNRC",Existing Codebook
com.move.realtor,Lifestyle,HOUSE_AND_HOME,"University of South Carolina Arnold School of Public Health Arnold Healthy Kids Initiative (Bridget Armstrong, PhD, Josh Culverhouse, PhD, et al.)",Existing Codebook
com.moviesanywhere.goo,Entertainment,ENTERTAINMENT,"University of South Carolina Arnold School of Public Health Arnold Healthy Kids Initiative (Bridget Armstrong, PhD, Josh Culverhouse, PhD, et al.), BCM CNRC",Existing Codebook
com.mta.mobileapp,Travel & Local,MAPS_AND_NAVIGATION,"University of South Carolina Arnold School of Public Health Arnold Healthy Kids Initiative (Bridget Armstrong, PhD, Josh Culverhouse, PhD, et al.)",Existing Codebook
com.myairtelapp,Productivity & Business,FINANCE,"University of South Carolina Arnold School of Public Health Arnold Healthy Kids Initiative (Bridget Armstrong, PhD, Josh Culverhouse, PhD, et al.)",Existing Codebook
com.myfitnesspal.android,Health,HEALTH_AND_FITNESS,"University of South Carolina Arnold School of Public Health Arnold Healthy Kids Initiative (Bridget Armstrong, PhD, Josh Culverhouse, PhD, et al.), BCM CNRC",Existing Codebook
com.myjadewellness.app2,Health,MEDICAL,"University of South Carolina Arnold School of Public Health Arnold Healthy Kids Initiative (Bridget Armstrong, PhD, Josh Culverhouse, PhD, et al.)",Existing Codebook
com.myride.buspas.android,Travel & Local,TRAVEL_AND_LOCAL,"University of South Carolina Arnold School of Public Health Arnold Healthy Kids Initiative (Bridget Armstrong, PhD, Josh Culverhouse, PhD, et al.)",Existing Codebook
com.myyearbook.m,Social & Communication,SOCIAL,"University of South Carolina Arnold School of Public Health Arnold Healthy Kids Initiative (Bridget Armstrong, PhD, Josh Culverhouse, PhD, et al.)",Existing Codebook
com.naquatic.footballshowdown2015,Games,GAME_SPORTS,"University of South Carolina Arnold School of Public Health Arnold Healthy Kids Initiative (Bridget Armstrong, PhD, Josh Culverhouse, PhD, et al.)",Existing Codebook
com.naturequant.naturedose,Health,HEALTH_AND_FITNESS,"University of South Carolina Arnold School of Public Health Arnold Healthy Kids Initiative (Bridget Armstrong, PhD, Josh Culverhouse, PhD, et al.)",Existing Codebook
com.naver.linewebtoon,Entertainment,COMICS,"University of South Carolina Arnold School of Public Health Arnold Healthy Kids Initiative (Bridget Armstrong, PhD, Josh Culverhouse, PhD, et al.)",Existing Codebook
com.naxclow.home,Productivity & Business,TOOLS,"University of South Carolina Arnold School of Public Health Arnold Healthy Kids Initiative (Bridget Armstrong, PhD, Josh Culverhouse, PhD, et al.)",Existing Codebook
com.nclottery.app,Entertainment,ENTERTAINMENT,"University of South Carolina Arnold School of Public Health Arnold Healthy Kids Initiative (Bridget Armstrong, PhD, Josh Culverhouse, PhD, et al.)",Existing Codebook
com.ncp.ncpmobile,Lifestyle,SHOPPING,"University of South Carolina Arnold School of Public Health Arnold Healthy Kids Initiative (Bridget Armstrong, PhD, Josh Culverhouse, PhD, et al.)",Existing Codebook
com.neighbor.darkriddle3.strangehill,Games,GAME_ADVENTURE,"University of South Carolina Arnold School of Public Health Arnold Healthy Kids Initiative (Bridget Armstrong, PhD, Josh Culverhouse, PhD, et al.)",Existing Codebook
com.nest.android,Lifestyle,LIFESTYLE,"University of South Carolina Arnold School of Public Health Arnold Healthy Kids Initiative (Bridget Armstrong, PhD, Josh Culverhouse, PhD, et al.)",Existing Codebook
com.netflix.NGP.TheCaseOfTheGoldenIdol,Games,GAME_PUZZLE,"University of South Carolina Arnold School of Public Health Arnold Healthy Kids Initiative (Bridget Armstrong, PhD, Josh Culverhouse, PhD, et al.)",Existing Codebook
com.netflix.mediaclient,Entertainment,ENTERTAINMENT,"University of South Carolina Arnold School of Public Health Arnold Healthy Kids Initiative (Bridget Armstrong, PhD, Josh Culverhouse, PhD, et al.), BCM CNRC",Existing Codebook
com.neurotec.checkmyage,Entertainment,ENTERTAINMENT,"University of South Carolina Arnold School of Public Health Arnold Healthy Kids Initiative (Bridget Armstrong, PhD, Josh Culverhouse, PhD, et al.)",Existing Codebook
com.newleaf.app.android.victor,Entertainment,ENTERTAINMENT,"University of South Carolina Arnold School of Public Health Arnold Healthy Kids Initiative (Bridget Armstrong, PhD, Josh Culverhouse, PhD, et al.), BCM CNRC",Existing Codebook
com.newstory.DrawHappyDevil,Games,GAME_PUZZLE,"University of South Carolina Arnold School of Public Health Arnold Healthy Kids Initiative (Bridget Armstrong, PhD, Josh Culverhouse, PhD, et al.)",Existing Codebook
com.nexar.spider.web.shooting.puzzles,Games,GAME_PUZZLE,"University of South Carolina Arnold School of Public Health Arnold Healthy Kids Initiative (Bridget Armstrong, PhD, Josh Culverhouse, PhD, et al.)",Existing Codebook
com.nextdoor,Lifestyle,LIFESTYLE,"University of South Carolina Arnold School of Public Health Arnold Healthy Kids Initiative (Bridget Armstrong, PhD, Josh Culverhouse, PhD, et al.), BCM CNRC",Existing Codebook
com.nfc.popl,Productivity & Business,BUSINESS,"University of South Carolina Arnold School of Public Health Arnold Healthy Kids Initiative (Bridget Armstrong, PhD, Josh Culverhouse, PhD, et al.)",Existing Codebook
com.nhn.android.band,Social & Communication,SOCIAL,"University of South Carolina Arnold School of Public Health Arnold Healthy Kids Initiative (Bridget Armstrong, PhD, Josh Culverhouse, PhD, et al.), BCM CNRC",Existing Codebook
com.nianticlabs.pokemongo,Games,GAME_ADVENTURE,"University of South Carolina Arnold School of Public Health Arnold Healthy Kids Initiative (Bridget Armstrong, PhD, Josh Culverhouse, PhD, et al.), BCM CNRC",Existing Codebook
com.nightowlcookies.app,Lifestyle,FOOD_AND_DRINK,"University of South Carolina Arnold School of Public Health Arnold Healthy Kids Initiative (Bridget Armstrong, PhD, Josh Culverhouse, PhD, et al.)",Existing Codebook
com.nintendo.zara,Games,GAME_ACTION,"University of South Carolina Arnold School of Public Health Arnold Healthy Kids Initiative (Bridget Armstrong, PhD, Josh Culverhouse, PhD, et al.), BCM CNRC",Existing Codebook
com.nintendo.znma,Lifestyle,LIFESTYLE,"University of South Carolina Arnold School of Public Health Arnold Healthy Kids Initiative (Bridget Armstrong, PhD, Josh Culverhouse, PhD, et al.)",Existing Codebook
com.noctuasoftware.stellarium_free,Education,EDUCATION,"University of South Carolina Arnold School of Public Health Arnold Healthy Kids Initiative (Bridget Armstrong, PhD, Josh Culverhouse, PhD, et al.)",Existing Codebook
com.nomadicbeargames.ropemaster,Games,GAME_ACTION,"University of South Carolina Arnold School of Public Health Arnold Healthy Kids Initiative (Bridget Armstrong, PhD, Josh Culverhouse, PhD, et al.)",Existing Codebook
com.northerncoldgames.popsiclestack,Games,GAME_ARCADE,"University of South Carolina Arnold School of Public Health Arnold Healthy Kids Initiative (Bridget Armstrong, PhD, Josh Culverhouse, PhD, et al.)",Existing Codebook
com.nuance.nmc.sihome.metropcs,Productivity & Business,TOOLS,"University of South Carolina Arnold School of Public Health Arnold Healthy Kids Initiative (Bridget Armstrong, PhD, Josh Culverhouse, PhD, et al.), BCM CNRC",Existing Codebook
com.nuface.android,Lifestyle,BEAUTY,"University of South Carolina Arnold School of Public Health Arnold Healthy Kids Initiative (Bridget Armstrong, PhD, Josh Culverhouse, PhD, et al.)",Existing Codebook
com.nynix.knots3d,Entertainment,BOOKS_AND_REFERENCE,"University of South Carolina Arnold School of Public Health Arnold Healthy Kids Initiative (Bridget Armstrong, PhD, Josh Culverhouse, PhD, et al.)",Existing Codebook
com.nytimes.android,Lifestyle,NEWS_AND_MAGAZINES,"University of South Carolina Arnold School of Public Health Arnold Healthy Kids Initiative (Bridget Armstrong, PhD, Josh Culverhouse, PhD, et al.)",Existing Codebook
com.nytimes.cooking,Lifestyle,FOOD_AND_DRINK,"University of South Carolina Arnold School of Public Health Arnold Healthy Kids Initiative (Bridget Armstrong, PhD, Josh Culverhouse, PhD, et al.)",Existing Codebook
com.nytimes.crossword,Games,GAME_WORD,"University of South Carolina Arnold School of Public Health Arnold Healthy Kids Initiative (Bridget Armstrong, PhD, Josh Culverhouse, PhD, et al.)",Existing Codebook
com.obby.challenge.parkour.up2024,Games,GAME_ACTION,"University of South Carolina Arnold School of Public Health Arnold Healthy Kids Initiative (Bridget Armstrong, PhD, Josh Culverhouse, PhD, et al.)",Existing Codebook
com.obvio.claimit.kendamil,Health,MEDICAL,"University of South Carolina Arnold School of Public Health Arnold Healthy Kids Initiative (Bridget Armstrong, PhD, Josh Culverhouse, PhD, et al.)",Existing Codebook
com.obvio.obviogo.prod002,Health,MEDICAL,"University of South Carolina Arnold School of Public Health Arnold Healthy Kids Initiative (Bridget Armstrong, PhD, Josh Culverhouse, PhD, et al.)",Existing Codebook
com.oceanwing.battery.cam,Lifestyle,LIFESTYLE,"University of South Carolina Arnold School of Public Health Arnold Healthy Kids Initiative (Bridget Armstrong, PhD, Josh Culverhouse, PhD, et al.)",Existing Codebook
com.oculus.twilight,Entertainment,ENTERTAINMENT,"University of South Carolina Arnold School of Public Health Arnold Healthy Kids Initiative (Bridget Armstrong, PhD, Josh Culverhouse, PhD, et al.)",Existing Codebook
com.offerup,Lifestyle,SHOPPING,"University of South Carolina Arnold School of Public Health Arnold Healthy Kids Initiative (Bridget Armstrong, PhD, Josh Culverhouse, PhD, et al.), BCM CNRC",Existing Codebook
com.olacabs.customer,Travel & Local,MAPS_AND_NAVIGATION,"University of South Carolina Arnold School of Public Health Arnold Healthy Kids Initiative (Bridget Armstrong, PhD, Josh Culverhouse, PhD, et al.)",Existing Codebook
com.olo.applebees,Lifestyle,FOOD_AND_DRINK,"University of South Carolina Arnold School of Public Health Arnold Healthy Kids Initiative (Bridget Armstrong, PhD, Josh Culverhouse, PhD, et al.)",Existing Codebook
com.olo.dairyqueen.production,Lifestyle,FOOD_AND_DRINK,"University of South Carolina Arnold School of Public Health Arnold Healthy Kids Initiative (Bridget Armstrong, PhD, Josh Culverhouse, PhD, et al.)",Existing Codebook
com.olo.jambajuice,Lifestyle,FOOD_AND_DRINK,"University of South Carolina Arnold School of Public Health Arnold Healthy Kids Initiative (Bridget Armstrong, PhD, Josh Culverhouse, PhD, et al.)",Existing Codebook
com.olo.wafflehouse,Lifestyle,FOOD_AND_DRINK,"University of South Carolina Arnold School of Public Health Arnold Healthy Kids Initiative (Bridget Armstrong, PhD, Josh Culverhouse, PhD, et al.)",Existing Codebook
com.onebutton.mrsuper2,Games,GAME_PUZZLE,"University of South Carolina Arnold School of Public Health Arnold Healthy Kids Initiative (Bridget Armstrong, PhD, Josh Culverhouse, PhD, et al.), BCM CNRC",Existing Codebook
com.onedebit.chime,Productivity & Business,FINANCE,"University of South Carolina Arnold School of Public Health Arnold Healthy Kids Initiative (Bridget Armstrong, PhD, Josh Culverhouse, PhD, et al.), BCM CNRC",Existing Codebook
com.onefinance.one,Productivity & Business,FINANCE,"University of South Carolina Arnold School of Public Health Arnold Healthy Kids Initiative (Bridget Armstrong, PhD, Josh Culverhouse, PhD, et al.)",Existing Codebook
com.oneplus.brickmode,Productivity & Business,TOOLS,"University of South Carolina Arnold School of Public Health Arnold Healthy Kids Initiative (Bridget Armstrong, PhD, Josh Culverhouse, PhD, et al.)",Existing Codebook
com.oneplus.deskclock,Productivity & Business,TOOLS,"University of South Carolina Arnold School of Public Health Arnold Healthy Kids Initiative (Bridget Armstrong, PhD, Josh Culverhouse, PhD, et al.)",Existing Codebook
com.oneplus.note,Productivity & Business,TOOLS,"University of South Carolina Arnold School of Public Health Arnold Healthy Kids Initiative (Bridget Armstrong, PhD, Josh Culverhouse, PhD, et al.)",Existing Codebook
com.oneroofapp.mobile,Social & Communication,COMMUNICATION,"University of South Carolina Arnold School of Public Health Arnold Healthy Kids Initiative (Bridget Armstrong, PhD, Josh Culverhouse, PhD, et al.)",Existing Codebook
com.open.dreamer.ai,Entertainment,ENTERTAINMENT,"University of South Carolina Arnold School of Public Health Arnold Healthy Kids Initiative (Bridget Armstrong, PhD, Josh Culverhouse, PhD, et al.)",Existing Codebook
com.openai.chatgpt,Productivity & Business,PRODUCTIVITY,"University of South Carolina Arnold School of Public Health Arnold Healthy Kids Initiative (Bridget Armstrong, PhD, Josh Culverhouse, PhD, et al.), BCM CNRC",Existing Codebook
com.openlattice.chronicle,Lifestyle,PARENTING,"University of South Carolina Arnold School of Public Health Arnold Healthy Kids Initiative (Bridget Armstrong, PhD, Josh Culverhouse, PhD, et al.), BCM CNRC",Existing Codebook
com.opera.browser,Social & Communication,COMMUNICATION,"University of South Carolina Arnold School of Public Health Arnold Healthy Kids Initiative (Bridget Armstrong, PhD, Josh Culverhouse, PhD, et al.), BCM CNRC",Existing Codebook
com.oplus.games,Entertainment,ENTERTAINMENT,"University of South Carolina Arnold School of Public Health Arnold Healthy Kids Initiative (Bridget Armstrong, PhD, Josh Culverhouse, PhD, et al.)",Existing Codebook
com.oplus.melody,Productivity & Business,TOOLS,"University of South Carolina Arnold School of Public Health Arnold Healthy Kids Initiative (Bridget Armstrong, PhD, Josh Culverhouse, PhD, et al.)",Existing Codebook
com.oplus.pay,Productivity & Business,TOOLS,"University of South Carolina Arnold School of Public Health Arnold Healthy Kids Initiative (Bridget Armstrong, PhD, Josh Culverhouse, PhD, et al.)",Existing Codebook
com.oplus.screenrecorder,Productivity & Business,TOOLS,"University of South Carolina Arnold School of Public Health Arnold Healthy Kids Initiative (Bridget Armstrong, PhD, Josh Culverhouse, PhD, et al.)",Existing Codebook
com.oplus.themestore,Productivity & Business,PERSONALIZATION,"University of South Carolina Arnold School of Public Health Arnold Healthy Kids Initiative (Bridget Armstrong, PhD, Josh Culverhouse, PhD, et al.)",Existing Codebook
com.originatorkids.EndlessReader,Education,EDUCATION,"University of South Carolina Arnold School of Public Health Arnold Healthy Kids Initiative (Bridget Armstrong, PhD, Josh Culverhouse, PhD, et al.), BCM CNRC",Existing Codebook
com.originatorkids.EndlessWordplay,Education,EDUCATION,"University of South Carolina Arnold School of Public Health Arnold Healthy Kids Initiative (Bridget Armstrong, PhD, Josh Culverhouse, PhD, et al.)",Existing Codebook
com.outfit7.herodash,Games,GAME_ACTION,"University of South Carolina Arnold School of Public Health Arnold Healthy Kids Initiative (Bridget Armstrong, PhD, Josh Culverhouse, PhD, et al.), BCM CNRC",Existing Codebook
com.outfit7.mytalkingtom2,Games,GAME_CASUAL,"University of South Carolina Arnold School of Public Health Arnold Healthy Kids Initiative (Bridget Armstrong, PhD, Josh Culverhouse, PhD, et al.), BCM CNRC",Existing Codebook
com.outfit7.talkingtomgoldrun,Games,GAME_ACTION,"University of South Carolina Arnold School of Public Health Arnold Healthy Kids Initiative (Bridget Armstrong, PhD, Josh Culverhouse, PhD, et al.), BCM CNRC",Existing Codebook
com.ovelin.guitartuna,Productivity & Business,TOOLS,"University of South Carolina Arnold School of Public Health Arnold Healthy Kids Initiative (Bridget Armstrong, PhD, Josh Culverhouse, PhD, et al.), BCM CNRC",Existing Codebook
com.overdrive.mobile.android.libby,Entertainment,BOOKS_AND_REFERENCE,"University of South Carolina Arnold School of Public Health Arnold Healthy Kids Initiative (Bridget Armstrong, PhD, Josh Culverhouse, PhD, et al.), BCM CNRC",Existing Codebook
com.ovuline.fertility,Health,MEDICAL,"University of South Carolina Arnold School of Public Health Arnold Healthy Kids Initiative (Bridget Armstrong, PhD, Josh Culverhouse, PhD, et al.)",Existing Codebook
com.paisagenie.paisagenie,Productivity & Business,FINANCE,"University of South Carolina Arnold School of Public Health Arnold Healthy Kids Initiative (Bridget Armstrong, PhD, Josh Culverhouse, PhD, et al.)",Existing Codebook
com.pandaexpress.app,Lifestyle,FOOD_AND_DRINK,"University of South Carolina Arnold School of Public Health Arnold Healthy Kids Initiative (Bridget Armstrong, PhD, Josh Culverhouse, PhD, et al.), BCM CNRC",Existing Codebook
com.pandora.android,Entertainment,MUSIC_AND_AUDIO,"University of South Carolina Arnold School of Public Health Arnold Healthy Kids Initiative (Bridget Armstrong, PhD, Josh Culverhouse, PhD, et al.), BCM CNRC",Existing Codebook
com.panera.bread,Lifestyle,FOOD_AND_DRINK,"University of South Carolina Arnold School of Public Health Arnold Healthy Kids Initiative (Bridget Armstrong, PhD, Josh Culverhouse, PhD, et al.)",Existing Codebook
com.papajohns.android,Lifestyle,FOOD_AND_DRINK,"University of South Carolina Arnold School of Public Health Arnold Healthy Kids Initiative (Bridget Armstrong, PhD, Josh Culverhouse, PhD, et al.)",Existing Codebook
com.parqex.mobile,Travel & Local,MAPS_AND_NAVIGATION,"University of South Carolina Arnold School of Public Health Arnold Healthy Kids Initiative (Bridget Armstrong, PhD, Josh Culverhouse, PhD, et al.)",Existing Codebook
com.particlenews.newsbreak,Lifestyle,NEWS_AND_MAGAZINES,"University of South Carolina Arnold School of Public Health Arnold Healthy Kids Initiative (Bridget Armstrong, PhD, Josh Culverhouse, PhD, et al.), BCM CNRC",Existing Codebook
com.partyup.blockjam,Games,GAME_PUZZLE,"University of South Carolina Arnold School of Public Health Arnold Healthy Kids Initiative (Bridget Armstrong, PhD, Josh Culverhouse, PhD, et al.)",Existing Codebook
com.passportparking.mobile,Travel & Local,MAPS_AND_NAVIGATION,"University of South Carolina Arnold School of Public Health Arnold Healthy Kids Initiative (Bridget Armstrong, PhD, Josh Culverhouse, PhD, et al.)",Existing Codebook
com.paurau.SlowMoRun,Games,GAME_CASUAL,"University of South Carolina Arnold School of Public Health Arnold Healthy Kids Initiative (Bridget Armstrong, PhD, Josh Culverhouse, PhD, et al.)",Existing Codebook
com.paxiegames.mergestudio,Games,GAME_PUZZLE,"University of South Carolina Arnold School of Public Health Arnold Healthy Kids Initiative (Bridget Armstrong, PhD, Josh Culverhouse, PhD, et al.)",Existing Codebook
com.paybyphone,Productivity & Business,AUTO_AND_VEHICLES,"University of South Carolina Arnold School of Public Health Arnold Healthy Kids Initiative (Bridget Armstrong, PhD, Josh Culverhouse, PhD, et al.)",Existing Codebook
com.paypal.android.p2pmobile,Productivity & Business,FINANCE,"University of South Carolina Arnold School of Public Health Arnold Healthy Kids Initiative (Bridget Armstrong, PhD, Josh Culverhouse, PhD, et al.), BCM CNRC",Existing Codebook
com.pazugames.colorbynumber1,Education,EDUCATION,"University of South Carolina Arnold School of Public Health Arnold Healthy Kids Initiative (Bridget Armstrong, PhD, Josh Culverhouse, PhD, et al.)",Existing Codebook
com.pazugames.pizza,Games,GAME_ROLE_PLAYING,"University of South Carolina Arnold School of Public Health Arnold Healthy Kids Initiative (Bridget Armstrong, PhD, Josh Culverhouse, PhD, et al.)",Existing Codebook
com.peacocktv.peacockandroid,Entertainment,ENTERTAINMENT,"University of South Carolina Arnold School of Public Health Arnold Healthy Kids Initiative (Bridget Armstrong, PhD, Josh Culverhouse, PhD, et al.), BCM CNRC",Existing Codebook
com.peoplefun.wordcross,Games,GAME_WORD,"University of South Carolina Arnold School of Public Health Arnold Healthy Kids Initiative (Bridget Armstrong, PhD, Josh Culverhouse, PhD, et al.)",Existing Codebook
com.peppapig.worldofpeppapig_g,Games,GAME_EDUCATIONAL,"University of South Carolina Arnold School of Public Health Arnold Healthy Kids Initiative (Bridget Armstrong, PhD, Josh Culverhouse, PhD, et al.), BCM CNRC",Existing Codebook
com.petco.mobile,Lifestyle,SHOPPING,"University of South Carolina Arnold School of Public Health Arnold Healthy Kids Initiative (Bridget Armstrong, PhD, Josh Culverhouse, PhD, et al.)",Existing Codebook
com.philips.cdp.ohc.tuscany,Health,HEALTH_AND_FITNESS,"University of South Carolina Arnold School of Public Health Arnold Healthy Kids Initiative (Bridget Armstrong, PhD, Josh Culverhouse, PhD, et al.)",Existing Codebook
com.philips.sonicare4kids,Health,HEALTH_AND_FITNESS,"University of South Carolina Arnold School of Public Health Arnold Healthy Kids Initiative (Bridget Armstrong, PhD, Josh Culverhouse, PhD, et al.)",Existing Codebook
com.photoaffections.freeprints,Photography,PHOTOGRAPHY,"University of South Carolina Arnold School of Public Health Arnold Healthy Kids Initiative (Bridget Armstrong, PhD, Josh Culverhouse, PhD, et al.), BCM CNRC",Existing Codebook
com.photogrid.collage.videomaker,Photography,PHOTOGRAPHY,"University of South Carolina Arnold School of Public Health Arnold Healthy Kids Initiative (Bridget Armstrong, PhD, Josh Culverhouse, PhD, et al.)",Existing Codebook
com.photogrid.photocollage.scrapbook.editor,Photography,PHOTOGRAPHY,"University of South Carolina Arnold School of Public Health Arnold Healthy Kids Initiative (Bridget Armstrong, PhD, Josh Culverhouse, PhD, et al.)",Existing Codebook
com.photoroom.app,Photography,PHOTOGRAPHY,"University of South Carolina Arnold School of Public Health Arnold Healthy Kids Initiative (Bridget Armstrong, PhD, Josh Culverhouse, PhD, et al.), BCM CNRC",Existing Codebook
com.piccup,Social & Communication,COMMUNICATION,"University of South Carolina Arnold School of Public Health Arnold Healthy Kids Initiative (Bridget Armstrong, PhD, Josh Culverhouse, PhD, et al.)",Existing Codebook
com.picsart.studio,Photography,PHOTOGRAPHY,"University of South Carolina Arnold School of Public Health Arnold Healthy Kids Initiative (Bridget Armstrong, PhD, Josh Culverhouse, PhD, et al.), BCM CNRC",Existing Codebook
com.pieyel.scrabble,Games,GAME_WORD,"University of South Carolina Arnold School of Public Health Arnold Healthy Kids Initiative (Bridget Armstrong, PhD, Josh Culverhouse, PhD, et al.)",Existing Codebook
com.pineapple.craft.ragdoll.playground,Games,GAME_SIMULATION,"University of South Carolina Arnold School of Public Health Arnold Healthy Kids Initiative (Bridget Armstrong, PhD, Josh Culverhouse, PhD, et al.), BCM CNRC",Existing Codebook
com.pinterest,Lifestyle,LIFESTYLE,"University of South Carolina Arnold School of Public Health Arnold Healthy Kids Initiative (Bridget Armstrong, PhD, Josh Culverhouse, PhD, et al.), BCM CNRC",Existing Codebook
com.pixelenvision.fairytale,Games,GAME_PUZZLE,"University of South Carolina Arnold School of Public Health Arnold Healthy Kids Initiative (Bridget Armstrong, PhD, Josh Culverhouse, PhD, et al.)",Existing Codebook
com.pixelfederation.solve.mystery.puzzle.adventure,Games,GAME_ADVENTURE,"University of South Carolina Arnold School of Public Health Arnold Healthy Kids Initiative (Bridget Armstrong, PhD, Josh Culverhouse, PhD, et al.)",Existing Codebook
com.pixlr.express,Photography,PHOTOGRAPHY,"University of South Carolina Arnold School of Public Health Arnold Healthy Kids Initiative (Bridget Armstrong, PhD, Josh Culverhouse, PhD, et al.)",Existing Codebook
com.pjmasks.moonlightheroes,Games,GAME_CASUAL,"University of South Carolina Arnold School of Public Health Arnold Healthy Kids Initiative (Bridget Armstrong, PhD, Josh Culverhouse, PhD, et al.)",Existing Codebook
com.pjmasks.powerheroes,Games,GAME_CASUAL,"University of South Carolina Arnold School of Public Health Arnold Healthy Kids Initiative (Bridget Armstrong, PhD, Josh Culverhouse, PhD, et al.), BCM CNRC",Existing Codebook
com.pl.cwc_2015,Entertainment,SPORTS,"University of South Carolina Arnold School of Public Health Arnold Healthy Kids Initiative (Bridget Armstrong, PhD, Josh Culverhouse, PhD, et al.)",Existing Codebook
com.planetfitness,Health,HEALTH_AND_FITNESS,"University of South Carolina Arnold School of Public Health Arnold Healthy Kids Initiative (Bridget Armstrong, PhD, Josh Culverhouse, PhD, et al.), BCM CNRC",Existing Codebook
com.playhome.plus,Games,GAME_CASUAL,"University of South Carolina Arnold School of Public Health Arnold Healthy Kids Initiative (Bridget Armstrong, PhD, Josh Culverhouse, PhD, et al.)",Existing Codebook
com.playrix.township,Games,GAME_CASUAL,"University of South Carolina Arnold School of Public Health Arnold Healthy Kids Initiative (Bridget Armstrong, PhD, Josh Culverhouse, PhD, et al.)",Existing Codebook
com.playspare.supermarket.store.simulator,Games,GAME_SIMULATION,"University of South Carolina Arnold School of Public Health Arnold Healthy Kids Initiative (Bridget Armstrong, PhD, Josh Culverhouse, PhD, et al.)",Existing Codebook
com.pminfotech.westvirginia.dmv,Education,EDUCATION,"University of South Carolina Arnold School of Public Health Arnold Healthy Kids Initiative (Bridget Armstrong, PhD, Josh Culverhouse, PhD, et al.)",Existing Codebook
com.pminfoways.westvirginiadmv,Education,EDUCATION,"University of South Carolina Arnold School of Public Health Arnold Healthy Kids Initiative (Bridget Armstrong, PhD, Josh Culverhouse, PhD, et al.)",Existing Codebook
com.polywise.lucid,Education,EDUCATION,"University of South Carolina Arnold School of Public Health Arnold Healthy Kids Initiative (Bridget Armstrong, PhD, Josh Culverhouse, PhD, et al.)",Existing Codebook
com.popularapp.periodcalendar,Health,HEALTH_AND_FITNESS,"University of South Carolina Arnold School of Public Health Arnold Healthy Kids Initiative (Bridget Armstrong, PhD, Josh Culverhouse, PhD, et al.), BCM CNRC",Existing Codebook
com.poshmark.app,Lifestyle,SHOPPING,"University of South Carolina Arnold School of Public Health Arnold Healthy Kids Initiative (Bridget Armstrong, PhD, Josh Culverhouse, PhD, et al.), BCM CNRC",Existing Codebook
com.prepaidtechnologies.mydashcard,Productivity & Business,FINANCE,"University of South Carolina Arnold School of Public Health Arnold Healthy Kids Initiative (Bridget Armstrong, PhD, Josh Culverhouse, PhD, et al.)",Existing Codebook
com.prodege.swagbucksmobile,Lifestyle,LIFESTYLE,"University of South Carolina Arnold School of Public Health Arnold Healthy Kids Initiative (Bridget Armstrong, PhD, Josh Culverhouse, PhD, et al.)",Existing Codebook
com.prodege.swagiq,Games,GAME_TRIVIA,"University of South Carolina Arnold School of Public Health Arnold Healthy Kids Initiative (Bridget Armstrong, PhD, Josh Culverhouse, PhD, et al.)",Existing Codebook
com.prodigygame.prodigy,Games,GAME_EDUCATIONAL,"University of South Carolina Arnold School of Public Health Arnold Healthy Kids Initiative (Bridget Armstrong, PhD, Josh Culverhouse, PhD, et al.), BCM CNRC",Existing Codebook
com.pronetis.ironball2,Games,GAME_CASUAL,"University of South Carolina Arnold School of Public Health Arnold Healthy Kids Initiative (Bridget Armstrong, PhD, Josh Culverhouse, PhD, et al.), BCM CNRC",Existing Codebook
com.propel.ebenefits,Productivity & Business,FINANCE,"University of South Carolina Arnold School of Public Health Arnold Healthy Kids Initiative (Bridget Armstrong, PhD, Josh Culverhouse, PhD, et al.), BCM CNRC",Existing Codebook
com.psv.vlad_and_niki.birthday_party,Games,GAME_EDUCATIONAL,"University of South Carolina Arnold School of Public Health Arnold Healthy Kids Initiative (Bridget Armstrong, PhD, Josh Culverhouse, PhD, et al.)",Existing Codebook
com.psv.vlad_and_niki.car_service,Games,GAME_EDUCATIONAL,"University of South Carolina Arnold School of Public Health Arnold Healthy Kids Initiative (Bridget Armstrong, PhD, Josh Culverhouse, PhD, et al.)",Existing Codebook
com.psv.vlad_and_niki.piano,Games,GAME_MUSIC,"University of South Carolina Arnold School of Public Health Arnold Healthy Kids Initiative (Bridget Armstrong, PhD, Josh Culverhouse, PhD, et al.)",Existing Codebook
com.psv.vlad_and_niki.superheroes,Games,GAME_ACTION,"University of South Carolina Arnold School of Public Health Arnold Healthy Kids Initiative (Bridget Armstrong, PhD, Josh Culverhouse, PhD, et al.), BCM CNRC",Existing Codebook
com.psv.vlad_and_niki.town.my_world,Games,GAME_ROLE_PLAYING,"University of South Carolina Arnold School of Public Health Arnold Healthy Kids Initiative (Bridget Armstrong, PhD, Josh Culverhouse, PhD, et al.)",Existing Codebook
com.publix.main,Lifestyle,LIFESTYLE,"University of South Carolina Arnold School of Public Health Arnold Healthy Kids Initiative (Bridget Armstrong, PhD, Josh Culverhouse, PhD, et al.)",Existing Codebook
com.punchh.moes,Lifestyle,LIFESTYLE,"University of South Carolina Arnold School of Public Health Arnold Healthy Kids Initiative (Bridget Armstrong, PhD, Josh Culverhouse, PhD, et al.)",Existing Codebook
com.qingniu.feelfit,Health,HEALTH_AND_FITNESS,"University of South Carolina Arnold School of Public Health Arnold Healthy Kids Initiative (Bridget Armstrong, PhD, Josh Culverhouse, PhD, et al.)",Existing Codebook
com.quadpay.quadpay,Lifestyle,SHOPPING,"University of South Carolina Arnold School of Public Health Arnold Healthy Kids Initiative (Bridget Armstrong, PhD, Josh Culverhouse, PhD, et al.)",Existing Codebook
com.quranreading.qibladirection,Lifestyle,LIFESTYLE,"University of South Carolina Arnold School of Public Health Arnold Healthy Kids Initiative (Bridget Armstrong, PhD, Josh Culverhouse, PhD, et al.)",Existing Codebook
com.qvc,Lifestyle,SHOPPING,"University of South Carolina Arnold School of Public Health Arnold Healthy Kids Initiative (Bridget Armstrong, PhD, Josh Culverhouse, PhD, et al.)",Existing Codebook
com.rabbl.blinq,Productivity & Business,BUSINESS,"University of South Carolina Arnold School of Public Health Arnold Healthy Kids Initiative (Bridget Armstrong, PhD, Josh Culverhouse, PhD, et al.)",Existing Codebook
com.rac.racmobile,Lifestyle,SHOPPING,"University of South Carolina Arnold School of Public Health Arnold Healthy Kids Initiative (Bridget Armstrong, PhD, Josh Culverhouse, PhD, et al.)",Existing Codebook
com.rahmadid.apadoanya,Entertainment,BOOKS_AND_REFERENCE,"University of South Carolina Arnold School of Public Health Arnold Healthy Kids Initiative (Bridget Armstrong, PhD, Josh Culverhouse, PhD, et al.)",Existing Codebook
com.raise.andraise,Lifestyle,SHOPPING,"University of South Carolina Arnold School of Public Health Arnold Healthy Kids Initiative (Bridget Armstrong, PhD, Josh Culverhouse, PhD, et al.)",Existing Codebook
com.rblbank.mobank,Productivity & Business,FINANCE,"University of South Carolina Arnold School of Public Health Arnold Healthy Kids Initiative (Bridget Armstrong, PhD, Josh Culverhouse, PhD, et al.)",Existing Codebook
com.readsquared.R2,Education,EDUCATION,"University of South Carolina Arnold School of Public Health Arnold Healthy Kids Initiative (Bridget Armstrong, PhD, Josh Culverhouse, PhD, et al.)",Existing Codebook
com.receiptpalapp.android,Lifestyle,SHOPPING,"University of South Carolina Arnold School of Public Health Arnold Healthy Kids Initiative (Bridget Armstrong, PhD, Josh Culverhouse, PhD, et al.)",Existing Codebook
com.red.blue.stickman.animation,Games,GAME_ADVENTURE,"University of South Carolina Arnold School of Public Health Arnold Healthy Kids Initiative (Bridget Armstrong, PhD, Josh Culverhouse, PhD, et al.)",Existing Codebook
com.reddit.frontpage,Social & Communication,SOCIAL,"University of South Carolina Arnold School of Public Health Arnold Healthy Kids Initiative (Bridget Armstrong, PhD, Josh Culverhouse, PhD, et al.), BCM CNRC",Existing Codebook
com.remind101,Education,EDUCATION,"University of South Carolina Arnold School of Public Health Arnold Healthy Kids Initiative (Bridget Armstrong, PhD, Josh Culverhouse, PhD, et al.), BCM CNRC",Existing Codebook
com.renderedideas.streetfight,Games,GAME_ACTION,"University of South Carolina Arnold School of Public Health Arnold Healthy Kids Initiative (Bridget Armstrong, PhD, Josh Culverhouse, PhD, et al.)",Existing Codebook
com.resmed.myair,Health,MEDICAL,"University of South Carolina Arnold School of Public Health Arnold Healthy Kids Initiative (Bridget Armstrong, PhD, Josh Culverhouse, PhD, et al.)",Existing Codebook
com.rfi.sams.android,Lifestyle,SHOPPING,"University of South Carolina Arnold School of Public Health Arnold Healthy Kids Initiative (Bridget Armstrong, PhD, Josh Culverhouse, PhD, et al.), BCM CNRC",Existing Codebook
com.ripplestreetfun,Lifestyle,LIFESTYLE,"University of South Carolina Arnold School of Public Health Arnold Healthy Kids Initiative (Bridget Armstrong, PhD, Josh Culverhouse, PhD, et al.)",Existing Codebook
com.ristekmuslim.kamusarabindo,Education,EDUCATION,"University of South Carolina Arnold School of Public Health Arnold Healthy Kids Initiative (Bridget Armstrong, PhD, Josh Culverhouse, PhD, et al.)",Existing Codebook
com.ritokids.ritokids,Education,EDUCATION,"University of South Carolina Arnold School of Public Health Arnold Healthy Kids Initiative (Bridget Armstrong, PhD, Josh Culverhouse, PhD, et al.)",Existing Codebook
com.rjrt.NewPort,Lifestyle,LIFESTYLE,"University of South Carolina Arnold School of Public Health Arnold Healthy Kids Initiative (Bridget Armstrong, PhD, Josh Culverhouse, PhD, et al.)",Existing Codebook
com.roblox.client,Games,GAME_ADVENTURE,"University of South Carolina Arnold School of Public Health Arnold Healthy Kids Initiative (Bridget Armstrong, PhD, Josh Culverhouse, PhD, et al.), BCM CNRC",Existing Codebook
com.robtopx.geometryjumplite,Games,GAME_ARCADE,"University of South Carolina Arnold School of Public Health Arnold Healthy Kids Initiative (Bridget Armstrong, PhD, Josh Culverhouse, PhD, et al.)",Existing Codebook
com.roku.remote,Entertainment,ENTERTAINMENT,"University of South Carolina Arnold School of Public Health Arnold Healthy Kids Initiative (Bridget Armstrong, PhD, Josh Culverhouse, PhD, et al.), BCM CNRC",Existing Codebook
com.roomstogo.dealstogo,Lifestyle,SHOPPING,"University of South Carolina Arnold School of Public Health Arnold Healthy Kids Initiative (Bridget Armstrong, PhD, Josh Culverhouse, PhD, et al.)",Existing Codebook
com.route.app,Lifestyle,SHOPPING,"University of South Carolina Arnold School of Public Health Arnold Healthy Kids Initiative (Bridget Armstrong, PhD, Josh Culverhouse, PhD, et al.)",Existing Codebook
com.rover.android,Travel & Local,TRAVEL_AND_LOCAL,"University of South Carolina Arnold School of Public Health Arnold Healthy Kids Initiative (Bridget Armstrong, PhD, Josh Culverhouse, PhD, et al.)",Existing Codebook
com.rovio.baba,Games,GAME_CASUAL,"University of South Carolina Arnold School of Public Health Arnold Healthy Kids Initiative (Bridget Armstrong, PhD, Josh Culverhouse, PhD, et al.), BCM CNRC",Existing Codebook
com.rvappstudios.abc.spelling.toddler.spell.phonics,Games,GAME_EDUCATIONAL,"University of South Carolina Arnold School of Public Health Arnold Healthy Kids Initiative (Bridget Armstrong, PhD, Josh Culverhouse, PhD, et al.), BCM CNRC",Existing Codebook
com.rvappstudios.abc_kids_toddler_tracing_phonics,Games,GAME_EDUCATIONAL,"University of South Carolina Arnold School of Public Health Arnold Healthy Kids Initiative (Bridget Armstrong, PhD, Josh Culverhouse, PhD, et al.), BCM CNRC",Existing Codebook
com.rvappstudios.jigsaw.puzzles.kids,Games,GAME_EDUCATIONAL,"University of South Carolina Arnold School of Public Health Arnold Healthy Kids Initiative (Bridget Armstrong, PhD, Josh Culverhouse, PhD, et al.), BCM CNRC",Existing Codebook
com.rvappstudios.kids.coloring.book.color.painting,Games,GAME_EDUCATIONAL,"University of South Carolina Arnold School of Public Health Arnold Healthy Kids Initiative (Bridget Armstrong, PhD, Josh Culverhouse, PhD, et al.), BCM CNRC",Existing Codebook
com.rvappstudios.kids.drawing.games.coloring.book.paint,Games,GAME_EDUCATIONAL,"University of South Carolina Arnold School of Public Health Arnold Healthy Kids Initiative (Bridget Armstrong, PhD, Josh Culverhouse, PhD, et al.), BCM CNRC",Existing Codebook
com.rvappstudios.math.kids.counting,Games,GAME_EDUCATIONAL,"University of South Carolina Arnold School of Public Health Arnold Healthy Kids Initiative (Bridget Armstrong, PhD, Josh Culverhouse, PhD, et al.), BCM CNRC",Existing Codebook
com.rvappstudios.sight.words.phonics.reading.kids.games,Games,GAME_EDUCATIONAL,"University of South Carolina Arnold School of Public Health Arnold Healthy Kids Initiative (Bridget Armstrong, PhD, Josh Culverhouse, PhD, et al.), BCM CNRC",Existing Codebook
com.rvappstudios.toddler.preschool.kids.learning.games,Games,GAME_EDUCATIONAL,"University of South Carolina Arnold School of Public Health Arnold Healthy Kids Initiative (Bridget Armstrong, PhD, Josh Culverhouse, PhD, et al.), BCM CNRC",Existing Codebook
com.sadamganteng.nikahan,Games,GAME_ARCADE,"University of South Carolina Arnold School of Public Health Arnold Healthy Kids Initiative (Bridget Armstrong, PhD, Josh Culverhouse, PhD, et al.)",Existing Codebook
com.safetrekapp.safetrek,Lifestyle,LIFESTYLE,"University of South Carolina Arnold School of Public Health Arnold Healthy Kids Initiative (Bridget Armstrong, PhD, Josh Culverhouse, PhD, et al.)",Existing Codebook
com.sagosago.School.googleplay,Games,GAME_EDUCATIONAL,"University of South Carolina Arnold School of Public Health Arnold Healthy Kids Initiative (Bridget Armstrong, PhD, Josh Culverhouse, PhD, et al.), BCM CNRC",Existing Codebook
com.sagosago.World.googleplay,Games,GAME_EDUCATIONAL,"University of South Carolina Arnold School of Public Health Arnold Healthy Kids Initiative (Bridget Armstrong, PhD, Josh Culverhouse, PhD, et al.), BCM CNRC",Existing Codebook
com.samsung.android.app.notes,Productivity & Business,PRODUCTIVITY,"University of South Carolina Arnold School of Public Health Arnold Healthy Kids Initiative (Bridget Armstrong, PhD, Josh Culverhouse, PhD, et al.), BCM CNRC",Existing Codebook
com.samsung.android.app.watchmanager,Productivity & Business,TOOLS,"University of South Carolina Arnold School of Public Health Arnold Healthy Kids Initiative (Bridget Armstrong, PhD, Josh Culverhouse, PhD, et al.), BCM CNRC",Existing Codebook
com.samsung.android.appseparation,Productivity & Business,PRODUCTIVITY,"University of South Carolina Arnold School of Public Health Arnold Healthy Kids Initiative (Bridget Armstrong, PhD, Josh Culverhouse, PhD, et al.), BCM CNRC",Existing Codebook
com.samsung.android.calendar,Productivity & Business,PRODUCTIVITY,"University of South Carolina Arnold School of Public Health Arnold Healthy Kids Initiative (Bridget Armstrong, PhD, Josh Culverhouse, PhD, et al.), BCM CNRC",Existing Codebook
com.samsung.android.heartplugin,Productivity & Business,TOOLS,"University of South Carolina Arnold School of Public Health Arnold Healthy Kids Initiative (Bridget Armstrong, PhD, Josh Culverhouse, PhD, et al.)",Existing Codebook
com.samsung.android.homemode,Lifestyle,LIFESTYLE,"University of South Carolina Arnold School of Public Health Arnold Healthy Kids Initiative (Bridget Armstrong, PhD, Josh Culverhouse, PhD, et al.), BCM CNRC",Existing Codebook
com.samsung.android.knox.mpos,Productivity & Business,BUSINESS,"University of South Carolina Arnold School of Public Health Arnold Healthy Kids Initiative (Bridget Armstrong, PhD, Josh Culverhouse, PhD, et al.), BCM CNRC",Existing Codebook
com.samsung.android.lool,Productivity & Business,TOOLS,"University of South Carolina Arnold School of Public Health Arnold Healthy Kids Initiative (Bridget Armstrong, PhD, Josh Culverhouse, PhD, et al.), BCM CNRC",Existing Codebook
com.samsung.android.oneconnect,Lifestyle,LIFESTYLE,"University of South Carolina Arnold School of Public Health Arnold Healthy Kids Initiative (Bridget Armstrong, PhD, Josh Culverhouse, PhD, et al.), BCM CNRC",Existing Codebook
com.samsung.android.samsungpay.gear,Lifestyle,LIFESTYLE,"University of South Carolina Arnold School of Public Health Arnold Healthy Kids Initiative (Bridget Armstrong, PhD, Josh Culverhouse, PhD, et al.)",Existing Codebook
com.samsung.android.scloud,Productivity & Business,PRODUCTIVITY,"University of South Carolina Arnold School of Public Health Arnold Healthy Kids Initiative (Bridget Armstrong, PhD, Josh Culverhouse, PhD, et al.), BCM CNRC",Existing Codebook
com.samsung.android.spay,Lifestyle,LIFESTYLE,"University of South Carolina Arnold School of Public Health Arnold Healthy Kids Initiative (Bridget Armstrong, PhD, Josh Culverhouse, PhD, et al.), BCM CNRC",Existing Codebook
com.samsung.android.tvplus,Entertainment,ENTERTAINMENT,"University of South Carolina Arnold School of Public Health Arnold Healthy Kids Initiative (Bridget Armstrong, PhD, Josh Culverhouse, PhD, et al.), BCM CNRC",Existing Codebook
com.samsung.android.voc,Productivity & Business,TOOLS,"University of South Carolina Arnold School of Public Health Arnold Healthy Kids Initiative (Bridget Armstrong, PhD, Josh Culverhouse, PhD, et al.), BCM CNRC",Existing Codebook
com.samsung.ecomm,Lifestyle,SHOPPING,"University of South Carolina Arnold School of Public Health Arnold Healthy Kids Initiative (Bridget Armstrong, PhD, Josh Culverhouse, PhD, et al.)",Existing Codebook
com.samsung.sree,Education,EDUCATION,"University of South Carolina Arnold School of Public Health Arnold Healthy Kids Initiative (Bridget Armstrong, PhD, Josh Culverhouse, PhD, et al.), BCM CNRC",Existing Codebook
com.sanbox.ragdoll.playground.ragdollfall.dismount,Games,GAME_SIMULATION,"University of South Carolina Arnold School of Public Health Arnold Healthy Kids Initiative (Bridget Armstrong, PhD, Josh Culverhouse, PhD, et al.)",Existing Codebook
com.sbi.lotusintouch,Productivity & Business,FINANCE,"University of South Carolina Arnold School of Public Health Arnold Healthy Kids Initiative (Bridget Armstrong, PhD, Josh Culverhouse, PhD, et al.)",Existing Codebook
com.scee.psxandroid,Entertainment,ENTERTAINMENT,"University of South Carolina Arnold School of Public Health Arnold Healthy Kids Initiative (Bridget Armstrong, PhD, Josh Culverhouse, PhD, et al.), BCM CNRC",Existing Codebook
com.schedule.telmate.telmatescheduleandroid,Social & Communication,COMMUNICATION,"University of South Carolina Arnold School of Public Health Arnold Healthy Kids Initiative (Bridget Armstrong, PhD, Josh Culverhouse, PhD, et al.)",Existing Codebook
com.schoology.app,Education,EDUCATION,"University of South Carolina Arnold School of Public Health Arnold Healthy Kids Initiative (Bridget Armstrong, PhD, Josh Culverhouse, PhD, et al.)",Existing Codebook
com.scopely.monopolygo,Games,GAME_BOARD,"University of South Carolina Arnold School of Public Health Arnold Healthy Kids Initiative (Bridget Armstrong, PhD, Josh Culverhouse, PhD, et al.), BCM CNRC",Existing Codebook
com.sec.android.app.clockpackage,Productivity & Business,TOOLS,"University of South Carolina Arnold School of Public Health Arnold Healthy Kids Initiative (Bridget Armstrong, PhD, Josh Culverhouse, PhD, et al.), BCM CNRC",Existing Codebook
com.sec.android.app.launcher,Productivity & Business,PERSONALIZATION,"University of South Carolina Arnold School of Public Health Arnold Healthy Kids Initiative (Bridget Armstrong, PhD, Josh Culverhouse, PhD, et al.), BCM CNRC",Existing Codebook
com.sec.android.app.music,Entertainment,MUSIC_AND_AUDIO,"University of South Carolina Arnold School of Public Health Arnold Healthy Kids Initiative (Bridget Armstrong, PhD, Josh Culverhouse, PhD, et al.), BCM CNRC",Existing Codebook
com.sec.android.app.myfiles,Productivity & Business,TOOLS,"University of South Carolina Arnold School of Public Health Arnold Healthy Kids Initiative (Bridget Armstrong, PhD, Josh Culverhouse, PhD, et al.), BCM CNRC",Existing Codebook
com.sec.android.app.popupcalculator,Productivity & Business,TOOLS,"University of South Carolina Arnold School of Public Health Arnold Healthy Kids Initiative (Bridget Armstrong, PhD, Josh Culverhouse, PhD, et al.), BCM CNRC",Existing Codebook
com.sec.android.app.sbrowser,Social & Communication,COMMUNICATION,"University of South Carolina Arnold School of Public Health Arnold Healthy Kids Initiative (Bridget Armstrong, PhD, Josh Culverhouse, PhD, et al.), BCM CNRC",Existing Codebook
com.sec.android.app.shealth,Health,HEALTH_AND_FITNESS,"University of South Carolina Arnold School of Public Health Arnold Healthy Kids Initiative (Bridget Armstrong, PhD, Josh Culverhouse, PhD, et al.), BCM CNRC",Existing Codebook
com.sec.android.app.voicenote,Productivity & Business,TOOLS,"University of South Carolina Arnold School of Public Health Arnold Healthy Kids Initiative (Bridget Armstrong, PhD, Josh Culverhouse, PhD, et al.), BCM CNRC",Existing Codebook
com.sec.android.easyMover,Productivity & Business,TOOLS,"University of South Carolina Arnold School of Public Health Arnold Healthy Kids Initiative (Bridget Armstrong, PhD, Josh Culverhouse, PhD, et al.), BCM CNRC",Existing Codebook
com.sec.spp.push,Social & Communication,COMMUNICATION,"University of South Carolina Arnold School of Public Health Arnold Healthy Kids Initiative (Bridget Armstrong, PhD, Josh Culverhouse, PhD, et al.), BCM CNRC",Existing Codebook
com.sega.sonic1px,Games,GAME_ACTION,"University of South Carolina Arnold School of Public Health Arnold Healthy Kids Initiative (Bridget Armstrong, PhD, Josh Culverhouse, PhD, et al.), BCM CNRC",Existing Codebook
com.sega.sonic2.runner,Games,GAME_ARCADE,"University of South Carolina Arnold School of Public Health Arnold Healthy Kids Initiative (Bridget Armstrong, PhD, Josh Culverhouse, PhD, et al.), BCM CNRC",Existing Codebook
com.sega.sonicboomandroid,Games,GAME_ARCADE,"University of South Carolina Arnold School of Public Health Arnold Healthy Kids Initiative (Bridget Armstrong, PhD, Josh Culverhouse, PhD, et al.), BCM CNRC",Existing Codebook
com.sega.sprint,Games,GAME_ADVENTURE,"University of South Carolina Arnold School of Public Health Arnold Healthy Kids Initiative (Bridget Armstrong, PhD, Josh Culverhouse, PhD, et al.), BCM CNRC",Existing Codebook
com.selflender.thor,Productivity & Business,FINANCE,"University of South Carolina Arnold School of Public Health Arnold Healthy Kids Initiative (Bridget Armstrong, PhD, Josh Culverhouse, PhD, et al.)",Existing Codebook
com.sellbackyourbook.sellback,Lifestyle,SHOPPING,"University of South Carolina Arnold School of Public Health Arnold Healthy Kids Initiative (Bridget Armstrong, PhD, Josh Culverhouse, PhD, et al.)",Existing Codebook
com.sencatech.iwawa.iwawadraw,Productivity & Business,ART_AND_DESIGN,"University of South Carolina Arnold School of Public Health Arnold Healthy Kids Initiative (Bridget Armstrong, PhD, Josh Culverhouse, PhD, et al.), BCM CNRC",Existing Codebook
com.sencatech.iwawa.iwawahome,Education,EDUCATION,"University of South Carolina Arnold School of Public Health Arnold Healthy Kids Initiative (Bridget Armstrong, PhD, Josh Culverhouse, PhD, et al.), BCM CNRC",Existing Codebook
com.sephora,Lifestyle,BEAUTY,"University of South Carolina Arnold School of Public Health Arnold Healthy Kids Initiative (Bridget Armstrong, PhD, Josh Culverhouse, PhD, et al.)",Existing Codebook
com.sezzle.sezzlemobile,Lifestyle,SHOPPING,"University of South Carolina Arnold School of Public Health Arnold Healthy Kids Initiative (Bridget Armstrong, PhD, Josh Culverhouse, PhD, et al.)",Existing Codebook
com.shakeshack.android,Lifestyle,FOOD_AND_DRINK,"University of South Carolina Arnold School of Public Health Arnold Healthy Kids Initiative (Bridget Armstrong, PhD, Josh Culverhouse, PhD, et al.)",Existing Codebook
com.shaverma.lazyjump,Games,GAME_ARCADE,"University of South Carolina Arnold School of Public Health Arnold Healthy Kids Initiative (Bridget Armstrong, PhD, Josh Culverhouse, PhD, et al.), BCM CNRC",Existing Codebook
com.shazam.android,Entertainment,MUSIC_AND_AUDIO,"University of South Carolina Arnold School of Public Health Arnold Healthy Kids Initiative (Bridget Armstrong, PhD, Josh Culverhouse, PhD, et al.)",Existing Codebook
com.shenju.biuframe,Productivity & Business,TOOLS,"University of South Carolina Arnold School of Public Health Arnold Healthy Kids Initiative (Bridget Armstrong, PhD, Josh Culverhouse, PhD, et al.)",Existing Codebook
com.shopee.id,Lifestyle,SHOPPING,"University of South Carolina Arnold School of Public Health Arnold Healthy Kids Initiative (Bridget Armstrong, PhD, Josh Culverhouse, PhD, et al.)",Existing Codebook
com.shopify.arrive,Lifestyle,SHOPPING,"University of South Carolina Arnold School of Public Health Arnold Healthy Kids Initiative (Bridget Armstrong, PhD, Josh Culverhouse, PhD, et al.), BCM CNRC",Existing Codebook
com.shopkick.app,Lifestyle,SHOPPING,"University of South Carolina Arnold School of Public Health Arnold Healthy Kids Initiative (Bridget Armstrong, PhD, Josh Culverhouse, PhD, et al.), BCM CNRC",Existing Codebook
com.showingtime.ConsumerApp,Lifestyle,HOUSE_AND_HOME,"University of South Carolina Arnold School of Public Health Arnold Healthy Kids Initiative (Bridget Armstrong, PhD, Josh Culverhouse, PhD, et al.)",Existing Codebook
com.shutterfly,Photography,PHOTOGRAPHY,"University of South Carolina Arnold School of Public Health Arnold Healthy Kids Initiative (Bridget Armstrong, PhD, Josh Culverhouse, PhD, et al.)",Existing Codebook
com.sigmasoftware.scwic,Education,EDUCATION,"University of South Carolina Arnold School of Public Health Arnold Healthy Kids Initiative (Bridget Armstrong, PhD, Josh Culverhouse, PhD, et al.)",Existing Codebook
com.simplepractice.video,Health,MEDICAL,"University of South Carolina Arnold School of Public Health Arnold Healthy Kids Initiative (Bridget Armstrong, PhD, Josh Culverhouse, PhD, et al.)",Existing Codebook
com.simulationcurriculum.skysafari5,Education,EDUCATION,"University of South Carolina Arnold School of Public Health Arnold Healthy Kids Initiative (Bridget Armstrong, PhD, Josh Culverhouse, PhD, et al.)",Existing Codebook
com.sincerely.android.ink,Photography,PHOTOGRAPHY,"University of South Carolina Arnold School of Public Health Arnold Healthy Kids Initiative (Bridget Armstrong, PhD, Josh Culverhouse, PhD, et al.)",Existing Codebook
com.sinyee.babybus.police,Games,GAME_EDUCATIONAL,"University of South Carolina Arnold School of Public Health Arnold Healthy Kids Initiative (Bridget Armstrong, PhD, Josh Culverhouse, PhD, et al.)",Existing Codebook
com.sinyee.babybus.taxi,Games,GAME_EDUCATIONAL,"University of South Carolina Arnold School of Public Health Arnold Healthy Kids Initiative (Bridget Armstrong, PhD, Josh Culverhouse, PhD, et al.)",Existing Codebook
com.sirius,Entertainment,MUSIC_AND_AUDIO,"University of South Carolina Arnold School of Public Health Arnold Healthy Kids Initiative (Bridget Armstrong, PhD, Josh Culverhouse, PhD, et al.), BCM CNRC",Existing Codebook
com.sirma.mobile.bible.android,Entertainment,BOOKS_AND_REFERENCE,"University of South Carolina Arnold School of Public Health Arnold Healthy Kids Initiative (Bridget Armstrong, PhD, Josh Culverhouse, PhD, et al.), BCM CNRC",Existing Codebook
com.sizestream.sah,Health,HEALTH_AND_FITNESS,"University of South Carolina Arnold School of Public Health Arnold Healthy Kids Initiative (Bridget Armstrong, PhD, Josh Culverhouse, PhD, et al.)",Existing Codebook
com.skillmatics.guessin10,Games,GAME_EDUCATIONAL,"University of South Carolina Arnold School of Public Health Arnold Healthy Kids Initiative (Bridget Armstrong, PhD, Josh Culverhouse, PhD, et al.)",Existing Codebook
com.skype.raider,Social & Communication,COMMUNICATION,"University of South Carolina Arnold School of Public Health Arnold Healthy Kids Initiative (Bridget Armstrong, PhD, Josh Culverhouse, PhD, et al.), BCM CNRC",Existing Codebook
com.sleepmonitor.aio,Health,HEALTH_AND_FITNESS,"University of South Carolina Arnold School of Public Health Arnold Healthy Kids Initiative (Bridget Armstrong, PhD, Josh Culverhouse, PhD, et al.)",Existing Codebook
com.slicing.hero,Games,GAME_ACTION,"University of South Carolina Arnold School of Public Health Arnold Healthy Kids Initiative (Bridget Armstrong, PhD, Josh Culverhouse, PhD, et al.)",Existing Codebook
com.slimesmash.android,Games,GAME_SIMULATION,"University of South Carolina Arnold School of Public Health Arnold Healthy Kids Initiative (Bridget Armstrong, PhD, Josh Culverhouse, PhD, et al.), BCM CNRC",Existing Codebook
com.snap.camerakit.plugin.v1,Productivity & Business,TOOLS,"University of South Carolina Arnold School of Public Health Arnold Healthy Kids Initiative (Bridget Armstrong, PhD, Josh Culverhouse, PhD, et al.), BCM CNRC",Existing Codebook
com.snapchat.android,Social & Communication,COMMUNICATION,"University of South Carolina Arnold School of Public Health Arnold Healthy Kids Initiative (Bridget Armstrong, PhD, Josh Culverhouse, PhD, et al.), BCM CNRC",Existing Codebook
com.snapfinger.mobile.mcalisters,Lifestyle,LIFESTYLE,"University of South Carolina Arnold School of Public Health Arnold Healthy Kids Initiative (Bridget Armstrong, PhD, Josh Culverhouse, PhD, et al.)",Existing Codebook
com.snapfinger.mobile.zaxbys,Lifestyle,FOOD_AND_DRINK,"University of South Carolina Arnold School of Public Health Arnold Healthy Kids Initiative (Bridget Armstrong, PhD, Josh Culverhouse, PhD, et al.)",Existing Codebook
com.solocode.anton,Education,EDUCATION,"University of South Carolina Arnold School of Public Health Arnold Healthy Kids Initiative (Bridget Armstrong, PhD, Josh Culverhouse, PhD, et al.)",Existing Codebook
com.sonic.sonicdrivein,Lifestyle,FOOD_AND_DRINK,"University of South Carolina Arnold School of Public Health Arnold Healthy Kids Initiative (Bridget Armstrong, PhD, Josh Culverhouse, PhD, et al.), BCM CNRC",Existing Codebook
com.sonkins.tukulele,Entertainment,MUSIC_AND_AUDIO,"University of South Carolina Arnold School of Public Health Arnold Healthy Kids Initiative (Bridget Armstrong, PhD, Josh Culverhouse, PhD, et al.)",Existing Codebook
com.sonos.acr2,Entertainment,MUSIC_AND_AUDIO,"University of South Carolina Arnold School of Public Health Arnold Healthy Kids Initiative (Bridget Armstrong, PhD, Josh Culverhouse, PhD, et al.)",Existing Codebook
com.soundcloud.android,Entertainment,MUSIC_AND_AUDIO,"University of South Carolina Arnold School of Public Health Arnold Healthy Kids Initiative (Bridget Armstrong, PhD, Josh Culverhouse, PhD, et al.), BCM CNRC",Existing Codebook
com.sparkmembership.generalapp,Education,EDUCATION,"University of South Carolina Arnold School of Public Health Arnold Healthy Kids Initiative (Bridget Armstrong, PhD, Josh Culverhouse, PhD, et al.)",Existing Codebook
com.speakcreative.passplay,Lifestyle,LIFESTYLE,"University of South Carolina Arnold School of Public Health Arnold Healthy Kids Initiative (Bridget Armstrong, PhD, Josh Culverhouse, PhD, et al.)",Existing Codebook
com.spinmaster.gabbysdollhouse,Games,GAME_EDUCATIONAL,"University of South Carolina Arnold School of Public Health Arnold Healthy Kids Initiative (Bridget Armstrong, PhD, Josh Culverhouse, PhD, et al.), BCM CNRC",Existing Codebook
com.splash.kids.education.learning.games.free.multiplication.reading.math.grade.app.splashmath,Education,EDUCATION,"University of South Carolina Arnold School of Public Health Arnold Healthy Kids Initiative (Bridget Armstrong, PhD, Josh Culverhouse, PhD, et al.)",Existing Codebook
com.spotify.music,Entertainment,MUSIC_AND_AUDIO,"University of South Carolina Arnold School of Public Health Arnold Healthy Kids Initiative (Bridget Armstrong, PhD, Josh Culverhouse, PhD, et al.), BCM CNRC",Existing Codebook
com.springleaf.mobile,Productivity & Business,FINANCE,"University of South Carolina Arnold School of Public Health Arnold Healthy Kids Initiative (Bridget Armstrong, PhD, Josh Culverhouse, PhD, et al.)",Existing Codebook
com.squareup.cash,Productivity & Business,FINANCE,"University of South Carolina Arnold School of Public Health Arnold Healthy Kids Initiative (Bridget Armstrong, PhD, Josh Culverhouse, PhD, et al.), BCM CNRC",Existing Codebook
com.squareup.invoicesapp,Productivity & Business,BUSINESS,"University of South Carolina Arnold School of Public Health Arnold Healthy Kids Initiative (Bridget Armstrong, PhD, Josh Culverhouse, PhD, et al.)",Existing Codebook
com.srin.garut,Entertainment,BOOKS_AND_REFERENCE,"University of South Carolina Arnold School of Public Health Arnold Healthy Kids Initiative (Bridget Armstrong, PhD, Josh Culverhouse, PhD, et al.)",Existing Codebook
com.srin.indramayu,Lifestyle,LIFESTYLE,"University of South Carolina Arnold School of Public Health Arnold Healthy Kids Initiative (Bridget Armstrong, PhD, Josh Culverhouse, PhD, et al.)",Existing Codebook
com.staplegames.blocksClassicSGGP,Games,GAME_PUZZLE,"University of South Carolina Arnold School of Public Health Arnold Healthy Kids Initiative (Bridget Armstrong, PhD, Josh Culverhouse, PhD, et al.), BCM CNRC",Existing Codebook
com.starbucks.mobilecard,Lifestyle,FOOD_AND_DRINK,"University of South Carolina Arnold School of Public Health Arnold Healthy Kids Initiative (Bridget Armstrong, PhD, Josh Culverhouse, PhD, et al.), BCM CNRC",Existing Codebook
com.starfall.StarfallABCs,Education,EDUCATION,"University of South Carolina Arnold School of Public Health Arnold Healthy Kids Initiative (Bridget Armstrong, PhD, Josh Culverhouse, PhD, et al.)",Existing Codebook
com.stateemployeesfcu.stateemployeesfcu.early,Productivity & Business,FINANCE,"University of South Carolina Arnold School of Public Health Arnold Healthy Kids Initiative (Bridget Armstrong, PhD, Josh Culverhouse, PhD, et al.)",Existing Codebook
com.statefarm.dssm,Productivity & Business,FINANCE,"University of South Carolina Arnold School of Public Health Arnold Healthy Kids Initiative (Bridget Armstrong, PhD, Josh Culverhouse, PhD, et al.)",Existing Codebook
com.statefarm.pocketagent,Productivity & Business,FINANCE,"University of South Carolina Arnold School of Public Health Arnold Healthy Kids Initiative (Bridget Armstrong, PhD, Josh Culverhouse, PhD, et al.), BCM CNRC",Existing Codebook
com.stick.hero.comic,Games,GAME_ACTION,"University of South Carolina Arnold School of Public Health Arnold Healthy Kids Initiative (Bridget Armstrong, PhD, Josh Culverhouse, PhD, et al.)",Existing Codebook
com.stickman.shadow.battle,Games,GAME_ACTION,"University of South Carolina Arnold School of Public Health Arnold Healthy Kids Initiative (Bridget Armstrong, PhD, Josh Culverhouse, PhD, et al.)",Existing Codebook
com.stopandshop.mobile.droid,Lifestyle,SHOPPING,"University of South Carolina Arnold School of Public Health Arnold Healthy Kids Initiative (Bridget Armstrong, PhD, Josh Culverhouse, PhD, et al.)",Existing Codebook
com.streema.simpleradio,Entertainment,MUSIC_AND_AUDIO,"University of South Carolina Arnold School of Public Health Arnold Healthy Kids Initiative (Bridget Armstrong, PhD, Josh Culverhouse, PhD, et al.)",Existing Codebook
com.stripe.android.dashboard,Productivity & Business,BUSINESS,"University of South Carolina Arnold School of Public Health Arnold Healthy Kids Initiative (Bridget Armstrong, PhD, Josh Culverhouse, PhD, et al.)",Existing Codebook
com.stromming.planta,Lifestyle,HOUSE_AND_HOME,"University of South Carolina Arnold School of Public Health Arnold Healthy Kids Initiative (Bridget Armstrong, PhD, Josh Culverhouse, PhD, et al.)",Existing Codebook
com.stuzo.chevron,Productivity & Business,AUTO_AND_VEHICLES,"University of South Carolina Arnold School of Public Health Arnold Healthy Kids Initiative (Bridget Armstrong, PhD, Josh Culverhouse, PhD, et al.), BCM CNRC",Existing Codebook
com.supergame.hexa.sort.master,Games,GAME_CASUAL,"University of South Carolina Arnold School of Public Health Arnold Healthy Kids Initiative (Bridget Armstrong, PhD, Josh Culverhouse, PhD, et al.)",Existing Codebook
com.supermarket.journey,Games,GAME_SIMULATION,"University of South Carolina Arnold School of Public Health Arnold Healthy Kids Initiative (Bridget Armstrong, PhD, Josh Culverhouse, PhD, et al.)",Existing Codebook
com.superwings.jettrun,Games,GAME_ARCADE,"University of South Carolina Arnold School of Public Health Arnold Healthy Kids Initiative (Bridget Armstrong, PhD, Josh Culverhouse, PhD, et al.)",Existing Codebook
com.surprise.toy.d3,Games,GAME_CASUAL,"University of South Carolina Arnold School of Public Health Arnold Healthy Kids Initiative (Bridget Armstrong, PhD, Josh Culverhouse, PhD, et al.)",Existing Codebook
com.survival.squid.impostor,Games,GAME_ACTION,"University of South Carolina Arnold School of Public Health Arnold Healthy Kids Initiative (Bridget Armstrong, PhD, Josh Culverhouse, PhD, et al.)",Existing Codebook
com.suzy.droid,Lifestyle,LIFESTYLE,"University of South Carolina Arnold School of Public Health Arnold Healthy Kids Initiative (Bridget Armstrong, PhD, Josh Culverhouse, PhD, et al.)",Existing Codebook
com.symbiote.shooting.puzzle.swing,Games,GAME_ACTION,"University of South Carolina Arnold School of Public Health Arnold Healthy Kids Initiative (Bridget Armstrong, PhD, Josh Culverhouse, PhD, et al.)",Existing Codebook
com.t11.skyviewfree,Education,EDUCATION,"University of South Carolina Arnold School of Public Health Arnold Healthy Kids Initiative (Bridget Armstrong, PhD, Josh Culverhouse, PhD, et al.)",Existing Codebook
com.tacobell.ordering,Lifestyle,FOOD_AND_DRINK,"University of South Carolina Arnold School of Public Health Arnold Healthy Kids Initiative (Bridget Armstrong, PhD, Josh Culverhouse, PhD, et al.), BCM CNRC",Existing Codebook
com.taggedapp,Social & Communication,SOCIAL,"University of South Carolina Arnold School of Public Health Arnold Healthy Kids Initiative (Bridget Armstrong, PhD, Josh Culverhouse, PhD, et al.)",Existing Codebook
com.takimi.android,Social & Communication,SOCIAL,"University of South Carolina Arnold School of Public Health Arnold Healthy Kids Initiative (Bridget Armstrong, PhD, Josh Culverhouse, PhD, et al.)",Existing Codebook
com.talkatone.android,Social & Communication,COMMUNICATION,"University of South Carolina Arnold School of Public Health Arnold Healthy Kids Initiative (Bridget Armstrong, PhD, Josh Culverhouse, PhD, et al.)",Existing Codebook
com.tap4fun.ape.gplay,Games,GAME_STRATEGY,"University of South Carolina Arnold School of Public Health Arnold Healthy Kids Initiative (Bridget Armstrong, PhD, Josh Culverhouse, PhD, et al.)",Existing Codebook
com.target.ui,Lifestyle,SHOPPING,"University of South Carolina Arnold School of Public Health Arnold Healthy Kids Initiative (Bridget Armstrong, PhD, Josh Culverhouse, PhD, et al.), BCM CNRC",Existing Codebook
com.tclhz.gallery,Photography,PHOTOGRAPHY,"University of South Carolina Arnold School of Public Health Arnold Healthy Kids Initiative (Bridget Armstrong, PhD, Josh Culverhouse, PhD, et al.)",Existing Codebook
com.tcx.sipphone14,Social & Communication,COMMUNICATION,"University of South Carolina Arnold School of Public Health Arnold Healthy Kids Initiative (Bridget Armstrong, PhD, Josh Culverhouse, PhD, et al.)",Existing Codebook
com.tea.tea,Lifestyle,LIFESTYLE,"University of South Carolina Arnold School of Public Health Arnold Healthy Kids Initiative (Bridget Armstrong, PhD, Josh Culverhouse, PhD, et al.)",Existing Codebook
com.teacherzone.teacher,Education,EDUCATION,"University of South Carolina Arnold School of Public Health Arnold Healthy Kids Initiative (Bridget Armstrong, PhD, Josh Culverhouse, PhD, et al.)",Existing Codebook
com.teachyourmonstertoread.rff,Games,GAME_EDUCATIONAL,"University of South Carolina Arnold School of Public Health Arnold Healthy Kids Initiative (Bridget Armstrong, PhD, Josh Culverhouse, PhD, et al.)",Existing Codebook
com.teachyourmonstertoread.tmapp,Games,GAME_EDUCATIONAL,"University of South Carolina Arnold School of Public Health Arnold Healthy Kids Initiative (Bridget Armstrong, PhD, Josh Culverhouse, PhD, et al.)",Existing Codebook
com.teamtopia.swimtopia,Entertainment,SPORTS,"University of South Carolina Arnold School of Public Health Arnold Healthy Kids Initiative (Bridget Armstrong, PhD, Josh Culverhouse, PhD, et al.)",Existing Codebook
com.teenageengineering.pocketoperatorforpixel,Entertainment,MUSIC_AND_AUDIO,"University of South Carolina Arnold School of Public Health Arnold Healthy Kids Initiative (Bridget Armstrong, PhD, Josh Culverhouse, PhD, et al.)",Existing Codebook
com.teladoc.members,Health,MEDICAL,"University of South Carolina Arnold School of Public Health Arnold Healthy Kids Initiative (Bridget Armstrong, PhD, Josh Culverhouse, PhD, et al.), BCM CNRC",Existing Codebook
com.telephia,Productivity & Business,TOOLS,"University of South Carolina Arnold School of Public Health Arnold Healthy Kids Initiative (Bridget Armstrong, PhD, Josh Culverhouse, PhD, et al.)",Existing Codebook
com.telmate.TelmateGettingout,Productivity & Business,PRODUCTIVITY,"University of South Carolina Arnold School of Public Health Arnold Healthy Kids Initiative (Bridget Armstrong, PhD, Josh Culverhouse, PhD, et al.)",Existing Codebook
com.teslacoilsw.launcher,Productivity & Business,PERSONALIZATION,"University of South Carolina Arnold School of Public Health Arnold Healthy Kids Initiative (Bridget Armstrong, PhD, Josh Culverhouse, PhD, et al.)",Existing Codebook
com.teslamotors.tesla,Lifestyle,LIFESTYLE,"University of South Carolina Arnold School of Public Health Arnold Healthy Kids Initiative (Bridget Armstrong, PhD, Josh Culverhouse, PhD, et al.)",Existing Codebook
com.text.art.addtext.textonphoto,Photography,PHOTOGRAPHY,"University of South Carolina Arnold School of Public Health Arnold Healthy Kids Initiative (Bridget Armstrong, PhD, Josh Culverhouse, PhD, et al.)",Existing Codebook
com.textbehind.textbehind,Social & Communication,SOCIAL,"University of South Carolina Arnold School of Public Health Arnold Healthy Kids Initiative (Bridget Armstrong, PhD, Josh Culverhouse, PhD, et al.)",Existing Codebook
com.textmeinc.textme,Social & Communication,SOCIAL,"University of South Carolina Arnold School of Public Health Arnold Healthy Kids Initiative (Bridget Armstrong, PhD, Josh Culverhouse, PhD, et al.)",Existing Codebook
com.tfgco.apps.coloring.free.color.by.number,Games,GAME_BOARD,"University of South Carolina Arnold School of Public Health Arnold Healthy Kids Initiative (Bridget Armstrong, PhD, Josh Culverhouse, PhD, et al.), BCM CNRC",Existing Codebook
com.thanx.nothingbundtcakes,Lifestyle,FOOD_AND_DRINK,"University of South Carolina Arnold School of Public Health Arnold Healthy Kids Initiative (Bridget Armstrong, PhD, Josh Culverhouse, PhD, et al.)",Existing Codebook
com.thanx.pincho,Lifestyle,FOOD_AND_DRINK,"University of South Carolina Arnold School of Public Health Arnold Healthy Kids Initiative (Bridget Armstrong, PhD, Josh Culverhouse, PhD, et al.)",Existing Codebook
com.thegrizzlylabs.geniusscan.free,Productivity & Business,BUSINESS,"University of South Carolina Arnold School of Public Health Arnold Healthy Kids Initiative (Bridget Armstrong, PhD, Josh Culverhouse, PhD, et al.), BCM CNRC",Existing Codebook
com.thehomedepot,Lifestyle,SHOPPING,"University of South Carolina Arnold School of Public Health Arnold Healthy Kids Initiative (Bridget Armstrong, PhD, Josh Culverhouse, PhD, et al.), BCM CNRC",Existing Codebook
com.thepattern.app,Lifestyle,LIFESTYLE,"University of South Carolina Arnold School of Public Health Arnold Healthy Kids Initiative (Bridget Armstrong, PhD, Josh Culverhouse, PhD, et al.)",Existing Codebook
com.theporter.android.customerapp,Productivity & Business,BUSINESS,"University of South Carolina Arnold School of Public Health Arnold Healthy Kids Initiative (Bridget Armstrong, PhD, Josh Culverhouse, PhD, et al.)",Existing Codebook
com.thesaltydonut.app,Lifestyle,FOOD_AND_DRINK,"University of South Carolina Arnold School of Public Health Arnold Healthy Kids Initiative (Bridget Armstrong, PhD, Josh Culverhouse, PhD, et al.)",Existing Codebook
com.thetransitapp.droid,Travel & Local,MAPS_AND_NAVIGATION,"University of South Carolina Arnold School of Public Health Arnold Healthy Kids Initiative (Bridget Armstrong, PhD, Josh Culverhouse, PhD, et al.)",Existing Codebook
com.thriftbooks.mobile,Entertainment,BOOKS_AND_REFERENCE,"University of South Carolina Arnold School of Public Health Arnold Healthy Kids Initiative (Bridget Armstrong, PhD, Josh Culverhouse, PhD, et al.)",Existing Codebook
com.throughtheword.v2,Entertainment,BOOKS_AND_REFERENCE,"University of South Carolina Arnold School of Public Health Arnold Healthy Kids Initiative (Bridget Armstrong, PhD, Josh Culverhouse, PhD, et al.)",Existing Codebook
com.thumbtack.consumer,Lifestyle,HOUSE_AND_HOME,"University of South Carolina Arnold School of Public Health Arnold Healthy Kids Initiative (Bridget Armstrong, PhD, Josh Culverhouse, PhD, et al.)",Existing Codebook
com.ticketmaster.mobile.android.na,Social & Communication,EVENTS,"University of South Carolina Arnold School of Public Health Arnold Healthy Kids Initiative (Bridget Armstrong, PhD, Josh Culverhouse, PhD, et al.), BCM CNRC",Existing Codebook
com.tiltingpoint.spongebob,Games,GAME_CASUAL,"University of South Carolina Arnold School of Public Health Arnold Healthy Kids Initiative (Bridget Armstrong, PhD, Josh Culverhouse, PhD, et al.)",Existing Codebook
com.tinder,Social & Communication,DATING,"University of South Carolina Arnold School of Public Health Arnold Healthy Kids Initiative (Bridget Armstrong, PhD, Josh Culverhouse, PhD, et al.), BCM CNRC",Existing Codebook
com.tinybuildgames.helloneighbor,Games,GAME_ADVENTURE,"University of South Carolina Arnold School of Public Health Arnold Healthy Kids Initiative (Bridget Armstrong, PhD, Josh Culverhouse, PhD, et al.)",Existing Codebook
com.tinybuildgames.hndiaries,Games,GAME_ADVENTURE,"University of South Carolina Arnold School of Public Health Arnold Healthy Kids Initiative (Bridget Armstrong, PhD, Josh Culverhouse, PhD, et al.)",Existing Codebook
com.tmobile.m1,Entertainment,ENTERTAINMENT,"University of South Carolina Arnold School of Public Health Arnold Healthy Kids Initiative (Bridget Armstrong, PhD, Josh Culverhouse, PhD, et al.), BCM CNRC",Existing Codebook
com.tmobile.services.nameid,Social & Communication,COMMUNICATION,"University of South Carolina Arnold School of Public Health Arnold Healthy Kids Initiative (Bridget Armstrong, PhD, Josh Culverhouse, PhD, et al.), BCM CNRC",Existing Codebook
com.tmobile.tuesdays,Lifestyle,LIFESTYLE,"University of South Carolina Arnold School of Public Health Arnold Healthy Kids Initiative (Bridget Armstrong, PhD, Josh Culverhouse, PhD, et al.), BCM CNRC",Existing Codebook
com.tmobile.vvm.application,Social & Communication,COMMUNICATION,"University of South Carolina Arnold School of Public Health Arnold Healthy Kids Initiative (Bridget Armstrong, PhD, Josh Culverhouse, PhD, et al.), BCM CNRC",Existing Codebook
com.tmsoft.whitenoise.lite,Health,HEALTH_AND_FITNESS,"University of South Carolina Arnold School of Public Health Arnold Healthy Kids Initiative (Bridget Armstrong, PhD, Josh Culverhouse, PhD, et al.), BCM CNRC",Existing Codebook
com.toasttab.consumer,Lifestyle,FOOD_AND_DRINK,"University of South Carolina Arnold School of Public Health Arnold Healthy Kids Initiative (Bridget Armstrong, PhD, Josh Culverhouse, PhD, et al.)",Existing Codebook
com.tocaboca.blocks,Games,GAME_EDUCATIONAL,"University of South Carolina Arnold School of Public Health Arnold Healthy Kids Initiative (Bridget Armstrong, PhD, Josh Culverhouse, PhD, et al.)",Existing Codebook
com.tocaboca.tocahairsalon3,Education,EDUCATION,"University of South Carolina Arnold School of Public Health Arnold Healthy Kids Initiative (Bridget Armstrong, PhD, Josh Culverhouse, PhD, et al.)",Existing Codebook
com.tocaboca.tocakitchen2,Games,GAME_EDUCATIONAL,"University of South Carolina Arnold School of Public Health Arnold Healthy Kids Initiative (Bridget Armstrong, PhD, Josh Culverhouse, PhD, et al.)",Existing Codebook
com.tocaboca.tocalifeworld,Games,GAME_EDUCATIONAL,"University of South Carolina Arnold School of Public Health Arnold Healthy Kids Initiative (Bridget Armstrong, PhD, Josh Culverhouse, PhD, et al.), BCM CNRC",Existing Codebook
com.tokopedia.tkpd,Lifestyle,SHOPPING,"University of South Carolina Arnold School of Public Health Arnold Healthy Kids Initiative (Bridget Armstrong, PhD, Josh Culverhouse, PhD, et al.)",Existing Codebook
com.tonies.app,Entertainment,ENTERTAINMENT,"University of South Carolina Arnold School of Public Health Arnold Healthy Kids Initiative (Bridget Armstrong, PhD, Josh Culverhouse, PhD, et al.), BCM CNRC",Existing Codebook
com.topcashback.topcashback,Lifestyle,SHOPPING,"University of South Carolina Arnold School of Public Health Arnold Healthy Kids Initiative (Bridget Armstrong, PhD, Josh Culverhouse, PhD, et al.)",Existing Codebook
com.touchtype.swiftkey,Productivity & Business,PERSONALIZATION,"University of South Carolina Arnold School of Public Health Arnold Healthy Kids Initiative (Bridget Armstrong, PhD, Josh Culverhouse, PhD, et al.), BCM CNRC",Existing Codebook
com.tplink.kasa_android,Lifestyle,LIFESTYLE,"University of South Carolina Arnold School of Public Health Arnold Healthy Kids Initiative (Bridget Armstrong, PhD, Josh Culverhouse, PhD, et al.), BCM CNRC",Existing Codebook
com.tribab.tricount.android,Productivity & Business,FINANCE,"University of South Carolina Arnold School of Public Health Arnold Healthy Kids Initiative (Bridget Armstrong, PhD, Josh Culverhouse, PhD, et al.)",Existing Codebook
com.tricolorcat.calculator,Productivity & Business,PRODUCTIVITY,"University of South Carolina Arnold School of Public Health Arnold Healthy Kids Initiative (Bridget Armstrong, PhD, Josh Culverhouse, PhD, et al.)",Existing Codebook
com.tropicalsmoothie.tropicalsmoothiecafe.android.app,Lifestyle,FOOD_AND_DRINK,"University of South Carolina Arnold School of Public Health Arnold Healthy Kids Initiative (Bridget Armstrong, PhD, Josh Culverhouse, PhD, et al.)",Existing Codebook
com.truist.mobile,Productivity & Business,FINANCE,"University of South Carolina Arnold School of Public Health Arnold Healthy Kids Initiative (Bridget Armstrong, PhD, Josh Culverhouse, PhD, et al.)",Existing Codebook
com.tubitv,Entertainment,ENTERTAINMENT,"University of South Carolina Arnold School of Public Health Arnold Healthy Kids Initiative (Bridget Armstrong, PhD, Josh Culverhouse, PhD, et al.), BCM CNRC",Existing Codebook
com.tutk.shamolang,Lifestyle,HOUSE_AND_HOME,"University of South Carolina Arnold School of Public Health Arnold Healthy Kids Initiative (Bridget Armstrong, PhD, Josh Culverhouse, PhD, et al.)",Existing Codebook
com.twitter.android,Social & Communication,SOCIAL,"University of South Carolina Arnold School of Public Health Arnold Healthy Kids Initiative (Bridget Armstrong, PhD, Josh Culverhouse, PhD, et al.), BCM CNRC",Existing Codebook
com.ubercab,Travel & Local,MAPS_AND_NAVIGATION,"University of South Carolina Arnold School of Public Health Arnold Healthy Kids Initiative (Bridget Armstrong, PhD, Josh Culverhouse, PhD, et al.), BCM CNRC",Existing Codebook
com.ubercab.driver,Productivity & Business,BUSINESS,"University of South Carolina Arnold School of Public Health Arnold Healthy Kids Initiative (Bridget Armstrong, PhD, Josh Culverhouse, PhD, et al.), BCM CNRC",Existing Codebook
com.ulta,Lifestyle,BEAUTY,"University of South Carolina Arnold School of Public Health Arnold Healthy Kids Initiative (Bridget Armstrong, PhD, Josh Culverhouse, PhD, et al.)",Existing Codebook
com.ululab.SliceFractions2,Education,EDUCATION,"University of South Carolina Arnold School of Public Health Arnold Healthy Kids Initiative (Bridget Armstrong, PhD, Josh Culverhouse, PhD, et al.)",Existing Codebook
com.ululab.numbers,Education,EDUCATION,"University of South Carolina Arnold School of Public Health Arnold Healthy Kids Initiative (Bridget Armstrong, PhD, Josh Culverhouse, PhD, et al.)",Existing Codebook
com.unicostudio.braintest,Games,GAME_TRIVIA,"University of South Carolina Arnold School of Public Health Arnold Healthy Kids Initiative (Bridget Armstrong, PhD, Josh Culverhouse, PhD, et al.), BCM CNRC",Existing Codebook
com.unocart.unomoney,Lifestyle,LIFESTYLE,"University of South Carolina Arnold School of Public Health Arnold Healthy Kids Initiative (Bridget Armstrong, PhD, Josh Culverhouse, PhD, et al.)",Existing Codebook
com.unscripted.posing.app,Photography,PHOTOGRAPHY,"University of South Carolina Arnold School of Public Health Arnold Healthy Kids Initiative (Bridget Armstrong, PhD, Josh Culverhouse, PhD, et al.)",Existing Codebook
com.upace.ymcasf1,Health,HEALTH_AND_FITNESS,"University of South Carolina Arnold School of Public Health Arnold Healthy Kids Initiative (Bridget Armstrong, PhD, Josh Culverhouse, PhD, et al.)",Existing Codebook
com.upmc.android.upmcanywherecare,Health,MEDICAL,"University of South Carolina Arnold School of Public Health Arnold Healthy Kids Initiative (Bridget Armstrong, PhD, Josh Culverhouse, PhD, et al.)",Existing Codebook
com.upmc.enterprises.myupmc,Health,MEDICAL,"University of South Carolina Arnold School of Public Health Arnold Healthy Kids Initiative (Bridget Armstrong, PhD, Josh Culverhouse, PhD, et al.)",Existing Codebook
com.upmchealthplan.rxwell20200721,Health,HEALTH_AND_FITNESS,"University of South Carolina Arnold School of Public Health Arnold Healthy Kids Initiative (Bridget Armstrong, PhD, Josh Culverhouse, PhD, et al.)",Existing Codebook
com.upside.consumer.android,Travel & Local,TRAVEL_AND_LOCAL,"University of South Carolina Arnold School of Public Health Arnold Healthy Kids Initiative (Bridget Armstrong, PhD, Josh Culverhouse, PhD, et al.), BCM CNRC",Existing Codebook
com.urbandroid.sleep,Lifestyle,LIFESTYLE,"University of South Carolina Arnold School of Public Health Arnold Healthy Kids Initiative (Bridget Armstrong, PhD, Josh Culverhouse, PhD, et al.)",Existing Codebook
com.usaa.mobile.android.usaa,Productivity & Business,FINANCE,"University of South Carolina Arnold School of Public Health Arnold Healthy Kids Initiative (Bridget Armstrong, PhD, Josh Culverhouse, PhD, et al.), BCM CNRC",Existing Codebook
com.usablenet.mobile.walgreen,Lifestyle,SHOPPING,"University of South Carolina Arnold School of Public Health Arnold Healthy Kids Initiative (Bridget Armstrong, PhD, Josh Culverhouse, PhD, et al.), BCM CNRC",Existing Codebook
com.usbank.mobilebanking,Productivity & Business,FINANCE,"University of South Carolina Arnold School of Public Health Arnold Healthy Kids Initiative (Bridget Armstrong, PhD, Josh Culverhouse, PhD, et al.)",Existing Codebook
com.ust.sheetzretapp,Lifestyle,LIFESTYLE,"University of South Carolina Arnold School of Public Health Arnold Healthy Kids Initiative (Bridget Armstrong, PhD, Josh Culverhouse, PhD, et al.)",Existing Codebook
com.uvnv.mintsim,Productivity & Business,TOOLS,"University of South Carolina Arnold School of Public Health Arnold Healthy Kids Initiative (Bridget Armstrong, PhD, Josh Culverhouse, PhD, et al.), BCM CNRC",Existing Codebook
com.vagaro,Lifestyle,LIFESTYLE,"University of South Carolina Arnold School of Public Health Arnold Healthy Kids Initiative (Bridget Armstrong, PhD, Josh Culverhouse, PhD, et al.)",Existing Codebook
com.vanguard,Productivity & Business,FINANCE,"University of South Carolina Arnold School of Public Health Arnold Healthy Kids Initiative (Bridget Armstrong, PhD, Josh Culverhouse, PhD, et al.)",Existing Codebook
com.varomoney.bank,Productivity & Business,FINANCE,"University of South Carolina Arnold School of Public Health Arnold Healthy Kids Initiative (Bridget Armstrong, PhD, Josh Culverhouse, PhD, et al.)",Existing Codebook
com.vectorm.pixel.unicorns,Games,GAME_BOARD,"University of South Carolina Arnold School of Public Health Arnold Healthy Kids Initiative (Bridget Armstrong, PhD, Josh Culverhouse, PhD, et al.)",Existing Codebook
com.vectorm.videocatcalls,Games,GAME_CASUAL,"University of South Carolina Arnold School of Public Health Arnold Healthy Kids Initiative (Bridget Armstrong, PhD, Josh Culverhouse, PhD, et al.)",Existing Codebook
com.venmo,Productivity & Business,FINANCE,"University of South Carolina Arnold School of Public Health Arnold Healthy Kids Initiative (Bridget Armstrong, PhD, Josh Culverhouse, PhD, et al.), BCM CNRC",Existing Codebook
com.veryfit2hr.second,Health,HEALTH_AND_FITNESS,"University of South Carolina Arnold School of Public Health Arnold Healthy Kids Initiative (Bridget Armstrong, PhD, Josh Culverhouse, PhD, et al.)",Existing Codebook
com.viber.voip,Social & Communication,COMMUNICATION,"University of South Carolina Arnold School of Public Health Arnold Healthy Kids Initiative (Bridget Armstrong, PhD, Josh Culverhouse, PhD, et al.), BCM CNRC",Existing Codebook
com.visiblemobile.flagship,Social & Communication,COMMUNICATION,"University of South Carolina Arnold School of Public Health Arnold Healthy Kids Initiative (Bridget Armstrong, PhD, Josh Culverhouse, PhD, et al.)",Existing Codebook
com.vrbo.android,Travel & Local,TRAVEL_AND_LOCAL,"University of South Carolina Arnold School of Public Health Arnold Healthy Kids Initiative (Bridget Armstrong, PhD, Josh Culverhouse, PhD, et al.)",Existing Codebook
com.vzw.hss.myverizon,Productivity & Business,TOOLS,"University of South Carolina Arnold School of Public Health Arnold Healthy Kids Initiative (Bridget Armstrong, PhD, Josh Culverhouse, PhD, et al.), BCM CNRC",Existing Codebook
com.wakefern.shoprite,Lifestyle,SHOPPING,"University of South Carolina Arnold School of Public Health Arnold Healthy Kids Initiative (Bridget Armstrong, PhD, Josh Culverhouse, PhD, et al.)",Existing Codebook
com.walmart.android,Lifestyle,SHOPPING,"University of South Carolina Arnold School of Public Health Arnold Healthy Kids Initiative (Bridget Armstrong, PhD, Josh Culverhouse, PhD, et al.), BCM CNRC",Existing Codebook
com.watch.life,Health,HEALTH_AND_FITNESS,"University of South Carolina Arnold School of Public Health Arnold Healthy Kids Initiative (Bridget Armstrong, PhD, Josh Culverhouse, PhD, et al.)",Existing Codebook
com.water.reminder.tracker,Health,HEALTH_AND_FITNESS,"University of South Carolina Arnold School of Public Health Arnold Healthy Kids Initiative (Bridget Armstrong, PhD, Josh Culverhouse, PhD, et al.)",Existing Codebook
com.watercountry.mobile,Entertainment,ENTERTAINMENT,"University of South Carolina Arnold School of Public Health Arnold Healthy Kids Initiative (Bridget Armstrong, PhD, Josh Culverhouse, PhD, et al.)",Existing Codebook
com.wawagame.app.colorfulworld,Games,GAME_CASUAL,"University of South Carolina Arnold School of Public Health Arnold Healthy Kids Initiative (Bridget Armstrong, PhD, Josh Culverhouse, PhD, et al.)",Existing Codebook
com.wayfair.wayfair,Lifestyle,SHOPPING,"University of South Carolina Arnold School of Public Health Arnold Healthy Kids Initiative (Bridget Armstrong, PhD, Josh Culverhouse, PhD, et al.), BCM CNRC",Existing Codebook
com.waze,Travel & Local,MAPS_AND_NAVIGATION,"University of South Carolina Arnold School of Public Health Arnold Healthy Kids Initiative (Bridget Armstrong, PhD, Josh Culverhouse, PhD, et al.), BCM CNRC",Existing Codebook
com.wbd.stream,Entertainment,ENTERTAINMENT,"University of South Carolina Arnold School of Public Health Arnold Healthy Kids Initiative (Bridget Armstrong, PhD, Josh Culverhouse, PhD, et al.), BCM CNRC",Existing Codebook
com.wealthfront,Productivity & Business,FINANCE,"University of South Carolina Arnold School of Public Health Arnold Healthy Kids Initiative (Bridget Armstrong, PhD, Josh Culverhouse, PhD, et al.)",Existing Codebook
com.weather.Weather,Travel & Local,WEATHER,"University of South Carolina Arnold School of Public Health Arnold Healthy Kids Initiative (Bridget Armstrong, PhD, Josh Culverhouse, PhD, et al.), BCM CNRC",Existing Codebook
com.webmarketing.exxonmpl,Travel & Local,MAPS_AND_NAVIGATION,"University of South Carolina Arnold School of Public Health Arnold Healthy Kids Initiative (Bridget Armstrong, PhD, Josh Culverhouse, PhD, et al.)",Existing Codebook
com.webmaster.emotion.inside,Games,GAME_ACTION,"University of South Carolina Arnold School of Public Health Arnold Healthy Kids Initiative (Bridget Armstrong, PhD, Josh Culverhouse, PhD, et al.)",Existing Codebook
com.weddingwire.business,Productivity & Business,BUSINESS,"University of South Carolina Arnold School of Public Health Arnold Healthy Kids Initiative (Bridget Armstrong, PhD, Josh Culverhouse, PhD, et al.)",Existing Codebook
com.weegoon.thiefpuzzle,Games,GAME_PUZZLE,"University of South Carolina Arnold School of Public Health Arnold Healthy Kids Initiative (Bridget Armstrong, PhD, Josh Culverhouse, PhD, et al.), BCM CNRC",Existing Codebook
com.wendys.nutritiontool,Lifestyle,FOOD_AND_DRINK,"University of South Carolina Arnold School of Public Health Arnold Healthy Kids Initiative (Bridget Armstrong, PhD, Josh Culverhouse, PhD, et al.), BCM CNRC",Existing Codebook
com.wf.wellsfargomobile,Productivity & Business,FINANCE,"University of South Carolina Arnold School of Public Health Arnold Healthy Kids Initiative (Bridget Armstrong, PhD, Josh Culverhouse, PhD, et al.), BCM CNRC",Existing Codebook
com.whaleshark.retailmenot,Lifestyle,SHOPPING,"University of South Carolina Arnold School of Public Health Arnold Healthy Kids Initiative (Bridget Armstrong, PhD, Josh Culverhouse, PhD, et al.)",Existing Codebook
com.whatnot_mobile,Lifestyle,SHOPPING,"University of South Carolina Arnold School of Public Health Arnold Healthy Kids Initiative (Bridget Armstrong, PhD, Josh Culverhouse, PhD, et al.)",Existing Codebook
com.whatsapp,Social & Communication,COMMUNICATION,"University of South Carolina Arnold School of Public Health Arnold Healthy Kids Initiative (Bridget Armstrong, PhD, Josh Culverhouse, PhD, et al.), BCM CNRC",Existing Codebook
com.wikibuy.prod.main,Lifestyle,SHOPPING,"University of South Carolina Arnold School of Public Health Arnold Healthy Kids Initiative (Bridget Armstrong, PhD, Josh Culverhouse, PhD, et al.), BCM CNRC",Existing Codebook
com.wingboat.AllowanceBot,Lifestyle,PARENTING,"University of South Carolina Arnold School of Public Health Arnold Healthy Kids Initiative (Bridget Armstrong, PhD, Josh Culverhouse, PhD, et al.)",Existing Codebook
com.winwalk.android,Health,HEALTH_AND_FITNESS,"University of South Carolina Arnold School of Public Health Arnold Healthy Kids Initiative (Bridget Armstrong, PhD, Josh Culverhouse, PhD, et al.)",Existing Codebook
com.wowwee.doge,Entertainment,ENTERTAINMENT,"University of South Carolina Arnold School of Public Health Arnold Healthy Kids Initiative (Bridget Armstrong, PhD, Josh Culverhouse, PhD, et al.)",Existing Codebook
com.wsandroid.suite.tmobile,Productivity & Business,PRODUCTIVITY,"University of South Carolina Arnold School of Public Health Arnold Healthy Kids Initiative (Bridget Armstrong, PhD, Josh Culverhouse, PhD, et al.), BCM CNRC",Existing Codebook
com.xfinity.digitalhome,Productivity & Business,PRODUCTIVITY,"University of South Carolina Arnold School of Public Health Arnold Healthy Kids Initiative (Bridget Armstrong, PhD, Josh Culverhouse, PhD, et al.), BCM CNRC",Existing Codebook
com.xiaomi.midrop,Productivity & Business,TOOLS,"University of South Carolina Arnold School of Public Health Arnold Healthy Kids Initiative (Bridget Armstrong, PhD, Josh Culverhouse, PhD, et al.)",Existing Codebook
com.xiyou.puzzle.card.solitaire.classic,Games,GAME_CARD,"University of South Carolina Arnold School of Public Health Arnold Healthy Kids Initiative (Bridget Armstrong, PhD, Josh Culverhouse, PhD, et al.)",Existing Codebook
com.yahoo.mobile.client.android.mail,Social & Communication,COMMUNICATION,"University of South Carolina Arnold School of Public Health Arnold Healthy Kids Initiative (Bridget Armstrong, PhD, Josh Culverhouse, PhD, et al.), BCM CNRC",Existing Codebook
com.yelp.android,Lifestyle,FOOD_AND_DRINK,"University of South Carolina Arnold School of Public Health Arnold Healthy Kids Initiative (Bridget Armstrong, PhD, Josh Culverhouse, PhD, et al.), BCM CNRC",Existing Codebook
com.yelp.android.biz,Productivity & Business,BUSINESS,"University of South Carolina Arnold School of Public Health Arnold Healthy Kids Initiative (Bridget Armstrong, PhD, Josh Culverhouse, PhD, et al.)",Existing Codebook
com.yolostudio.theimpostor,Games,GAME_ACTION,"University of South Carolina Arnold School of Public Health Arnold Healthy Kids Initiative (Bridget Armstrong, PhD, Josh Culverhouse, PhD, et al.), BCM CNRC",Existing Codebook
com.yotoplay.yoto,Entertainment,ENTERTAINMENT,"University of South Carolina Arnold School of Public Health Arnold Healthy Kids Initiative (Bridget Armstrong, PhD, Josh Culverhouse, PhD, et al.), BCM CNRC",Existing Codebook
com.yougov.mobile.online,Social & Communication,SOCIAL,"University of South Carolina Arnold School of Public Health Arnold Healthy Kids Initiative (Bridget Armstrong, PhD, Josh Culverhouse, PhD, et al.)",Existing Codebook
com.yunyi.smartcamera,Video Players (e.g. YouTube),VIDEO_PLAYERS,"University of South Carolina Arnold School of Public Health Arnold Healthy Kids Initiative (Bridget Armstrong, PhD, Josh Culverhouse, PhD, et al.)",Existing Codebook
com.zellepay.zelle,Productivity & Business,FINANCE,"University of South Carolina Arnold School of Public Health Arnold Healthy Kids Initiative (Bridget Armstrong, PhD, Josh Culverhouse, PhD, et al.), BCM CNRC",Existing Codebook
com.zeptolab.evopop,Games,GAME_PUZZLE,"University of South Carolina Arnold School of Public Health Arnold Healthy Kids Initiative (Bridget Armstrong, PhD, Josh Culverhouse, PhD, et al.)",Existing Codebook
com.zeptolab.omnomrun.google,Games,GAME_ACTION,"University of South Carolina Arnold School of Public Health Arnold Healthy Kids Initiative (Bridget Armstrong, PhD, Josh Culverhouse, PhD, et al.), BCM CNRC",Existing Codebook
com.zerologicgames.findaway,Games,GAME_PUZZLE,"University of South Carolina Arnold School of Public Health Arnold Healthy Kids Initiative (Bridget Armstrong, PhD, Josh Culverhouse, PhD, et al.)",Existing Codebook
com.zhiliaoapp.musically,Social & Communication,SOCIAL,"University of South Carolina Arnold School of Public Health Arnold Healthy Kids Initiative (Bridget Armstrong, PhD, Josh Culverhouse, PhD, et al.), BCM CNRC",Existing Codebook
com.zillow.android.zillowmap,Lifestyle,HOUSE_AND_HOME,"University of South Carolina Arnold School of Public Health Arnold Healthy Kids Initiative (Bridget Armstrong, PhD, Josh Culverhouse, PhD, et al.), BCM CNRC",Existing Codebook
com.zumimall.protecthome,Productivity & Business,BUSINESS,"University of South Carolina Arnold School of Public Health Arnold Healthy Kids Initiative (Bridget Armstrong, PhD, Josh Culverhouse, PhD, et al.)",Existing Codebook
com.zutgames.ilovehue,Games,GAME_PUZZLE,"University of South Carolina Arnold School of Public Health Arnold Healthy Kids Initiative (Bridget Armstrong, PhD, Josh Culverhouse, PhD, et al.)",Existing Codebook
com.zzkko,Lifestyle,SHOPPING,"University of South Carolina Arnold School of Public Health Arnold Healthy Kids Initiative (Bridget Armstrong, PhD, Josh Culverhouse, PhD, et al.), BCM CNRC",Existing Codebook
connectiq.miles.app,Lifestyle,LIFESTYLE,"University of South Carolina Arnold School of Public Health Arnold Healthy Kids Initiative (Bridget Armstrong, PhD, Josh Culverhouse, PhD, et al.)",Existing Codebook
crumbl.cookies,Lifestyle,FOOD_AND_DRINK,"University of South Carolina Arnold School of Public Health Arnold Healthy Kids Initiative (Bridget Armstrong, PhD, Josh Culverhouse, PhD, et al.), BCM CNRC",Existing Codebook
cz.vanama.scorecounter,Entertainment,ENTERTAINMENT,"University of South Carolina Arnold School of Public Health Arnold Healthy Kids Initiative (Bridget Armstrong, PhD, Josh Culverhouse, PhD, et al.)",Existing Codebook
de.apptiv.business.android.aldi_us,Lifestyle,SHOPPING,"University of South Carolina Arnold School of Public Health Arnold Healthy Kids Initiative (Bridget Armstrong, PhD, Josh Culverhouse, PhD, et al.)",Existing Codebook
devdnua.clipboard,Productivity & Business,PRODUCTIVITY,"University of South Carolina Arnold School of Public Health Arnold Healthy Kids Initiative (Bridget Armstrong, PhD, Josh Culverhouse, PhD, et al.)",Existing Codebook
edu.northwell.dpxapp,Health,MEDICAL,"University of South Carolina Arnold School of Public Health Arnold Healthy Kids Initiative (Bridget Armstrong, PhD, Josh Culverhouse, PhD, et al.)",Existing Codebook
edu.pitt.shrs.useit,Health,HEALTH_AND_FITNESS,"University of South Carolina Arnold School of Public Health Arnold Healthy Kids Initiative (Bridget Armstrong, PhD, Josh Culverhouse, PhD, et al.)",Existing Codebook
epic.mychart.android,Health,MEDICAL,"University of South Carolina Arnold School of Public Health Arnold Healthy Kids Initiative (Bridget Armstrong, PhD, Josh Culverhouse, PhD, et al.), BCM CNRC",Existing Codebook
epson.print,Productivity & Business,TOOLS,"University of South Carolina Arnold School of Public Health Arnold Healthy Kids Initiative (Bridget Armstrong, PhD, Josh Culverhouse, PhD, et al.)",Existing Codebook
es.monkimun.lingokids,Education,EDUCATION,"University of South Carolina Arnold School of Public Health Arnold Healthy Kids Initiative (Bridget Armstrong, PhD, Josh Culverhouse, PhD, et al.), BCM CNRC",Existing Codebook
es.socialpoint.DragonCity,Games,GAME_SIMULATION,"University of South Carolina Arnold School of Public Health Arnold Healthy Kids Initiative (Bridget Armstrong, PhD, Josh Culverhouse, PhD, et al.), BCM CNRC",Existing Codebook
ewc.ewcandroid,Lifestyle,LIFESTYLE,"University of South Carolina Arnold School of Public Health Arnold Healthy Kids Initiative (Bridget Armstrong, PhD, Josh Culverhouse, PhD, et al.)",Existing Codebook
face.yoga.exercise.massage.skincare,Health,HEALTH_AND_FITNESS,"University of South Carolina Arnold School of Public Health Arnold Healthy Kids Initiative (Bridget Armstrong, PhD, Josh Culverhouse, PhD, et al.)",Existing Codebook
faceyoga.facefitness.dailyworkouts,Health,HEALTH_AND_FITNESS,"University of South Carolina Arnold School of Public Health Arnold Healthy Kids Initiative (Bridget Armstrong, PhD, Josh Culverhouse, PhD, et al.)",Existing Codebook
fall.stars.race,Games,GAME_ARCADE,"University of South Carolina Arnold School of Public Health Arnold Healthy Kids Initiative (Bridget Armstrong, PhD, Josh Culverhouse, PhD, et al.)",Existing Codebook
fm.castbox.audiobook.radio.podcast,Entertainment,MUSIC_AND_AUDIO,"University of South Carolina Arnold School of Public Health Arnold Healthy Kids Initiative (Bridget Armstrong, PhD, Josh Culverhouse, PhD, et al.)",Existing Codebook
fm.player,Entertainment,MUSIC_AND_AUDIO,"University of South Carolina Arnold School of Public Health Arnold Healthy Kids Initiative (Bridget Armstrong, PhD, Josh Culverhouse, PhD, et al.)",Existing Codebook
fr.wemoms,Lifestyle,PARENTING,"University of South Carolina Arnold School of Public Health Arnold Healthy Kids Initiative (Bridget Armstrong, PhD, Josh Culverhouse, PhD, et al.)",Existing Codebook
free.os.jump.superbros.adventure.world,Games,GAME_ADVENTURE,"University of South Carolina Arnold School of Public Health Arnold Healthy Kids Initiative (Bridget Armstrong, PhD, Josh Culverhouse, PhD, et al.)",Existing Codebook
gg.sunday.dog.escape.puzzle,Games,GAME_CASUAL,"University of South Carolina Arnold School of Public Health Arnold Healthy Kids Initiative (Bridget Armstrong, PhD, Josh Culverhouse, PhD, et al.), BCM CNRC",Existing Codebook
go.bolay.app,Lifestyle,FOOD_AND_DRINK,"University of South Carolina Arnold School of Public Health Arnold Healthy Kids Initiative (Bridget Armstrong, PhD, Josh Culverhouse, PhD, et al.)",Existing Codebook
goodapps1.scarystories,Entertainment,BOOKS_AND_REFERENCE,"University of South Carolina Arnold School of Public Health Arnold Healthy Kids Initiative (Bridget Armstrong, PhD, Josh Culverhouse, PhD, et al.)",Existing Codebook
gov.irs,Productivity & Business,FINANCE,"University of South Carolina Arnold School of Public Health Arnold Healthy Kids Initiative (Bridget Armstrong, PhD, Josh Culverhouse, PhD, et al.)",Existing Codebook
gov.miamidade.MDTTracker,Travel & Local,MAPS_AND_NAVIGATION,"University of South Carolina Arnold School of Public Health Arnold Healthy Kids Initiative (Bridget Armstrong, PhD, Josh Culverhouse, PhD, et al.)",Existing Codebook
gov.nps.mobileapp,Travel & Local,TRAVEL_AND_LOCAL,"University of South Carolina Arnold School of Public Health Arnold Healthy Kids Initiative (Bridget Armstrong, PhD, Josh Culverhouse, PhD, et al.)",Existing Codebook
gov.pa.dhs.compassmobile,Health,HEALTH_AND_FITNESS,"University of South Carolina Arnold School of Public Health Arnold Healthy Kids Initiative (Bridget Armstrong, PhD, Josh Culverhouse, PhD, et al.)",Existing Codebook
gov.ssa.mkwr,Productivity & Business,FINANCE,"University of South Carolina Arnold School of Public Health Arnold Healthy Kids Initiative (Bridget Armstrong, PhD, Josh Culverhouse, PhD, et al.)",Existing Codebook
homeworkout.homeworkouts.noequipment,Health,HEALTH_AND_FITNESS,"University of South Carolina Arnold School of Public Health Arnold Healthy Kids Initiative (Bridget Armstrong, PhD, Josh Culverhouse, PhD, et al.)",Existing Codebook
id.flip,Productivity & Business,FINANCE,"University of South Carolina Arnold School of Public Health Arnold Healthy Kids Initiative (Bridget Armstrong, PhD, Josh Culverhouse, PhD, et al.)",Existing Codebook
idle.goblins.wood.tycoon,Games,GAME_SIMULATION,"University of South Carolina Arnold School of Public Health Arnold Healthy Kids Initiative (Bridget Armstrong, PhD, Josh Culverhouse, PhD, et al.)",Existing Codebook
ie.zappy.fennec.jazzerciseusa,Health,HEALTH_AND_FITNESS,"University of South Carolina Arnold School of Public Health Arnold Healthy Kids Initiative (Bridget Armstrong, PhD, Josh Culverhouse, PhD, et al.)",Existing Codebook
ie.zappy.fennec.oneapp_glofox,Health,HEALTH_AND_FITNESS,"University of South Carolina Arnold School of Public Health Arnold Healthy Kids Initiative (Bridget Armstrong, PhD, Josh Culverhouse, PhD, et al.)",Existing Codebook
ielts.speaking.pro,Education,EDUCATION,"University of South Carolina Arnold School of Public Health Arnold Healthy Kids Initiative (Bridget Armstrong, PhD, Josh Culverhouse, PhD, et al.)",Existing Codebook
in.amazon.mShop.android.shopping,Lifestyle,SHOPPING,"University of South Carolina Arnold School of Public Health Arnold Healthy Kids Initiative (Bridget Armstrong, PhD, Josh Culverhouse, PhD, et al.)",Existing Codebook
intechsolutions.photorestore,Photography,PHOTOGRAPHY,"University of South Carolina Arnold School of Public Health Arnold Healthy Kids Initiative (Bridget Armstrong, PhD, Josh Culverhouse, PhD, et al.)",Existing Codebook
io.bankingon.amh,Productivity & Business,FINANCE,"University of South Carolina Arnold School of Public Health Arnold Healthy Kids Initiative (Bridget Armstrong, PhD, Josh Culverhouse, PhD, et al.)",Existing Codebook
io.discuss.dio_mobile,Productivity & Business,TOOLS,"University of South Carolina Arnold School of Public Health Arnold Healthy Kids Initiative (Bridget Armstrong, PhD, Josh Culverhouse, PhD, et al.)",Existing Codebook
io.supercent.janeasmr,Games,GAME_SIMULATION,"University of South Carolina Arnold School of Public Health Arnold Healthy Kids Initiative (Bridget Armstrong, PhD, Josh Culverhouse, PhD, et al.)",Existing Codebook
io.voodoo.holeio,Games,GAME_ARCADE,"University of South Carolina Arnold School of Public Health Arnold Healthy Kids Initiative (Bridget Armstrong, PhD, Josh Culverhouse, PhD, et al.), BCM CNRC",Existing Codebook
io.voodoo.paper2,Games,GAME_ARCADE,"University of South Carolina Arnold School of Public Health Arnold Healthy Kids Initiative (Bridget Armstrong, PhD, Josh Culverhouse, PhD, et al.), BCM CNRC",Existing Codebook
jp.co.canon.android.printservice.plugin,Productivity & Business,TOOLS,"University of South Carolina Arnold School of Public Health Arnold Healthy Kids Initiative (Bridget Armstrong, PhD, Josh Culverhouse, PhD, et al.)",Existing Codebook
jp.co.canon.bsd.ad.pixmaprint,Productivity & Business,TOOLS,"University of South Carolina Arnold School of Public Health Arnold Healthy Kids Initiative (Bridget Armstrong, PhD, Josh Culverhouse, PhD, et al.), BCM CNRC",Existing Codebook
jp.co.canon.ic.cameraconnect,Photography,PHOTOGRAPHY,"University of South Carolina Arnold School of Public Health Arnold Healthy Kids Initiative (Bridget Armstrong, PhD, Josh Culverhouse, PhD, et al.)",Existing Codebook
jp.co.dwango.HcgDW007SandwichRun,Games,GAME_ACTION,"University of South Carolina Arnold School of Public Health Arnold Healthy Kids Initiative (Bridget Armstrong, PhD, Josh Culverhouse, PhD, et al.)",Existing Codebook
jp.co.pointblur.android.app.quick,Photography,PHOTOGRAPHY,"University of South Carolina Arnold School of Public Health Arnold Healthy Kids Initiative (Bridget Armstrong, PhD, Josh Culverhouse, PhD, et al.)",Existing Codebook
jp.icepop.steppuzzle,Games,GAME_PUZZLE,"University of South Carolina Arnold School of Public Health Arnold Healthy Kids Initiative (Bridget Armstrong, PhD, Josh Culverhouse, PhD, et al.)",Existing Codebook
jp.ne.ibis.ibispaintx.app,Productivity & Business,ART_AND_DESIGN,"University of South Carolina Arnold School of Public Health Arnold Healthy Kids Initiative (Bridget Armstrong, PhD, Josh Culverhouse, PhD, et al.)",Existing Codebook
math.puzzle.games.crossmath.number.puzzles.free,Games,GAME_PUZZLE,"University of South Carolina Arnold School of Public Health Arnold Healthy Kids Initiative (Bridget Armstrong, PhD, Josh Culverhouse, PhD, et al.)",Existing Codebook
me.lyft.android,Travel & Local,MAPS_AND_NAVIGATION,"University of South Carolina Arnold School of Public Health Arnold Healthy Kids Initiative (Bridget Armstrong, PhD, Josh Culverhouse, PhD, et al.), BCM CNRC",Existing Codebook
mindware.mindgamespro,Games,GAME_PUZZLE,"University of South Carolina Arnold School of Public Health Arnold Healthy Kids Initiative (Bridget Armstrong, PhD, Josh Culverhouse, PhD, et al.)",Existing Codebook
mobi.abcmouse.academy_goo,Education,EDUCATION,"University of South Carolina Arnold School of Public Health Arnold Healthy Kids Initiative (Bridget Armstrong, PhD, Josh Culverhouse, PhD, et al.), BCM CNRC",Existing Codebook
mp3videoconverter.videotomp3.videotomp3converter,Video Players (e.g. YouTube),VIDEO_PLAYERS,"University of South Carolina Arnold School of Public Health Arnold Healthy Kids Initiative (Bridget Armstrong, PhD, Josh Culverhouse, PhD, et al.)",Existing Codebook
mytown.amusementpark.free,Games,GAME_EDUCATIONAL,"University of South Carolina Arnold School of Public Health Arnold Healthy Kids Initiative (Bridget Armstrong, PhD, Josh Culverhouse, PhD, et al.)",Existing Codebook
neewer.nginx.annularlight,Productivity & Business,PERSONALIZATION,"University of South Carolina Arnold School of Public Health Arnold Healthy Kids Initiative (Bridget Armstrong, PhD, Josh Culverhouse, PhD, et al.)",Existing Codebook
net.appzzang.book_finder,Education,EDUCATION,"University of South Carolina Arnold School of Public Health Arnold Healthy Kids Initiative (Bridget Armstrong, PhD, Josh Culverhouse, PhD, et al.)",Existing Codebook
net.booksy.customer,Lifestyle,BEAUTY,"University of South Carolina Arnold School of Public Health Arnold Healthy Kids Initiative (Bridget Armstrong, PhD, Josh Culverhouse, PhD, et al.)",Existing Codebook
net.cachapa.libra,Health,HEALTH_AND_FITNESS,"University of South Carolina Arnold School of Public Health Arnold Healthy Kids Initiative (Bridget Armstrong, PhD, Josh Culverhouse, PhD, et al.)",Existing Codebook
net.comeandsee.thechosen,Entertainment,ENTERTAINMENT,"University of South Carolina Arnold School of Public Health Arnold Healthy Kids Initiative (Bridget Armstrong, PhD, Josh Culverhouse, PhD, et al.), BCM CNRC",Existing Codebook
net.frameo.app,Photography,PHOTOGRAPHY,"University of South Carolina Arnold School of Public Health Arnold Healthy Kids Initiative (Bridget Armstrong, PhD, Josh Culverhouse, PhD, et al.)",Existing Codebook
net.mobigame.zombietsunami,Games,GAME_ARCADE,"University of South Carolina Arnold School of Public Health Arnold Healthy Kids Initiative (Bridget Armstrong, PhD, Josh Culverhouse, PhD, et al.)",Existing Codebook
net.oneplus.weather,Travel & Local,WEATHER,"University of South Carolina Arnold School of Public Health Arnold Healthy Kids Initiative (Bridget Armstrong, PhD, Josh Culverhouse, PhD, et al.)",Existing Codebook
net.peakgames.amy,Games,GAME_PUZZLE,"University of South Carolina Arnold School of Public Health Arnold Healthy Kids Initiative (Bridget Armstrong, PhD, Josh Culverhouse, PhD, et al.)",Existing Codebook
net.slickdeals.android,Lifestyle,SHOPPING,"University of South Carolina Arnold School of Public Health Arnold Healthy Kids Initiative (Bridget Armstrong, PhD, Josh Culverhouse, PhD, et al.), BCM CNRC",Existing Codebook
net.studycat.funspanish,Education,EDUCATION,"University of South Carolina Arnold School of Public Health Arnold Healthy Kids Initiative (Bridget Armstrong, PhD, Josh Culverhouse, PhD, et al.)",Existing Codebook
net.zedge.android,Productivity & Business,PERSONALIZATION,"University of South Carolina Arnold School of Public Health Arnold Healthy Kids Initiative (Bridget Armstrong, PhD, Josh Culverhouse, PhD, et al.)",Existing Codebook
org.brilliant.android,Education,EDUCATION,"University of South Carolina Arnold School of Public Health Arnold Healthy Kids Initiative (Bridget Armstrong, PhD, Josh Culverhouse, PhD, et al.), BCM CNRC",Existing Codebook
org.communico.mdpls,Education,EDUCATION,"University of South Carolina Arnold School of Public Health Arnold Healthy Kids Initiative (Bridget Armstrong, PhD, Josh Culverhouse, PhD, et al.)",Existing Codebook
org.dashnet.cookieclicker,Games,GAME_SIMULATION,"University of South Carolina Arnold School of Public Health Arnold Healthy Kids Initiative (Bridget Armstrong, PhD, Josh Culverhouse, PhD, et al.), BCM CNRC",Existing Codebook
org.inaturalist.seek,Education,EDUCATION,"University of South Carolina Arnold School of Public Health Arnold Healthy Kids Initiative (Bridget Armstrong, PhD, Josh Culverhouse, PhD, et al.)",Existing Codebook
org.khankids.android,Education,EDUCATION,"University of South Carolina Arnold School of Public Health Arnold Healthy Kids Initiative (Bridget Armstrong, PhD, Josh Culverhouse, PhD, et al.), BCM CNRC",Existing Codebook
org.mozilla.firefox,Social & Communication,COMMUNICATION,"University of South Carolina Arnold School of Public Health Arnold Healthy Kids Initiative (Bridget Armstrong, PhD, Josh Culverhouse, PhD, et al.)",Existing Codebook
org.nutritionfacts.dailydozen,Health,HEALTH_AND_FITNESS,"University of South Carolina Arnold School of Public Health Arnold Healthy Kids Initiative (Bridget Armstrong, PhD, Josh Culverhouse, PhD, et al.)",Existing Codebook
org.pbskids.gamesapp,Games,GAME_EDUCATIONAL,"University of South Carolina Arnold School of Public Health Arnold Healthy Kids Initiative (Bridget Armstrong, PhD, Josh Culverhouse, PhD, et al.), BCM CNRC",Existing Codebook
org.pbskids.scratchjr,Education,EDUCATION,"University of South Carolina Arnold School of Public Health Arnold Healthy Kids Initiative (Bridget Armstrong, PhD, Josh Culverhouse, PhD, et al.), BCM CNRC",Existing Codebook
org.pbskids.video,Education,EDUCATION,"University of South Carolina Arnold School of Public Health Arnold Healthy Kids Initiative (Bridget Armstrong, PhD, Josh Culverhouse, PhD, et al.), BCM CNRC",Existing Codebook
org.plantnet,Education,EDUCATION,"University of South Carolina Arnold School of Public Health Arnold Healthy Kids Initiative (Bridget Armstrong, PhD, Josh Culverhouse, PhD, et al.), BCM CNRC",Existing Codebook
org.prismahealth.go,Health,MEDICAL,"University of South Carolina Arnold School of Public Health Arnold Healthy Kids Initiative (Bridget Armstrong, PhD, Josh Culverhouse, PhD, et al.)",Existing Codebook
org.rti.tv.studysense,Productivity & Business,BUSINESS,"University of South Carolina Arnold School of Public Health Arnold Healthy Kids Initiative (Bridget Armstrong, PhD, Josh Culverhouse, PhD, et al.)",Existing Codebook
org.talkingpoints.parents,Education,EDUCATION,"University of South Carolina Arnold School of Public Health Arnold Healthy Kids Initiative (Bridget Armstrong, PhD, Josh Culverhouse, PhD, et al.)",Existing Codebook
org.teachyourmonster.adventurouseating,Games,GAME_EDUCATIONAL,"University of South Carolina Arnold School of Public Health Arnold Healthy Kids Initiative (Bridget Armstrong, PhD, Josh Culverhouse, PhD, et al.)",Existing Codebook
org.telegram.messenger,Social & Communication,COMMUNICATION,"University of South Carolina Arnold School of Public Health Arnold Healthy Kids Initiative (Bridget Armstrong, PhD, Josh Culverhouse, PhD, et al.), BCM CNRC",Existing Codebook
org.thoughtcrime.securesms,Social & Communication,COMMUNICATION,"University of South Carolina Arnold School of Public Health Arnold Healthy Kids Initiative (Bridget Armstrong, PhD, Josh Culverhouse, PhD, et al.)",Existing Codebook
org.videolan.vlc,Video Players (e.g. YouTube),VIDEO_PLAYERS,"University of South Carolina Arnold School of Public Health Arnold Healthy Kids Initiative (Bridget Armstrong, PhD, Josh Culverhouse, PhD, et al.), BCM CNRC",Existing Codebook
paper.puzzle.fold.fun.play,Games,GAME_PUZZLE,"University of South Carolina Arnold School of Public Health Arnold Healthy Kids Initiative (Bridget Armstrong, PhD, Josh Culverhouse, PhD, et al.)",Existing Codebook
park.master.car.parking.games,Games,GAME_PUZZLE,"University of South Carolina Arnold School of Public Health Arnold Healthy Kids Initiative (Bridget Armstrong, PhD, Josh Culverhouse, PhD, et al.), BCM CNRC",Existing Codebook
pedometer.steptracker.calorieburner.stepcounter,Health,HEALTH_AND_FITNESS,"University of South Carolina Arnold School of Public Health Arnold Healthy Kids Initiative (Bridget Armstrong, PhD, Josh Culverhouse, PhD, et al.)",Existing Codebook
periodtracker.pregnancy.ovulationtracker,Health,HEALTH_AND_FITNESS,"University of South Carolina Arnold School of Public Health Arnold Healthy Kids Initiative (Bridget Armstrong, PhD, Josh Culverhouse, PhD, et al.)",Existing Codebook
photo.editor.photoeditor.photoeditorpro,Photography,PHOTOGRAPHY,"University of South Carolina Arnold School of Public Health Arnold Healthy Kids Initiative (Bridget Armstrong, PhD, Josh Culverhouse, PhD, et al.), BCM CNRC",Existing Codebook
photocollage.photoeditor.collagemaker,Photography,PHOTOGRAPHY,"University of South Carolina Arnold School of Public Health Arnold Healthy Kids Initiative (Bridget Armstrong, PhD, Josh Culverhouse, PhD, et al.)",Existing Codebook
photoeditor.layout.collagemaker,Photography,PHOTOGRAPHY,"University of South Carolina Arnold School of Public Health Arnold Healthy Kids Initiative (Bridget Armstrong, PhD, Josh Culverhouse, PhD, et al.)",Existing Codebook
pilatesworkout.yogaworkout.loseweight.workoutapps,Health,HEALTH_AND_FITNESS,"University of South Carolina Arnold School of Public Health Arnold Healthy Kids Initiative (Bridget Armstrong, PhD, Josh Culverhouse, PhD, et al.)",Existing Codebook
se.appfamily.coloring.dinosaurs.free,Games,GAME_CASUAL,"University of South Carolina Arnold School of Public Health Arnold Healthy Kids Initiative (Bridget Armstrong, PhD, Josh Culverhouse, PhD, et al.)",Existing Codebook
seesaw.shadowpuppet.co.classroom,Education,EDUCATION,"University of South Carolina Arnold School of Public Health Arnold Healthy Kids Initiative (Bridget Armstrong, PhD, Josh Culverhouse, PhD, et al.)",Existing Codebook
si.modula.android.instantheartrate,Health,HEALTH_AND_FITNESS,"University of South Carolina Arnold School of Public Health Arnold Healthy Kids Initiative (Bridget Armstrong, PhD, Josh Culverhouse, PhD, et al.)",Existing Codebook
sinet.startup.inDriver,Travel & Local,MAPS_AND_NAVIGATION,"University of South Carolina Arnold School of Public Health Arnold Healthy Kids Initiative (Bridget Armstrong, PhD, Josh Culverhouse, PhD, et al.)",Existing Codebook
src.com.bni,Productivity & Business,FINANCE,"University of South Carolina Arnold School of Public Health Arnold Healthy Kids Initiative (Bridget Armstrong, PhD, Josh Culverhouse, PhD, et al.)",Existing Codebook
stickman.thief.brain.puzzle,Games,GAME_PUZZLE,"University of South Carolina Arnold School of Public Health Arnold Healthy Kids Initiative (Bridget Armstrong, PhD, Josh Culverhouse, PhD, et al.)",Existing Codebook
su.canoe.zoo.elephant,Games,GAME_SIMULATION,"University of South Carolina Arnold School of Public Health Arnold Healthy Kids Initiative (Bridget Armstrong, PhD, Josh Culverhouse, PhD, et al.)",Existing Codebook
teaching_com.reading_com,Education,EDUCATION,"University of South Carolina Arnold School of Public Health Arnold Healthy Kids Initiative (Bridget Armstrong, PhD, Josh Culverhouse, PhD, et al.), BCM CNRC",Existing Codebook
team.alpha.aplayer,Video Players (e.g. YouTube),VIDEO_PLAYERS,"University of South Carolina Arnold School of Public Health Arnold Healthy Kids Initiative (Bridget Armstrong, PhD, Josh Culverhouse, PhD, et al.)",Existing Codebook
tinytap.kids.learning.games,Education,EDUCATION,"University of South Carolina Arnold School of Public Health Arnold Healthy Kids Initiative (Bridget Armstrong, PhD, Josh Culverhouse, PhD, et al.)",Existing Codebook
tv.pluto.android,Entertainment,ENTERTAINMENT,"University of South Carolina Arnold School of Public Health Arnold Healthy Kids Initiative (Bridget Armstrong, PhD, Josh Culverhouse, PhD, et al.), BCM CNRC",Existing Codebook
tv.skyship.supersimple,Education,EDUCATION,"University of South Carolina Arnold School of Public Health Arnold Healthy Kids Initiative (Bridget Armstrong, PhD, Josh Culverhouse, PhD, et al.), BCM CNRC",Existing Codebook
uk.co.bluezoo.numberblocks.meet,Games,GAME_EDUCATIONAL,"University of South Carolina Arnold School of Public Health Arnold Healthy Kids Initiative (Bridget Armstrong, PhD, Josh Culverhouse, PhD, et al.), BCM CNRC",Existing Codebook
us.mitene,Lifestyle,PARENTING,"University of South Carolina Arnold School of Public Health Arnold Healthy Kids Initiative (Bridget Armstrong, PhD, Josh Culverhouse, PhD, et al.)",Existing Codebook
us.sol.LongwoodPublicLibrary,Lifestyle,LIFESTYLE,"University of South Carolina Arnold School of Public Health Arnold Healthy Kids Initiative (Bridget Armstrong, PhD, Josh Culverhouse, PhD, et al.)",Existing Codebook
us.sol.OconeeCountyPublicLibrary,Lifestyle,LIFESTYLE,"University of South Carolina Arnold School of Public Health Arnold Healthy Kids Initiative (Bridget Armstrong, PhD, Josh Culverhouse, PhD, et al.)",Existing Codebook
us.zoom.videomeetings,Productivity & Business,BUSINESS,"University of South Carolina Arnold School of Public Health Arnold Healthy Kids Initiative (Bridget Armstrong, PhD, Josh Culverhouse, PhD, et al.), BCM CNRC",Existing Codebook
video.mojo,Photography,PHOTOGRAPHY,"University of South Carolina Arnold School of Public Health Arnold Healthy Kids Initiative (Bridget Armstrong, PhD, Josh Culverhouse, PhD, et al.)",Existing Codebook
videoeditor.videorecorder.screenrecorder,Video Players (e.g. YouTube),VIDEO_PLAYERS,"University of South Carolina Arnold School of Public Health Arnold Healthy Kids Initiative (Bridget Armstrong, PhD, Josh Culverhouse, PhD, et al.)",Existing Codebook
vn.innoloop.VOALearningEnglish,Education,EDUCATION,"University of South Carolina Arnold School of Public Health Arnold Healthy Kids Initiative (Bridget Armstrong, PhD, Josh Culverhouse, PhD, et al.)",Existing Codebook
vsin.t16_funny_photo,Photography,PHOTOGRAPHY,"University of South Carolina Arnold School of Public Health Arnold Healthy Kids Initiative (Bridget Armstrong, PhD, Josh Culverhouse, PhD, et al.)",Existing Codebook
weightloss.weightlossforwomen.workoutforwomen.womenworkout,Health,HEALTH_AND_FITNESS,"University of South Carolina Arnold School of Public Health Arnold Healthy Kids Initiative (Bridget Armstrong, PhD, Josh Culverhouse, PhD, et al.)",Existing Codebook
xyz.blueskyweb.app,Social & Communication,SOCIAL,"University of South Carolina Arnold School of Public Health Arnold Healthy Kids Initiative (Bridget Armstrong, PhD, Josh Culverhouse, PhD, et al.)",Existing Codebook
yprime.dct.Droid,Health,MEDICAL,"University of South Carolina Arnold School of Public Health Arnold Healthy Kids Initiative (Bridget Armstrong, PhD, Josh Culverhouse, PhD, et al.)",Existing Codebook
yprime.eCOA.Droid,Health,MEDICAL,"University of South Carolina Arnold School of Public Health Arnold Healthy Kids Initiative (Bridget Armstrong, PhD, Josh Culverhouse, PhD, et al.)",Existing Codebook
com.bingosmash.gp,Games,GAME_BOARD,"MITTen/GDW Study University of Michigan Medical School Radesky Lab (Jenny Radesky, MD, Heidi Weeks, PhD, Lindon Camaj, MS, et al.)",Existing Codebook
com.ebsco.audio,Entertainment,BOOKS_AND_REFERENCE,"MITTen/GDW Study University of Michigan Medical School Radesky Lab (Jenny Radesky, MD, Heidi Weeks, PhD, Lindon Camaj, MS, et al.)",Existing Codebook
com.onlinebank.flagstar,Productivity & Business,FINANCE,"MITTen/GDW Study University of Michigan Medical School Radesky Lab (Jenny Radesky, MD, Heidi Weeks, PhD, Lindon Camaj, MS, et al.)",Existing Codebook
hu.distinction.cflow,Lifestyle,FOOD_AND_DRINK,"MITTen/GDW Study University of Michigan Medical School Radesky Lab (Jenny Radesky, MD, Heidi Weeks, PhD, Lindon Camaj, MS, et al.)",Existing Codebook
xiaohui.usciscasechecker,Productivity & Business,TOOLS,"MITTen/GDW Study University of Michigan Medical School Radesky Lab (Jenny Radesky, MD, Heidi Weeks, PhD, Lindon Camaj, MS, et al.)",Existing Codebook
com.mint,Productivity & Business,FINANCE,"MITTen/GDW Study University of Michigan Medical School Radesky Lab (Jenny Radesky, MD, Heidi Weeks, PhD, Lindon Camaj, MS, et al.)",Existing Codebook
com.PSN,Productivity & Business,FINANCE,"MITTen/GDW Study University of Michigan Medical School Radesky Lab (Jenny Radesky, MD, Heidi Weeks, PhD, Lindon Camaj, MS, et al.)",Existing Codebook
com.zabihah.ui,Lifestyle,LIFESTYLE,"MITTen/GDW Study University of Michigan Medical School Radesky Lab (Jenny Radesky, MD, Heidi Weeks, PhD, Lindon Camaj, MS, et al.)",Existing Codebook
edu.umich.ResponsiBLUE,Health,HEALTH_AND_FITNESS,"MITTen/GDW Study University of Michigan Medical School Radesky Lab (Jenny Radesky, MD, Heidi Weeks, PhD, Lindon Camaj, MS, et al.)",Existing Codebook
com.lauren.prepared,Productivity & Business,TOOLS,"MITTen/GDW Study University of Michigan Medical School Radesky Lab (Jenny Radesky, MD, Heidi Weeks, PhD, Lindon Camaj, MS, et al.)",Existing Codebook
com.pointsbetus.app,Entertainment,SPORTS,"MITTen/GDW Study University of Michigan Medical School Radesky Lab (Jenny Radesky, MD, Heidi Weeks, PhD, Lindon Camaj, MS, et al.)",Existing Codebook
richie.match.object.pair.master,Games,GAME_PUZZLE,"MITTen/GDW Study University of Michigan Medical School Radesky Lab (Jenny Radesky, MD, Heidi Weeks, PhD, Lindon Camaj, MS, et al.)",Existing Codebook
com.comerica.mobilebanking,Productivity & Business,FINANCE,"MITTen/GDW Study University of Michigan Medical School Radesky Lab (Jenny Radesky, MD, Heidi Weeks, PhD, Lindon Camaj, MS, et al.)",Existing Codebook
com.downdogapp,Health,HEALTH_AND_FITNESS,"MITTen/GDW Study University of Michigan Medical School Radesky Lab (Jenny Radesky, MD, Heidi Weeks, PhD, Lindon Camaj, MS, et al.)",Existing Codebook
com.star.union.planetant,Games,GAME_STRATEGY,"MITTen/GDW Study University of Michigan Medical School Radesky Lab (Jenny Radesky, MD, Heidi Weeks, PhD, Lindon Camaj, MS, et al.)",Existing Codebook
com.minigame.wszj.android.gp,Games,GAME_ARCADE,"MITTen/GDW Study University of Michigan Medical School Radesky Lab (Jenny Radesky, MD, Heidi Weeks, PhD, Lindon Camaj, MS, et al.)",Existing Codebook
in.crossy.daily_crossword,Games,GAME_WORD,"MITTen/GDW Study University of Michigan Medical School Radesky Lab (Jenny Radesky, MD, Heidi Weeks, PhD, Lindon Camaj, MS, et al.), BCM CNRC",Existing Codebook
com.vincentb.MobControl,Games,GAME_ARCADE,"MITTen/GDW Study University of Michigan Medical School Radesky Lab (Jenny Radesky, MD, Heidi Weeks, PhD, Lindon Camaj, MS, et al.), BCM CNRC",Existing Codebook
com.storytoys.myveryhungrycaterpillar.free.android.googleplay,Games,GAME_EDUCATIONAL,"MITTen/GDW Study University of Michigan Medical School Radesky Lab (Jenny Radesky, MD, Heidi Weeks, PhD, Lindon Camaj, MS, et al.), BCM CNRC",Existing Codebook
com.dutchbros.loyalty,Lifestyle,FOOD_AND_DRINK,"MITTen/GDW Study University of Michigan Medical School Radesky Lab (Jenny Radesky, MD, Heidi Weeks, PhD, Lindon Camaj, MS, et al.), BCM CNRC",Existing Codebook
com.plarium.mechlegion,Games,GAME_ACTION,"MITTen/GDW Study University of Michigan Medical School Radesky Lab (Jenny Radesky, MD, Heidi Weeks, PhD, Lindon Camaj, MS, et al.)",Existing Codebook
com.nt.games.busjam,Games,GAME_PUZZLE,"MITTen/GDW Study University of Michigan Medical School Radesky Lab (Jenny Radesky, MD, Heidi Weeks, PhD, Lindon Camaj, MS, et al.), BCM CNRC",Existing Codebook
com.tmsoft.whitenoise.full,Health,HEALTH_AND_FITNESS,"MITTen/GDW Study University of Michigan Medical School Radesky Lab (Jenny Radesky, MD, Heidi Weeks, PhD, Lindon Camaj, MS, et al.)",Existing Codebook
com.mining.app.mipca,Productivity & Business,TOOLS,"MITTen/GDW Study University of Michigan Medical School Radesky Lab (Jenny Radesky, MD, Heidi Weeks, PhD, Lindon Camaj, MS, et al.)",Existing Codebook
com.parentsquare.nha,Social & Communication,COMMUNICATION,"MITTen/GDW Study University of Michigan Medical School Radesky Lab (Jenny Radesky, MD, Heidi Weeks, PhD, Lindon Camaj, MS, et al.)",Existing Codebook
com.wtol.android.weather,Travel & Local,WEATHER,"MITTen/GDW Study University of Michigan Medical School Radesky Lab (Jenny Radesky, MD, Heidi Weeks, PhD, Lindon Camaj, MS, et al.)",Existing Codebook
mobi.charmer.fotocollage,Photography,PHOTOGRAPHY,"MITTen/GDW Study University of Michigan Medical School Radesky Lab (Jenny Radesky, MD, Heidi Weeks, PhD, Lindon Camaj, MS, et al.)",Existing Codebook
gg.sunday.catescape,Games,GAME_CASUAL,"MITTen/GDW Study University of Michigan Medical School Radesky Lab (Jenny Radesky, MD, Heidi Weeks, PhD, Lindon Camaj, MS, et al.), BCM CNRC",Existing Codebook
com.zynga.pottermatch,Games,GAME_PUZZLE,"MITTen/GDW Study University of Michigan Medical School Radesky Lab (Jenny Radesky, MD, Heidi Weeks, PhD, Lindon Camaj, MS, et al.)",Existing Codebook
com.grimdev.grimquest0,Games,GAME_ROLE_PLAYING,"MITTen/GDW Study University of Michigan Medical School Radesky Lab (Jenny Radesky, MD, Heidi Weeks, PhD, Lindon Camaj, MS, et al.)",Existing Codebook
com.cricketwireless.minus,Entertainment,ENTERTAINMENT,"MITTen/GDW Study University of Michigan Medical School Radesky Lab (Jenny Radesky, MD, Heidi Weeks, PhD, Lindon Camaj, MS, et al.)",Existing Codebook
com.intuit.turbotax.mobile,Productivity & Business,FINANCE,"MITTen/GDW Study University of Michigan Medical School Radesky Lab (Jenny Radesky, MD, Heidi Weeks, PhD, Lindon Camaj, MS, et al.)",Existing Codebook
com.capiratech.cadlmobile,Education,EDUCATION,"MITTen/GDW Study University of Michigan Medical School Radesky Lab (Jenny Radesky, MD, Heidi Weeks, PhD, Lindon Camaj, MS, et al.)",Existing Codebook
com.untappdllc.app,Lifestyle,FOOD_AND_DRINK,"MITTen/GDW Study University of Michigan Medical School Radesky Lab (Jenny Radesky, MD, Heidi Weeks, PhD, Lindon Camaj, MS, et al.), BCM CNRC",Existing Codebook
org.M.alcodroid,Health,HEALTH_AND_FITNESS,"MITTen/GDW Study University of Michigan Medical School Radesky Lab (Jenny Radesky, MD, Heidi Weeks, PhD, Lindon Camaj, MS, et al.)",Existing Codebook
com.chewy.android,Lifestyle,SHOPPING,"MITTen/GDW Study University of Michigan Medical School Radesky Lab (Jenny Radesky, MD, Heidi Weeks, PhD, Lindon Camaj, MS, et al.)",Existing Codebook
com.citizensbank.androidapp,Productivity & Business,FINANCE,"MITTen/GDW Study University of Michigan Medical School Radesky Lab (Jenny Radesky, MD, Heidi Weeks, PhD, Lindon Camaj, MS, et al.)",Existing Codebook
com.tjx.tjmaxx,Lifestyle,SHOPPING,"MITTen/GDW Study University of Michigan Medical School Radesky Lab (Jenny Radesky, MD, Heidi Weeks, PhD, Lindon Camaj, MS, et al.)",Existing Codebook
group.flowbird.parkdetroit,Travel & Local,TRAVEL_AND_LOCAL,"MITTen/GDW Study University of Michigan Medical School Radesky Lab (Jenny Radesky, MD, Heidi Weeks, PhD, Lindon Camaj, MS, et al.)",Existing Codebook
com.GMA.Ball.Sort.Puzzle,Games,GAME_CASUAL,"MITTen/GDW Study University of Michigan Medical School Radesky Lab (Jenny Radesky, MD, Heidi Weeks, PhD, Lindon Camaj, MS, et al.)",Existing Codebook
com.playstudios.mykonami,Games,GAME_CASINO,"MITTen/GDW Study University of Michigan Medical School Radesky Lab (Jenny Radesky, MD, Heidi Weeks, PhD, Lindon Camaj, MS, et al.)",Existing Codebook
com.playstudios.myvegas,Games,GAME_CASINO,"MITTen/GDW Study University of Michigan Medical School Radesky Lab (Jenny Radesky, MD, Heidi Weeks, PhD, Lindon Camaj, MS, et al.)",Existing Codebook
com.playstudios.showstar,Games,GAME_CASINO,"MITTen/GDW Study University of Michigan Medical School Radesky Lab (Jenny Radesky, MD, Heidi Weeks, PhD, Lindon Camaj, MS, et al.)",Existing Codebook
com.playstudios.popslots,Games,GAME_CASINO,"MITTen/GDW Study University of Michigan Medical School Radesky Lab (Jenny Radesky, MD, Heidi Weeks, PhD, Lindon Camaj, MS, et al.)",Existing Codebook
com.playstudios.myvegas.blackjack,Games,GAME_CASINO,"MITTen/GDW Study University of Michigan Medical School Radesky Lab (Jenny Radesky, MD, Heidi Weeks, PhD, Lindon Camaj, MS, et al.)",Existing Codebook
com.biggby.app,Lifestyle,FOOD_AND_DRINK,"MITTen/GDW Study University of Michigan Medical School Radesky Lab (Jenny Radesky, MD, Heidi Weeks, PhD, Lindon Camaj, MS, et al.)",Existing Codebook
com.caribou.caribouapp,Lifestyle,FOOD_AND_DRINK,"MITTen/GDW Study University of Michigan Medical School Radesky Lab (Jenny Radesky, MD, Heidi Weeks, PhD, Lindon Camaj, MS, et al.)",Existing Codebook
com.easybrain.number.puzzle.game,Games,GAME_PUZZLE,"MITTen/GDW Study University of Michigan Medical School Radesky Lab (Jenny Radesky, MD, Heidi Weeks, PhD, Lindon Camaj, MS, et al.)",Existing Codebook
com.softek.ofxclmobile.southcentralcu,Productivity & Business,FINANCE,"MITTen/GDW Study University of Michigan Medical School Radesky Lab (Jenny Radesky, MD, Heidi Weeks, PhD, Lindon Camaj, MS, et al.)",Existing Codebook
com.xogrp.planner,Social & Communication,EVENTS,"MITTen/GDW Study University of Michigan Medical School Radesky Lab (Jenny Radesky, MD, Heidi Weeks, PhD, Lindon Camaj, MS, et al.)",Existing Codebook
com.tasconline.uba.pux.android,Health,HEALTH_AND_FITNESS,"MITTen/GDW Study University of Michigan Medical School Radesky Lab (Jenny Radesky, MD, Heidi Weeks, PhD, Lindon Camaj, MS, et al.)",Existing Codebook
com.microsoft.sharepoint,Productivity & Business,PRODUCTIVITY,"MITTen/GDW Study University of Michigan Medical School Radesky Lab (Jenny Radesky, MD, Heidi Weeks, PhD, Lindon Camaj, MS, et al.)",Existing Codebook
com.habitrpg.android.habitica,Productivity & Business,PRODUCTIVITY,"MITTen/GDW Study University of Michigan Medical School Radesky Lab (Jenny Radesky, MD, Heidi Weeks, PhD, Lindon Camaj, MS, et al.)",Existing Codebook
com.truebill,Productivity & Business,FINANCE,"MITTen/GDW Study University of Michigan Medical School Radesky Lab (Jenny Radesky, MD, Heidi Weeks, PhD, Lindon Camaj, MS, et al.)",Existing Codebook
com.th.trustedherd,Productivity & Business,BUSINESS,"MITTen/GDW Study University of Michigan Medical School Radesky Lab (Jenny Radesky, MD, Heidi Weeks, PhD, Lindon Camaj, MS, et al.)",Existing Codebook
com.storytoys.lego.duplo.disney.mickey.and.friends.googleplay,Education,EDUCATION,"MITTen/GDW Study University of Michigan Medical School Radesky Lab (Jenny Radesky, MD, Heidi Weeks, PhD, Lindon Camaj, MS, et al.), BCM CNRC",Existing Codebook
kr.co.smartstudy.mothergoose_android_googlemarket,Education,EDUCATION,"MITTen/GDW Study University of Michigan Medical School Radesky Lab (Jenny Radesky, MD, Heidi Weeks, PhD, Lindon Camaj, MS, et al.)",Existing Codebook
com.bookedout.droid.freelancer,Lifestyle,LIFESTYLE,"MITTen/GDW Study University of Michigan Medical School Radesky Lab (Jenny Radesky, MD, Heidi Weeks, PhD, Lindon Camaj, MS, et al.)",Existing Codebook
com.softjourn.pexcardholder,Productivity & Business,BUSINESS,"MITTen/GDW Study University of Michigan Medical School Radesky Lab (Jenny Radesky, MD, Heidi Weeks, PhD, Lindon Camaj, MS, et al.)",Existing Codebook
com.imayi.jurassicdigfree,Games,GAME_ROLE_PLAYING,"MITTen/GDW Study University of Michigan Medical School Radesky Lab (Jenny Radesky, MD, Heidi Weeks, PhD, Lindon Camaj, MS, et al.)",Existing Codebook
hu.crabs.kidpopgames,Games,GAME_EDUCATIONAL,"MITTen/GDW Study University of Michigan Medical School Radesky Lab (Jenny Radesky, MD, Heidi Weeks, PhD, Lindon Camaj, MS, et al.)",Existing Codebook
com.athenahealth.athenapatient,Health,MEDICAL,"MITTen/GDW Study University of Michigan Medical School Radesky Lab (Jenny Radesky, MD, Heidi Weeks, PhD, Lindon Camaj, MS, et al.)",Existing Codebook
com.opentable,Lifestyle,FOOD_AND_DRINK,"MITTen/GDW Study University of Michigan Medical School Radesky Lab (Jenny Radesky, MD, Heidi Weeks, PhD, Lindon Camaj, MS, et al.)",Existing Codebook
com.huub.tiger,Lifestyle,NEWS_AND_MAGAZINES,"MITTen/GDW Study University of Michigan Medical School Radesky Lab (Jenny Radesky, MD, Heidi Weeks, PhD, Lindon Camaj, MS, et al.)",Existing Codebook
com.doordash.driverapp,Productivity & Business,BUSINESS,"MITTen/GDW Study University of Michigan Medical School Radesky Lab (Jenny Radesky, MD, Heidi Weeks, PhD, Lindon Camaj, MS, et al.)",Existing Codebook
digital.rbi.timhortons,Lifestyle,FOOD_AND_DRINK,"MITTen/GDW Study University of Michigan Medical School Radesky Lab (Jenny Radesky, MD, Heidi Weeks, PhD, Lindon Camaj, MS, et al.)",Existing Codebook
com.tracfone.preload.accountservices,Productivity & Business,PRODUCTIVITY,"MITTen/GDW Study University of Michigan Medical School Radesky Lab (Jenny Radesky, MD, Heidi Weeks, PhD, Lindon Camaj, MS, et al.)",Existing Codebook
com.payfare.doordash,Productivity & Business,FINANCE,"MITTen/GDW Study University of Michigan Medical School Radesky Lab (Jenny Radesky, MD, Heidi Weeks, PhD, Lindon Camaj, MS, et al.)",Existing Codebook
com.survjun,Lifestyle,LIFESTYLE,"MITTen/GDW Study University of Michigan Medical School Radesky Lab (Jenny Radesky, MD, Heidi Weeks, PhD, Lindon Camaj, MS, et al.)",Existing Codebook
com.surveymonkey.rewards,Lifestyle,LIFESTYLE,"MITTen/GDW Study University of Michigan Medical School Radesky Lab (Jenny Radesky, MD, Heidi Weeks, PhD, Lindon Camaj, MS, et al.)",Existing Codebook
com.blueberrypediatrics.BbpOtoscopeApplication,Health,HEALTH_AND_FITNESS,"MITTen/GDW Study University of Michigan Medical School Radesky Lab (Jenny Radesky, MD, Heidi Weeks, PhD, Lindon Camaj, MS, et al.)",Existing Codebook
com.imdb.mobile,Entertainment,ENTERTAINMENT,"MITTen/GDW Study University of Michigan Medical School Radesky Lab (Jenny Radesky, MD, Heidi Weeks, PhD, Lindon Camaj, MS, et al.)",Existing Codebook
com.nfl.fanmobilepass,Entertainment,SPORTS,"MITTen/GDW Study University of Michigan Medical School Radesky Lab (Jenny Radesky, MD, Heidi Weeks, PhD, Lindon Camaj, MS, et al.)",Existing Codebook
com.vitotechnology.StarWalk2Free,Education,EDUCATION,"MITTen/GDW Study University of Michigan Medical School Radesky Lab (Jenny Radesky, MD, Heidi Weeks, PhD, Lindon Camaj, MS, et al.)",Existing Codebook
com.tickpickllc.ceobrien.tickpick,Social & Communication,EVENTS,"MITTen/GDW Study University of Michigan Medical School Radesky Lab (Jenny Radesky, MD, Heidi Weeks, PhD, Lindon Camaj, MS, et al.)",Existing Codebook
uk.co.disciplemedia.actionforhappin,Health,HEALTH_AND_FITNESS,"MITTen/GDW Study University of Michigan Medical School Radesky Lab (Jenny Radesky, MD, Heidi Weeks, PhD, Lindon Camaj, MS, et al.)",Existing Codebook
com.health.tenthstepnightlyinventory,Lifestyle,LIFESTYLE,"MITTen/GDW Study University of Michigan Medical School Radesky Lab (Jenny Radesky, MD, Heidi Weeks, PhD, Lindon Camaj, MS, et al.)",Existing Codebook
com.trainerize.trainingwithtitans,Health,HEALTH_AND_FITNESS,"MITTen/GDW Study University of Michigan Medical School Radesky Lab (Jenny Radesky, MD, Heidi Weeks, PhD, Lindon Camaj, MS, et al.)",Existing Codebook
com.enel.mobile.recharge2,Travel & Local,MAPS_AND_NAVIGATION,"MITTen/GDW Study University of Michigan Medical School Radesky Lab (Jenny Radesky, MD, Heidi Weeks, PhD, Lindon Camaj, MS, et al.)",Existing Codebook
com.hanover.hanoverinsurance,Productivity & Business,FINANCE,"MITTen/GDW Study University of Michigan Medical School Radesky Lab (Jenny Radesky, MD, Heidi Weeks, PhD, Lindon Camaj, MS, et al.)",Existing Codebook
com.i4season.bkCamera,Productivity & Business,TOOLS,"MITTen/GDW Study University of Michigan Medical School Radesky Lab (Jenny Radesky, MD, Heidi Weeks, PhD, Lindon Camaj, MS, et al.)",Existing Codebook
com.ascensus.readysave529,Productivity & Business,FINANCE,"MITTen/GDW Study University of Michigan Medical School Radesky Lab (Jenny Radesky, MD, Heidi Weeks, PhD, Lindon Camaj, MS, et al.)",Existing Codebook
com.symantec.mobilesecurity,Productivity & Business,TOOLS,"MITTen/GDW Study University of Michigan Medical School Radesky Lab (Jenny Radesky, MD, Heidi Weeks, PhD, Lindon Camaj, MS, et al.)",Existing Codebook
com.wishabi.flipp,Lifestyle,SHOPPING,"MITTen/GDW Study University of Michigan Medical School Radesky Lab (Jenny Radesky, MD, Heidi Weeks, PhD, Lindon Camaj, MS, et al.)",Existing Codebook
com.teampeanut.peanut,Social & Communication,SOCIAL,"MITTen/GDW Study University of Michigan Medical School Radesky Lab (Jenny Radesky, MD, Heidi Weeks, PhD, Lindon Camaj, MS, et al.)",Existing Codebook
water.sort.puzzle.game.color.sorting.free,Games,GAME_PUZZLE,"MITTen/GDW Study University of Michigan Medical School Radesky Lab (Jenny Radesky, MD, Heidi Weeks, PhD, Lindon Camaj, MS, et al.)",Existing Codebook
com.motorola.motcameradesktop,Photography,PHOTOGRAPHY,"MITTen/GDW Study University of Michigan Medical School Radesky Lab (Jenny Radesky, MD, Heidi Weeks, PhD, Lindon Camaj, MS, et al.), BCM CNRC",Existing Codebook
com.getsomeheadspace.android,Health,HEALTH_AND_FITNESS,"MITTen/GDW Study University of Michigan Medical School Radesky Lab (Jenny Radesky, MD, Heidi Weeks, PhD, Lindon Camaj, MS, et al.)",Existing Codebook
com.mythical.superteam,Games,GAME_SPORTS,"MITTen/GDW Study University of Michigan Medical School Radesky Lab (Jenny Radesky, MD, Heidi Weeks, PhD, Lindon Camaj, MS, et al.)",Existing Codebook
com.shopwithscrip.app,Lifestyle,SHOPPING,"MITTen/GDW Study University of Michigan Medical School Radesky Lab (Jenny Radesky, MD, Heidi Weeks, PhD, Lindon Camaj, MS, et al.)",Existing Codebook
com.substack.app,Lifestyle,LIFESTYLE,"MITTen/GDW Study University of Michigan Medical School Radesky Lab (Jenny Radesky, MD, Heidi Weeks, PhD, Lindon Camaj, MS, et al.)",Existing Codebook
com.naturalcycles.cordova,Health,MEDICAL,"MITTen/GDW Study University of Michigan Medical School Radesky Lab (Jenny Radesky, MD, Heidi Weeks, PhD, Lindon Camaj, MS, et al.)",Existing Codebook
com.hippo.insurance,Lifestyle,HOUSE_AND_HOME,"MITTen/GDW Study University of Michigan Medical School Radesky Lab (Jenny Radesky, MD, Heidi Weeks, PhD, Lindon Camaj, MS, et al.)",Existing Codebook
com.whoop.android,Health,HEALTH_AND_FITNESS,"MITTen/GDW Study University of Michigan Medical School Radesky Lab (Jenny Radesky, MD, Heidi Weeks, PhD, Lindon Camaj, MS, et al.)",Existing Codebook
jigsaw.puzzle.game.banana,Games,GAME_PUZZLE,"MITTen/GDW Study University of Michigan Medical School Radesky Lab (Jenny Radesky, MD, Heidi Weeks, PhD, Lindon Camaj, MS, et al.)",Existing Codebook
com.zm.watersort,Games,GAME_PUZZLE,"MITTen/GDW Study University of Michigan Medical School Radesky Lab (Jenny Radesky, MD, Heidi Weeks, PhD, Lindon Camaj, MS, et al.)",Existing Codebook
com.chani_nicholas_inc.chani,Lifestyle,LIFESTYLE,"MITTen/GDW Study University of Michigan Medical School Radesky Lab (Jenny Radesky, MD, Heidi Weeks, PhD, Lindon Camaj, MS, et al.)",Existing Codebook
com.simplepractice.simple,Health,MEDICAL,"MITTen/GDW Study University of Michigan Medical School Radesky Lab (Jenny Radesky, MD, Heidi Weeks, PhD, Lindon Camaj, MS, et al.)",Existing Codebook
com.virginvoyages.sailorapp,Travel & Local,TRAVEL_AND_LOCAL,"MITTen/GDW Study University of Michigan Medical School Radesky Lab (Jenny Radesky, MD, Heidi Weeks, PhD, Lindon Camaj, MS, et al.)",Existing Codebook
com.sony.songpal.mdr,Productivity & Business,TOOLS,"MITTen/GDW Study University of Michigan Medical School Radesky Lab (Jenny Radesky, MD, Heidi Weeks, PhD, Lindon Camaj, MS, et al.)",Existing Codebook
com.medium.reader,Lifestyle,NEWS_AND_MAGAZINES,"MITTen/GDW Study University of Michigan Medical School Radesky Lab (Jenny Radesky, MD, Heidi Weeks, PhD, Lindon Camaj, MS, et al.)",Existing Codebook
com.pbs.video,Entertainment,ENTERTAINMENT,"MITTen/GDW Study University of Michigan Medical School Radesky Lab (Jenny Radesky, MD, Heidi Weeks, PhD, Lindon Camaj, MS, et al.)",Existing Codebook
com.autumnrockdev.nailthepitch,Entertainment,MUSIC_AND_AUDIO,"MITTen/GDW Study University of Michigan Medical School Radesky Lab (Jenny Radesky, MD, Heidi Weeks, PhD, Lindon Camaj, MS, et al.)",Existing Codebook
com.astrograph.timepassages,Lifestyle,LIFESTYLE,"MITTen/GDW Study University of Michigan Medical School Radesky Lab (Jenny Radesky, MD, Heidi Weeks, PhD, Lindon Camaj, MS, et al.)",Existing Codebook
notion.id,Productivity & Business,PRODUCTIVITY,"MITTen/GDW Study University of Michigan Medical School Radesky Lab (Jenny Radesky, MD, Heidi Weeks, PhD, Lindon Camaj, MS, et al.)",Existing Codebook
com.universetoday.moon.free,Travel & Local,WEATHER,"MITTen/GDW Study University of Michigan Medical School Radesky Lab (Jenny Radesky, MD, Heidi Weeks, PhD, Lindon Camaj, MS, et al.)",Existing Codebook
beetles.puzzle.solitaire,Games,GAME_CARD,"MITTen/GDW Study University of Michigan Medical School Radesky Lab (Jenny Radesky, MD, Heidi Weeks, PhD, Lindon Camaj, MS, et al.)",Existing Codebook
com.bitmango.go.bubblepop,Games,GAME_PUZZLE,"MITTen/GDW Study University of Michigan Medical School Radesky Lab (Jenny Radesky, MD, Heidi Weeks, PhD, Lindon Camaj, MS, et al.)",Existing Codebook
io.randomco.travel,Games,GAME_PUZZLE,"MITTen/GDW Study University of Michigan Medical School Radesky Lab (Jenny Radesky, MD, Heidi Weeks, PhD, Lindon Camaj, MS, et al.), BCM CNRC",Existing Codebook
com.burakgon.gamebooster3,Entertainment,ENTERTAINMENT,"MITTen/GDW Study University of Michigan Medical School Radesky Lab (Jenny Radesky, MD, Heidi Weeks, PhD, Lindon Camaj, MS, et al.)",Existing Codebook
com.mistplay.mistplay,Entertainment,ENTERTAINMENT,"MITTen/GDW Study University of Michigan Medical School Radesky Lab (Jenny Radesky, MD, Heidi Weeks, PhD, Lindon Camaj, MS, et al.), BCM CNRC",Existing Codebook
com.facebook.lite,Social & Communication,SOCIAL,"MITTen/GDW Study University of Michigan Medical School Radesky Lab (Jenny Radesky, MD, Heidi Weeks, PhD, Lindon Camaj, MS, et al.), BCM CNRC",Existing Codebook
com.justplay.app,Entertainment,ENTERTAINMENT,"MITTen/GDW Study University of Michigan Medical School Radesky Lab (Jenny Radesky, MD, Heidi Weeks, PhD, Lindon Camaj, MS, et al.)",Existing Codebook
com.playlinks.slotmate,Games,GAME_CASINO,"MITTen/GDW Study University of Michigan Medical School Radesky Lab (Jenny Radesky, MD, Heidi Weeks, PhD, Lindon Camaj, MS, et al.)",Existing Codebook
com.moonjoy.cointale,Games,GAME_CASUAL,"MITTen/GDW Study University of Michigan Medical School Radesky Lab (Jenny Radesky, MD, Heidi Weeks, PhD, Lindon Camaj, MS, et al.)",Existing Codebook
com.elevatelabs.geonosis,Health,HEALTH_AND_FITNESS,"MITTen/GDW Study University of Michigan Medical School Radesky Lab (Jenny Radesky, MD, Heidi Weeks, PhD, Lindon Camaj, MS, et al.)",Existing Codebook
com.mightybell.birthrecoverycenter,Health,HEALTH_AND_FITNESS,"MITTen/GDW Study University of Michigan Medical School Radesky Lab (Jenny Radesky, MD, Heidi Weeks, PhD, Lindon Camaj, MS, et al.)",Existing Codebook
com.blackout.bubble,Games,GAME_PUZZLE,"MITTen/GDW Study University of Michigan Medical School Radesky Lab (Jenny Radesky, MD, Heidi Weeks, PhD, Lindon Camaj, MS, et al.), BCM CNRC",Existing Codebook
coloring.color.number.happy.paint.art.drawing.puzzle,Games,GAME_BOARD,"MITTen/GDW Study University of Michigan Medical School Radesky Lab (Jenny Radesky, MD, Heidi Weeks, PhD, Lindon Camaj, MS, et al.), BCM CNRC",Existing Codebook
com.gosub60.sol5spdr2,Games,GAME_CARD,"MITTen/GDW Study University of Michigan Medical School Radesky Lab (Jenny Radesky, MD, Heidi Weeks, PhD, Lindon Camaj, MS, et al.)",Existing Codebook
photoeditor.cutout.backgrounderaser,Photography,PHOTOGRAPHY,"MITTen/GDW Study University of Michigan Medical School Radesky Lab (Jenny Radesky, MD, Heidi Weeks, PhD, Lindon Camaj, MS, et al.), BCM CNRC",Existing Codebook
com.kvadgroup.photostudio_pro,Photography,PHOTOGRAPHY,"MITTen/GDW Study University of Michigan Medical School Radesky Lab (Jenny Radesky, MD, Heidi Weeks, PhD, Lindon Camaj, MS, et al.)",Existing Codebook
com.unicostudio.tilematch,Games,GAME_PUZZLE,"MITTen/GDW Study University of Michigan Medical School Radesky Lab (Jenny Radesky, MD, Heidi Weeks, PhD, Lindon Camaj, MS, et al.)",Existing Codebook
jp.gocro.smartnews.android,Lifestyle,NEWS_AND_MAGAZINES,"MITTen/GDW Study University of Michigan Medical School Radesky Lab (Jenny Radesky, MD, Heidi Weeks, PhD, Lindon Camaj, MS, et al.)",Existing Codebook
bracketology.tv,Entertainment,ENTERTAINMENT,"MITTen/GDW Study University of Michigan Medical School Radesky Lab (Jenny Radesky, MD, Heidi Weeks, PhD, Lindon Camaj, MS, et al.)",Existing Codebook
com.pixatel.apps.notepad,Productivity & Business,PRODUCTIVITY,"MITTen/GDW Study University of Michigan Medical School Radesky Lab (Jenny Radesky, MD, Heidi Weeks, PhD, Lindon Camaj, MS, et al.)",Existing Codebook
com.imo.android.imoim,Social & Communication,COMMUNICATION,"MITTen/GDW Study University of Michigan Medical School Radesky Lab (Jenny Radesky, MD, Heidi Weeks, PhD, Lindon Camaj, MS, et al.), BCM CNRC",Existing Codebook
com.flipfit,Lifestyle,SHOPPING,"MITTen/GDW Study University of Michigan Medical School Radesky Lab (Jenny Radesky, MD, Heidi Weeks, PhD, Lindon Camaj, MS, et al.)",Existing Codebook
com.dawateislami.alquranulkareem,Entertainment,BOOKS_AND_REFERENCE,"MITTen/GDW Study University of Michigan Medical School Radesky Lab (Jenny Radesky, MD, Heidi Weeks, PhD, Lindon Camaj, MS, et al.)",Existing Codebook
com.thorley.fourmoms,Lifestyle,LIFESTYLE,"MITTen/GDW Study University of Michigan Medical School Radesky Lab (Jenny Radesky, MD, Heidi Weeks, PhD, Lindon Camaj, MS, et al.)",Existing Codebook
xyz.rtrvr.pillo,Health,MEDICAL,"MITTen/GDW Study University of Michigan Medical School Radesky Lab (Jenny Radesky, MD, Heidi Weeks, PhD, Lindon Camaj, MS, et al.)",Existing Codebook
com.iotsolution.aidot,Lifestyle,LIFESTYLE,"MITTen/GDW Study University of Michigan Medical School Radesky Lab (Jenny Radesky, MD, Heidi Weeks, PhD, Lindon Camaj, MS, et al.)",Existing Codebook
com.lbrc.PeriodCalendar,Health,MEDICAL,"MITTen/GDW Study University of Michigan Medical School Radesky Lab (Jenny Radesky, MD, Heidi Weeks, PhD, Lindon Camaj, MS, et al.)",Existing Codebook
com.lockdown.lockedtouchapp,Productivity & Business,TOOLS,"MITTen/GDW Study University of Michigan Medical School Radesky Lab (Jenny Radesky, MD, Heidi Weeks, PhD, Lindon Camaj, MS, et al.)",Existing Codebook
com.whisperarts.kids.breastfeeding,Lifestyle,PARENTING,"MITTen/GDW Study University of Michigan Medical School Radesky Lab (Jenny Radesky, MD, Heidi Weeks, PhD, Lindon Camaj, MS, et al.)",Existing Codebook
com.philips.lighting.hue2,Lifestyle,LIFESTYLE,"MITTen/GDW Study University of Michigan Medical School Radesky Lab (Jenny Radesky, MD, Heidi Weeks, PhD, Lindon Camaj, MS, et al.), BCM CNRC",Existing Codebook
com.microsoft.todos,Productivity & Business,PRODUCTIVITY,"MITTen/GDW Study University of Michigan Medical School Radesky Lab (Jenny Radesky, MD, Heidi Weeks, PhD, Lindon Camaj, MS, et al.)",Existing Codebook
com.snackpassapp,Lifestyle,FOOD_AND_DRINK,"MITTen/GDW Study University of Michigan Medical School Radesky Lab (Jenny Radesky, MD, Heidi Weeks, PhD, Lindon Camaj, MS, et al.)",Existing Codebook
com.theatlantic.newsstand,Lifestyle,NEWS_AND_MAGAZINES,"MITTen/GDW Study University of Michigan Medical School Radesky Lab (Jenny Radesky, MD, Heidi Weeks, PhD, Lindon Camaj, MS, et al.)",Existing Codebook
com.teacapps.barcodescanner,Productivity & Business,PRODUCTIVITY,"MITTen/GDW Study University of Michigan Medical School Radesky Lab (Jenny Radesky, MD, Heidi Weeks, PhD, Lindon Camaj, MS, et al.)",Existing Codebook
com.verizon.familybase.parent,Lifestyle,LIFESTYLE,"MITTen/GDW Study University of Michigan Medical School Radesky Lab (Jenny Radesky, MD, Heidi Weeks, PhD, Lindon Camaj, MS, et al.)",Existing Codebook
com.chroniclecomputing.ChronicleMobileApp,Social & Communication,COMMUNICATION,"MITTen/GDW Study University of Michigan Medical School Radesky Lab (Jenny Radesky, MD, Heidi Weeks, PhD, Lindon Camaj, MS, et al.)",Existing Codebook
com.mobisystems.office,Productivity & Business,BUSINESS,"MITTen/GDW Study University of Michigan Medical School Radesky Lab (Jenny Radesky, MD, Heidi Weeks, PhD, Lindon Camaj, MS, et al.)",Existing Codebook
com.mobisystems.fileman,Productivity & Business,BUSINESS,"MITTen/GDW Study University of Michigan Medical School Radesky Lab (Jenny Radesky, MD, Heidi Weeks, PhD, Lindon Camaj, MS, et al.), BCM CNRC",Existing Codebook
com.sproutsocial.android,Social & Communication,SOCIAL,"MITTen/GDW Study University of Michigan Medical School Radesky Lab (Jenny Radesky, MD, Heidi Weeks, PhD, Lindon Camaj, MS, et al.)",Existing Codebook
com.hipcamp.pocketknife,Travel & Local,TRAVEL_AND_LOCAL,"MITTen/GDW Study University of Michigan Medical School Radesky Lab (Jenny Radesky, MD, Heidi Weeks, PhD, Lindon Camaj, MS, et al.)",Existing Codebook
com.vtech.mobile.kidichat.useng,Social & Communication,COMMUNICATION,"MITTen/GDW Study University of Michigan Medical School Radesky Lab (Jenny Radesky, MD, Heidi Weeks, PhD, Lindon Camaj, MS, et al.)",Existing Codebook
com.taptap.global.lite,Entertainment,ENTERTAINMENT,"MITTen/GDW Study University of Michigan Medical School Radesky Lab (Jenny Radesky, MD, Heidi Weeks, PhD, Lindon Camaj, MS, et al.)",Existing Codebook
com.bydeluxe.d3.android.program.starz,Entertainment,ENTERTAINMENT,"MITTen/GDW Study University of Michigan Medical School Radesky Lab (Jenny Radesky, MD, Heidi Weeks, PhD, Lindon Camaj, MS, et al.)",Existing Codebook
de.softan.multiplication.table,Games,GAME_EDUCATIONAL,"MITTen/GDW Study University of Michigan Medical School Radesky Lab (Jenny Radesky, MD, Heidi Weeks, PhD, Lindon Camaj, MS, et al.)",Existing Codebook
me.zepeto.main,Entertainment,ENTERTAINMENT,"MITTen/GDW Study University of Michigan Medical School Radesky Lab (Jenny Radesky, MD, Heidi Weeks, PhD, Lindon Camaj, MS, et al.), BCM CNRC",Existing Codebook
com.arioch.efgr,Social & Communication,EVENTS,"MITTen/GDW Study University of Michigan Medical School Radesky Lab (Jenny Radesky, MD, Heidi Weeks, PhD, Lindon Camaj, MS, et al.)",Existing Codebook
mindprober.studies.directview,Productivity & Business,PRODUCTIVITY,"MITTen/GDW Study University of Michigan Medical School Radesky Lab (Jenny Radesky, MD, Heidi Weeks, PhD, Lindon Camaj, MS, et al.)",Existing Codebook
com.greendotcorp.go2bank,Productivity & Business,FINANCE,"MITTen/GDW Study University of Michigan Medical School Radesky Lab (Jenny Radesky, MD, Heidi Weeks, PhD, Lindon Camaj, MS, et al.)",Existing Codebook
com.card.dda,Productivity & Business,FINANCE,"MITTen/GDW Study University of Michigan Medical School Radesky Lab (Jenny Radesky, MD, Heidi Weeks, PhD, Lindon Camaj, MS, et al.)",Existing Codebook
com.selleramp.sas2,Productivity & Business,TOOLS,"MITTen/GDW Study University of Michigan Medical School Radesky Lab (Jenny Radesky, MD, Heidi Weeks, PhD, Lindon Camaj, MS, et al.)",Existing Codebook
uk.co.aifactory.sudoku,Games,GAME_BOARD,"MITTen/GDW Study University of Michigan Medical School Radesky Lab (Jenny Radesky, MD, Heidi Weeks, PhD, Lindon Camaj, MS, et al.)",Existing Codebook
net.estatesales.estatesales,Lifestyle,SHOPPING,"MITTen/GDW Study University of Michigan Medical School Radesky Lab (Jenny Radesky, MD, Heidi Weeks, PhD, Lindon Camaj, MS, et al.)",Existing Codebook
com.brainium.solitaire,Games,GAME_CARD,"MITTen/GDW Study University of Michigan Medical School Radesky Lab (Jenny Radesky, MD, Heidi Weeks, PhD, Lindon Camaj, MS, et al.)",Existing Codebook
com.bentkey.android,Entertainment,ENTERTAINMENT,"MITTen/GDW Study University of Michigan Medical School Radesky Lab (Jenny Radesky, MD, Heidi Weeks, PhD, Lindon Camaj, MS, et al.)",Existing Codebook
police.scanner.radio.broadcastify.citizen,Lifestyle,NEWS_AND_MAGAZINES,"MITTen/GDW Study University of Michigan Medical School Radesky Lab (Jenny Radesky, MD, Heidi Weeks, PhD, Lindon Camaj, MS, et al.)",Existing Codebook
io.homeassistant.companion.android,Lifestyle,HOUSE_AND_HOME,"MITTen/GDW Study University of Michigan Medical School Radesky Lab (Jenny Radesky, MD, Heidi Weeks, PhD, Lindon Camaj, MS, et al.)",Existing Codebook
com.childpilot.parents,Productivity & Business,PRODUCTIVITY,"MITTen/GDW Study University of Michigan Medical School Radesky Lab (Jenny Radesky, MD, Heidi Weeks, PhD, Lindon Camaj, MS, et al.)",Existing Codebook
com.nanit.baby.beta,Video Players (e.g. YouTube),VIDEO_PLAYERS,"MITTen/GDW Study University of Michigan Medical School Radesky Lab (Jenny Radesky, MD, Heidi Weeks, PhD, Lindon Camaj, MS, et al.)",Existing Codebook
com.podcast.podcasts,Lifestyle,NEWS_AND_MAGAZINES,"MITTen/GDW Study University of Michigan Medical School Radesky Lab (Jenny Radesky, MD, Heidi Weeks, PhD, Lindon Camaj, MS, et al.)",Existing Codebook
com.onepassword.android,Productivity & Business,PRODUCTIVITY,"MITTen/GDW Study University of Michigan Medical School Radesky Lab (Jenny Radesky, MD, Heidi Weeks, PhD, Lindon Camaj, MS, et al.)",Existing Codebook
com.foodtec.greenlanternpizza,Lifestyle,FOOD_AND_DRINK,"MITTen/GDW Study University of Michigan Medical School Radesky Lab (Jenny Radesky, MD, Heidi Weeks, PhD, Lindon Camaj, MS, et al.)",Existing Codebook
com.anovaculinary.android,Lifestyle,FOOD_AND_DRINK,"MITTen/GDW Study University of Michigan Medical School Radesky Lab (Jenny Radesky, MD, Heidi Weeks, PhD, Lindon Camaj, MS, et al.)",Existing Codebook
com.himama.educator,Education,EDUCATION,"MITTen/GDW Study University of Michigan Medical School Radesky Lab (Jenny Radesky, MD, Heidi Weeks, PhD, Lindon Camaj, MS, et al.)",Existing Codebook
com.ultimateguitar.tabs,Entertainment,MUSIC_AND_AUDIO,"MITTen/GDW Study University of Michigan Medical School Radesky Lab (Jenny Radesky, MD, Heidi Weeks, PhD, Lindon Camaj, MS, et al.)",Existing Codebook
com.patreon.android,Entertainment,ENTERTAINMENT,"MITTen/GDW Study University of Michigan Medical School Radesky Lab (Jenny Radesky, MD, Heidi Weeks, PhD, Lindon Camaj, MS, et al.)",Existing Codebook
com.penzu.android,Lifestyle,LIFESTYLE,"MITTen/GDW Study University of Michigan Medical School Radesky Lab (Jenny Radesky, MD, Heidi Weeks, PhD, Lindon Camaj, MS, et al.)",Existing Codebook
com.pleco.chinesesystem,Entertainment,BOOKS_AND_REFERENCE,"MITTen/GDW Study University of Michigan Medical School Radesky Lab (Jenny Radesky, MD, Heidi Weeks, PhD, Lindon Camaj, MS, et al.)",Existing Codebook
com.bigblueclip.picstitch,Photography,PHOTOGRAPHY,"MITTen/GDW Study University of Michigan Medical School Radesky Lab (Jenny Radesky, MD, Heidi Weeks, PhD, Lindon Camaj, MS, et al.)",Existing Codebook
com.match.android.stir,Social & Communication,DATING,"MITTen/GDW Study University of Michigan Medical School Radesky Lab (Jenny Radesky, MD, Heidi Weeks, PhD, Lindon Camaj, MS, et al.)",Existing Codebook
com.appmagna.sleepaidfan,Lifestyle,LIFESTYLE,"MITTen/GDW Study University of Michigan Medical School Radesky Lab (Jenny Radesky, MD, Heidi Weeks, PhD, Lindon Camaj, MS, et al.)",Existing Codebook
com.myunidays,Lifestyle,SHOPPING,"MITTen/GDW Study University of Michigan Medical School Radesky Lab (Jenny Radesky, MD, Heidi Weeks, PhD, Lindon Camaj, MS, et al.)",Existing Codebook
com.palaceresorts.app,Travel & Local,TRAVEL_AND_LOCAL,"MITTen/GDW Study University of Michigan Medical School Radesky Lab (Jenny Radesky, MD, Heidi Weeks, PhD, Lindon Camaj, MS, et al.)",Existing Codebook
com.nordstrom.rack.app,Lifestyle,SHOPPING,"MITTen/GDW Study University of Michigan Medical School Radesky Lab (Jenny Radesky, MD, Heidi Weeks, PhD, Lindon Camaj, MS, et al.), BCM CNRC",Existing Codebook
com.thrivemarket.app,Lifestyle,SHOPPING,"MITTen/GDW Study University of Michigan Medical School Radesky Lab (Jenny Radesky, MD, Heidi Weeks, PhD, Lindon Camaj, MS, et al.)",Existing Codebook
com.fedex.ida.android,Productivity & Business,BUSINESS,"MITTen/GDW Study University of Michigan Medical School Radesky Lab (Jenny Radesky, MD, Heidi Weeks, PhD, Lindon Camaj, MS, et al.)",Existing Codebook
com.asos.app,Lifestyle,SHOPPING,"MITTen/GDW Study University of Michigan Medical School Radesky Lab (Jenny Radesky, MD, Heidi Weeks, PhD, Lindon Camaj, MS, et al.)",Existing Codebook
com.melodis.midomiMusicIdentifier.freemium,Entertainment,MUSIC_AND_AUDIO,"MITTen/GDW Study University of Michigan Medical School Radesky Lab (Jenny Radesky, MD, Heidi Weeks, PhD, Lindon Camaj, MS, et al.)",Existing Codebook
com.ups.mobile.android,Productivity & Business,BUSINESS,"MITTen/GDW Study University of Michigan Medical School Radesky Lab (Jenny Radesky, MD, Heidi Weeks, PhD, Lindon Camaj, MS, et al.)",Existing Codebook
com.divcodes.qahwahhouse,Lifestyle,FOOD_AND_DRINK,"MITTen/GDW Study University of Michigan Medical School Radesky Lab (Jenny Radesky, MD, Heidi Weeks, PhD, Lindon Camaj, MS, et al.)",Existing Codebook
com.circle38.photocircle,Social & Communication,SOCIAL,"MITTen/GDW Study University of Michigan Medical School Radesky Lab (Jenny Radesky, MD, Heidi Weeks, PhD, Lindon Camaj, MS, et al.)",Existing Codebook
com.tree.idle.catsnackbar,Games,GAME_SIMULATION,"MITTen/GDW Study University of Michigan Medical School Radesky Lab (Jenny Radesky, MD, Heidi Weeks, PhD, Lindon Camaj, MS, et al.)",Existing Codebook
com.supercell.clashofclans,Games,GAME_STRATEGY,"MITTen/GDW Study University of Michigan Medical School Radesky Lab (Jenny Radesky, MD, Heidi Weeks, PhD, Lindon Camaj, MS, et al.), BCM CNRC",Existing Codebook
com.blockchainvault,Social & Communication,SOCIAL,"MITTen/GDW Study University of Michigan Medical School Radesky Lab (Jenny Radesky, MD, Heidi Weeks, PhD, Lindon Camaj, MS, et al.)",Existing Codebook
com.gangverk.sling,Social & Communication,COMMUNICATION,"MITTen/GDW Study University of Michigan Medical School Radesky Lab (Jenny Radesky, MD, Heidi Weeks, PhD, Lindon Camaj, MS, et al.)",Existing Codebook
com.vactidy.robot,Productivity & Business,TOOLS,"MITTen/GDW Study University of Michigan Medical School Radesky Lab (Jenny Radesky, MD, Heidi Weeks, PhD, Lindon Camaj, MS, et al.)",Existing Codebook
pi.browser,Social & Communication,COMMUNICATION,"MITTen/GDW Study University of Michigan Medical School Radesky Lab (Jenny Radesky, MD, Heidi Weeks, PhD, Lindon Camaj, MS, et al.)",Existing Codebook
com.merkuryinnovations.geeni,Productivity & Business,TOOLS,"MITTen/GDW Study University of Michigan Medical School Radesky Lab (Jenny Radesky, MD, Heidi Weeks, PhD, Lindon Camaj, MS, et al.)",Existing Codebook
mobi.nexar.dashcam,Travel & Local,MAPS_AND_NAVIGATION,"MITTen/GDW Study University of Michigan Medical School Radesky Lab (Jenny Radesky, MD, Heidi Weeks, PhD, Lindon Camaj, MS, et al.)",Existing Codebook
com.lafitness.lafitness,Health,HEALTH_AND_FITNESS,"MITTen/GDW Study University of Michigan Medical School Radesky Lab (Jenny Radesky, MD, Heidi Weeks, PhD, Lindon Camaj, MS, et al.)",Existing Codebook
com.subway.mobile.subwayapp03,Lifestyle,FOOD_AND_DRINK,"MITTen/GDW Study University of Michigan Medical School Radesky Lab (Jenny Radesky, MD, Heidi Weeks, PhD, Lindon Camaj, MS, et al.), BCM CNRC",Existing Codebook
com.wsl.noom,Health,HEALTH_AND_FITNESS,"MITTen/GDW Study University of Michigan Medical School Radesky Lab (Jenny Radesky, MD, Heidi Weeks, PhD, Lindon Camaj, MS, et al.)",Existing Codebook
com.jacobsmedia.WUOM,Lifestyle,NEWS_AND_MAGAZINES,"MITTen/GDW Study University of Michigan Medical School Radesky Lab (Jenny Radesky, MD, Heidi Weeks, PhD, Lindon Camaj, MS, et al.)",Existing Codebook
org.dreamoriented.leeloo,Lifestyle,PARENTING,"MITTen/GDW Study University of Michigan Medical School Radesky Lab (Jenny Radesky, MD, Heidi Weeks, PhD, Lindon Camaj, MS, et al.)",Existing Codebook
com.acorns.android,Productivity & Business,FINANCE,"MITTen/GDW Study University of Michigan Medical School Radesky Lab (Jenny Radesky, MD, Heidi Weeks, PhD, Lindon Camaj, MS, et al.)",Existing Codebook
com.hil_hk.xsection,Games,GAME_PUZZLE,"MITTen/GDW Study University of Michigan Medical School Radesky Lab (Jenny Radesky, MD, Heidi Weeks, PhD, Lindon Camaj, MS, et al.)",Existing Codebook
me.tsukanov.counter,Productivity & Business,TOOLS,"MITTen/GDW Study University of Michigan Medical School Radesky Lab (Jenny Radesky, MD, Heidi Weeks, PhD, Lindon Camaj, MS, et al.)",Existing Codebook
com.att.shm,Productivity & Business,PRODUCTIVITY,"MITTen/GDW Study University of Michigan Medical School Radesky Lab (Jenny Radesky, MD, Heidi Weeks, PhD, Lindon Camaj, MS, et al.), BCM CNRC",Existing Codebook
com.gc.teammanager,Entertainment,SPORTS,"MITTen/GDW Study University of Michigan Medical School Radesky Lab (Jenny Radesky, MD, Heidi Weeks, PhD, Lindon Camaj, MS, et al.)",Existing Codebook
com.parentsquare.psapp,Social & Communication,COMMUNICATION,"MITTen/GDW Study University of Michigan Medical School Radesky Lab (Jenny Radesky, MD, Heidi Weeks, PhD, Lindon Camaj, MS, et al.)",Existing Codebook
fr.vinted,Lifestyle,SHOPPING,"MITTen/GDW Study University of Michigan Medical School Radesky Lab (Jenny Radesky, MD, Heidi Weeks, PhD, Lindon Camaj, MS, et al.)",Existing Codebook
com.myisolved.aee.twa,Productivity & Business,BUSINESS,"MITTen/GDW Study University of Michigan Medical School Radesky Lab (Jenny Radesky, MD, Heidi Weeks, PhD, Lindon Camaj, MS, et al.)",Existing Codebook
com.classpass.classpass,Health,HEALTH_AND_FITNESS,"MITTen/GDW Study University of Michigan Medical School Radesky Lab (Jenny Radesky, MD, Heidi Weeks, PhD, Lindon Camaj, MS, et al.)",Existing Codebook
com.hubblebaby.nursery,Lifestyle,PARENTING,"MITTen/GDW Study University of Michigan Medical School Radesky Lab (Jenny Radesky, MD, Heidi Weeks, PhD, Lindon Camaj, MS, et al.)",Existing Codebook
com.everywear.game5,Games,GAME_PUZZLE,"MITTen/GDW Study University of Michigan Medical School Radesky Lab (Jenny Radesky, MD, Heidi Weeks, PhD, Lindon Camaj, MS, et al.)",Existing Codebook
com.wood.nut.and.bolts.puzzle,Games,GAME_PUZZLE,"MITTen/GDW Study University of Michigan Medical School Radesky Lab (Jenny Radesky, MD, Heidi Weeks, PhD, Lindon Camaj, MS, et al.), BCM CNRC",Existing Codebook
happy.paint.coloring.color.number,Games,GAME_BOARD,"MITTen/GDW Study University of Michigan Medical School Radesky Lab (Jenny Radesky, MD, Heidi Weeks, PhD, Lindon Camaj, MS, et al.)",Existing Codebook
babyphone.freebabygames.com.babyphone,Games,GAME_EDUCATIONAL,"MITTen/GDW Study University of Michigan Medical School Radesky Lab (Jenny Radesky, MD, Heidi Weeks, PhD, Lindon Camaj, MS, et al.)",Existing Codebook
com.touchnote.android,Photography,PHOTOGRAPHY,"MITTen/GDW Study University of Michigan Medical School Radesky Lab (Jenny Radesky, MD, Heidi Weeks, PhD, Lindon Camaj, MS, et al.)",Existing Codebook
com.androbaby.firstwordsforbaby,Games,GAME_EDUCATIONAL,"MITTen/GDW Study University of Michigan Medical School Radesky Lab (Jenny Radesky, MD, Heidi Weeks, PhD, Lindon Camaj, MS, et al.)",Existing Codebook
com.wizards.winter_orb,Social & Communication,EVENTS,"MITTen/GDW Study University of Michigan Medical School Radesky Lab (Jenny Radesky, MD, Heidi Weeks, PhD, Lindon Camaj, MS, et al.)",Existing Codebook
com.valvesoftware.android.steam.community,Entertainment,ENTERTAINMENT,"MITTen/GDW Study University of Michigan Medical School Radesky Lab (Jenny Radesky, MD, Heidi Weeks, PhD, Lindon Camaj, MS, et al.)",Existing Codebook
com.weather.forecast.weatherchannel,Travel & Local,WEATHER,"MITTen/GDW Study University of Michigan Medical School Radesky Lab (Jenny Radesky, MD, Heidi Weeks, PhD, Lindon Camaj, MS, et al.)",Existing Codebook
com.metaswitch.cp.Accession,Social & Communication,COMMUNICATION,"MITTen/GDW Study University of Michigan Medical School Radesky Lab (Jenny Radesky, MD, Heidi Weeks, PhD, Lindon Camaj, MS, et al.)",Existing Codebook
com.arris.sbc,Productivity & Business,TOOLS,"MITTen/GDW Study University of Michigan Medical School Radesky Lab (Jenny Radesky, MD, Heidi Weeks, PhD, Lindon Camaj, MS, et al.)",Existing Codebook
com.fender.tuner,Entertainment,MUSIC_AND_AUDIO,"MITTen/GDW Study University of Michigan Medical School Radesky Lab (Jenny Radesky, MD, Heidi Weeks, PhD, Lindon Camaj, MS, et al.)",Existing Codebook
com.aurora_alerts.auroraalerts,Travel & Local,WEATHER,"MITTen/GDW Study University of Michigan Medical School Radesky Lab (Jenny Radesky, MD, Heidi Weeks, PhD, Lindon Camaj, MS, et al.)",Existing Codebook
com.rizhiylis.easycrossapp,Lifestyle,LIFESTYLE,"MITTen/GDW Study University of Michigan Medical School Radesky Lab (Jenny Radesky, MD, Heidi Weeks, PhD, Lindon Camaj, MS, et al.)",Existing Codebook
com.muuselabs.jooki,Entertainment,ENTERTAINMENT,"MITTen/GDW Study University of Michigan Medical School Radesky Lab (Jenny Radesky, MD, Heidi Weeks, PhD, Lindon Camaj, MS, et al.)",Existing Codebook
com.vinayak.bhat.screendimmer,Productivity & Business,TOOLS,"MITTen/GDW Study University of Michigan Medical School Radesky Lab (Jenny Radesky, MD, Heidi Weeks, PhD, Lindon Camaj, MS, et al.)",Existing Codebook
com.safety1st.connected,Lifestyle,PARENTING,"MITTen/GDW Study University of Michigan Medical School Radesky Lab (Jenny Radesky, MD, Heidi Weeks, PhD, Lindon Camaj, MS, et al.)",Existing Codebook
com.tptandroid,Education,EDUCATION,"MITTen/GDW Study University of Michigan Medical School Radesky Lab (Jenny Radesky, MD, Heidi Weeks, PhD, Lindon Camaj, MS, et al.)",Existing Codebook
com.toyota.oneapp,Productivity & Business,AUTO_AND_VEHICLES,"MITTen/GDW Study University of Michigan Medical School Radesky Lab (Jenny Radesky, MD, Heidi Weeks, PhD, Lindon Camaj, MS, et al.)",Existing Codebook
com.august.luna,Lifestyle,LIFESTYLE,"MITTen/GDW Study University of Michigan Medical School Radesky Lab (Jenny Radesky, MD, Heidi Weeks, PhD, Lindon Camaj, MS, et al.)",Existing Codebook
com.smustafa.praytimes,Lifestyle,LIFESTYLE,"MITTen/GDW Study University of Michigan Medical School Radesky Lab (Jenny Radesky, MD, Heidi Weeks, PhD, Lindon Camaj, MS, et al.)",Existing Codebook
com.peace.Compass,Productivity & Business,TOOLS,"MITTen/GDW Study University of Michigan Medical School Radesky Lab (Jenny Radesky, MD, Heidi Weeks, PhD, Lindon Camaj, MS, et al.)",Existing Codebook
anywheresoftware.b4a.SIAToolKit,Entertainment,BOOKS_AND_REFERENCE,"MITTen/GDW Study University of Michigan Medical School Radesky Lab (Jenny Radesky, MD, Heidi Weeks, PhD, Lindon Camaj, MS, et al.)",Existing Codebook
com.modanisa,Lifestyle,SHOPPING,"MITTen/GDW Study University of Michigan Medical School Radesky Lab (Jenny Radesky, MD, Heidi Weeks, PhD, Lindon Camaj, MS, et al.)",Existing Codebook
com.redfin.android,Lifestyle,HOUSE_AND_HOME,"MITTen/GDW Study University of Michigan Medical School Radesky Lab (Jenny Radesky, MD, Heidi Weeks, PhD, Lindon Camaj, MS, et al.), BCM CNRC",Existing Codebook
gov.cdc.ncird.vaccineschedule,Health,MEDICAL,"MITTen/GDW Study University of Michigan Medical School Radesky Lab (Jenny Radesky, MD, Heidi Weeks, PhD, Lindon Camaj, MS, et al.)",Existing Codebook
aarnav100.developer.g_forms,Productivity & Business,PRODUCTIVITY,"MITTen/GDW Study University of Michigan Medical School Radesky Lab (Jenny Radesky, MD, Heidi Weeks, PhD, Lindon Camaj, MS, et al.)",Existing Codebook
com.pushd.client,Productivity & Business,TOOLS,"MITTen/GDW Study University of Michigan Medical School Radesky Lab (Jenny Radesky, MD, Heidi Weeks, PhD, Lindon Camaj, MS, et al.)",Existing Codebook
com.gpshopper.express.android,Lifestyle,SHOPPING,"MITTen/GDW Study University of Michigan Medical School Radesky Lab (Jenny Radesky, MD, Heidi Weeks, PhD, Lindon Camaj, MS, et al.)",Existing Codebook
com.greenchef.GreenChef,Lifestyle,FOOD_AND_DRINK,"MITTen/GDW Study University of Michigan Medical School Radesky Lab (Jenny Radesky, MD, Heidi Weeks, PhD, Lindon Camaj, MS, et al.)",Existing Codebook
com.kidde.android.monitor1,Lifestyle,LIFESTYLE,"MITTen/GDW Study University of Michigan Medical School Radesky Lab (Jenny Radesky, MD, Heidi Weeks, PhD, Lindon Camaj, MS, et al.)",Existing Codebook
com.hp.pregnancy.lite,Lifestyle,PARENTING,"MITTen/GDW Study University of Michigan Medical School Radesky Lab (Jenny Radesky, MD, Heidi Weeks, PhD, Lindon Camaj, MS, et al.)",Existing Codebook
com.easybrain.cross.logic.puzzle,Games,GAME_PUZZLE,"MITTen/GDW Study University of Michigan Medical School Radesky Lab (Jenny Radesky, MD, Heidi Weeks, PhD, Lindon Camaj, MS, et al.)",Existing Codebook
com.iposedon.bricksbreakerballs,Games,GAME_ARCADE,"MITTen/GDW Study University of Michigan Medical School Radesky Lab (Jenny Radesky, MD, Heidi Weeks, PhD, Lindon Camaj, MS, et al.)",Existing Codebook
premom.eh.com.ehpremomapp,Health,HEALTH_AND_FITNESS,"MITTen/GDW Study University of Michigan Medical School Radesky Lab (Jenny Radesky, MD, Heidi Weeks, PhD, Lindon Camaj, MS, et al.), BCM CNRC",Existing Codebook
com.plexapp.android,Entertainment,ENTERTAINMENT,"MITTen/GDW Study University of Michigan Medical School Radesky Lab (Jenny Radesky, MD, Heidi Weeks, PhD, Lindon Camaj, MS, et al.)",Existing Codebook
com.peoplefun.bricksnballs,Games,GAME_PUZZLE,"MITTen/GDW Study University of Michigan Medical School Radesky Lab (Jenny Radesky, MD, Heidi Weeks, PhD, Lindon Camaj, MS, et al.)",Existing Codebook
com.samsung.android.waterplugin,Productivity & Business,TOOLS,"MITTen/GDW Study University of Michigan Medical School Radesky Lab (Jenny Radesky, MD, Heidi Weeks, PhD, Lindon Camaj, MS, et al.)",Existing Codebook
kr.co.smartstudy.dinoworld_android_googlemarket,Education,EDUCATION,"MITTen/GDW Study University of Michigan Medical School Radesky Lab (Jenny Radesky, MD, Heidi Weeks, PhD, Lindon Camaj, MS, et al.), BCM CNRC",Existing Codebook
com.amayasoft.dinosaur.games.little.kids.toddlers,Games,GAME_EDUCATIONAL,"MITTen/GDW Study University of Michigan Medical School Radesky Lab (Jenny Radesky, MD, Heidi Weeks, PhD, Lindon Camaj, MS, et al.), BCM CNRC",Existing Codebook
com.mtentertainment.folder,Productivity & Business,PRODUCTIVITY,"MITTen/GDW Study University of Michigan Medical School Radesky Lab (Jenny Radesky, MD, Heidi Weeks, PhD, Lindon Camaj, MS, et al.), BCM CNRC",Existing Codebook
pm.spin,Travel & Local,TRAVEL_AND_LOCAL,"MITTen/GDW Study University of Michigan Medical School Radesky Lab (Jenny Radesky, MD, Heidi Weeks, PhD, Lindon Camaj, MS, et al.)",Existing Codebook
org.twisevictory.apps,Health,HEALTH_AND_FITNESS,"MITTen/GDW Study University of Michigan Medical School Radesky Lab (Jenny Radesky, MD, Heidi Weeks, PhD, Lindon Camaj, MS, et al.), BCM CNRC",Existing Codebook
com.cnn.mobile.android.phone,Lifestyle,NEWS_AND_MAGAZINES,"MITTen/GDW Study University of Michigan Medical School Radesky Lab (Jenny Radesky, MD, Heidi Weeks, PhD, Lindon Camaj, MS, et al.)",Existing Codebook
com.bamnetworks.mobile.android.ballpark,Entertainment,SPORTS,"MITTen/GDW Study University of Michigan Medical School Radesky Lab (Jenny Radesky, MD, Heidi Weeks, PhD, Lindon Camaj, MS, et al.), BCM CNRC",Existing Codebook
com.mergeland.alices.wonder.adventure,Games,GAME_PUZZLE,"MITTen/GDW Study University of Michigan Medical School Radesky Lab (Jenny Radesky, MD, Heidi Weeks, PhD, Lindon Camaj, MS, et al.)",Existing Codebook
com.dragonscapes.global,Games,GAME_SIMULATION,"MITTen/GDW Study University of Michigan Medical School Radesky Lab (Jenny Radesky, MD, Heidi Weeks, PhD, Lindon Camaj, MS, et al.)",Existing Codebook
com.ha.prepsmart,Health,HEALTH_AND_FITNESS,"MITTen/GDW Study University of Michigan Medical School Radesky Lab (Jenny Radesky, MD, Heidi Weeks, PhD, Lindon Camaj, MS, et al.)",Existing Codebook
com.mlive.wolverines.android,Entertainment,SPORTS,"MITTen/GDW Study University of Michigan Medical School Radesky Lab (Jenny Radesky, MD, Heidi Weeks, PhD, Lindon Camaj, MS, et al.)",Existing Codebook
com.espn.score_center,Entertainment,SPORTS,"MITTen/GDW Study University of Michigan Medical School Radesky Lab (Jenny Radesky, MD, Heidi Weeks, PhD, Lindon Camaj, MS, et al.), BCM CNRC",Existing Codebook
com.zulily.android,Lifestyle,SHOPPING,"MITTen/GDW Study University of Michigan Medical School Radesky Lab (Jenny Radesky, MD, Heidi Weeks, PhD, Lindon Camaj, MS, et al.)",Existing Codebook
com.slacker.radio,Entertainment,MUSIC_AND_AUDIO,"MITTen/GDW Study University of Michigan Medical School Radesky Lab (Jenny Radesky, MD, Heidi Weeks, PhD, Lindon Camaj, MS, et al.)",Existing Codebook
net.daylio,Lifestyle,LIFESTYLE,"MITTen/GDW Study University of Michigan Medical School Radesky Lab (Jenny Radesky, MD, Heidi Weeks, PhD, Lindon Camaj, MS, et al.)",Existing Codebook
com.medbridgeed.clinician,Education,EDUCATION,"MITTen/GDW Study University of Michigan Medical School Radesky Lab (Jenny Radesky, MD, Heidi Weeks, PhD, Lindon Camaj, MS, et al.)",Existing Codebook
com.synology.projectkailash,Productivity & Business,PERSONALIZATION,"MITTen/GDW Study University of Michigan Medical School Radesky Lab (Jenny Radesky, MD, Heidi Weeks, PhD, Lindon Camaj, MS, et al.)",Existing Codebook
com.whirlpool.android.wpapp,Lifestyle,LIFESTYLE,"MITTen/GDW Study University of Michigan Medical School Radesky Lab (Jenny Radesky, MD, Heidi Weeks, PhD, Lindon Camaj, MS, et al.)",Existing Codebook
com.glow.android,Health,HEALTH_AND_FITNESS,"MITTen/GDW Study University of Michigan Medical School Radesky Lab (Jenny Radesky, MD, Heidi Weeks, PhD, Lindon Camaj, MS, et al.)",Existing Codebook
com.todoist,Productivity & Business,PRODUCTIVITY,"MITTen/GDW Study University of Michigan Medical School Radesky Lab (Jenny Radesky, MD, Heidi Weeks, PhD, Lindon Camaj, MS, et al.)",Existing Codebook
com.audiobookshelf.app,Entertainment,MUSIC_AND_AUDIO,"MITTen/GDW Study University of Michigan Medical School Radesky Lab (Jenny Radesky, MD, Heidi Weeks, PhD, Lindon Camaj, MS, et al.)",Existing Codebook
com.overstock,Lifestyle,SHOPPING,"MITTen/GDW Study University of Michigan Medical School Radesky Lab (Jenny Radesky, MD, Heidi Weeks, PhD, Lindon Camaj, MS, et al.)",Existing Codebook
com.wsandroid.suite.metropcs,Productivity & Business,PRODUCTIVITY,"MITTen/GDW Study University of Michigan Medical School Radesky Lab (Jenny Radesky, MD, Heidi Weeks, PhD, Lindon Camaj, MS, et al.), BCM CNRC",Existing Codebook
com.arlo.app,Lifestyle,LIFESTYLE,"MITTen/GDW Study University of Michigan Medical School Radesky Lab (Jenny Radesky, MD, Heidi Weeks, PhD, Lindon Camaj, MS, et al.)",Existing Codebook
com.pikpok.hrc.play,Games,GAME_SPORTS,"MITTen/GDW Study University of Michigan Medical School Radesky Lab (Jenny Radesky, MD, Heidi Weeks, PhD, Lindon Camaj, MS, et al.)",Existing Codebook
com.miku.mikucare,Lifestyle,PARENTING,"MITTen/GDW Study University of Michigan Medical School Radesky Lab (Jenny Radesky, MD, Heidi Weeks, PhD, Lindon Camaj, MS, et al.)",Existing Codebook
com.allegion.leopard,Lifestyle,HOUSE_AND_HOME,"MITTen/GDW Study University of Michigan Medical School Radesky Lab (Jenny Radesky, MD, Heidi Weeks, PhD, Lindon Camaj, MS, et al.), BCM CNRC",Existing Codebook
com.remind.drink.water.hourly,Health,HEALTH_AND_FITNESS,"MITTen/GDW Study University of Michigan Medical School Radesky Lab (Jenny Radesky, MD, Heidi Weeks, PhD, Lindon Camaj, MS, et al.)",Existing Codebook
com.hungerrush.hungryhowies,Lifestyle,FOOD_AND_DRINK,"MITTen/GDW Study University of Michigan Medical School Radesky Lab (Jenny Radesky, MD, Heidi Weeks, PhD, Lindon Camaj, MS, et al.)",Existing Codebook
com.allstate.view,Productivity & Business,FINANCE,"MITTen/GDW Study University of Michigan Medical School Radesky Lab (Jenny Radesky, MD, Heidi Weeks, PhD, Lindon Camaj, MS, et al.)",Existing Codebook
com.withings.wiscale2,Health,HEALTH_AND_FITNESS,"MITTen/GDW Study University of Michigan Medical School Radesky Lab (Jenny Radesky, MD, Heidi Weeks, PhD, Lindon Camaj, MS, et al.)",Existing Codebook
com.yahoo.mobile.client.android.finance,Productivity & Business,FINANCE,"MITTen/GDW Study University of Michigan Medical School Radesky Lab (Jenny Radesky, MD, Heidi Weeks, PhD, Lindon Camaj, MS, et al.)",Existing Codebook
com.nike.plusgps,Health,HEALTH_AND_FITNESS,"MITTen/GDW Study University of Michigan Medical School Radesky Lab (Jenny Radesky, MD, Heidi Weeks, PhD, Lindon Camaj, MS, et al.), BCM CNRC",Existing Codebook
com.mcu.reolink,Social & Communication,COMMUNICATION,"MITTen/GDW Study University of Michigan Medical School Radesky Lab (Jenny Radesky, MD, Heidi Weeks, PhD, Lindon Camaj, MS, et al.)",Existing Codebook
gov.va.mobileapp,Productivity & Business,TOOLS,"MITTen/GDW Study University of Michigan Medical School Radesky Lab (Jenny Radesky, MD, Heidi Weeks, PhD, Lindon Camaj, MS, et al.)",Existing Codebook
com.ge.kitchen,Lifestyle,LIFESTYLE,"MITTen/GDW Study University of Michigan Medical School Radesky Lab (Jenny Radesky, MD, Heidi Weeks, PhD, Lindon Camaj, MS, et al.)",Existing Codebook
com.aspiration.app,Productivity & Business,FINANCE,"MITTen/GDW Study University of Michigan Medical School Radesky Lab (Jenny Radesky, MD, Heidi Weeks, PhD, Lindon Camaj, MS, et al.)",Existing Codebook
com.aafes.militarystar,Productivity & Business,FINANCE,"MITTen/GDW Study University of Michigan Medical School Radesky Lab (Jenny Radesky, MD, Heidi Weeks, PhD, Lindon Camaj, MS, et al.)",Existing Codebook
com.navyfederal.android,Productivity & Business,FINANCE,"MITTen/GDW Study University of Michigan Medical School Radesky Lab (Jenny Radesky, MD, Heidi Weeks, PhD, Lindon Camaj, MS, et al.)",Existing Codebook
com.myregistry,Lifestyle,LIFESTYLE,"MITTen/GDW Study University of Michigan Medical School Radesky Lab (Jenny Radesky, MD, Heidi Weeks, PhD, Lindon Camaj, MS, et al.)",Existing Codebook
com.fidelity.android,Productivity & Business,FINANCE,"MITTen/GDW Study University of Michigan Medical School Radesky Lab (Jenny Radesky, MD, Heidi Weeks, PhD, Lindon Camaj, MS, et al.), BCM CNRC",Existing Codebook
com.totalwine.app.store,Lifestyle,FOOD_AND_DRINK,"MITTen/GDW Study University of Michigan Medical School Radesky Lab (Jenny Radesky, MD, Heidi Weeks, PhD, Lindon Camaj, MS, et al.)",Existing Codebook
com.revolut.revolut,Productivity & Business,FINANCE,"MITTen/GDW Study University of Michigan Medical School Radesky Lab (Jenny Radesky, MD, Heidi Weeks, PhD, Lindon Camaj, MS, et al.)",Existing Codebook
com.validately.mobile.androidnative,Productivity & Business,BUSINESS,"MITTen/GDW Study University of Michigan Medical School Radesky Lab (Jenny Radesky, MD, Heidi Weeks, PhD, Lindon Camaj, MS, et al.)",Existing Codebook
com.thriftsavingsplan.tsp,Productivity & Business,BUSINESS,"MITTen/GDW Study University of Michigan Medical School Radesky Lab (Jenny Radesky, MD, Heidi Weeks, PhD, Lindon Camaj, MS, et al.)",Existing Codebook
com.knm.ssriders,Games,GAME_ARCADE,"MITTen/GDW Study University of Michigan Medical School Radesky Lab (Jenny Radesky, MD, Heidi Weeks, PhD, Lindon Camaj, MS, et al.)",Existing Codebook
com.casualgamesonline.coinslotsgame,Games,GAME_CASUAL,"MITTen/GDW Study University of Michigan Medical School Radesky Lab (Jenny Radesky, MD, Heidi Weeks, PhD, Lindon Camaj, MS, et al.)",Existing Codebook
com.greenstone.mobile,Productivity & Business,FINANCE,"MITTen/GDW Study University of Michigan Medical School Radesky Lab (Jenny Radesky, MD, Heidi Weeks, PhD, Lindon Camaj, MS, et al.)",Existing Codebook
com.newRez,Productivity & Business,FINANCE,"MITTen/GDW Study University of Michigan Medical School Radesky Lab (Jenny Radesky, MD, Heidi Weeks, PhD, Lindon Camaj, MS, et al.)",Existing Codebook
com.bookclubz,Education,EDUCATION,"MITTen/GDW Study University of Michigan Medical School Radesky Lab (Jenny Radesky, MD, Heidi Weeks, PhD, Lindon Camaj, MS, et al.)",Existing Codebook
com.instaworkmobile,Productivity & Business,BUSINESS,"MITTen/GDW Study University of Michigan Medical School Radesky Lab (Jenny Radesky, MD, Heidi Weeks, PhD, Lindon Camaj, MS, et al.)",Existing Codebook
com.paylocity.paylocitymobile,Productivity & Business,BUSINESS,"MITTen/GDW Study University of Michigan Medical School Radesky Lab (Jenny Radesky, MD, Heidi Weeks, PhD, Lindon Camaj, MS, et al.), BCM CNRC",Existing Codebook
com.netpulse.mobile.annarborymca,Health,HEALTH_AND_FITNESS,"MITTen/GDW Study University of Michigan Medical School Radesky Lab (Jenny Radesky, MD, Heidi Weeks, PhD, Lindon Camaj, MS, et al.)",Existing Codebook
com.synology.dsdrive,Productivity & Business,PRODUCTIVITY,"MITTen/GDW Study University of Michigan Medical School Radesky Lab (Jenny Radesky, MD, Heidi Weeks, PhD, Lindon Camaj, MS, et al.)",Existing Codebook
com.myntra.android,Lifestyle,SHOPPING,"MITTen/GDW Study University of Michigan Medical School Radesky Lab (Jenny Radesky, MD, Heidi Weeks, PhD, Lindon Camaj, MS, et al.)",Existing Codebook
com.amikulich.babysleep,Health,HEALTH_AND_FITNESS,"MITTen/GDW Study University of Michigan Medical School Radesky Lab (Jenny Radesky, MD, Heidi Weeks, PhD, Lindon Camaj, MS, et al.)",Existing Codebook
com.tuya.smartlife,Lifestyle,LIFESTYLE,"MITTen/GDW Study University of Michigan Medical School Radesky Lab (Jenny Radesky, MD, Heidi Weeks, PhD, Lindon Camaj, MS, et al.)",Existing Codebook
com.bigblueswimschool.android,Health,HEALTH_AND_FITNESS,"MITTen/GDW Study University of Michigan Medical School Radesky Lab (Jenny Radesky, MD, Heidi Weeks, PhD, Lindon Camaj, MS, et al.)",Existing Codebook
com.oneplus.filemanager,Productivity & Business,TOOLS,"MITTen/GDW Study University of Michigan Medical School Radesky Lab (Jenny Radesky, MD, Heidi Weeks, PhD, Lindon Camaj, MS, et al.)",Existing Codebook
com.oneplus.membership,Productivity & Business,TOOLS,"MITTen/GDW Study University of Michigan Medical School Radesky Lab (Jenny Radesky, MD, Heidi Weeks, PhD, Lindon Camaj, MS, et al.)",Existing Codebook
com.workpail.inkpad.notepad.notes,Productivity & Business,PRODUCTIVITY,"MITTen/GDW Study University of Michigan Medical School Radesky Lab (Jenny Radesky, MD, Heidi Weeks, PhD, Lindon Camaj, MS, et al.)",Existing Codebook
org.lds.ldssa,Entertainment,BOOKS_AND_REFERENCE,"MITTen/GDW Study University of Michigan Medical School Radesky Lab (Jenny Radesky, MD, Heidi Weeks, PhD, Lindon Camaj, MS, et al.), BCM CNRC",Existing Codebook
com.paycom.mobile.ess,Productivity & Business,TOOLS,"MITTen/GDW Study University of Michigan Medical School Radesky Lab (Jenny Radesky, MD, Heidi Weeks, PhD, Lindon Camaj, MS, et al.)",Existing Codebook
com.honeydue.honeydue,Productivity & Business,FINANCE,"MITTen/GDW Study University of Michigan Medical School Radesky Lab (Jenny Radesky, MD, Heidi Weeks, PhD, Lindon Camaj, MS, et al.)",Existing Codebook
com.tencent.mm,Social & Communication,COMMUNICATION,"MITTen/GDW Study University of Michigan Medical School Radesky Lab (Jenny Radesky, MD, Heidi Weeks, PhD, Lindon Camaj, MS, et al.)",Existing Codebook
com.ants360.yicamera.international,Lifestyle,LIFESTYLE,"MITTen/GDW Study University of Michigan Medical School Radesky Lab (Jenny Radesky, MD, Heidi Weeks, PhD, Lindon Camaj, MS, et al.)",Existing Codebook
com.marianatek.thebarrecode,Health,HEALTH_AND_FITNESS,"MITTen/GDW Study University of Michigan Medical School Radesky Lab (Jenny Radesky, MD, Heidi Weeks, PhD, Lindon Camaj, MS, et al.)",Existing Codebook
com.techwin.wisenetsmartcam,Productivity & Business,BUSINESS,"MITTen/GDW Study University of Michigan Medical School Radesky Lab (Jenny Radesky, MD, Heidi Weeks, PhD, Lindon Camaj, MS, et al.)",Existing Codebook
com.toybuddy.marvinsmagic,Entertainment,ENTERTAINMENT,"MITTen/GDW Study University of Michigan Medical School Radesky Lab (Jenny Radesky, MD, Heidi Weeks, PhD, Lindon Camaj, MS, et al.)",Existing Codebook
org.craigslist.CraigslistMobile,Lifestyle,SHOPPING,"MITTen/GDW Study University of Michigan Medical School Radesky Lab (Jenny Radesky, MD, Heidi Weeks, PhD, Lindon Camaj, MS, et al.), BCM CNRC",Existing Codebook
com.freshthyme.app.android,Lifestyle,SHOPPING,"MITTen/GDW Study University of Michigan Medical School Radesky Lab (Jenny Radesky, MD, Heidi Weeks, PhD, Lindon Camaj, MS, et al.)",Existing Codebook
com.musictogether.hello_everybody_android,Education,EDUCATION,"MITTen/GDW Study University of Michigan Medical School Radesky Lab (Jenny Radesky, MD, Heidi Weeks, PhD, Lindon Camaj, MS, et al.)",Existing Codebook
vitaminshoppe.consumerapp,Lifestyle,SHOPPING,"MITTen/GDW Study University of Michigan Medical School Radesky Lab (Jenny Radesky, MD, Heidi Weeks, PhD, Lindon Camaj, MS, et al.)",Existing Codebook
com.sega.sonicdash,Games,GAME_ARCADE,"MITTen/GDW Study University of Michigan Medical School Radesky Lab (Jenny Radesky, MD, Heidi Weeks, PhD, Lindon Camaj, MS, et al.), BCM CNRC",Existing Codebook
com.kids.preschool.learning.games,Games,GAME_EDUCATIONAL,"MITTen/GDW Study University of Michigan Medical School Radesky Lab (Jenny Radesky, MD, Heidi Weeks, PhD, Lindon Camaj, MS, et al.), BCM CNRC",Existing Codebook
biz.arrowstar.funnyfood4,Games,GAME_EDUCATIONAL,"MITTen/GDW Study University of Michigan Medical School Radesky Lab (Jenny Radesky, MD, Heidi Weeks, PhD, Lindon Camaj, MS, et al.)",Existing Codebook
com.forqan.tech.Jobs,Games,GAME_EDUCATIONAL,"MITTen/GDW Study University of Michigan Medical School Radesky Lab (Jenny Radesky, MD, Heidi Weeks, PhD, Lindon Camaj, MS, et al.), BCM CNRC",Existing Codebook
com.YovoGames.carwash,Games,GAME_CASUAL,"MITTen/GDW Study University of Michigan Medical School Radesky Lab (Jenny Radesky, MD, Heidi Weeks, PhD, Lindon Camaj, MS, et al.)",Existing Codebook
com.educational.baby.games,Games,GAME_EDUCATIONAL,"MITTen/GDW Study University of Michigan Medical School Radesky Lab (Jenny Radesky, MD, Heidi Weeks, PhD, Lindon Camaj, MS, et al.), BCM CNRC",Existing Codebook
com.easygames.race,Games,GAME_RACING,"MITTen/GDW Study University of Michigan Medical School Radesky Lab (Jenny Radesky, MD, Heidi Weeks, PhD, Lindon Camaj, MS, et al.), BCM CNRC",Existing Codebook
com.appxy.famcal,Productivity & Business,PRODUCTIVITY,"MITTen/GDW Study University of Michigan Medical School Radesky Lab (Jenny Radesky, MD, Heidi Weeks, PhD, Lindon Camaj, MS, et al.)",Existing Codebook
com.aa.android,Travel & Local,TRAVEL_AND_LOCAL,"MITTen/GDW Study University of Michigan Medical School Radesky Lab (Jenny Radesky, MD, Heidi Weeks, PhD, Lindon Camaj, MS, et al.), BCM CNRC",Existing Codebook
com.nordvpn.android,Productivity & Business,TOOLS,"MITTen/GDW Study University of Michigan Medical School Radesky Lab (Jenny Radesky, MD, Heidi Weeks, PhD, Lindon Camaj, MS, et al.)",Existing Codebook
com.myklarnamobile,Lifestyle,SHOPPING,"MITTen/GDW Study University of Michigan Medical School Radesky Lab (Jenny Radesky, MD, Heidi Weeks, PhD, Lindon Camaj, MS, et al.), BCM CNRC",Existing Codebook
com.udemy.android,Education,EDUCATION,"MITTen/GDW Study University of Michigan Medical School Radesky Lab (Jenny Radesky, MD, Heidi Weeks, PhD, Lindon Camaj, MS, et al.)",Existing Codebook
com.vipon,Lifestyle,SHOPPING,"MITTen/GDW Study University of Michigan Medical School Radesky Lab (Jenny Radesky, MD, Heidi Weeks, PhD, Lindon Camaj, MS, et al.)",Existing Codebook
com.samsung.accessory.atticmgr,Productivity & Business,TOOLS,"MITTen/GDW Study University of Michigan Medical School Radesky Lab (Jenny Radesky, MD, Heidi Weeks, PhD, Lindon Camaj, MS, et al.)",Existing Codebook
com.jcp,Lifestyle,SHOPPING,"MITTen/GDW Study University of Michigan Medical School Radesky Lab (Jenny Radesky, MD, Heidi Weeks, PhD, Lindon Camaj, MS, et al.)",Existing Codebook
com.samsung.android.gearnplugin,Productivity & Business,TOOLS,"MITTen/GDW Study University of Michigan Medical School Radesky Lab (Jenny Radesky, MD, Heidi Weeks, PhD, Lindon Camaj, MS, et al.), BCM CNRC",Existing Codebook
co.bird.android,Travel & Local,TRAVEL_AND_LOCAL,"MITTen/GDW Study University of Michigan Medical School Radesky Lab (Jenny Radesky, MD, Heidi Weeks, PhD, Lindon Camaj, MS, et al.)",Existing Codebook
com.samsung.accessory,Social & Communication,COMMUNICATION,"MITTen/GDW Study University of Michigan Medical School Radesky Lab (Jenny Radesky, MD, Heidi Weeks, PhD, Lindon Camaj, MS, et al.), BCM CNRC",Existing Codebook
com.emn8.mobilem8.nativeapp.popeyes,Lifestyle,FOOD_AND_DRINK,"MITTen/GDW Study University of Michigan Medical School Radesky Lab (Jenny Radesky, MD, Heidi Weeks, PhD, Lindon Camaj, MS, et al.), BCM CNRC",Existing Codebook
com.fandango.regal,Entertainment,ENTERTAINMENT,"MITTen/GDW Study University of Michigan Medical School Radesky Lab (Jenny Radesky, MD, Heidi Weeks, PhD, Lindon Camaj, MS, et al.)",Existing Codebook
com.apartments.mobile.android,Lifestyle,HOUSE_AND_HOME,"MITTen/GDW Study University of Michigan Medical School Radesky Lab (Jenny Radesky, MD, Heidi Weeks, PhD, Lindon Camaj, MS, et al.)",Existing Codebook
com.discovery.discoveryplus.mobile,Entertainment,ENTERTAINMENT,"MITTen/GDW Study University of Michigan Medical School Radesky Lab (Jenny Radesky, MD, Heidi Weeks, PhD, Lindon Camaj, MS, et al.), BCM CNRC",Existing Codebook
gbis.gbandroid,Travel & Local,TRAVEL_AND_LOCAL,"MITTen/GDW Study University of Michigan Medical School Radesky Lab (Jenny Radesky, MD, Heidi Weeks, PhD, Lindon Camaj, MS, et al.)",Existing Codebook
com.motorola.ccc.notification,Productivity & Business,PRODUCTIVITY,"MITTen/GDW Study University of Michigan Medical School Radesky Lab (Jenny Radesky, MD, Heidi Weeks, PhD, Lindon Camaj, MS, et al.), BCM CNRC",Existing Codebook
fi.mtvkatsomo,Entertainment,ENTERTAINMENT,"MITTen/GDW Study University of Michigan Medical School Radesky Lab (Jenny Radesky, MD, Heidi Weeks, PhD, Lindon Camaj, MS, et al.)",Existing Codebook
com.asurion.android.verizon.vms,Productivity & Business,TOOLS,"MITTen/GDW Study University of Michigan Medical School Radesky Lab (Jenny Radesky, MD, Heidi Weeks, PhD, Lindon Camaj, MS, et al.)",Existing Codebook
com.clearchannel.iheartradio.controller,Entertainment,MUSIC_AND_AUDIO,"MITTen/GDW Study University of Michigan Medical School Radesky Lab (Jenny Radesky, MD, Heidi Weeks, PhD, Lindon Camaj, MS, et al.)",Existing Codebook
net.mullvad.mullvadvpn,Productivity & Business,TOOLS,"MITTen/GDW Study University of Michigan Medical School Radesky Lab (Jenny Radesky, MD, Heidi Weeks, PhD, Lindon Camaj, MS, et al.)",Existing Codebook
com.lgeha.nuts,Lifestyle,LIFESTYLE,"MITTen/GDW Study University of Michigan Medical School Radesky Lab (Jenny Radesky, MD, Heidi Weeks, PhD, Lindon Camaj, MS, et al.), BCM CNRC",Existing Codebook
com.baskinrobbins.app,Lifestyle,FOOD_AND_DRINK,"MITTen/GDW Study University of Michigan Medical School Radesky Lab (Jenny Radesky, MD, Heidi Weeks, PhD, Lindon Camaj, MS, et al.)",Existing Codebook
com.paytronix.client.android.app.hopcat,Lifestyle,FOOD_AND_DRINK,"MITTen/GDW Study University of Michigan Medical School Radesky Lab (Jenny Radesky, MD, Heidi Weeks, PhD, Lindon Camaj, MS, et al.)",Existing Codebook
com.seattleapplab.jerseymikes,Lifestyle,FOOD_AND_DRINK,"MITTen/GDW Study University of Michigan Medical School Radesky Lab (Jenny Radesky, MD, Heidi Weeks, PhD, Lindon Camaj, MS, et al.)",Existing Codebook
com.mobile.lakemichigancu,Productivity & Business,FINANCE,"MITTen/GDW Study University of Michigan Medical School Radesky Lab (Jenny Radesky, MD, Heidi Weeks, PhD, Lindon Camaj, MS, et al.)",Existing Codebook
com.wordfarm.scapes,Games,GAME_WORD,"MITTen/GDW Study University of Michigan Medical School Radesky Lab (Jenny Radesky, MD, Heidi Weeks, PhD, Lindon Camaj, MS, et al.)",Existing Codebook
com.playmgmcasino.nj,Games,GAME_CASINO,"MITTen/GDW Study University of Michigan Medical School Radesky Lab (Jenny Radesky, MD, Heidi Weeks, PhD, Lindon Camaj, MS, et al.)",Existing Codebook
com.draftkings.casino,Entertainment,ENTERTAINMENT,"MITTen/GDW Study University of Michigan Medical School Radesky Lab (Jenny Radesky, MD, Heidi Weeks, PhD, Lindon Camaj, MS, et al.)",Existing Codebook
com.fanduel.casino,Entertainment,ENTERTAINMENT,"MITTen/GDW Study University of Michigan Medical School Radesky Lab (Jenny Radesky, MD, Heidi Weeks, PhD, Lindon Camaj, MS, et al.)",Existing Codebook
com.zynga.words3,Games,GAME_WORD,"MITTen/GDW Study University of Michigan Medical School Radesky Lab (Jenny Radesky, MD, Heidi Weeks, PhD, Lindon Camaj, MS, et al.)",Existing Codebook
com.beachbum.domino,Games,GAME_BOARD,"MITTen/GDW Study University of Michigan Medical School Radesky Lab (Jenny Radesky, MD, Heidi Weeks, PhD, Lindon Camaj, MS, et al.)",Existing Codebook
com.swishme.tracfone,Productivity & Business,PRODUCTIVITY,"MITTen/GDW Study University of Michigan Medical School Radesky Lab (Jenny Radesky, MD, Heidi Weeks, PhD, Lindon Camaj, MS, et al.)",Existing Codebook
com.handmark.expressweather,Travel & Local,WEATHER,"MITTen/GDW Study University of Michigan Medical School Radesky Lab (Jenny Radesky, MD, Heidi Weeks, PhD, Lindon Camaj, MS, et al.)",Existing Codebook
com.hmdglobal.app.camera,Productivity & Business,TOOLS,"MITTen/GDW Study University of Michigan Medical School Radesky Lab (Jenny Radesky, MD, Heidi Weeks, PhD, Lindon Camaj, MS, et al.)",Existing Codebook
com.seven.eleven.phoenix,Lifestyle,FOOD_AND_DRINK,"MITTen/GDW Study University of Michigan Medical School Radesky Lab (Jenny Radesky, MD, Heidi Weeks, PhD, Lindon Camaj, MS, et al.)",Existing Codebook
com.blueberrypediatrics.blueberrypediatrics,Health,HEALTH_AND_FITNESS,"MITTen/GDW Study University of Michigan Medical School Radesky Lab (Jenny Radesky, MD, Heidi Weeks, PhD, Lindon Camaj, MS, et al.)",Existing Codebook
jp.naver.line.android,Social & Communication,COMMUNICATION,"MITTen/GDW Study University of Michigan Medical School Radesky Lab (Jenny Radesky, MD, Heidi Weeks, PhD, Lindon Camaj, MS, et al.)",Existing Codebook
com.dentulu.hydoc,Health,MEDICAL,"MITTen/GDW Study University of Michigan Medical School Radesky Lab (Jenny Radesky, MD, Heidi Weeks, PhD, Lindon Camaj, MS, et al.)",Existing Codebook
com.motorola.ccc.ota,Productivity & Business,TOOLS,"MITTen/GDW Study University of Michigan Medical School Radesky Lab (Jenny Radesky, MD, Heidi Weeks, PhD, Lindon Camaj, MS, et al.)",Existing Codebook
com.simplisafe.mobile,Lifestyle,LIFESTYLE,"MITTen/GDW Study University of Michigan Medical School Radesky Lab (Jenny Radesky, MD, Heidi Weeks, PhD, Lindon Camaj, MS, et al.)",Existing Codebook
com.motosafety.android,Productivity & Business,BUSINESS,"MITTen/GDW Study University of Michigan Medical School Radesky Lab (Jenny Radesky, MD, Heidi Weeks, PhD, Lindon Camaj, MS, et al.)",Existing Codebook
com.subsplashconsulting.s_T39K8N,Lifestyle,LIFESTYLE,"MITTen/GDW Study University of Michigan Medical School Radesky Lab (Jenny Radesky, MD, Heidi Weeks, PhD, Lindon Camaj, MS, et al.)",Existing Codebook
com.vidangel.thechosen,Entertainment,ENTERTAINMENT,"MITTen/GDW Study University of Michigan Medical School Radesky Lab (Jenny Radesky, MD, Heidi Weeks, PhD, Lindon Camaj, MS, et al.)",Existing Codebook
com.qustodio.family.parental.control.app.screentime,Lifestyle,PARENTING,"MITTen/GDW Study University of Michigan Medical School Radesky Lab (Jenny Radesky, MD, Heidi Weeks, PhD, Lindon Camaj, MS, et al.)",Existing Codebook
com.subsplash.esv,Entertainment,BOOKS_AND_REFERENCE,"MITTen/GDW Study University of Michigan Medical School Radesky Lab (Jenny Radesky, MD, Heidi Weeks, PhD, Lindon Camaj, MS, et al.)",Existing Codebook
com.spotlightsix.zentimerlite2,Health,HEALTH_AND_FITNESS,"MITTen/GDW Study University of Michigan Medical School Radesky Lab (Jenny Radesky, MD, Heidi Weeks, PhD, Lindon Camaj, MS, et al.)",Existing Codebook
com.ToDoReminder.gen,Productivity & Business,PRODUCTIVITY,"MITTen/GDW Study University of Michigan Medical School Radesky Lab (Jenny Radesky, MD, Heidi Weeks, PhD, Lindon Camaj, MS, et al.)",Existing Codebook
edu.umich.lsa.psych.whirlab,Lifestyle,LIFESTYLE,"MITTen/GDW Study University of Michigan Medical School Radesky Lab (Jenny Radesky, MD, Heidi Weeks, PhD, Lindon Camaj, MS, et al.)",Existing Codebook
com.herenowhelp.rehab.client,Health,HEALTH_AND_FITNESS,"MITTen/GDW Study University of Michigan Medical School Radesky Lab (Jenny Radesky, MD, Heidi Weeks, PhD, Lindon Camaj, MS, et al.)",Existing Codebook
com.watchmegrow,Lifestyle,LIFESTYLE,"MITTen/GDW Study University of Michigan Medical School Radesky Lab (Jenny Radesky, MD, Heidi Weeks, PhD, Lindon Camaj, MS, et al.)",Existing Codebook
com.happify.happifyinc,Health,HEALTH_AND_FITNESS,"MITTen/GDW Study University of Michigan Medical School Radesky Lab (Jenny Radesky, MD, Heidi Weeks, PhD, Lindon Camaj, MS, et al.)",Existing Codebook
com.shinynewapp.migraineinsight2,Health,MEDICAL,"MITTen/GDW Study University of Michigan Medical School Radesky Lab (Jenny Radesky, MD, Heidi Weeks, PhD, Lindon Camaj, MS, et al.)",Existing Codebook
com.oppo.quicksearchbox,Productivity & Business,TOOLS,"MITTen/GDW Study University of Michigan Medical School Radesky Lab (Jenny Radesky, MD, Heidi Weeks, PhD, Lindon Camaj, MS, et al.)",Existing Codebook
com.crunchyroll.crunchyroid,Entertainment,ENTERTAINMENT,"MITTen/GDW Study University of Michigan Medical School Radesky Lab (Jenny Radesky, MD, Heidi Weeks, PhD, Lindon Camaj, MS, et al.), BCM CNRC",Existing Codebook
com.northstargames.evolutiongame,Games,GAME_BOARD,"MITTen/GDW Study University of Michigan Medical School Radesky Lab (Jenny Radesky, MD, Heidi Weeks, PhD, Lindon Camaj, MS, et al.)",Existing Codebook
com.gusto.money,Productivity & Business,FINANCE,"MITTen/GDW Study University of Michigan Medical School Radesky Lab (Jenny Radesky, MD, Heidi Weeks, PhD, Lindon Camaj, MS, et al.)",Existing Codebook
com.gengcon.android.jccloudprinter,Productivity & Business,TOOLS,"MITTen/GDW Study University of Michigan Medical School Radesky Lab (Jenny Radesky, MD, Heidi Weeks, PhD, Lindon Camaj, MS, et al.)",Existing Codebook
com.speedway.mobile,Travel & Local,TRAVEL_AND_LOCAL,"MITTen/GDW Study University of Michigan Medical School Radesky Lab (Jenny Radesky, MD, Heidi Weeks, PhD, Lindon Camaj, MS, et al.)",Existing Codebook
com.usenourish.app,Health,HEALTH_AND_FITNESS,"MITTen/GDW Study University of Michigan Medical School Radesky Lab (Jenny Radesky, MD, Heidi Weeks, PhD, Lindon Camaj, MS, et al.)",Existing Codebook
app.nationallotto.mi,Lifestyle,NEWS_AND_MAGAZINES,"MITTen/GDW Study University of Michigan Medical School Radesky Lab (Jenny Radesky, MD, Heidi Weeks, PhD, Lindon Camaj, MS, et al.)",Existing Codebook
com.oneplus.account,Productivity & Business,TOOLS,"MITTen/GDW Study University of Michigan Medical School Radesky Lab (Jenny Radesky, MD, Heidi Weeks, PhD, Lindon Camaj, MS, et al.)",Existing Codebook
com.whisker.android,Lifestyle,LIFESTYLE,"MITTen/GDW Study University of Michigan Medical School Radesky Lab (Jenny Radesky, MD, Heidi Weeks, PhD, Lindon Camaj, MS, et al.)",Existing Codebook
com.aniplex.twst.en,Games,GAME_ADVENTURE,"MITTen/GDW Study University of Michigan Medical School Radesky Lab (Jenny Radesky, MD, Heidi Weeks, PhD, Lindon Camaj, MS, et al.)",Existing Codebook
me.pokeraid,Social & Communication,SOCIAL,"MITTen/GDW Study University of Michigan Medical School Radesky Lab (Jenny Radesky, MD, Heidi Weeks, PhD, Lindon Camaj, MS, et al.)",Existing Codebook
co.grove.android,Lifestyle,SHOPPING,"MITTen/GDW Study University of Michigan Medical School Radesky Lab (Jenny Radesky, MD, Heidi Weeks, PhD, Lindon Camaj, MS, et al.)",Existing Codebook
com.carters.android,Lifestyle,SHOPPING,"MITTen/GDW Study University of Michigan Medical School Radesky Lab (Jenny Radesky, MD, Heidi Weeks, PhD, Lindon Camaj, MS, et al.)",Existing Codebook
net.groceryshopping.SproutsFarmersMarket,Lifestyle,SHOPPING,"MITTen/GDW Study University of Michigan Medical School Radesky Lab (Jenny Radesky, MD, Heidi Weeks, PhD, Lindon Camaj, MS, et al.)",Existing Codebook
com.ubercab.eats,Lifestyle,FOOD_AND_DRINK,"MITTen/GDW Study University of Michigan Medical School Radesky Lab (Jenny Radesky, MD, Heidi Weeks, PhD, Lindon Camaj, MS, et al.), BCM CNRC",Existing Codebook
com.sayweee.weee,Lifestyle,FOOD_AND_DRINK,"MITTen/GDW Study University of Michigan Medical School Radesky Lab (Jenny Radesky, MD, Heidi Weeks, PhD, Lindon Camaj, MS, et al.)",Existing Codebook
io.comico,Entertainment,COMICS,"MITTen/GDW Study University of Michigan Medical School Radesky Lab (Jenny Radesky, MD, Heidi Weeks, PhD, Lindon Camaj, MS, et al.)",Existing Codebook
com.contentsfirst.tappytoon,Entertainment,COMICS,"MITTen/GDW Study University of Michigan Medical School Radesky Lab (Jenny Radesky, MD, Heidi Weeks, PhD, Lindon Camaj, MS, et al.)",Existing Codebook
com.gap.mobile.oldnavy,Lifestyle,SHOPPING,"MITTen/GDW Study University of Michigan Medical School Radesky Lab (Jenny Radesky, MD, Heidi Weeks, PhD, Lindon Camaj, MS, et al.)",Existing Codebook
com.postmates.android,Lifestyle,FOOD_AND_DRINK,"MITTen/GDW Study University of Michigan Medical School Radesky Lab (Jenny Radesky, MD, Heidi Weeks, PhD, Lindon Camaj, MS, et al.)",Existing Codebook
com.nixhydragames.thearcana,Games,GAME_SIMULATION,"MITTen/GDW Study University of Michigan Medical School Radesky Lab (Jenny Radesky, MD, Heidi Weeks, PhD, Lindon Camaj, MS, et al.)",Existing Codebook
com.fig,Health,HEALTH_AND_FITNESS,"MITTen/GDW Study University of Michigan Medical School Radesky Lab (Jenny Radesky, MD, Heidi Weeks, PhD, Lindon Camaj, MS, et al.)",Existing Codebook
com.evilapples.app,Games,GAME_WORD,"MITTen/GDW Study University of Michigan Medical School Radesky Lab (Jenny Radesky, MD, Heidi Weeks, PhD, Lindon Camaj, MS, et al.)",Existing Codebook
com.aftership.AfterShip,Lifestyle,SHOPPING,"MITTen/GDW Study University of Michigan Medical School Radesky Lab (Jenny Radesky, MD, Heidi Weeks, PhD, Lindon Camaj, MS, et al.)",Existing Codebook
com.sei.android,Lifestyle,FOOD_AND_DRINK,"MITTen/GDW Study University of Michigan Medical School Radesky Lab (Jenny Radesky, MD, Heidi Weeks, PhD, Lindon Camaj, MS, et al.)",Existing Codebook
com.cjin.pokegenie.standard,Productivity & Business,TOOLS,"MITTen/GDW Study University of Michigan Medical School Radesky Lab (Jenny Radesky, MD, Heidi Weeks, PhD, Lindon Camaj, MS, et al.)",Existing Codebook
com.oneplus.store,Lifestyle,SHOPPING,"MITTen/GDW Study University of Michigan Medical School Radesky Lab (Jenny Radesky, MD, Heidi Weeks, PhD, Lindon Camaj, MS, et al.)",Existing Codebook
com.rhi.rockethq,Lifestyle,HOUSE_AND_HOME,"MITTen/GDW Study University of Michigan Medical School Radesky Lab (Jenny Radesky, MD, Heidi Weeks, PhD, Lindon Camaj, MS, et al.)",Existing Codebook
com.jrustonapps.mymoonphase,Travel & Local,WEATHER,"MITTen/GDW Study University of Michigan Medical School Radesky Lab (Jenny Radesky, MD, Heidi Weeks, PhD, Lindon Camaj, MS, et al.)",Existing Codebook
com.marmalade.monopoly,Games,GAME_BOARD,"MITTen/GDW Study University of Michigan Medical School Radesky Lab (Jenny Radesky, MD, Heidi Weeks, PhD, Lindon Camaj, MS, et al.)",Existing Codebook
com.wix.admin,Productivity & Business,PRODUCTIVITY,"MITTen/GDW Study University of Michigan Medical School Radesky Lab (Jenny Radesky, MD, Heidi Weeks, PhD, Lindon Camaj, MS, et al.)",Existing Codebook
gov.cdc.ncbddd.actearly.milestones,Health,HEALTH_AND_FITNESS,"MITTen/GDW Study University of Michigan Medical School Radesky Lab (Jenny Radesky, MD, Heidi Weeks, PhD, Lindon Camaj, MS, et al.)",Existing Codebook
com.digitas.solidstarts,Lifestyle,PARENTING,"MITTen/GDW Study University of Michigan Medical School Radesky Lab (Jenny Radesky, MD, Heidi Weeks, PhD, Lindon Camaj, MS, et al.)",Existing Codebook
tv.twitch.android.app,Entertainment,ENTERTAINMENT,"MITTen/GDW Study University of Michigan Medical School Radesky Lab (Jenny Radesky, MD, Heidi Weeks, PhD, Lindon Camaj, MS, et al.)",Existing Codebook
com.teamwood.spacewood.unity,Games,GAME_STRATEGY,"MITTen/GDW Study University of Michigan Medical School Radesky Lab (Jenny Radesky, MD, Heidi Weeks, PhD, Lindon Camaj, MS, et al.)",Existing Codebook
com.nighp.babytracker_android,Lifestyle,PARENTING,"MITTen/GDW Study University of Michigan Medical School Radesky Lab (Jenny Radesky, MD, Heidi Weeks, PhD, Lindon Camaj, MS, et al.)",Existing Codebook
com.emotorwerks.juicebox,Travel & Local,MAPS_AND_NAVIGATION,"MITTen/GDW Study University of Michigan Medical School Radesky Lab (Jenny Radesky, MD, Heidi Weeks, PhD, Lindon Camaj, MS, et al.)",Existing Codebook
com.dteenergy.insight,Productivity & Business,BUSINESS,"MITTen/GDW Study University of Michigan Medical School Radesky Lab (Jenny Radesky, MD, Heidi Weeks, PhD, Lindon Camaj, MS, et al.)",Existing Codebook
com.eco.global.app,Lifestyle,LIFESTYLE,"MITTen/GDW Study University of Michigan Medical School Radesky Lab (Jenny Radesky, MD, Heidi Weeks, PhD, Lindon Camaj, MS, et al.)",Existing Codebook
com.nielsen.companionapp,Productivity & Business,TOOLS,"MITTen/GDW Study University of Michigan Medical School Radesky Lab (Jenny Radesky, MD, Heidi Weeks, PhD, Lindon Camaj, MS, et al.)",Existing Codebook
com.kii.safe,Photography,PHOTOGRAPHY,"MITTen/GDW Study University of Michigan Medical School Radesky Lab (Jenny Radesky, MD, Heidi Weeks, PhD, Lindon Camaj, MS, et al.)",Existing Codebook
com.mfoundry.mb.android.mb_447_1,Productivity & Business,FINANCE,"MITTen/GDW Study University of Michigan Medical School Radesky Lab (Jenny Radesky, MD, Heidi Weeks, PhD, Lindon Camaj, MS, et al.)",Existing Codebook
com.tripledot.woodoku,Games,GAME_PUZZLE,"MITTen/GDW Study University of Michigan Medical School Radesky Lab (Jenny Radesky, MD, Heidi Weeks, PhD, Lindon Camaj, MS, et al.), BCM CNRC",Existing Codebook
se.netix.eparkera,Travel & Local,TRAVEL_AND_LOCAL,"MITTen/GDW Study University of Michigan Medical School Radesky Lab (Jenny Radesky, MD, Heidi Weeks, PhD, Lindon Camaj, MS, et al.)",Existing Codebook
com.quicinc.voice.activation,Social & Communication,COMMUNICATION,"MITTen/GDW Study University of Michigan Medical School Radesky Lab (Jenny Radesky, MD, Heidi Weeks, PhD, Lindon Camaj, MS, et al.)",Existing Codebook
com.usaa.mobile.android.safedriving,Productivity & Business,AUTO_AND_VEHICLES,"MITTen/GDW Study University of Michigan Medical School Radesky Lab (Jenny Radesky, MD, Heidi Weeks, PhD, Lindon Camaj, MS, et al.), BCM CNRC",Existing Codebook
com.aquatots,Education,EDUCATION,"MITTen/GDW Study University of Michigan Medical School Radesky Lab (Jenny Radesky, MD, Heidi Weeks, PhD, Lindon Camaj, MS, et al.)",Existing Codebook
com.locai.petpartner,Lifestyle,LIFESTYLE,"MITTen/GDW Study University of Michigan Medical School Radesky Lab (Jenny Radesky, MD, Heidi Weeks, PhD, Lindon Camaj, MS, et al.)",Existing Codebook
in.playsimple.tripcross,Games,GAME_WORD,"MITTen/GDW Study University of Michigan Medical School Radesky Lab (Jenny Radesky, MD, Heidi Weeks, PhD, Lindon Camaj, MS, et al.), BCM CNRC",Existing Codebook
in.playsimple.wordtrip,Games,GAME_WORD,"MITTen/GDW Study University of Michigan Medical School Radesky Lab (Jenny Radesky, MD, Heidi Weeks, PhD, Lindon Camaj, MS, et al.)",Existing Codebook
com.regions.mobbanking,Productivity & Business,FINANCE,"MITTen/GDW Study University of Michigan Medical School Radesky Lab (Jenny Radesky, MD, Heidi Weeks, PhD, Lindon Camaj, MS, et al.)",Existing Codebook
com.brunoschalch.timeuntil,Lifestyle,LIFESTYLE,"MITTen/GDW Study University of Michigan Medical School Radesky Lab (Jenny Radesky, MD, Heidi Weeks, PhD, Lindon Camaj, MS, et al.)",Existing Codebook
com.dovenmuehle,Productivity & Business,FINANCE,"MITTen/GDW Study University of Michigan Medical School Radesky Lab (Jenny Radesky, MD, Heidi Weeks, PhD, Lindon Camaj, MS, et al.)",Existing Codebook
com.hellofresh.androidapp,Lifestyle,FOOD_AND_DRINK,"MITTen/GDW Study University of Michigan Medical School Radesky Lab (Jenny Radesky, MD, Heidi Weeks, PhD, Lindon Camaj, MS, et al.)",Existing Codebook
com.glazero.android,Social & Communication,COMMUNICATION,"MITTen/GDW Study University of Michigan Medical School Radesky Lab (Jenny Radesky, MD, Heidi Weeks, PhD, Lindon Camaj, MS, et al.)",Existing Codebook
com.ascendik.eyeshield,Health,HEALTH_AND_FITNESS,"MITTen/GDW Study University of Michigan Medical School Radesky Lab (Jenny Radesky, MD, Heidi Weeks, PhD, Lindon Camaj, MS, et al.)",Existing Codebook
com.fictionpress.fanfiction,Entertainment,BOOKS_AND_REFERENCE,"MITTen/GDW Study University of Michigan Medical School Radesky Lab (Jenny Radesky, MD, Heidi Weeks, PhD, Lindon Camaj, MS, et al.)",Existing Codebook
com.rbigsoft.easyunrar.lite,Productivity & Business,TOOLS,"MITTen/GDW Study University of Michigan Medical School Radesky Lab (Jenny Radesky, MD, Heidi Weeks, PhD, Lindon Camaj, MS, et al.)",Existing Codebook
io.faceapp,Photography,PHOTOGRAPHY,"MITTen/GDW Study University of Michigan Medical School Radesky Lab (Jenny Radesky, MD, Heidi Weeks, PhD, Lindon Camaj, MS, et al.)",Existing Codebook
dk.tactile.lilysgarden,Games,GAME_PUZZLE,"MITTen/GDW Study University of Michigan Medical School Radesky Lab (Jenny Radesky, MD, Heidi Weeks, PhD, Lindon Camaj, MS, et al.)",Existing Codebook
yducky.application.babytime,Lifestyle,PARENTING,"MITTen/GDW Study University of Michigan Medical School Radesky Lab (Jenny Radesky, MD, Heidi Weeks, PhD, Lindon Camaj, MS, et al.)",Existing Codebook
ca.tangerine.clients.banking.app,Productivity & Business,FINANCE,"MITTen/GDW Study University of Michigan Medical School Radesky Lab (Jenny Radesky, MD, Heidi Weeks, PhD, Lindon Camaj, MS, et al.)",Existing Codebook
com.betterhelp,Health,HEALTH_AND_FITNESS,"MITTen/GDW Study University of Michigan Medical School Radesky Lab (Jenny Radesky, MD, Heidi Weeks, PhD, Lindon Camaj, MS, et al.), BCM CNRC",Existing Codebook
sortpuz.water.sort.puzzle.game,Games,GAME_PUZZLE,"MITTen/GDW Study University of Michigan Medical School Radesky Lab (Jenny Radesky, MD, Heidi Weeks, PhD, Lindon Camaj, MS, et al.)",Existing Codebook
com.zerofasting.zero,Health,HEALTH_AND_FITNESS,"MITTen/GDW Study University of Michigan Medical School Radesky Lab (Jenny Radesky, MD, Heidi Weeks, PhD, Lindon Camaj, MS, et al.)",Existing Codebook
com.samsung.android.gearrplugin,Productivity & Business,TOOLS,"MITTen/GDW Study University of Michigan Medical School Radesky Lab (Jenny Radesky, MD, Heidi Weeks, PhD, Lindon Camaj, MS, et al.), BCM CNRC",Existing Codebook
com.selantoapps.bodydiary,Health,HEALTH_AND_FITNESS,"MITTen/GDW Study University of Michigan Medical School Radesky Lab (Jenny Radesky, MD, Heidi Weeks, PhD, Lindon Camaj, MS, et al.)",Existing Codebook
com.wordgame.words.connect,Games,GAME_WORD,"MITTen/GDW Study University of Michigan Medical School Radesky Lab (Jenny Radesky, MD, Heidi Weeks, PhD, Lindon Camaj, MS, et al.)",Existing Codebook
com.savetheworld.game,Games,GAME_CASUAL,"MITTen/GDW Study University of Michigan Medical School Radesky Lab (Jenny Radesky, MD, Heidi Weeks, PhD, Lindon Camaj, MS, et al.)",Existing Codebook
com.asynchrony.emerson.sensi,Lifestyle,LIFESTYLE,"MITTen/GDW Study University of Michigan Medical School Radesky Lab (Jenny Radesky, MD, Heidi Weeks, PhD, Lindon Camaj, MS, et al.)",Existing Codebook
com.rrmobile,Education,EDUCATION,"MITTen/GDW Study University of Michigan Medical School Radesky Lab (Jenny Radesky, MD, Heidi Weeks, PhD, Lindon Camaj, MS, et al.)",Existing Codebook
com.spenga,Health,HEALTH_AND_FITNESS,"MITTen/GDW Study University of Michigan Medical School Radesky Lab (Jenny Radesky, MD, Heidi Weeks, PhD, Lindon Camaj, MS, et al.)",Existing Codebook
com.l,Lifestyle,SHOPPING,"MITTen/GDW Study University of Michigan Medical School Radesky Lab (Jenny Radesky, MD, Heidi Weeks, PhD, Lindon Camaj, MS, et al.)",Existing Codebook
com.teamsnap.teamsnap,Entertainment,SPORTS,"MITTen/GDW Study University of Michigan Medical School Radesky Lab (Jenny Radesky, MD, Heidi Weeks, PhD, Lindon Camaj, MS, et al.)",Existing Codebook
com.jamcity.solitairejam,Games,GAME_CARD,"MITTen/GDW Study University of Michigan Medical School Radesky Lab (Jenny Radesky, MD, Heidi Weeks, PhD, Lindon Camaj, MS, et al.)",Existing Codebook
com.wholefoods.wholefoodsmarket,Lifestyle,SHOPPING,"MITTen/GDW Study University of Michigan Medical School Radesky Lab (Jenny Radesky, MD, Heidi Weeks, PhD, Lindon Camaj, MS, et al.)",Existing Codebook
com.block.puzzle.game.wooden,Games,GAME_PUZZLE,"MITTen/GDW Study University of Michigan Medical School Radesky Lab (Jenny Radesky, MD, Heidi Weeks, PhD, Lindon Camaj, MS, et al.)",Existing Codebook
com.sidearmsports.umichigan,Entertainment,SPORTS,"MITTen/GDW Study University of Michigan Medical School Radesky Lab (Jenny Radesky, MD, Heidi Weeks, PhD, Lindon Camaj, MS, et al.)",Existing Codebook
com.thisclicks.wiw,Productivity & Business,BUSINESS,"MITTen/GDW Study University of Michigan Medical School Radesky Lab (Jenny Radesky, MD, Heidi Weeks, PhD, Lindon Camaj, MS, et al.)",Existing Codebook
com.credituniononecu.credituniononecu,Productivity & Business,FINANCE,"MITTen/GDW Study University of Michigan Medical School Radesky Lab (Jenny Radesky, MD, Heidi Weeks, PhD, Lindon Camaj, MS, et al.)",Existing Codebook
com.hcmtogo.workforceready,Productivity & Business,BUSINESS,"MITTen/GDW Study University of Michigan Medical School Radesky Lab (Jenny Radesky, MD, Heidi Weeks, PhD, Lindon Camaj, MS, et al.)",Existing Codebook
com.passportparking.mobile.mobilemeter,Travel & Local,MAPS_AND_NAVIGATION,"MITTen/GDW Study University of Michigan Medical School Radesky Lab (Jenny Radesky, MD, Heidi Weeks, PhD, Lindon Camaj, MS, et al.)",Existing Codebook
com.kiddoware.kidsplace,Entertainment,ENTERTAINMENT,"MITTen/GDW Study University of Michigan Medical School Radesky Lab (Jenny Radesky, MD, Heidi Weeks, PhD, Lindon Camaj, MS, et al.), BCM CNRC",Existing Codebook
com.homer.sesame,Education,EDUCATION,"MITTen/GDW Study University of Michigan Medical School Radesky Lab (Jenny Radesky, MD, Heidi Weeks, PhD, Lindon Camaj, MS, et al.)",Existing Codebook
com.haiku.adventure.escape.game.mystery.stories,Games,GAME_ADVENTURE,"MITTen/GDW Study University of Michigan Medical School Radesky Lab (Jenny Radesky, MD, Heidi Weeks, PhD, Lindon Camaj, MS, et al.)",Existing Codebook
com.pzl1.toddler.puzzles,Games,GAME_EDUCATIONAL,"MITTen/GDW Study University of Michigan Medical School Radesky Lab (Jenny Radesky, MD, Heidi Weeks, PhD, Lindon Camaj, MS, et al.)",Existing Codebook
com.teqtic.lockmeout,Health,HEALTH_AND_FITNESS,"MITTen/GDW Study University of Michigan Medical School Radesky Lab (Jenny Radesky, MD, Heidi Weeks, PhD, Lindon Camaj, MS, et al.)",Existing Codebook
com.ticktick.task,Productivity & Business,PRODUCTIVITY,"MITTen/GDW Study University of Michigan Medical School Radesky Lab (Jenny Radesky, MD, Heidi Weeks, PhD, Lindon Camaj, MS, et al.)",Existing Codebook
com.kangarootime,Education,EDUCATION,"MITTen/GDW Study University of Michigan Medical School Radesky Lab (Jenny Radesky, MD, Heidi Weeks, PhD, Lindon Camaj, MS, et al.)",Existing Codebook
com.bluebraingames.thehouseofdavinci,Games,GAME_PUZZLE,"MITTen/GDW Study University of Michigan Medical School Radesky Lab (Jenny Radesky, MD, Heidi Weeks, PhD, Lindon Camaj, MS, et al.)",Existing Codebook
com.clairmail.fth,Productivity & Business,FINANCE,"MITTen/GDW Study University of Michigan Medical School Radesky Lab (Jenny Radesky, MD, Heidi Weeks, PhD, Lindon Camaj, MS, et al.)",Existing Codebook
org.isoron.uhabits,Productivity & Business,PRODUCTIVITY,"MITTen/GDW Study University of Michigan Medical School Radesky Lab (Jenny Radesky, MD, Heidi Weeks, PhD, Lindon Camaj, MS, et al.)",Existing Codebook
com.vizio.vue.launcher,Entertainment,ENTERTAINMENT,"MITTen/GDW Study University of Michigan Medical School Radesky Lab (Jenny Radesky, MD, Heidi Weeks, PhD, Lindon Camaj, MS, et al.)",Existing Codebook
com.kingone.puzzle.gemking,Games,GAME_CASUAL,"MITTen/GDW Study University of Michigan Medical School Radesky Lab (Jenny Radesky, MD, Heidi Weeks, PhD, Lindon Camaj, MS, et al.)",Existing Codebook
com.tetrox.bowl,Games,GAME_SPORTS,"MITTen/GDW Study University of Michigan Medical School Radesky Lab (Jenny Radesky, MD, Heidi Weeks, PhD, Lindon Camaj, MS, et al.)",Existing Codebook
ott.nowthatstv,Entertainment,ENTERTAINMENT,"MITTen/GDW Study University of Michigan Medical School Radesky Lab (Jenny Radesky, MD, Heidi Weeks, PhD, Lindon Camaj, MS, et al.)",Existing Codebook
net.oneplus.forums,Social & Communication,COMMUNICATION,"MITTen/GDW Study University of Michigan Medical School Radesky Lab (Jenny Radesky, MD, Heidi Weeks, PhD, Lindon Camaj, MS, et al.)",Existing Codebook
slots.pcg.casino.games.free.android,Games,GAME_CASINO,"MITTen/GDW Study University of Michigan Medical School Radesky Lab (Jenny Radesky, MD, Heidi Weeks, PhD, Lindon Camaj, MS, et al.)",Existing Codebook
com.oneplus.gamespace,Entertainment,ENTERTAINMENT,"MITTen/GDW Study University of Michigan Medical School Radesky Lab (Jenny Radesky, MD, Heidi Weeks, PhD, Lindon Camaj, MS, et al.)",Existing Codebook
com.diamondlife.slots.vegas.free,Games,GAME_CASINO,"MITTen/GDW Study University of Michigan Medical School Radesky Lab (Jenny Radesky, MD, Heidi Weeks, PhD, Lindon Camaj, MS, et al.)",Existing Codebook
tv.caffeine.app,Entertainment,SPORTS,"MITTen/GDW Study University of Michigan Medical School Radesky Lab (Jenny Radesky, MD, Heidi Weeks, PhD, Lindon Camaj, MS, et al.), BCM CNRC",Existing Codebook
com.pacificinteractive.HouseOfFun,Games,GAME_CASINO,"MITTen/GDW Study University of Michigan Medical School Radesky Lab (Jenny Radesky, MD, Heidi Weeks, PhD, Lindon Camaj, MS, et al.)",Existing Codebook
com.luna.dynomaster,Games,GAME_RACING,"MITTen/GDW Study University of Michigan Medical School Radesky Lab (Jenny Radesky, MD, Heidi Weeks, PhD, Lindon Camaj, MS, et al.)",Existing Codebook
com.oneplus.gallery,Photography,PHOTOGRAPHY,"MITTen/GDW Study University of Michigan Medical School Radesky Lab (Jenny Radesky, MD, Heidi Weeks, PhD, Lindon Camaj, MS, et al.)",Existing Codebook
com.activision.callofduty.shooter,Games,GAME_ACTION,"MITTen/GDW Study University of Michigan Medical School Radesky Lab (Jenny Radesky, MD, Heidi Weeks, PhD, Lindon Camaj, MS, et al.), BCM CNRC",Existing Codebook
plus.fax.android,Productivity & Business,BUSINESS,"MITTen/GDW Study University of Michigan Medical School Radesky Lab (Jenny Radesky, MD, Heidi Weeks, PhD, Lindon Camaj, MS, et al.)",Existing Codebook
com.bitcoin.mwallet,Productivity & Business,FINANCE,"MITTen/GDW Study University of Michigan Medical School Radesky Lab (Jenny Radesky, MD, Heidi Weeks, PhD, Lindon Camaj, MS, et al.)",Existing Codebook
com.glu.zbs,Games,GAME_ACTION,"MITTen/GDW Study University of Michigan Medical School Radesky Lab (Jenny Radesky, MD, Heidi Weeks, PhD, Lindon Camaj, MS, et al.)",Existing Codebook
com.adp.wiselymobile,Productivity & Business,FINANCE,"MITTen/GDW Study University of Michigan Medical School Radesky Lab (Jenny Radesky, MD, Heidi Weeks, PhD, Lindon Camaj, MS, et al.)",Existing Codebook
com.atlanticus.aspire,Productivity & Business,FINANCE,"MITTen/GDW Study University of Michigan Medical School Radesky Lab (Jenny Radesky, MD, Heidi Weeks, PhD, Lindon Camaj, MS, et al.)",Existing Codebook
com.weedmaps.app.android,Health,MEDICAL,"MITTen/GDW Study University of Michigan Medical School Radesky Lab (Jenny Radesky, MD, Heidi Weeks, PhD, Lindon Camaj, MS, et al.)",Existing Codebook
net.peakgames.mobile.spades.android,Games,GAME_CARD,"MITTen/GDW Study University of Michigan Medical School Radesky Lab (Jenny Radesky, MD, Heidi Weeks, PhD, Lindon Camaj, MS, et al.)",Existing Codebook
com.familydollar,Lifestyle,SHOPPING,"MITTen/GDW Study University of Michigan Medical School Radesky Lab (Jenny Radesky, MD, Heidi Weeks, PhD, Lindon Camaj, MS, et al.), BCM CNRC",Existing Codebook
com.jmsgame.jackpotmastercasino,Games,GAME_CASINO,"MITTen/GDW Study University of Michigan Medical School Radesky Lab (Jenny Radesky, MD, Heidi Weeks, PhD, Lindon Camaj, MS, et al.)",Existing Codebook
com.dotstudioz.dotstudioPRO.nosey,Entertainment,ENTERTAINMENT,"MITTen/GDW Study University of Michigan Medical School Radesky Lab (Jenny Radesky, MD, Heidi Weeks, PhD, Lindon Camaj, MS, et al.)",Existing Codebook
com.chuckecheese.app,Lifestyle,FOOD_AND_DRINK,"MITTen/GDW Study University of Michigan Medical School Radesky Lab (Jenny Radesky, MD, Heidi Weeks, PhD, Lindon Camaj, MS, et al.), BCM CNRC",Existing Codebook
com.motorola.screenshoteditor,Productivity & Business,TOOLS,"MITTen/GDW Study University of Michigan Medical School Radesky Lab (Jenny Radesky, MD, Heidi Weeks, PhD, Lindon Camaj, MS, et al.), BCM CNRC",Existing Codebook
com.motorola.help,Productivity & Business,TOOLS,"MITTen/GDW Study University of Michigan Medical School Radesky Lab (Jenny Radesky, MD, Heidi Weeks, PhD, Lindon Camaj, MS, et al.), BCM CNRC",Existing Codebook
com.thecut.mobile.android.thecut,Lifestyle,LIFESTYLE,"MITTen/GDW Study University of Michigan Medical School Radesky Lab (Jenny Radesky, MD, Heidi Weeks, PhD, Lindon Camaj, MS, et al.)",Existing Codebook
com.i2c.mcpcc.cmaFaceLift,Productivity & Business,FINANCE,"MITTen/GDW Study University of Michigan Medical School Radesky Lab (Jenny Radesky, MD, Heidi Weeks, PhD, Lindon Camaj, MS, et al.)",Existing Codebook
com.nike.snkrs,Lifestyle,SHOPPING,"MITTen/GDW Study University of Michigan Medical School Radesky Lab (Jenny Radesky, MD, Heidi Weeks, PhD, Lindon Camaj, MS, et al.)",Existing Codebook
com.michiganfirst.mb.client,Productivity & Business,FINANCE,"MITTen/GDW Study University of Michigan Medical School Radesky Lab (Jenny Radesky, MD, Heidi Weeks, PhD, Lindon Camaj, MS, et al.)",Existing Codebook
com.hollywoodcasino,Games,GAME_CASINO,"MITTen/GDW Study University of Michigan Medical School Radesky Lab (Jenny Radesky, MD, Heidi Weeks, PhD, Lindon Camaj, MS, et al.)",Existing Codebook
com.firstpremier.mypremiercreditcard.app,Productivity & Business,FINANCE,"MITTen/GDW Study University of Michigan Medical School Radesky Lab (Jenny Radesky, MD, Heidi Weeks, PhD, Lindon Camaj, MS, et al.)",Existing Codebook
org.ehub1100.eh.ui,Productivity & Business,BUSINESS,"MITTen/GDW Study University of Michigan Medical School Radesky Lab (Jenny Radesky, MD, Heidi Weeks, PhD, Lindon Camaj, MS, et al.)",Existing Codebook
com.stealthgame.master,Games,GAME_ACTION,"MITTen/GDW Study University of Michigan Medical School Radesky Lab (Jenny Radesky, MD, Heidi Weeks, PhD, Lindon Camaj, MS, et al.)",Existing Codebook
com.Remaster.LeapHero,Games,GAME_MUSIC,"MITTen/GDW Study University of Michigan Medical School Radesky Lab (Jenny Radesky, MD, Heidi Weeks, PhD, Lindon Camaj, MS, et al.)",Existing Codebook
com.funtomic.matchmasters,Games,GAME_CASUAL,"MITTen/GDW Study University of Michigan Medical School Radesky Lab (Jenny Radesky, MD, Heidi Weeks, PhD, Lindon Camaj, MS, et al.)",Existing Codebook
com.nanit.baby,Lifestyle,PARENTING,"MITTen/GDW Study University of Michigan Medical School Radesky Lab (Jenny Radesky, MD, Heidi Weeks, PhD, Lindon Camaj, MS, et al.)",Existing Codebook
com.sharkninja.shark,Lifestyle,LIFESTYLE,"MITTen/GDW Study University of Michigan Medical School Radesky Lab (Jenny Radesky, MD, Heidi Weeks, PhD, Lindon Camaj, MS, et al.)",Existing Codebook
com.owletcare.owletcare,Health,HEALTH_AND_FITNESS,"MITTen/GDW Study University of Michigan Medical School Radesky Lab (Jenny Radesky, MD, Heidi Weeks, PhD, Lindon Camaj, MS, et al.)",Existing Codebook
com.getpaired.app,Health,HEALTH_AND_FITNESS,"MITTen/GDW Study University of Michigan Medical School Radesky Lab (Jenny Radesky, MD, Heidi Weeks, PhD, Lindon Camaj, MS, et al.)",Existing Codebook
com.epic.haiku.android,Health,MEDICAL,"MITTen/GDW Study University of Michigan Medical School Radesky Lab (Jenny Radesky, MD, Heidi Weeks, PhD, Lindon Camaj, MS, et al.)",Existing Codebook
com.limebike,Travel & Local,TRAVEL_AND_LOCAL,"MITTen/GDW Study University of Michigan Medical School Radesky Lab (Jenny Radesky, MD, Heidi Weeks, PhD, Lindon Camaj, MS, et al.)",Existing Codebook
gov.michigan.dhhs.miwic,Health,HEALTH_AND_FITNESS,"MITTen/GDW Study University of Michigan Medical School Radesky Lab (Jenny Radesky, MD, Heidi Weeks, PhD, Lindon Camaj, MS, et al.)",Existing Codebook
com.entertainment.coupons,Lifestyle,SHOPPING,"MITTen/GDW Study University of Michigan Medical School Radesky Lab (Jenny Radesky, MD, Heidi Weeks, PhD, Lindon Camaj, MS, et al.)",Existing Codebook
com.priceline.android.negotiator,Travel & Local,TRAVEL_AND_LOCAL,"MITTen/GDW Study University of Michigan Medical School Radesky Lab (Jenny Radesky, MD, Heidi Weeks, PhD, Lindon Camaj, MS, et al.)",Existing Codebook
com.ovuline.pregnancy,Health,MEDICAL,"MITTen/GDW Study University of Michigan Medical School Radesky Lab (Jenny Radesky, MD, Heidi Weeks, PhD, Lindon Camaj, MS, et al.)",Existing Codebook
com.chamberlain.android.liftmaster.myq,Lifestyle,LIFESTYLE,"MITTen/GDW Study University of Michigan Medical School Radesky Lab (Jenny Radesky, MD, Heidi Weeks, PhD, Lindon Camaj, MS, et al.), BCM CNRC",Existing Codebook
com.eventbrite.attendee,Entertainment,ENTERTAINMENT,"MITTen/GDW Study University of Michigan Medical School Radesky Lab (Jenny Radesky, MD, Heidi Weeks, PhD, Lindon Camaj, MS, et al.), BCM CNRC",Existing Codebook
com.amtrak.rider,Travel & Local,TRAVEL_AND_LOCAL,"MITTen/GDW Study University of Michigan Medical School Radesky Lab (Jenny Radesky, MD, Heidi Weeks, PhD, Lindon Camaj, MS, et al.)",Existing Codebook
com.andi.alquran.en,Entertainment,BOOKS_AND_REFERENCE,"MITTen/GDW Study University of Michigan Medical School Radesky Lab (Jenny Radesky, MD, Heidi Weeks, PhD, Lindon Camaj, MS, et al.)",Existing Codebook
com.amazon.tahoe.freetime,Lifestyle,PARENTING,"MITTen/GDW Study University of Michigan Medical School Radesky Lab (Jenny Radesky, MD, Heidi Weeks, PhD, Lindon Camaj, MS, et al.), BCM CNRC",Existing Codebook
com.gocitypass,Travel & Local,TRAVEL_AND_LOCAL,"MITTen/GDW Study University of Michigan Medical School Radesky Lab (Jenny Radesky, MD, Heidi Weeks, PhD, Lindon Camaj, MS, et al.)",Existing Codebook
com.marriott.mrt,Travel & Local,TRAVEL_AND_LOCAL,"MITTen/GDW Study University of Michigan Medical School Radesky Lab (Jenny Radesky, MD, Heidi Weeks, PhD, Lindon Camaj, MS, et al.), BCM CNRC",Existing Codebook
com.bbby.buybuybaby,Lifestyle,SHOPPING,"MITTen/GDW Study University of Michigan Medical School Radesky Lab (Jenny Radesky, MD, Heidi Weeks, PhD, Lindon Camaj, MS, et al.)",Existing Codebook
com.devexpert.weather,Travel & Local,WEATHER,"MITTen/GDW Study University of Michigan Medical School Radesky Lab (Jenny Radesky, MD, Heidi Weeks, PhD, Lindon Camaj, MS, et al.)",Existing Codebook
org.uclahealth.marc,Health,HEALTH_AND_FITNESS,"MITTen/GDW Study University of Michigan Medical School Radesky Lab (Jenny Radesky, MD, Heidi Weeks, PhD, Lindon Camaj, MS, et al.)",Existing Codebook
org.thehenryford.thf,Education,EDUCATION,"MITTen/GDW Study University of Michigan Medical School Radesky Lab (Jenny Radesky, MD, Heidi Weeks, PhD, Lindon Camaj, MS, et al.)",Existing Codebook
com.elan.icsmobile.elanapp,Productivity & Business,FINANCE,"MITTen/GDW Study University of Michigan Medical School Radesky Lab (Jenny Radesky, MD, Heidi Weeks, PhD, Lindon Camaj, MS, et al.)",Existing Codebook
com.nordstrom.app,Lifestyle,SHOPPING,"MITTen/GDW Study University of Michigan Medical School Radesky Lab (Jenny Radesky, MD, Heidi Weeks, PhD, Lindon Camaj, MS, et al.)",Existing Codebook
com.fossil.wearables.fossil,Lifestyle,LIFESTYLE,"MITTen/GDW Study University of Michigan Medical School Radesky Lab (Jenny Radesky, MD, Heidi Weeks, PhD, Lindon Camaj, MS, et al.)",Existing Codebook
com.arcsoft.perfect365,Lifestyle,BEAUTY,"MITTen/GDW Study University of Michigan Medical School Radesky Lab (Jenny Radesky, MD, Heidi Weeks, PhD, Lindon Camaj, MS, et al.)",Existing Codebook
com.therealreal.app,Lifestyle,SHOPPING,"MITTen/GDW Study University of Michigan Medical School Radesky Lab (Jenny Radesky, MD, Heidi Weeks, PhD, Lindon Camaj, MS, et al.)",Existing Codebook
com.saksoff5th.android,Lifestyle,SHOPPING,"MITTen/GDW Study University of Michigan Medical School Radesky Lab (Jenny Radesky, MD, Heidi Weeks, PhD, Lindon Camaj, MS, et al.)",Existing Codebook
com.victoriassecret.pinknation,Lifestyle,SHOPPING,"MITTen/GDW Study University of Michigan Medical School Radesky Lab (Jenny Radesky, MD, Heidi Weeks, PhD, Lindon Camaj, MS, et al.)",Existing Codebook
com.nike.omega,Lifestyle,SHOPPING,"MITTen/GDW Study University of Michigan Medical School Radesky Lab (Jenny Radesky, MD, Heidi Weeks, PhD, Lindon Camaj, MS, et al.)",Existing Codebook
com.gap.mobile.athleta,Lifestyle,SHOPPING,"MITTen/GDW Study University of Michigan Medical School Radesky Lab (Jenny Radesky, MD, Heidi Weeks, PhD, Lindon Camaj, MS, et al.)",Existing Codebook
com.syf.amazonstorecard,Productivity & Business,FINANCE,"MITTen/GDW Study University of Michigan Medical School Radesky Lab (Jenny Radesky, MD, Heidi Weeks, PhD, Lindon Camaj, MS, et al.), BCM CNRC",Existing Codebook
com.thetileapp.tile,Lifestyle,LIFESTYLE,"MITTen/GDW Study University of Michigan Medical School Radesky Lab (Jenny Radesky, MD, Heidi Weeks, PhD, Lindon Camaj, MS, et al.)",Existing Codebook
com.quanticapps.remotetvs,Productivity & Business,TOOLS,"MITTen/GDW Study University of Michigan Medical School Radesky Lab (Jenny Radesky, MD, Heidi Weeks, PhD, Lindon Camaj, MS, et al.)",Existing Codebook
com.weplaydots.twodotsandroid,Games,GAME_BOARD,"MITTen/GDW Study University of Michigan Medical School Radesky Lab (Jenny Radesky, MD, Heidi Weeks, PhD, Lindon Camaj, MS, et al.)",Existing Codebook
com.cardiogram.v1,Health,HEALTH_AND_FITNESS,"MITTen/GDW Study University of Michigan Medical School Radesky Lab (Jenny Radesky, MD, Heidi Weeks, PhD, Lindon Camaj, MS, et al.)",Existing Codebook
com.bcbsm.mmaprod,Health,MEDICAL,"MITTen/GDW Study University of Michigan Medical School Radesky Lab (Jenny Radesky, MD, Heidi Weeks, PhD, Lindon Camaj, MS, et al.)",Existing Codebook
beyond.appfront.com,Lifestyle,FOOD_AND_DRINK,"MITTen/GDW Study University of Michigan Medical School Radesky Lab (Jenny Radesky, MD, Heidi Weeks, PhD, Lindon Camaj, MS, et al.)",Existing Codebook
com.zennioptical.app,Lifestyle,SHOPPING,"MITTen/GDW Study University of Michigan Medical School Radesky Lab (Jenny Radesky, MD, Heidi Weeks, PhD, Lindon Camaj, MS, et al.)",Existing Codebook
dsgui.android,Lifestyle,SHOPPING,"MITTen/GDW Study University of Michigan Medical School Radesky Lab (Jenny Radesky, MD, Heidi Weeks, PhD, Lindon Camaj, MS, et al.)",Existing Codebook
au.org.goodonyou.goodonyou,Lifestyle,LIFESTYLE,"MITTen/GDW Study University of Michigan Medical School Radesky Lab (Jenny Radesky, MD, Heidi Weeks, PhD, Lindon Camaj, MS, et al.)",Existing Codebook
com.shipt.groceries,Lifestyle,FOOD_AND_DRINK,"MITTen/GDW Study University of Michigan Medical School Radesky Lab (Jenny Radesky, MD, Heidi Weeks, PhD, Lindon Camaj, MS, et al.)",Existing Codebook
com.optum.mobile.perks,Health,MEDICAL,"MITTen/GDW Study University of Michigan Medical School Radesky Lab (Jenny Radesky, MD, Heidi Weeks, PhD, Lindon Camaj, MS, et al.)",Existing Codebook
com.freeosk.freeosk,Lifestyle,SHOPPING,"MITTen/GDW Study University of Michigan Medical School Radesky Lab (Jenny Radesky, MD, Heidi Weeks, PhD, Lindon Camaj, MS, et al.)",Existing Codebook
com.hrblock.blockmobile,Productivity & Business,FINANCE,"MITTen/GDW Study University of Michigan Medical School Radesky Lab (Jenny Radesky, MD, Heidi Weeks, PhD, Lindon Camaj, MS, et al.)",Existing Codebook
global.duovoice.android,Social & Communication,COMMUNICATION,"MITTen/GDW Study University of Michigan Medical School Radesky Lab (Jenny Radesky, MD, Heidi Weeks, PhD, Lindon Camaj, MS, et al.)",Existing Codebook
com.softek.ofxclmobile.universityofmichigancu,Productivity & Business,FINANCE,"MITTen/GDW Study University of Michigan Medical School Radesky Lab (Jenny Radesky, MD, Heidi Weeks, PhD, Lindon Camaj, MS, et al.)",Existing Codebook
com.dteenergy.mydte,Productivity & Business,BUSINESS,"MITTen/GDW Study University of Michigan Medical School Radesky Lab (Jenny Radesky, MD, Heidi Weeks, PhD, Lindon Camaj, MS, et al.)",Existing Codebook
com.xfinity.cloudtvr,Entertainment,ENTERTAINMENT,"MITTen/GDW Study University of Michigan Medical School Radesky Lab (Jenny Radesky, MD, Heidi Weeks, PhD, Lindon Camaj, MS, et al.), BCM CNRC",Existing Codebook
kulana.tools.vacationcountdown,Travel & Local,TRAVEL_AND_LOCAL,"MITTen/GDW Study University of Michigan Medical School Radesky Lab (Jenny Radesky, MD, Heidi Weeks, PhD, Lindon Camaj, MS, et al.)",Existing Codebook
com.tmobile.pr.mytmobile,Productivity & Business,TOOLS,"MITTen/GDW Study University of Michigan Medical School Radesky Lab (Jenny Radesky, MD, Heidi Weeks, PhD, Lindon Camaj, MS, et al.), BCM CNRC",Existing Codebook
com.contfinco.andriodapp,Productivity & Business,FINANCE,"MITTen/GDW Study University of Michigan Medical School Radesky Lab (Jenny Radesky, MD, Heidi Weeks, PhD, Lindon Camaj, MS, et al.)",Existing Codebook
com.avant.android.app,Productivity & Business,FINANCE,"MITTen/GDW Study University of Michigan Medical School Radesky Lab (Jenny Radesky, MD, Heidi Weeks, PhD, Lindon Camaj, MS, et al.)",Existing Codebook
my.diary.journal,Lifestyle,LIFESTYLE,"MITTen/GDW Study University of Michigan Medical School Radesky Lab (Jenny Radesky, MD, Heidi Weeks, PhD, Lindon Camaj, MS, et al.)",Existing Codebook
com.upliftinc.android,Lifestyle,SHOPPING,"MITTen/GDW Study University of Michigan Medical School Radesky Lab (Jenny Radesky, MD, Heidi Weeks, PhD, Lindon Camaj, MS, et al.)",Existing Codebook
com.robinhood.android,Productivity & Business,FINANCE,"MITTen/GDW Study University of Michigan Medical School Radesky Lab (Jenny Radesky, MD, Heidi Weeks, PhD, Lindon Camaj, MS, et al.), BCM CNRC",Existing Codebook
com.flyfrontier.android,Travel & Local,TRAVEL_AND_LOCAL,"MITTen/GDW Study University of Michigan Medical School Radesky Lab (Jenny Radesky, MD, Heidi Weeks, PhD, Lindon Camaj, MS, et al.), BCM CNRC",Existing Codebook
com.printeron.droid.phone,Productivity & Business,PRODUCTIVITY,"MITTen/GDW Study University of Michigan Medical School Radesky Lab (Jenny Radesky, MD, Heidi Weeks, PhD, Lindon Camaj, MS, et al.)",Existing Codebook
com.castlight.clh.view,Health,MEDICAL,"MITTen/GDW Study University of Michigan Medical School Radesky Lab (Jenny Radesky, MD, Heidi Weeks, PhD, Lindon Camaj, MS, et al.)",Existing Codebook
com.vcast.mediamanager,Productivity & Business,PRODUCTIVITY,"MITTen/GDW Study University of Michigan Medical School Radesky Lab (Jenny Radesky, MD, Heidi Weeks, PhD, Lindon Camaj, MS, et al.), BCM CNRC",Existing Codebook
com.sourceapp.ebb,Lifestyle,FOOD_AND_DRINK,"MITTen/GDW Study University of Michigan Medical School Radesky Lab (Jenny Radesky, MD, Heidi Weeks, PhD, Lindon Camaj, MS, et al.), BCM CNRC",Existing Codebook
com.sportsyou.sportsYou,Entertainment,SPORTS,"MITTen/GDW Study University of Michigan Medical School Radesky Lab (Jenny Radesky, MD, Heidi Weeks, PhD, Lindon Camaj, MS, et al.), BCM CNRC",Existing Codebook
com.huntington.m,Productivity & Business,FINANCE,"MITTen/GDW Study University of Michigan Medical School Radesky Lab (Jenny Radesky, MD, Heidi Weeks, PhD, Lindon Camaj, MS, et al.)",Existing Codebook
com.zappos.android.sixpmFlavor,Lifestyle,SHOPPING,"MITTen/GDW Study University of Michigan Medical School Radesky Lab (Jenny Radesky, MD, Heidi Weeks, PhD, Lindon Camaj, MS, et al.)",Existing Codebook
com.microsoft.xboxone.smartglass,Entertainment,ENTERTAINMENT,"MITTen/GDW Study University of Michigan Medical School Radesky Lab (Jenny Radesky, MD, Heidi Weeks, PhD, Lindon Camaj, MS, et al.), BCM CNRC",Existing Codebook
com.cams.vtech.mvb.pro,Productivity & Business,TOOLS,"MITTen/GDW Study University of Michigan Medical School Radesky Lab (Jenny Radesky, MD, Heidi Weeks, PhD, Lindon Camaj, MS, et al.)",Existing Codebook
com.yc.gloryfit,Health,HEALTH_AND_FITNESS,"MITTen/GDW Study University of Michigan Medical School Radesky Lab (Jenny Radesky, MD, Heidi Weeks, PhD, Lindon Camaj, MS, et al.)",Existing Codebook
com.michiganlottery,Entertainment,ENTERTAINMENT,"MITTen/GDW Study University of Michigan Medical School Radesky Lab (Jenny Radesky, MD, Heidi Weeks, PhD, Lindon Camaj, MS, et al.)",Existing Codebook
com.cmsenergy.mobile.utility,Productivity & Business,PRODUCTIVITY,"MITTen/GDW Study University of Michigan Medical School Radesky Lab (Jenny Radesky, MD, Heidi Weeks, PhD, Lindon Camaj, MS, et al.)",Existing Codebook
org.iggymedia.periodtracker,Health,HEALTH_AND_FITNESS,"MITTen/GDW Study University of Michigan Medical School Radesky Lab (Jenny Radesky, MD, Heidi Weeks, PhD, Lindon Camaj, MS, et al.), BCM CNRC",Existing Codebook
com.kronos.dimensions.enterprise,Productivity & Business,BUSINESS,"MITTen/GDW Study University of Michigan Medical School Radesky Lab (Jenny Radesky, MD, Heidi Weeks, PhD, Lindon Camaj, MS, et al.)",Existing Codebook
com.nationwide.mobile.android.nwmobile,Productivity & Business,FINANCE,"MITTen/GDW Study University of Michigan Medical School Radesky Lab (Jenny Radesky, MD, Heidi Weeks, PhD, Lindon Camaj, MS, et al.)",Existing Codebook
com.dragonplus.happyhospital,Games,GAME_SIMULATION,"MITTen/GDW Study University of Michigan Medical School Radesky Lab (Jenny Radesky, MD, Heidi Weeks, PhD, Lindon Camaj, MS, et al.)",Existing Codebook
com.sensustech.tclremote,Productivity & Business,TOOLS,"MITTen/GDW Study University of Michigan Medical School Radesky Lab (Jenny Radesky, MD, Heidi Weeks, PhD, Lindon Camaj, MS, et al.)",Existing Codebook
com.dave,Productivity & Business,FINANCE,"MITTen/GDW Study University of Michigan Medical School Radesky Lab (Jenny Radesky, MD, Heidi Weeks, PhD, Lindon Camaj, MS, et al.)",Existing Codebook
com.amimembernet.firstarea2,Productivity & Business,FINANCE,"MITTen/GDW Study University of Michigan Medical School Radesky Lab (Jenny Radesky, MD, Heidi Weeks, PhD, Lindon Camaj, MS, et al.)",Existing Codebook
org.frankenmuthcu.frankenmuthcu,Productivity & Business,FINANCE,"MITTen/GDW Study University of Michigan Medical School Radesky Lab (Jenny Radesky, MD, Heidi Weeks, PhD, Lindon Camaj, MS, et al.)",Existing Codebook
com.workday.workdroidapp,Productivity & Business,BUSINESS,"MITTen/GDW Study University of Michigan Medical School Radesky Lab (Jenny Radesky, MD, Heidi Weeks, PhD, Lindon Camaj, MS, et al.), BCM CNRC",Existing Codebook
com.shipt.shopper,Productivity & Business,BUSINESS,"MITTen/GDW Study University of Michigan Medical School Radesky Lab (Jenny Radesky, MD, Heidi Weeks, PhD, Lindon Camaj, MS, et al.)",Existing Codebook
com.achievers.client,Productivity & Business,BUSINESS,"MITTen/GDW Study University of Michigan Medical School Radesky Lab (Jenny Radesky, MD, Heidi Weeks, PhD, Lindon Camaj, MS, et al.)",Existing Codebook
com.meijer.mobile.ent.mPI,Productivity & Business,TOOLS,"MITTen/GDW Study University of Michigan Medical School Radesky Lab (Jenny Radesky, MD, Heidi Weeks, PhD, Lindon Camaj, MS, et al.)",Existing Codebook
com.playstation.theshowcompanionapp,Entertainment,ENTERTAINMENT,"MITTen/GDW Study University of Michigan Medical School Radesky Lab (Jenny Radesky, MD, Heidi Weeks, PhD, Lindon Camaj, MS, et al.)",Existing Codebook
com.moonactive.coinmaster,Games,GAME_CASUAL,"MITTen/GDW Study University of Michigan Medical School Radesky Lab (Jenny Radesky, MD, Heidi Weeks, PhD, Lindon Camaj, MS, et al.), BCM CNRC",Existing Codebook
com.ford.fordpass,Lifestyle,LIFESTYLE,"MITTen/GDW Study University of Michigan Medical School Radesky Lab (Jenny Radesky, MD, Heidi Weeks, PhD, Lindon Camaj, MS, et al.)",Existing Codebook
com.meijer.rx.android,Lifestyle,LIFESTYLE,"MITTen/GDW Study University of Michigan Medical School Radesky Lab (Jenny Radesky, MD, Heidi Weeks, PhD, Lindon Camaj, MS, et al.)",Existing Codebook
com.justride.ohioride,Travel & Local,TRAVEL_AND_LOCAL,"MITTen/GDW Study University of Michigan Medical School Radesky Lab (Jenny Radesky, MD, Heidi Weeks, PhD, Lindon Camaj, MS, et al.)",Existing Codebook
com.hindsightlabs.paprika.android.v3,Lifestyle,FOOD_AND_DRINK,"MITTen/GDW Study University of Michigan Medical School Radesky Lab (Jenny Radesky, MD, Heidi Weeks, PhD, Lindon Camaj, MS, et al.)",Existing Codebook
notepad.note.notas.notes.notizen,Productivity & Business,PRODUCTIVITY,"MITTen/GDW Study University of Michigan Medical School Radesky Lab (Jenny Radesky, MD, Heidi Weeks, PhD, Lindon Camaj, MS, et al.)",Existing Codebook
com.mtshopping.folder,Productivity & Business,PRODUCTIVITY,"MITTen/GDW Study University of Michigan Medical School Radesky Lab (Jenny Radesky, MD, Heidi Weeks, PhD, Lindon Camaj, MS, et al.), BCM CNRC",Existing Codebook
com.medisafe.android.client,Health,HEALTH_AND_FITNESS,"MITTen/GDW Study University of Michigan Medical School Radesky Lab (Jenny Radesky, MD, Heidi Weeks, PhD, Lindon Camaj, MS, et al.)",Existing Codebook
com.king.farmheroessupersaga,Games,GAME_CASUAL,"MITTen/GDW Study University of Michigan Medical School Radesky Lab (Jenny Radesky, MD, Heidi Weeks, PhD, Lindon Camaj, MS, et al.)",Existing Codebook
com.gma.water.sort.puzzle,Games,GAME_PUZZLE,"MITTen/GDW Study University of Michigan Medical School Radesky Lab (Jenny Radesky, MD, Heidi Weeks, PhD, Lindon Camaj, MS, et al.)",Existing Codebook
tangle3d.twistedrope.untie.untangle,Games,GAME_CASUAL,"MITTen/GDW Study University of Michigan Medical School Radesky Lab (Jenny Radesky, MD, Heidi Weeks, PhD, Lindon Camaj, MS, et al.)",Existing Codebook
com.king.candycrushsodasaga,Games,GAME_CASUAL,"MITTen/GDW Study University of Michigan Medical School Radesky Lab (Jenny Radesky, MD, Heidi Weeks, PhD, Lindon Camaj, MS, et al.), BCM CNRC",Existing Codebook
com.onepeloton.callisto,Health,HEALTH_AND_FITNESS,"MITTen/GDW Study University of Michigan Medical School Radesky Lab (Jenny Radesky, MD, Heidi Weeks, PhD, Lindon Camaj, MS, et al.)",Existing Codebook
com.VascoMobileTokenForBusinessBanking,Productivity & Business,FINANCE,"MITTen/GDW Study University of Michigan Medical School Radesky Lab (Jenny Radesky, MD, Heidi Weeks, PhD, Lindon Camaj, MS, et al.)",Existing Codebook
com.finch.finch,Health,HEALTH_AND_FITNESS,"MITTen/GDW Study University of Michigan Medical School Radesky Lab (Jenny Radesky, MD, Heidi Weeks, PhD, Lindon Camaj, MS, et al.), BCM CNRC",Existing Codebook
com.pixel.art.coloring.color.number,Games,GAME_BOARD,"MITTen/GDW Study University of Michigan Medical School Radesky Lab (Jenny Radesky, MD, Heidi Weeks, PhD, Lindon Camaj, MS, et al.), BCM CNRC",Existing Codebook
com.q2e.dfcufinancial5070.mobile.production,Productivity & Business,FINANCE,"MITTen/GDW Study University of Michigan Medical School Radesky Lab (Jenny Radesky, MD, Heidi Weeks, PhD, Lindon Camaj, MS, et al.)",Existing Codebook
com.google.android.apps.authenticator2,Productivity & Business,TOOLS,"MITTen/GDW Study University of Michigan Medical School Radesky Lab (Jenny Radesky, MD, Heidi Weeks, PhD, Lindon Camaj, MS, et al.), BCM CNRC",Existing Codebook
com.handmark.sportcaster,Entertainment,SPORTS,"MITTen/GDW Study University of Michigan Medical School Radesky Lab (Jenny Radesky, MD, Heidi Weeks, PhD, Lindon Camaj, MS, et al.)",Existing Codebook
app.hallow.android,Entertainment,BOOKS_AND_REFERENCE,"MITTen/GDW Study University of Michigan Medical School Radesky Lab (Jenny Radesky, MD, Heidi Weeks, PhD, Lindon Camaj, MS, et al.)",Existing Codebook
com.lutron.mmw,Lifestyle,LIFESTYLE,"MITTen/GDW Study University of Michigan Medical School Radesky Lab (Jenny Radesky, MD, Heidi Weeks, PhD, Lindon Camaj, MS, et al.)",Existing Codebook
com.cbs.tve,Entertainment,ENTERTAINMENT,"MITTen/GDW Study University of Michigan Medical School Radesky Lab (Jenny Radesky, MD, Heidi Weeks, PhD, Lindon Camaj, MS, et al.)",Existing Codebook
com.ap.advml,Lifestyle,NEWS_AND_MAGAZINES,"MITTen/GDW Study University of Michigan Medical School Radesky Lab (Jenny Radesky, MD, Heidi Weeks, PhD, Lindon Camaj, MS, et al.)",Existing Codebook
com.careevolution.mydatahelps,Health,HEALTH_AND_FITNESS,"MITTen/GDW Study University of Michigan Medical School Radesky Lab (Jenny Radesky, MD, Heidi Weeks, PhD, Lindon Camaj, MS, et al.)",Existing Codebook
com.epocrates.stm,Health,MEDICAL,"MITTen/GDW Study University of Michigan Medical School Radesky Lab (Jenny Radesky, MD, Heidi Weeks, PhD, Lindon Camaj, MS, et al.)",Existing Codebook
com.strava,Health,HEALTH_AND_FITNESS,"MITTen/GDW Study University of Michigan Medical School Radesky Lab (Jenny Radesky, MD, Heidi Weeks, PhD, Lindon Camaj, MS, et al.), BCM CNRC",Existing Codebook
com.nbcuni.nbc,Entertainment,ENTERTAINMENT,"MITTen/GDW Study University of Michigan Medical School Radesky Lab (Jenny Radesky, MD, Heidi Weeks, PhD, Lindon Camaj, MS, et al.)",Existing Codebook
com.verisign.mvip.main,Productivity & Business,TOOLS,"MITTen/GDW Study University of Michigan Medical School Radesky Lab (Jenny Radesky, MD, Heidi Weeks, PhD, Lindon Camaj, MS, et al.)",Existing Codebook
com.chiaro.elviepump,Health,HEALTH_AND_FITNESS,"MITTen/GDW Study University of Michigan Medical School Radesky Lab (Jenny Radesky, MD, Heidi Weeks, PhD, Lindon Camaj, MS, et al.)",Existing Codebook
com.uptodate.android,Health,MEDICAL,"MITTen/GDW Study University of Michigan Medical School Radesky Lab (Jenny Radesky, MD, Heidi Weeks, PhD, Lindon Camaj, MS, et al.)",Existing Codebook
com.doximity.doximitydroid,Health,MEDICAL,"MITTen/GDW Study University of Michigan Medical School Radesky Lab (Jenny Radesky, MD, Heidi Weeks, PhD, Lindon Camaj, MS, et al.)",Existing Codebook
com.athenahealth.athenacapture,Health,MEDICAL,"MITTen/GDW Study University of Michigan Medical School Radesky Lab (Jenny Radesky, MD, Heidi Weeks, PhD, Lindon Camaj, MS, et al.)",Existing Codebook
so.circle.circle,Social & Communication,SOCIAL,"MITTen/GDW Study University of Michigan Medical School Radesky Lab (Jenny Radesky, MD, Heidi Weeks, PhD, Lindon Camaj, MS, et al.)",Existing Codebook
com.google.android.apps.podcasts,Entertainment,MUSIC_AND_AUDIO,"MITTen/GDW Study University of Michigan Medical School Radesky Lab (Jenny Radesky, MD, Heidi Weeks, PhD, Lindon Camaj, MS, et al.), BCM CNRC",Existing Codebook
edu.umich.myuofmhealth,Health,MEDICAL,"MITTen/GDW Study University of Michigan Medical School Radesky Lab (Jenny Radesky, MD, Heidi Weeks, PhD, Lindon Camaj, MS, et al.)",Existing Codebook
com.flashfoodapp.android,Lifestyle,FOOD_AND_DRINK,"MITTen/GDW Study University of Michigan Medical School Radesky Lab (Jenny Radesky, MD, Heidi Weeks, PhD, Lindon Camaj, MS, et al.)",Existing Codebook
com.comcast,Lifestyle,LIFESTYLE,"MITTen/GDW Study University of Michigan Medical School Radesky Lab (Jenny Radesky, MD, Heidi Weeks, PhD, Lindon Camaj, MS, et al.)",Existing Codebook
com.fiton.android,Health,HEALTH_AND_FITNESS,"MITTen/GDW Study University of Michigan Medical School Radesky Lab (Jenny Radesky, MD, Heidi Weeks, PhD, Lindon Camaj, MS, et al.)",Existing Codebook
com.epocrates,Health,MEDICAL,"MITTen/GDW Study University of Michigan Medical School Radesky Lab (Jenny Radesky, MD, Heidi Weeks, PhD, Lindon Camaj, MS, et al.)",Existing Codebook
io.yuka.android,Health,HEALTH_AND_FITNESS,"MITTen/GDW Study University of Michigan Medical School Radesky Lab (Jenny Radesky, MD, Heidi Weeks, PhD, Lindon Camaj, MS, et al.), BCM CNRC",Existing Codebook
com.rocateer.mediscount,Health,MEDICAL,"MITTen/GDW Study University of Michigan Medical School Radesky Lab (Jenny Radesky, MD, Heidi Weeks, PhD, Lindon Camaj, MS, et al.)",Existing Codebook
com.southwestairlines.mobile,Travel & Local,TRAVEL_AND_LOCAL,"MITTen/GDW Study University of Michigan Medical School Radesky Lab (Jenny Radesky, MD, Heidi Weeks, PhD, Lindon Camaj, MS, et al.), BCM CNRC",Existing Codebook
com.petsmart.consumermobile,Lifestyle,SHOPPING,"MITTen/GDW Study University of Michigan Medical School Radesky Lab (Jenny Radesky, MD, Heidi Weeks, PhD, Lindon Camaj, MS, et al.)",Existing Codebook
com.vzw.ecid,Social & Communication,COMMUNICATION,"MITTen/GDW Study University of Michigan Medical School Radesky Lab (Jenny Radesky, MD, Heidi Weeks, PhD, Lindon Camaj, MS, et al.), BCM CNRC",Existing Codebook
com.goldfishswimschool.icp,Health,HEALTH_AND_FITNESS,"MITTen/GDW Study University of Michigan Medical School Radesky Lab (Jenny Radesky, MD, Heidi Weeks, PhD, Lindon Camaj, MS, et al.)",Existing Codebook
com.maxmpz.audioplayer,Entertainment,MUSIC_AND_AUDIO,"MITTen/GDW Study University of Michigan Medical School Radesky Lab (Jenny Radesky, MD, Heidi Weeks, PhD, Lindon Camaj, MS, et al.), BCM CNRC",Existing Codebook
com.budgestudios.CrayolaColorfulCreatures_google,Games,GAME_CASUAL,"MITTen/GDW Study University of Michigan Medical School Radesky Lab (Jenny Radesky, MD, Heidi Weeks, PhD, Lindon Camaj, MS, et al.)",Existing Codebook
com.kinderlime.dev,Education,EDUCATION,"MITTen/GDW Study University of Michigan Medical School Radesky Lab (Jenny Radesky, MD, Heidi Weeks, PhD, Lindon Camaj, MS, et al.), BCM CNRC",Existing Codebook
com.pg.clubpampers.android.us,Lifestyle,PARENTING,"MITTen/GDW Study University of Michigan Medical School Radesky Lab (Jenny Radesky, MD, Heidi Weeks, PhD, Lindon Camaj, MS, et al.), BCM CNRC",Existing Codebook
io.ionic.uptv_movie_checklist,Entertainment,ENTERTAINMENT,"MITTen/GDW Study University of Michigan Medical School Radesky Lab (Jenny Radesky, MD, Heidi Weeks, PhD, Lindon Camaj, MS, et al.)",Existing Codebook
org.trinity.health,Health,MEDICAL,"MITTen/GDW Study University of Michigan Medical School Radesky Lab (Jenny Radesky, MD, Heidi Weeks, PhD, Lindon Camaj, MS, et al.)",Existing Codebook
com.hbo.hbonow,Entertainment,ENTERTAINMENT,"MITTen/GDW Study University of Michigan Medical School Radesky Lab (Jenny Radesky, MD, Heidi Weeks, PhD, Lindon Camaj, MS, et al.), BCM CNRC",Existing Codebook
com.wemagineai.voila,Photography,PHOTOGRAPHY,"MITTen/GDW Study University of Michigan Medical School Radesky Lab (Jenny Radesky, MD, Heidi Weeks, PhD, Lindon Camaj, MS, et al.)",Existing Codebook
io.walletpasses.android,Travel & Local,TRAVEL_AND_LOCAL,"MITTen/GDW Study University of Michigan Medical School Radesky Lab (Jenny Radesky, MD, Heidi Weeks, PhD, Lindon Camaj, MS, et al.)",Existing Codebook
com.gen.workoutme,Health,HEALTH_AND_FITNESS,"MITTen/GDW Study University of Michigan Medical School Radesky Lab (Jenny Radesky, MD, Heidi Weeks, PhD, Lindon Camaj, MS, et al.)",Existing Codebook
com.frndlytv,Entertainment,ENTERTAINMENT,"MITTen/GDW Study University of Michigan Medical School Radesky Lab (Jenny Radesky, MD, Heidi Weeks, PhD, Lindon Camaj, MS, et al.)",Existing Codebook
com.livingnaturally.plummarket,Health,HEALTH_AND_FITNESS,"MITTen/GDW Study University of Michigan Medical School Radesky Lab (Jenny Radesky, MD, Heidi Weeks, PhD, Lindon Camaj, MS, et al.)",Existing Codebook
com.hallmark.countdown,Entertainment,ENTERTAINMENT,"MITTen/GDW Study University of Michigan Medical School Radesky Lab (Jenny Radesky, MD, Heidi Weeks, PhD, Lindon Camaj, MS, et al.)",Existing Codebook
com.passportparking.mobile.epark,Travel & Local,TRAVEL_AND_LOCAL,"MITTen/GDW Study University of Michigan Medical School Radesky Lab (Jenny Radesky, MD, Heidi Weeks, PhD, Lindon Camaj, MS, et al.)",Existing Codebook
com.hm.goe,Lifestyle,LIFESTYLE,"MITTen/GDW Study University of Michigan Medical School Radesky Lab (Jenny Radesky, MD, Heidi Weeks, PhD, Lindon Camaj, MS, et al.)",Existing Codebook
com.pnc.ecommerce.mobile,Productivity & Business,FINANCE,"MITTen/GDW Study University of Michigan Medical School Radesky Lab (Jenny Radesky, MD, Heidi Weeks, PhD, Lindon Camaj, MS, et al.)",Existing Codebook
com.ucamera.usee,Productivity & Business,TOOLS,"MITTen/GDW Study University of Michigan Medical School Radesky Lab (Jenny Radesky, MD, Heidi Weeks, PhD, Lindon Camaj, MS, et al.)",Existing Codebook
com.halfbrick.fruitninjafree,Games,GAME_ARCADE,"MITTen/GDW Study University of Michigan Medical School Radesky Lab (Jenny Radesky, MD, Heidi Weeks, PhD, Lindon Camaj, MS, et al.), BCM CNRC",Existing Codebook
com.chipotle.ordering,Lifestyle,FOOD_AND_DRINK,"MITTen/GDW Study University of Michigan Medical School Radesky Lab (Jenny Radesky, MD, Heidi Weeks, PhD, Lindon Camaj, MS, et al.), BCM CNRC",Existing Codebook
com.subaru.telematics.app.remote,Productivity & Business,TOOLS,"MITTen/GDW Study University of Michigan Medical School Radesky Lab (Jenny Radesky, MD, Heidi Weeks, PhD, Lindon Camaj, MS, et al.)",Existing Codebook
com.ecobee.athenamobile,Lifestyle,HOUSE_AND_HOME,"MITTen/GDW Study University of Michigan Medical School Radesky Lab (Jenny Radesky, MD, Heidi Weeks, PhD, Lindon Camaj, MS, et al.)",Existing Codebook
com.treshna.memberportal,Health,HEALTH_AND_FITNESS,"MITTen/GDW Study University of Michigan Medical School Radesky Lab (Jenny Radesky, MD, Heidi Weeks, PhD, Lindon Camaj, MS, et al.)",Existing Codebook
com.okta.android.auth,Productivity & Business,PRODUCTIVITY,"MITTen/GDW Study University of Michigan Medical School Radesky Lab (Jenny Radesky, MD, Heidi Weeks, PhD, Lindon Camaj, MS, et al.)",Existing Codebook
org.msufcu.mobile,Productivity & Business,FINANCE,"MITTen/GDW Study University of Michigan Medical School Radesky Lab (Jenny Radesky, MD, Heidi Weeks, PhD, Lindon Camaj, MS, et al.)",Existing Codebook
com.punchh.pancheros,Lifestyle,FOOD_AND_DRINK,"MITTen/GDW Study University of Michigan Medical School Radesky Lab (Jenny Radesky, MD, Heidi Weeks, PhD, Lindon Camaj, MS, et al.)",Existing Codebook
com.citi.citimobile,Productivity & Business,FINANCE,"MITTen/GDW Study University of Michigan Medical School Radesky Lab (Jenny Radesky, MD, Heidi Weeks, PhD, Lindon Camaj, MS, et al.), BCM CNRC",Existing Codebook
com.microsoft.office.excel,Productivity & Business,PRODUCTIVITY,"MITTen/GDW Study University of Michigan Medical School Radesky Lab (Jenny Radesky, MD, Heidi Weeks, PhD, Lindon Camaj, MS, et al.), BCM CNRC",Existing Codebook
com.hw.blaze,Lifestyle,FOOD_AND_DRINK,"MITTen/GDW Study University of Michigan Medical School Radesky Lab (Jenny Radesky, MD, Heidi Weeks, PhD, Lindon Camaj, MS, et al.)",Existing Codebook
com.babycenter.pregnancytracker,Lifestyle,PARENTING,"MITTen/GDW Study University of Michigan Medical School Radesky Lab (Jenny Radesky, MD, Heidi Weeks, PhD, Lindon Camaj, MS, et al.)",Existing Codebook
com.qdoba.android,Lifestyle,FOOD_AND_DRINK,"MITTen/GDW Study University of Michigan Medical School Radesky Lab (Jenny Radesky, MD, Heidi Weeks, PhD, Lindon Camaj, MS, et al.)",Existing Codebook
com.aws.android,Travel & Local,WEATHER,"MITTen/GDW Study University of Michigan Medical School Radesky Lab (Jenny Radesky, MD, Heidi Weeks, PhD, Lindon Camaj, MS, et al.), BCM CNRC",Existing Codebook
us.yapp.android,Social & Communication,COMMUNICATION,"MITTen/GDW Study University of Michigan Medical School Radesky Lab (Jenny Radesky, MD, Heidi Weeks, PhD, Lindon Camaj, MS, et al.)",Existing Codebook
com.whiskerlabs.sparkfault.mobile,Lifestyle,HOUSE_AND_HOME,"MITTen/GDW Study University of Michigan Medical School Radesky Lab (Jenny Radesky, MD, Heidi Weeks, PhD, Lindon Camaj, MS, et al.)",Existing Codebook
com.motorola.camera2,Photography,PHOTOGRAPHY,"MITTen/GDW Study University of Michigan Medical School Radesky Lab (Jenny Radesky, MD, Heidi Weeks, PhD, Lindon Camaj, MS, et al.)",Existing Codebook
com.qingniu.fitindex,Health,HEALTH_AND_FITNESS,"MITTen/GDW Study University of Michigan Medical School Radesky Lab (Jenny Radesky, MD, Heidi Weeks, PhD, Lindon Camaj, MS, et al.)",Existing Codebook
com.irobot.home,Lifestyle,LIFESTYLE,"MITTen/GDW Study University of Michigan Medical School Radesky Lab (Jenny Radesky, MD, Heidi Weeks, PhD, Lindon Camaj, MS, et al.)",Existing Codebook
com.rivian.android.consumer,Productivity & Business,AUTO_AND_VEHICLES,"MITTen/GDW Study University of Michigan Medical School Radesky Lab (Jenny Radesky, MD, Heidi Weeks, PhD, Lindon Camaj, MS, et al.)",Existing Codebook
com.virginpulse.virginpulse,Health,HEALTH_AND_FITNESS,"MITTen/GDW Study University of Michigan Medical School Radesky Lab (Jenny Radesky, MD, Heidi Weeks, PhD, Lindon Camaj, MS, et al.)",Existing Codebook
com.PYOPYO.StarTracker,Education,EDUCATION,"MITTen/GDW Study University of Michigan Medical School Radesky Lab (Jenny Radesky, MD, Heidi Weeks, PhD, Lindon Camaj, MS, et al.)",Existing Codebook
com.thredup.android,Lifestyle,SHOPPING,"MITTen/GDW Study University of Michigan Medical School Radesky Lab (Jenny Radesky, MD, Heidi Weeks, PhD, Lindon Camaj, MS, et al.)",Existing Codebook
com.motorola.moto,Productivity & Business,PERSONALIZATION,"MITTen/GDW Study University of Michigan Medical School Radesky Lab (Jenny Radesky, MD, Heidi Weeks, PhD, Lindon Camaj, MS, et al.)",Existing Codebook
com.kaymbu.parentapp,Education,EDUCATION,"MITTen/GDW Study University of Michigan Medical School Radesky Lab (Jenny Radesky, MD, Heidi Weeks, PhD, Lindon Camaj, MS, et al.)",Existing Codebook
com.condenast.thenewyorker.android,Lifestyle,NEWS_AND_MAGAZINES,"MITTen/GDW Study University of Michigan Medical School Radesky Lab (Jenny Radesky, MD, Heidi Weeks, PhD, Lindon Camaj, MS, et al.)",Existing Codebook
com.rememberthemilk.MobileRTM,Productivity & Business,PRODUCTIVITY,"MITTen/GDW Study University of Michigan Medical School Radesky Lab (Jenny Radesky, MD, Heidi Weeks, PhD, Lindon Camaj, MS, et al.)",Existing Codebook
kr.co.smartstudy.babyshark_android_googlemarket,Education,EDUCATION,"MITTen/GDW Study University of Michigan Medical School Radesky Lab (Jenny Radesky, MD, Heidi Weeks, PhD, Lindon Camaj, MS, et al.)",Existing Codebook
kr.co.smartstudy.bbsworld_android_googlemarket,Education,EDUCATION,"MITTen/GDW Study University of Michigan Medical School Radesky Lab (Jenny Radesky, MD, Heidi Weeks, PhD, Lindon Camaj, MS, et al.)",Existing Codebook
com.handcent.app.nextsms,Social & Communication,COMMUNICATION,"MITTen/GDW Study University of Michigan Medical School Radesky Lab (Jenny Radesky, MD, Heidi Weeks, PhD, Lindon Camaj, MS, et al.)",Existing Codebook
com.indeed.android.jobsearch,Productivity & Business,BUSINESS,"MITTen/GDW Study University of Michigan Medical School Radesky Lab (Jenny Radesky, MD, Heidi Weeks, PhD, Lindon Camaj, MS, et al.), BCM CNRC",Existing Codebook
com.digipom.easyvoicerecorder.pro,Productivity & Business,PRODUCTIVITY,"MITTen/GDW Study University of Michigan Medical School Radesky Lab (Jenny Radesky, MD, Heidi Weeks, PhD, Lindon Camaj, MS, et al.)",Existing Codebook
com.talkspace.talkspaceapp,Health,HEALTH_AND_FITNESS,"MITTen/GDW Study University of Michigan Medical School Radesky Lab (Jenny Radesky, MD, Heidi Weeks, PhD, Lindon Camaj, MS, et al.)",Existing Codebook
co.kidcasa.app,Education,EDUCATION,"MITTen/GDW Study University of Michigan Medical School Radesky Lab (Jenny Radesky, MD, Heidi Weeks, PhD, Lindon Camaj, MS, et al.), BCM CNRC",Existing Codebook
com.GoFundMe.GoFundMe,Social & Communication,SOCIAL,"MITTen/GDW Study University of Michigan Medical School Radesky Lab (Jenny Radesky, MD, Heidi Weeks, PhD, Lindon Camaj, MS, et al.)",Existing Codebook
com.dreamapp.app,Health,HEALTH_AND_FITNESS,"MITTen/GDW Study University of Michigan Medical School Radesky Lab (Jenny Radesky, MD, Heidi Weeks, PhD, Lindon Camaj, MS, et al.)",Existing Codebook
com.bumble.app,Social & Communication,DATING,"MITTen/GDW Study University of Michigan Medical School Radesky Lab (Jenny Radesky, MD, Heidi Weeks, PhD, Lindon Camaj, MS, et al.)",Existing Codebook
com.kog.alarmclock,Productivity & Business,TOOLS,"MITTen/GDW Study University of Michigan Medical School Radesky Lab (Jenny Radesky, MD, Heidi Weeks, PhD, Lindon Camaj, MS, et al.)",Existing Codebook
free.daily.angel.numbers.app.meaning.secret.number.message.spiritual.guide.signs.numerology,Entertainment,ENTERTAINMENT,"MITTen/GDW Study University of Michigan Medical School Radesky Lab (Jenny Radesky, MD, Heidi Weeks, PhD, Lindon Camaj, MS, et al.)",Existing Codebook
com.timehop,Social & Communication,SOCIAL,"MITTen/GDW Study University of Michigan Medical School Radesky Lab (Jenny Radesky, MD, Heidi Weeks, PhD, Lindon Camaj, MS, et al.)",Existing Codebook
com.moonly.android,Lifestyle,LIFESTYLE,"MITTen/GDW Study University of Michigan Medical School Radesky Lab (Jenny Radesky, MD, Heidi Weeks, PhD, Lindon Camaj, MS, et al.)",Existing Codebook
com.orbitz,Travel & Local,TRAVEL_AND_LOCAL,"MITTen/GDW Study University of Michigan Medical School Radesky Lab (Jenny Radesky, MD, Heidi Weeks, PhD, Lindon Camaj, MS, et al.)",Existing Codebook
com.verizon.messaging.vzmsgs,Social & Communication,COMMUNICATION,"MITTen/GDW Study University of Michigan Medical School Radesky Lab (Jenny Radesky, MD, Heidi Weeks, PhD, Lindon Camaj, MS, et al.), BCM CNRC",Existing Codebook
com.securityandprivacy.android.verizon.vms,Productivity & Business,PRODUCTIVITY,"MITTen/GDW Study University of Michigan Medical School Radesky Lab (Jenny Radesky, MD, Heidi Weeks, PhD, Lindon Camaj, MS, et al.), BCM CNRC",Existing Codebook
com.samsung.android.email.provider,Productivity & Business,PRODUCTIVITY,"MITTen/GDW Study University of Michigan Medical School Radesky Lab (Jenny Radesky, MD, Heidi Weeks, PhD, Lindon Camaj, MS, et al.), BCM CNRC",Existing Codebook
com.passportparking.mobile.ParkFerndaleApp,Travel & Local,TRAVEL_AND_LOCAL,"MITTen/GDW Study University of Michigan Medical School Radesky Lab (Jenny Radesky, MD, Heidi Weeks, PhD, Lindon Camaj, MS, et al.)",Existing Codebook
com.wte.view,Lifestyle,PARENTING,"MITTen/GDW Study University of Michigan Medical School Radesky Lab (Jenny Radesky, MD, Heidi Weeks, PhD, Lindon Camaj, MS, et al.)",Existing Codebook
com.ringapp,Lifestyle,LIFESTYLE,"MITTen/GDW Study University of Michigan Medical School Radesky Lab (Jenny Radesky, MD, Heidi Weeks, PhD, Lindon Camaj, MS, et al.), BCM CNRC",Existing Codebook
com.global.antgame,Games,GAME_STRATEGY,"MITTen/GDW Study University of Michigan Medical School Radesky Lab (Jenny Radesky, MD, Heidi Weeks, PhD, Lindon Camaj, MS, et al.)",Existing Codebook
com.tmsoft.whitenoise.baby,Lifestyle,LIFESTYLE,"MITTen/GDW Study University of Michigan Medical School Radesky Lab (Jenny Radesky, MD, Heidi Weeks, PhD, Lindon Camaj, MS, et al.)",Existing Codebook
com.facebook.work,Productivity & Business,BUSINESS,"MITTen/GDW Study University of Michigan Medical School Radesky Lab (Jenny Radesky, MD, Heidi Weeks, PhD, Lindon Camaj, MS, et al.)",Existing Codebook
com.generalmills.btfe,Lifestyle,SHOPPING,"MITTen/GDW Study University of Michigan Medical School Radesky Lab (Jenny Radesky, MD, Heidi Weeks, PhD, Lindon Camaj, MS, et al.)",Existing Codebook
com.fifthfinger.clients.joann,Lifestyle,SHOPPING,"MITTen/GDW Study University of Michigan Medical School Radesky Lab (Jenny Radesky, MD, Heidi Weeks, PhD, Lindon Camaj, MS, et al.), BCM CNRC",Existing Codebook
com.tatemgames.blockking,Games,GAME_PUZZLE,"MITTen/GDW Study University of Michigan Medical School Radesky Lab (Jenny Radesky, MD, Heidi Weeks, PhD, Lindon Camaj, MS, et al.)",Existing Codebook
com.google.android.apps.kids.home,Productivity & Business,TOOLS,"MITTen/GDW Study University of Michigan Medical School Radesky Lab (Jenny Radesky, MD, Heidi Weeks, PhD, Lindon Camaj, MS, et al.), BCM CNRC",Existing Codebook
live.weather.vitality.studio.forecast.widget,Travel & Local,WEATHER,"MITTen/GDW Study University of Michigan Medical School Radesky Lab (Jenny Radesky, MD, Heidi Weeks, PhD, Lindon Camaj, MS, et al.)",Existing Codebook
com.tadpoles.parent,Education,EDUCATION,"MITTen/GDW Study University of Michigan Medical School Radesky Lab (Jenny Radesky, MD, Heidi Weeks, PhD, Lindon Camaj, MS, et al.), BCM CNRC",Existing Codebook
com.medbridgeed.hep.go,Health,HEALTH_AND_FITNESS,"MITTen/GDW Study University of Michigan Medical School Radesky Lab (Jenny Radesky, MD, Heidi Weeks, PhD, Lindon Camaj, MS, et al.), BCM CNRC",Existing Codebook
com.meijer.mobile.meijer,Lifestyle,SHOPPING,"MITTen/GDW Study University of Michigan Medical School Radesky Lab (Jenny Radesky, MD, Heidi Weeks, PhD, Lindon Camaj, MS, et al.)",Existing Codebook
com.qgenda.mobile,Health,MEDICAL,"MITTen/GDW Study University of Michigan Medical School Radesky Lab (Jenny Radesky, MD, Heidi Weeks, PhD, Lindon Camaj, MS, et al.)",Existing Codebook
com.fitnessmobileapps.reachbodyworkstudio,Health,HEALTH_AND_FITNESS,"MITTen/GDW Study University of Michigan Medical School Radesky Lab (Jenny Radesky, MD, Heidi Weeks, PhD, Lindon Camaj, MS, et al.)",Existing Codebook
com.dreamgames.royalmatch,Games,GAME_PUZZLE,"MITTen/GDW Study University of Michigan Medical School Radesky Lab (Jenny Radesky, MD, Heidi Weeks, PhD, Lindon Camaj, MS, et al.), BCM CNRC",Existing Codebook
com.cube.arc.blood,Health,MEDICAL,"MITTen/GDW Study University of Michigan Medical School Radesky Lab (Jenny Radesky, MD, Heidi Weeks, PhD, Lindon Camaj, MS, et al.)",Existing Codebook
com.zenoti.handandstonev3,Lifestyle,LIFESTYLE,"MITTen/GDW Study University of Michigan Medical School Radesky Lab (Jenny Radesky, MD, Heidi Weeks, PhD, Lindon Camaj, MS, et al.)",Existing Codebook
com.olo.noodles,Lifestyle,FOOD_AND_DRINK,"MITTen/GDW Study University of Michigan Medical School Radesky Lab (Jenny Radesky, MD, Heidi Weeks, PhD, Lindon Camaj, MS, et al.)",Existing Codebook
com.clubautomation.liberty.club,Health,HEALTH_AND_FITNESS,"MITTen/GDW Study University of Michigan Medical School Radesky Lab (Jenny Radesky, MD, Heidi Weeks, PhD, Lindon Camaj, MS, et al.)",Existing Codebook
com.tinybeans,Lifestyle,PARENTING,"MITTen/GDW Study University of Michigan Medical School Radesky Lab (Jenny Radesky, MD, Heidi Weeks, PhD, Lindon Camaj, MS, et al.), BCM CNRC",Existing Codebook
com.delta.mobile.android,Travel & Local,TRAVEL_AND_LOCAL,"MITTen/GDW Study University of Michigan Medical School Radesky Lab (Jenny Radesky, MD, Heidi Weeks, PhD, Lindon Camaj, MS, et al.)",Existing Codebook
com.socialnmobile.dictapps.notepad.color.note,Productivity & Business,PRODUCTIVITY,"MITTen/GDW Study University of Michigan Medical School Radesky Lab (Jenny Radesky, MD, Heidi Weeks, PhD, Lindon Camaj, MS, et al.), BCM CNRC",Existing Codebook
tv.fubo.mobile,Entertainment,ENTERTAINMENT,"MITTen/GDW Study University of Michigan Medical School Radesky Lab (Jenny Radesky, MD, Heidi Weeks, PhD, Lindon Camaj, MS, et al.), BCM CNRC",Existing Codebook
com.imprivata.imprivataid,Health,MEDICAL,"MITTen/GDW Study University of Michigan Medical School Radesky Lab (Jenny Radesky, MD, Heidi Weeks, PhD, Lindon Camaj, MS, et al.)",Existing Codebook
com.microsoft.windowsintune.companyportal,Productivity & Business,BUSINESS,"MITTen/GDW Study University of Michigan Medical School Radesky Lab (Jenny Radesky, MD, Heidi Weeks, PhD, Lindon Camaj, MS, et al.), BCM CNRC",Existing Codebook
com.n3twork.tetris,Games,GAME_PUZZLE,"MITTen/GDW Study University of Michigan Medical School Radesky Lab (Jenny Radesky, MD, Heidi Weeks, PhD, Lindon Camaj, MS, et al.), BCM CNRC",Existing Codebook
it.mm.android.relaxrain,Lifestyle,LIFESTYLE,"MITTen/GDW Study University of Michigan Medical School Radesky Lab (Jenny Radesky, MD, Heidi Weeks, PhD, Lindon Camaj, MS, et al.)",Existing Codebook
com.mlive.michbasketball.android,Entertainment,SPORTS,"MITTen/GDW Study University of Michigan Medical School Radesky Lab (Jenny Radesky, MD, Heidi Weeks, PhD, Lindon Camaj, MS, et al.)",Existing Codebook
com.lixar.allegiant,Travel & Local,TRAVEL_AND_LOCAL,"MITTen/GDW Study University of Michigan Medical School Radesky Lab (Jenny Radesky, MD, Heidi Weeks, PhD, Lindon Camaj, MS, et al.)",Existing Codebook
com.fanmaker.michigankids,Entertainment,SPORTS,"MITTen/GDW Study University of Michigan Medical School Radesky Lab (Jenny Radesky, MD, Heidi Weeks, PhD, Lindon Camaj, MS, et al.)",Existing Codebook
com.seatgeek.android,Social & Communication,EVENTS,"MITTen/GDW Study University of Michigan Medical School Radesky Lab (Jenny Radesky, MD, Heidi Weeks, PhD, Lindon Camaj, MS, et al.)",Existing Codebook
com.spirit.customerapp,Travel & Local,TRAVEL_AND_LOCAL,"MITTen/GDW Study University of Michigan Medical School Radesky Lab (Jenny Radesky, MD, Heidi Weeks, PhD, Lindon Camaj, MS, et al.), BCM CNRC",Existing Codebook
com.fanduel.sportsbook,Entertainment,SPORTS,"MITTen/GDW Study University of Michigan Medical School Radesky Lab (Jenny Radesky, MD, Heidi Weeks, PhD, Lindon Camaj, MS, et al.)",Existing Codebook
com.purplecover.anylist,Productivity & Business,PRODUCTIVITY,"MITTen/GDW Study University of Michigan Medical School Radesky Lab (Jenny Radesky, MD, Heidi Weeks, PhD, Lindon Camaj, MS, et al.)",Existing Codebook
net.bloomz,Education,EDUCATION,"MITTen/GDW Study University of Michigan Medical School Radesky Lab (Jenny Radesky, MD, Heidi Weeks, PhD, Lindon Camaj, MS, et al.)",Existing Codebook
com.mlhg.screenfilter,Health,HEALTH_AND_FITNESS,"MITTen/GDW Study University of Michigan Medical School Radesky Lab (Jenny Radesky, MD, Heidi Weeks, PhD, Lindon Camaj, MS, et al.)",Existing Codebook
com.wombatapps.carbmanager,Health,HEALTH_AND_FITNESS,"MITTen/GDW Study University of Michigan Medical School Radesky Lab (Jenny Radesky, MD, Heidi Weeks, PhD, Lindon Camaj, MS, et al.)",Existing Codebook
com.pinger.textfree,Social & Communication,SOCIAL,"MITTen/GDW Study University of Michigan Medical School Radesky Lab (Jenny Radesky, MD, Heidi Weeks, PhD, Lindon Camaj, MS, et al.)",Existing Codebook
net.supertreat.solitaire,Games,GAME_CARD,"MITTen/GDW Study University of Michigan Medical School Radesky Lab (Jenny Radesky, MD, Heidi Weeks, PhD, Lindon Camaj, MS, et al.), BCM CNRC",Existing Codebook
com.bandlab.bandlab,Entertainment,MUSIC_AND_AUDIO,"MITTen/GDW Study University of Michigan Medical School Radesky Lab (Jenny Radesky, MD, Heidi Weeks, PhD, Lindon Camaj, MS, et al.), BCM CNRC",Existing Codebook
com.classtag,Education,EDUCATION,"MITTen/GDW Study University of Michigan Medical School Radesky Lab (Jenny Radesky, MD, Heidi Weeks, PhD, Lindon Camaj, MS, et al.)",Existing Codebook
com.westernunion.android.mtapp,Productivity & Business,FINANCE,"MITTen/GDW Study University of Michigan Medical School Radesky Lab (Jenny Radesky, MD, Heidi Weeks, PhD, Lindon Camaj, MS, et al.), BCM CNRC",Existing Codebook
com.homni.xjy.ion_new,Entertainment,MUSIC_AND_AUDIO,"MITTen/GDW Study University of Michigan Medical School Radesky Lab (Jenny Radesky, MD, Heidi Weeks, PhD, Lindon Camaj, MS, et al.)",Existing Codebook
com.fiogonia.dominoes,Games,GAME_BOARD,"MITTen/GDW Study University of Michigan Medical School Radesky Lab (Jenny Radesky, MD, Heidi Weeks, PhD, Lindon Camaj, MS, et al.)",Existing Codebook
com.sec.penup,Productivity & Business,ART_AND_DESIGN,"MITTen/GDW Study University of Michigan Medical School Radesky Lab (Jenny Radesky, MD, Heidi Weeks, PhD, Lindon Camaj, MS, et al.), BCM CNRC",Existing Codebook
com.dayforce.mobile,Productivity & Business,BUSINESS,"MITTen/GDW Study University of Michigan Medical School Radesky Lab (Jenny Radesky, MD, Heidi Weeks, PhD, Lindon Camaj, MS, et al.)",Existing Codebook
com.probadosoft.moonphasecalendar,Travel & Local,WEATHER,"MITTen/GDW Study University of Michigan Medical School Radesky Lab (Jenny Radesky, MD, Heidi Weeks, PhD, Lindon Camaj, MS, et al.)",Existing Codebook
com.loyaltyplant.partner.balancegrill,Lifestyle,FOOD_AND_DRINK,"MITTen/GDW Study University of Michigan Medical School Radesky Lab (Jenny Radesky, MD, Heidi Weeks, PhD, Lindon Camaj, MS, et al.)",Existing Codebook
kr.co.smartstudy.phonicsiap_android_googlemarket,Education,EDUCATION,"MITTen/GDW Study University of Michigan Medical School Radesky Lab (Jenny Radesky, MD, Heidi Weeks, PhD, Lindon Camaj, MS, et al.)",Existing Codebook
com.weightwatchers.mobile,Health,HEALTH_AND_FITNESS,"MITTen/GDW Study University of Michigan Medical School Radesky Lab (Jenny Radesky, MD, Heidi Weeks, PhD, Lindon Camaj, MS, et al.)",Existing Codebook
com.youneedabudget.evergreen.app,Productivity & Business,FINANCE,"MITTen/GDW Study University of Michigan Medical School Radesky Lab (Jenny Radesky, MD, Heidi Weeks, PhD, Lindon Camaj, MS, et al.)",Existing Codebook
com.mobile.potbelly,Lifestyle,FOOD_AND_DRINK,"MITTen/GDW Study University of Michigan Medical School Radesky Lab (Jenny Radesky, MD, Heidi Weeks, PhD, Lindon Camaj, MS, et al.), BCM CNRC",Existing Codebook
play.me.hihello.app,Productivity & Business,BUSINESS,"MITTen/GDW Study University of Michigan Medical School Radesky Lab (Jenny Radesky, MD, Heidi Weeks, PhD, Lindon Camaj, MS, et al.)",Existing Codebook
com.prioritypass3,Travel & Local,TRAVEL_AND_LOCAL,"MITTen/GDW Study University of Michigan Medical School Radesky Lab (Jenny Radesky, MD, Heidi Weeks, PhD, Lindon Camaj, MS, et al.)",Existing Codebook
com.genisys.mfm,Productivity & Business,FINANCE,"MITTen/GDW Study University of Michigan Medical School Radesky Lab (Jenny Radesky, MD, Heidi Weeks, PhD, Lindon Camaj, MS, et al.)",Existing Codebook
com.mobiledatalabs.mileiq,Productivity & Business,FINANCE,"MITTen/GDW Study University of Michigan Medical School Radesky Lab (Jenny Radesky, MD, Heidi Weeks, PhD, Lindon Camaj, MS, et al.)",Existing Codebook
com.depop,Lifestyle,SHOPPING,"MITTen/GDW Study University of Michigan Medical School Radesky Lab (Jenny Radesky, MD, Heidi Weeks, PhD, Lindon Camaj, MS, et al.)",Existing Codebook
com.ilumivu.mema,Education,EDUCATION,"MITTen/GDW Study University of Michigan Medical School Radesky Lab (Jenny Radesky, MD, Heidi Weeks, PhD, Lindon Camaj, MS, et al.)",Existing Codebook
com.starryai,Productivity & Business,ART_AND_DESIGN,"MITTen/GDW Study University of Michigan Medical School Radesky Lab (Jenny Radesky, MD, Heidi Weeks, PhD, Lindon Camaj, MS, et al.)",Existing Codebook
eu.smartpatient.mytherapy,Health,MEDICAL,"MITTen/GDW Study University of Michigan Medical School Radesky Lab (Jenny Radesky, MD, Heidi Weeks, PhD, Lindon Camaj, MS, et al.)",Existing Codebook
com.interrait.mymazda,Lifestyle,LIFESTYLE,"MITTen/GDW Study University of Michigan Medical School Radesky Lab (Jenny Radesky, MD, Heidi Weeks, PhD, Lindon Camaj, MS, et al.), BCM CNRC",Existing Codebook
email.titan.app,Productivity & Business,BUSINESS,"MITTen/GDW Study University of Michigan Medical School Radesky Lab (Jenny Radesky, MD, Heidi Weeks, PhD, Lindon Camaj, MS, et al.)",Existing Codebook
de.kisi.android,Productivity & Business,BUSINESS,"MITTen/GDW Study University of Michigan Medical School Radesky Lab (Jenny Radesky, MD, Heidi Weeks, PhD, Lindon Camaj, MS, et al.)",Existing Codebook
com.jda.mobility.wfmr,Productivity & Business,BUSINESS,"MITTen/GDW Study University of Michigan Medical School Radesky Lab (Jenny Radesky, MD, Heidi Weeks, PhD, Lindon Camaj, MS, et al.)",Existing Codebook
com.dfckc.abco,Productivity & Business,FINANCE,"MITTen/GDW Study University of Michigan Medical School Radesky Lab (Jenny Radesky, MD, Heidi Weeks, PhD, Lindon Camaj, MS, et al.)",Existing Codebook
com.unboundapplications.theshortyears,Lifestyle,PARENTING,"MITTen/GDW Study University of Michigan Medical School Radesky Lab (Jenny Radesky, MD, Heidi Weeks, PhD, Lindon Camaj, MS, et al.)",Existing Codebook
com.kanopy,Entertainment,ENTERTAINMENT,"MITTen/GDW Study University of Michigan Medical School Radesky Lab (Jenny Radesky, MD, Heidi Weeks, PhD, Lindon Camaj, MS, et al.)",Existing Codebook
com.wash.connect,Productivity & Business,TOOLS,"MITTen/GDW Study University of Michigan Medical School Radesky Lab (Jenny Radesky, MD, Heidi Weeks, PhD, Lindon Camaj, MS, et al.)",Existing Codebook
com.vividseats.android,Social & Communication,EVENTS,"MITTen/GDW Study University of Michigan Medical School Radesky Lab (Jenny Radesky, MD, Heidi Weeks, PhD, Lindon Camaj, MS, et al.), BCM CNRC",Existing Codebook
com.mrcooper.apollo.beta,Productivity & Business,FINANCE,"MITTen/GDW Study University of Michigan Medical School Radesky Lab (Jenny Radesky, MD, Heidi Weeks, PhD, Lindon Camaj, MS, et al.)",Existing Codebook
ai.oc.experience.marathonrewards,Productivity & Business,AUTO_AND_VEHICLES,"MITTen/GDW Study University of Michigan Medical School Radesky Lab (Jenny Radesky, MD, Heidi Weeks, PhD, Lindon Camaj, MS, et al.)",Existing Codebook
com.perpay.mobile,Productivity & Business,FINANCE,"MITTen/GDW Study University of Michigan Medical School Radesky Lab (Jenny Radesky, MD, Heidi Weeks, PhD, Lindon Camaj, MS, et al.)",Existing Codebook
com.alight.fismobile,Productivity & Business,BUSINESS,"MITTen/GDW Study University of Michigan Medical School Radesky Lab (Jenny Radesky, MD, Heidi Weeks, PhD, Lindon Camaj, MS, et al.)",Existing Codebook
com.playbackbone.android,Social & Communication,SOCIAL,"MITTen/GDW Study University of Michigan Medical School Radesky Lab (Jenny Radesky, MD, Heidi Weeks, PhD, Lindon Camaj, MS, et al.)",Existing Codebook
com.gamepass,Entertainment,ENTERTAINMENT,"MITTen/GDW Study University of Michigan Medical School Radesky Lab (Jenny Radesky, MD, Heidi Weeks, PhD, Lindon Camaj, MS, et al.)",Existing Codebook
cz.mobilesoft.appblock,Productivity & Business,PRODUCTIVITY,"MITTen/GDW Study University of Michigan Medical School Radesky Lab (Jenny Radesky, MD, Heidi Weeks, PhD, Lindon Camaj, MS, et al.)",Existing Codebook
com.podbean.app.podcast,Entertainment,MUSIC_AND_AUDIO,"MITTen/GDW Study University of Michigan Medical School Radesky Lab (Jenny Radesky, MD, Heidi Weeks, PhD, Lindon Camaj, MS, et al.)",Existing Codebook
com.ecapycsw.onetouchdrawing,Games,GAME_PUZZLE,"MITTen/GDW Study University of Michigan Medical School Radesky Lab (Jenny Radesky, MD, Heidi Weeks, PhD, Lindon Camaj, MS, et al.)",Existing Codebook
com.netiq.oathtoken,Productivity & Business,BUSINESS,"MITTen/GDW Study University of Michigan Medical School Radesky Lab (Jenny Radesky, MD, Heidi Weeks, PhD, Lindon Camaj, MS, et al.)",Existing Codebook
com.baritastic.view,Health,MEDICAL,"MITTen/GDW Study University of Michigan Medical School Radesky Lab (Jenny Radesky, MD, Heidi Weeks, PhD, Lindon Camaj, MS, et al.)",Existing Codebook
com.brandingbrand.reactnative.and.bjs,Lifestyle,SHOPPING,"MITTen/GDW Study University of Michigan Medical School Radesky Lab (Jenny Radesky, MD, Heidi Weeks, PhD, Lindon Camaj, MS, et al.)",Existing Codebook
com.cedarfair.cedarpoint,Travel & Local,TRAVEL_AND_LOCAL,"MITTen/GDW Study University of Michigan Medical School Radesky Lab (Jenny Radesky, MD, Heidi Weeks, PhD, Lindon Camaj, MS, et al.)",Existing Codebook
com.burnbootcamp.one,Health,HEALTH_AND_FITNESS,"MITTen/GDW Study University of Michigan Medical School Radesky Lab (Jenny Radesky, MD, Heidi Weeks, PhD, Lindon Camaj, MS, et al.)",Existing Codebook
com.app.ge,Health,HEALTH_AND_FITNESS,"MITTen/GDW Study University of Michigan Medical School Radesky Lab (Jenny Radesky, MD, Heidi Weeks, PhD, Lindon Camaj, MS, et al.)",Existing Codebook
com.firstnational.omaha,Productivity & Business,FINANCE,"MITTen/GDW Study University of Michigan Medical School Radesky Lab (Jenny Radesky, MD, Heidi Weeks, PhD, Lindon Camaj, MS, et al.)",Existing Codebook
com.mapmyride.android2,Health,HEALTH_AND_FITNESS,"MITTen/GDW Study University of Michigan Medical School Radesky Lab (Jenny Radesky, MD, Heidi Weeks, PhD, Lindon Camaj, MS, et al.)",Existing Codebook
com.sand.airdroid,Productivity & Business,TOOLS,"MITTen/GDW Study University of Michigan Medical School Radesky Lab (Jenny Radesky, MD, Heidi Weeks, PhD, Lindon Camaj, MS, et al.)",Existing Codebook
com.oceanwing.smarthome,Lifestyle,LIFESTYLE,"MITTen/GDW Study University of Michigan Medical School Radesky Lab (Jenny Radesky, MD, Heidi Weeks, PhD, Lindon Camaj, MS, et al.)",Existing Codebook
app.melon.icompass,Productivity & Business,TOOLS,"MITTen/GDW Study University of Michigan Medical School Radesky Lab (Jenny Radesky, MD, Heidi Weeks, PhD, Lindon Camaj, MS, et al.)",Existing Codebook
com.inmobi.weather,Travel & Local,WEATHER,"MITTen/GDW Study University of Michigan Medical School Radesky Lab (Jenny Radesky, MD, Heidi Weeks, PhD, Lindon Camaj, MS, et al.), BCM CNRC",Existing Codebook
com.signnow.android,Productivity & Business,PRODUCTIVITY,"MITTen/GDW Study University of Michigan Medical School Radesky Lab (Jenny Radesky, MD, Heidi Weeks, PhD, Lindon Camaj, MS, et al.)",Existing Codebook
com.softek.ofxclmobile.communitychoicecu,Productivity & Business,FINANCE,"MITTen/GDW Study University of Michigan Medical School Radesky Lab (Jenny Radesky, MD, Heidi Weeks, PhD, Lindon Camaj, MS, et al.)",Existing Codebook
com.raising.prodigy,Lifestyle,PARENTING,"MITTen/GDW Study University of Michigan Medical School Radesky Lab (Jenny Radesky, MD, Heidi Weeks, PhD, Lindon Camaj, MS, et al.)",Existing Codebook
com.fahlo.fahlo,Entertainment,ENTERTAINMENT,"MITTen/GDW Study University of Michigan Medical School Radesky Lab (Jenny Radesky, MD, Heidi Weeks, PhD, Lindon Camaj, MS, et al.)",Existing Codebook
com.atomczak.notepat,Productivity & Business,PRODUCTIVITY,"MITTen/GDW Study University of Michigan Medical School Radesky Lab (Jenny Radesky, MD, Heidi Weeks, PhD, Lindon Camaj, MS, et al.)",Existing Codebook
com.TinyBit.GameOfWords,Games,GAME_WORD,"MITTen/GDW Study University of Michigan Medical School Radesky Lab (Jenny Radesky, MD, Heidi Weeks, PhD, Lindon Camaj, MS, et al.)",Existing Codebook
com.veryableops.veryable,Productivity & Business,BUSINESS,"MITTen/GDW Study University of Michigan Medical School Radesky Lab (Jenny Radesky, MD, Heidi Weeks, PhD, Lindon Camaj, MS, et al.)",Existing Codebook
com.rewardstyle.liketoknowit,Lifestyle,SHOPPING,"MITTen/GDW Study University of Michigan Medical School Radesky Lab (Jenny Radesky, MD, Heidi Weeks, PhD, Lindon Camaj, MS, et al.), BCM CNRC",Existing Codebook
com.kindermusik,Education,EDUCATION,"MITTen/GDW Study University of Michigan Medical School Radesky Lab (Jenny Radesky, MD, Heidi Weeks, PhD, Lindon Camaj, MS, et al.)",Existing Codebook
org.a5calls.android.a5calls,Entertainment,BOOKS_AND_REFERENCE,"MITTen/GDW Study University of Michigan Medical School Radesky Lab (Jenny Radesky, MD, Heidi Weeks, PhD, Lindon Camaj, MS, et al.)",Existing Codebook
com.dsw.android,Lifestyle,SHOPPING,"MITTen/GDW Study University of Michigan Medical School Radesky Lab (Jenny Radesky, MD, Heidi Weeks, PhD, Lindon Camaj, MS, et al.)",Existing Codebook
com.snapfish.mobile,Photography,PHOTOGRAPHY,"MITTen/GDW Study University of Michigan Medical School Radesky Lab (Jenny Radesky, MD, Heidi Weeks, PhD, Lindon Camaj, MS, et al.)",Existing Codebook
com.sweetwaters.app,Lifestyle,FOOD_AND_DRINK,"MITTen/GDW Study University of Michigan Medical School Radesky Lab (Jenny Radesky, MD, Heidi Weeks, PhD, Lindon Camaj, MS, et al.)",Existing Codebook
com.hcom.android,Travel & Local,TRAVEL_AND_LOCAL,"MITTen/GDW Study University of Michigan Medical School Radesky Lab (Jenny Radesky, MD, Heidi Weeks, PhD, Lindon Camaj, MS, et al.)",Existing Codebook
com.ce.android.brand.barrybagels,Lifestyle,FOOD_AND_DRINK,"MITTen/GDW Study University of Michigan Medical School Radesky Lab (Jenny Radesky, MD, Heidi Weeks, PhD, Lindon Camaj, MS, et al.)",Existing Codebook
com.appsmyth.mobile.smoothieking,Lifestyle,FOOD_AND_DRINK,"MITTen/GDW Study University of Michigan Medical School Radesky Lab (Jenny Radesky, MD, Heidi Weeks, PhD, Lindon Camaj, MS, et al.), BCM CNRC",Existing Codebook
com.paytronix.client.android.app.detroitwings,Lifestyle,FOOD_AND_DRINK,"MITTen/GDW Study University of Michigan Medical School Radesky Lab (Jenny Radesky, MD, Heidi Weeks, PhD, Lindon Camaj, MS, et al.)",Existing Codebook
com.tapmango.dripscoffeeandtea,Productivity & Business,TOOLS,"MITTen/GDW Study University of Michigan Medical School Radesky Lab (Jenny Radesky, MD, Heidi Weeks, PhD, Lindon Camaj, MS, et al.)",Existing Codebook
org.npr.android.news,Lifestyle,NEWS_AND_MAGAZINES,"MITTen/GDW Study University of Michigan Medical School Radesky Lab (Jenny Radesky, MD, Heidi Weeks, PhD, Lindon Camaj, MS, et al.)",Existing Codebook
com.cashwalklabs.cashwalk,Health,HEALTH_AND_FITNESS,"MITTen/GDW Study University of Michigan Medical School Radesky Lab (Jenny Radesky, MD, Heidi Weeks, PhD, Lindon Camaj, MS, et al.)",Existing Codebook
com.socialaudio.wisdom,Health,HEALTH_AND_FITNESS,"MITTen/GDW Study University of Michigan Medical School Radesky Lab (Jenny Radesky, MD, Heidi Weeks, PhD, Lindon Camaj, MS, et al.)",Existing Codebook
com.evgeniysharafan.tabatatimer,Health,HEALTH_AND_FITNESS,"MITTen/GDW Study University of Michigan Medical School Radesky Lab (Jenny Radesky, MD, Heidi Weeks, PhD, Lindon Camaj, MS, et al.)",Existing Codebook
net.peakgames.toonblast,Games,GAME_PUZZLE,"MITTen/GDW Study University of Michigan Medical School Radesky Lab (Jenny Radesky, MD, Heidi Weeks, PhD, Lindon Camaj, MS, et al.), BCM CNRC",Existing Codebook
com.simplepractice.clients,Health,MEDICAL,"MITTen/GDW Study University of Michigan Medical School Radesky Lab (Jenny Radesky, MD, Heidi Weeks, PhD, Lindon Camaj, MS, et al.)",Existing Codebook
us.sol.YpsilantiDistrictLibrary,Lifestyle,LIFESTYLE,"MITTen/GDW Study University of Michigan Medical School Radesky Lab (Jenny Radesky, MD, Heidi Weeks, PhD, Lindon Camaj, MS, et al.)",Existing Codebook
com.commercebank.mobile,Productivity & Business,FINANCE,"MITTen/GDW Study University of Michigan Medical School Radesky Lab (Jenny Radesky, MD, Heidi Weeks, PhD, Lindon Camaj, MS, et al.)",Existing Codebook
com.wunderground.android.weather,Travel & Local,WEATHER,"MITTen/GDW Study University of Michigan Medical School Radesky Lab (Jenny Radesky, MD, Heidi Weeks, PhD, Lindon Camaj, MS, et al.)",Existing Codebook
com.kindara.pgap,Health,MEDICAL,"MITTen/GDW Study University of Michigan Medical School Radesky Lab (Jenny Radesky, MD, Heidi Weeks, PhD, Lindon Camaj, MS, et al.)",Existing Codebook
com.sportngin.android,Entertainment,SPORTS,"MITTen/GDW Study University of Michigan Medical School Radesky Lab (Jenny Radesky, MD, Heidi Weeks, PhD, Lindon Camaj, MS, et al.)",Existing Codebook
uk.co.nickfines.RealCalc,Productivity & Business,PRODUCTIVITY,"MITTen/GDW Study University of Michigan Medical School Radesky Lab (Jenny Radesky, MD, Heidi Weeks, PhD, Lindon Camaj, MS, et al.), BCM CNRC",Existing Codebook
com.weather.nold.forecast,Travel & Local,WEATHER,"MITTen/GDW Study University of Michigan Medical School Radesky Lab (Jenny Radesky, MD, Heidi Weeks, PhD, Lindon Camaj, MS, et al.)",Existing Codebook
org.lds.ldstools,Entertainment,BOOKS_AND_REFERENCE,"MITTen/GDW Study University of Michigan Medical School Radesky Lab (Jenny Radesky, MD, Heidi Weeks, PhD, Lindon Camaj, MS, et al.)",Existing Codebook
com.usmobile.dashboard,Productivity & Business,TOOLS,"MITTen/GDW Study University of Michigan Medical School Radesky Lab (Jenny Radesky, MD, Heidi Weeks, PhD, Lindon Camaj, MS, et al.)",Existing Codebook
com.fivegencare.com.motorola.nursery,Lifestyle,LIFESTYLE,"MITTen/GDW Study University of Michigan Medical School Radesky Lab (Jenny Radesky, MD, Heidi Weeks, PhD, Lindon Camaj, MS, et al.)",Existing Codebook
com.ehi.national.mobile,Travel & Local,TRAVEL_AND_LOCAL,"MITTen/GDW Study University of Michigan Medical School Radesky Lab (Jenny Radesky, MD, Heidi Weeks, PhD, Lindon Camaj, MS, et al.)",Existing Codebook
com.Splitwise.SplitwiseMobile,Productivity & Business,FINANCE,"MITTen/GDW Study University of Michigan Medical School Radesky Lab (Jenny Radesky, MD, Heidi Weeks, PhD, Lindon Camaj, MS, et al.)",Existing Codebook
com.yinzcam.nfl.lions,Entertainment,SPORTS,"MITTen/GDW Study University of Michigan Medical School Radesky Lab (Jenny Radesky, MD, Heidi Weeks, PhD, Lindon Camaj, MS, et al.)",Existing Codebook
com.tellm.android.app,Social & Communication,SOCIAL,"MITTen/GDW Study University of Michigan Medical School Radesky Lab (Jenny Radesky, MD, Heidi Weeks, PhD, Lindon Camaj, MS, et al.)",Existing Codebook
com.scannerradio,Lifestyle,NEWS_AND_MAGAZINES,"MITTen/GDW Study University of Michigan Medical School Radesky Lab (Jenny Radesky, MD, Heidi Weeks, PhD, Lindon Camaj, MS, et al.)",Existing Codebook
com.police.scanner.radio.police_scanner,Entertainment,ENTERTAINMENT,"MITTen/GDW Study University of Michigan Medical School Radesky Lab (Jenny Radesky, MD, Heidi Weeks, PhD, Lindon Camaj, MS, et al.)",Existing Codebook
com.phonevalley.progressive,Productivity & Business,FINANCE,"MITTen/GDW Study University of Michigan Medical School Radesky Lab (Jenny Radesky, MD, Heidi Weeks, PhD, Lindon Camaj, MS, et al.), BCM CNRC",Existing Codebook
com.schwab.mobile,Productivity & Business,FINANCE,"MITTen/GDW Study University of Michigan Medical School Radesky Lab (Jenny Radesky, MD, Heidi Weeks, PhD, Lindon Camaj, MS, et al.)",Existing Codebook
com.eero.android,Lifestyle,LIFESTYLE,"MITTen/GDW Study University of Michigan Medical School Radesky Lab (Jenny Radesky, MD, Heidi Weeks, PhD, Lindon Camaj, MS, et al.), BCM CNRC",Existing Codebook
org.cohortor.gstrings,Productivity & Business,TOOLS,"MITTen/GDW Study University of Michigan Medical School Radesky Lab (Jenny Radesky, MD, Heidi Weeks, PhD, Lindon Camaj, MS, et al.)",Existing Codebook
com.bamnetworks.mobile.android.gameday.atbat,Entertainment,SPORTS,"MITTen/GDW Study University of Michigan Medical School Radesky Lab (Jenny Radesky, MD, Heidi Weeks, PhD, Lindon Camaj, MS, et al.)",Existing Codebook
com.reverb.app,Lifestyle,SHOPPING,"MITTen/GDW Study University of Michigan Medical School Radesky Lab (Jenny Radesky, MD, Heidi Weeks, PhD, Lindon Camaj, MS, et al.)",Existing Codebook
com.remitly.androidapp,Productivity & Business,FINANCE,"MITTen/GDW Study University of Michigan Medical School Radesky Lab (Jenny Radesky, MD, Heidi Weeks, PhD, Lindon Camaj, MS, et al.)",Existing Codebook
com.stubhub,Social & Communication,EVENTS,"MITTen/GDW Study University of Michigan Medical School Radesky Lab (Jenny Radesky, MD, Heidi Weeks, PhD, Lindon Camaj, MS, et al.), BCM CNRC",Existing Codebook
com.bluestem.fingerhut.android,Lifestyle,SHOPPING,"MITTen/GDW Study University of Michigan Medical School Radesky Lab (Jenny Radesky, MD, Heidi Weeks, PhD, Lindon Camaj, MS, et al.)",Existing Codebook
com.DailyPay.DailyPay,Productivity & Business,FINANCE,"MITTen/GDW Study University of Michigan Medical School Radesky Lab (Jenny Radesky, MD, Heidi Weeks, PhD, Lindon Camaj, MS, et al.)",Existing Codebook
com.turner.tbs.android.networkapp,Entertainment,ENTERTAINMENT,"MITTen/GDW Study University of Michigan Medical School Radesky Lab (Jenny Radesky, MD, Heidi Weeks, PhD, Lindon Camaj, MS, et al.)",Existing Codebook
net.skyscanner.android.main,Travel & Local,TRAVEL_AND_LOCAL,"MITTen/GDW Study University of Michigan Medical School Radesky Lab (Jenny Radesky, MD, Heidi Weeks, PhD, Lindon Camaj, MS, et al.)",Existing Codebook
com.ihg.apps.android,Travel & Local,TRAVEL_AND_LOCAL,"MITTen/GDW Study University of Michigan Medical School Radesky Lab (Jenny Radesky, MD, Heidi Weeks, PhD, Lindon Camaj, MS, et al.)",Existing Codebook
com.hilton.android.hhonors,Travel & Local,TRAVEL_AND_LOCAL,"MITTen/GDW Study University of Michigan Medical School Radesky Lab (Jenny Radesky, MD, Heidi Weeks, PhD, Lindon Camaj, MS, et al.)",Existing Codebook
org.american1cu.onlinebanking,Productivity & Business,FINANCE,"MITTen/GDW Study University of Michigan Medical School Radesky Lab (Jenny Radesky, MD, Heidi Weeks, PhD, Lindon Camaj, MS, et al.)",Existing Codebook
com.foxsports.videogo,Entertainment,SPORTS,"MITTen/GDW Study University of Michigan Medical School Radesky Lab (Jenny Radesky, MD, Heidi Weeks, PhD, Lindon Camaj, MS, et al.)",Existing Codebook
com.amientertainment.AMISmartBar,Entertainment,MUSIC_AND_AUDIO,"MITTen/GDW Study University of Michigan Medical School Radesky Lab (Jenny Radesky, MD, Heidi Weeks, PhD, Lindon Camaj, MS, et al.)",Existing Codebook
com.bandsintown,Entertainment,MUSIC_AND_AUDIO,"MITTen/GDW Study University of Michigan Medical School Radesky Lab (Jenny Radesky, MD, Heidi Weeks, PhD, Lindon Camaj, MS, et al.)",Existing Codebook
com.banreservas.tubancoappmobile,Productivity & Business,FINANCE,"MITTen/GDW Study University of Michigan Medical School Radesky Lab (Jenny Radesky, MD, Heidi Weeks, PhD, Lindon Camaj, MS, et al.)",Existing Codebook
nz.co.vista.android.movie.mjrtheatres,Entertainment,ENTERTAINMENT,"MITTen/GDW Study University of Michigan Medical School Radesky Lab (Jenny Radesky, MD, Heidi Weeks, PhD, Lindon Camaj, MS, et al.)",Existing Codebook
nl.lifeconnexion.bestill,Health,HEALTH_AND_FITNESS,"MITTen/GDW Study University of Michigan Medical School Radesky Lab (Jenny Radesky, MD, Heidi Weeks, PhD, Lindon Camaj, MS, et al.)",Existing Codebook
com.scopely.yux,Games,GAME_BOARD,"MITTen/GDW Study University of Michigan Medical School Radesky Lab (Jenny Radesky, MD, Heidi Weeks, PhD, Lindon Camaj, MS, et al.)",Existing Codebook
com.arity.routereport,Productivity & Business,AUTO_AND_VEHICLES,"MITTen/GDW Study University of Michigan Medical School Radesky Lab (Jenny Radesky, MD, Heidi Weeks, PhD, Lindon Camaj, MS, et al.)",Existing Codebook
com.moonphaseapps.astro,Entertainment,ENTERTAINMENT,"MITTen/GDW Study University of Michigan Medical School Radesky Lab (Jenny Radesky, MD, Heidi Weeks, PhD, Lindon Camaj, MS, et al.)",Existing Codebook
com.glip.mobile,Productivity & Business,BUSINESS,"MITTen/GDW Study University of Michigan Medical School Radesky Lab (Jenny Radesky, MD, Heidi Weeks, PhD, Lindon Camaj, MS, et al.)",Existing Codebook
com.tripledot.solitaire,Games,GAME_CARD,"MITTen/GDW Study University of Michigan Medical School Radesky Lab (Jenny Radesky, MD, Heidi Weeks, PhD, Lindon Camaj, MS, et al.), BCM CNRC",Existing Codebook
com.portlandfederalcreditunion5164.mobile,Productivity & Business,FINANCE,"MITTen/GDW Study University of Michigan Medical School Radesky Lab (Jenny Radesky, MD, Heidi Weeks, PhD, Lindon Camaj, MS, et al.)",Existing Codebook
com.mercadolibre,Lifestyle,SHOPPING,"MITTen/GDW Study University of Michigan Medical School Radesky Lab (Jenny Radesky, MD, Heidi Weeks, PhD, Lindon Camaj, MS, et al.)",Existing Codebook
com.myplantin.app,Education,EDUCATION,"MITTen/GDW Study University of Michigan Medical School Radesky Lab (Jenny Radesky, MD, Heidi Weeks, PhD, Lindon Camaj, MS, et al.)",Existing Codebook
com.paywithfour,Productivity & Business,FINANCE,"MITTen/GDW Study University of Michigan Medical School Radesky Lab (Jenny Radesky, MD, Heidi Weeks, PhD, Lindon Camaj, MS, et al.)",Existing Codebook
com.cardinalcommerce.greendot,Productivity & Business,FINANCE,"MITTen/GDW Study University of Michigan Medical School Radesky Lab (Jenny Radesky, MD, Heidi Weeks, PhD, Lindon Camaj, MS, et al.)",Existing Codebook
com.gplay.pixel.by.color.pixel.art,Games,GAME_PUZZLE,"MITTen/GDW Study University of Michigan Medical School Radesky Lab (Jenny Radesky, MD, Heidi Weeks, PhD, Lindon Camaj, MS, et al.)",Existing Codebook
com.mobileapp.android.relia,Productivity & Business,FINANCE,"MITTen/GDW Study University of Michigan Medical School Radesky Lab (Jenny Radesky, MD, Heidi Weeks, PhD, Lindon Camaj, MS, et al.), BCM CNRC",Existing Codebook
com.gamma.scan,Productivity & Business,TOOLS,"MITTen/GDW Study University of Michigan Medical School Radesky Lab (Jenny Radesky, MD, Heidi Weeks, PhD, Lindon Camaj, MS, et al.)",Existing Codebook
com.sling,Entertainment,ENTERTAINMENT,"MITTen/GDW Study University of Michigan Medical School Radesky Lab (Jenny Radesky, MD, Heidi Weeks, PhD, Lindon Camaj, MS, et al.)",Existing Codebook
com.espn.bet,Entertainment,SPORTS,"MITTen/GDW Study University of Michigan Medical School Radesky Lab (Jenny Radesky, MD, Heidi Weeks, PhD, Lindon Camaj, MS, et al.)",Existing Codebook
com.softek.ofxclmobile.michiganschoolsandgovernmentcu,Productivity & Business,FINANCE,"MITTen/GDW Study University of Michigan Medical School Radesky Lab (Jenny Radesky, MD, Heidi Weeks, PhD, Lindon Camaj, MS, et al.)",Existing Codebook
com.tutotoons.app.fruitsies,Games,GAME_EDUCATIONAL,"MITTen/GDW Study University of Michigan Medical School Radesky Lab (Jenny Radesky, MD, Heidi Weeks, PhD, Lindon Camaj, MS, et al.)",Existing Codebook
com.tutotoons.app.powergirlsfantasticheroes,Games,GAME_EDUCATIONAL,"MITTen/GDW Study University of Michigan Medical School Radesky Lab (Jenny Radesky, MD, Heidi Weeks, PhD, Lindon Camaj, MS, et al.)",Existing Codebook
com.netease.eggypartyen,Games,GAME_CASUAL,"MITTen/GDW Study University of Michigan Medical School Radesky Lab (Jenny Radesky, MD, Heidi Weeks, PhD, Lindon Camaj, MS, et al.)",Existing Codebook
com.kadka.forknsausage,Games,GAME_PUZZLE,"MITTen/GDW Study University of Michigan Medical School Radesky Lab (Jenny Radesky, MD, Heidi Weeks, PhD, Lindon Camaj, MS, et al.), BCM CNRC",Existing Codebook
com.ig.delete.one.part,Games,GAME_PUZZLE,"MITTen/GDW Study University of Michigan Medical School Radesky Lab (Jenny Radesky, MD, Heidi Weeks, PhD, Lindon Camaj, MS, et al.)",Existing Codebook
com.seenax.HideAndSeek,Games,GAME_ACTION,"MITTen/GDW Study University of Michigan Medical School Radesky Lab (Jenny Radesky, MD, Heidi Weeks, PhD, Lindon Camaj, MS, et al.)",Existing Codebook
com.hepagames.wheelevolution,Games,GAME_ACTION,"MITTen/GDW Study University of Michigan Medical School Radesky Lab (Jenny Radesky, MD, Heidi Weeks, PhD, Lindon Camaj, MS, et al.), BCM CNRC",Existing Codebook
com.friendsgamesincubator.drawtheline,Games,GAME_CASUAL,"MITTen/GDW Study University of Michigan Medical School Radesky Lab (Jenny Radesky, MD, Heidi Weeks, PhD, Lindon Camaj, MS, et al.)",Existing Codebook
com.Gongulus.SpreadLegs,Games,GAME_ARCADE,"MITTen/GDW Study University of Michigan Medical School Radesky Lab (Jenny Radesky, MD, Heidi Weeks, PhD, Lindon Camaj, MS, et al.)",Existing Codebook
comme.dragondrill.minigame,Games,GAME_PUZZLE,"MITTen/GDW Study University of Michigan Medical School Radesky Lab (Jenny Radesky, MD, Heidi Weeks, PhD, Lindon Camaj, MS, et al.)",Existing Codebook
com.tutotoons.app.princesses,Games,GAME_EDUCATIONAL,"MITTen/GDW Study University of Michigan Medical School Radesky Lab (Jenny Radesky, MD, Heidi Weeks, PhD, Lindon Camaj, MS, et al.)",Existing Codebook
com.outfit7.talkingben,Entertainment,ENTERTAINMENT,"MITTen/GDW Study University of Michigan Medical School Radesky Lab (Jenny Radesky, MD, Heidi Weeks, PhD, Lindon Camaj, MS, et al.)",Existing Codebook
com.kooapps.stackybirdandroid,Games,GAME_CASUAL,"MITTen/GDW Study University of Michigan Medical School Radesky Lab (Jenny Radesky, MD, Heidi Weeks, PhD, Lindon Camaj, MS, et al.)",Existing Codebook
com.kamagames.blackjack,Games,GAME_CARD,"MITTen/GDW Study University of Michigan Medical School Radesky Lab (Jenny Radesky, MD, Heidi Weeks, PhD, Lindon Camaj, MS, et al.)",Existing Codebook
com.matryoshka.royal.cooking.kitchen.madness,Games,GAME_ARCADE,"MITTen/GDW Study University of Michigan Medical School Radesky Lab (Jenny Radesky, MD, Heidi Weeks, PhD, Lindon Camaj, MS, et al.)",Existing Codebook
com.playrix.homescapes,Games,GAME_CASUAL,"MITTen/GDW Study University of Michigan Medical School Radesky Lab (Jenny Radesky, MD, Heidi Weeks, PhD, Lindon Camaj, MS, et al.)",Existing Codebook
com.syf.cc,Productivity & Business,FINANCE,"MITTen/GDW Study University of Michigan Medical School Radesky Lab (Jenny Radesky, MD, Heidi Weeks, PhD, Lindon Camaj, MS, et al.)",Existing Codebook
com.bestbuy.android,Lifestyle,SHOPPING,"MITTen/GDW Study University of Michigan Medical School Radesky Lab (Jenny Radesky, MD, Heidi Weeks, PhD, Lindon Camaj, MS, et al.)",Existing Codebook
com.dealsfinders.app,Lifestyle,SHOPPING,"MITTen/GDW Study University of Michigan Medical School Radesky Lab (Jenny Radesky, MD, Heidi Weeks, PhD, Lindon Camaj, MS, et al.)",Existing Codebook
com.ce21,Productivity & Business,BUSINESS,"MITTen/GDW Study University of Michigan Medical School Radesky Lab (Jenny Radesky, MD, Heidi Weeks, PhD, Lindon Camaj, MS, et al.)",Existing Codebook
com.artysoul.photoeditor.collagemaker.image.editor,Photography,PHOTOGRAPHY,"MITTen/GDW Study University of Michigan Medical School Radesky Lab (Jenny Radesky, MD, Heidi Weeks, PhD, Lindon Camaj, MS, et al.)",Existing Codebook
com.mobileinventor.britishswimschool,Entertainment,SPORTS,"MITTen/GDW Study University of Michigan Medical School Radesky Lab (Jenny Radesky, MD, Heidi Weeks, PhD, Lindon Camaj, MS, et al.)",Existing Codebook
com.studentbeans.studentbeans,Lifestyle,SHOPPING,"MITTen/GDW Study University of Michigan Medical School Radesky Lab (Jenny Radesky, MD, Heidi Weeks, PhD, Lindon Camaj, MS, et al.)",Existing Codebook
ai.appfront.jabalcoffeehouse,Lifestyle,FOOD_AND_DRINK,"MITTen/GDW Study University of Michigan Medical School Radesky Lab (Jenny Radesky, MD, Heidi Weeks, PhD, Lindon Camaj, MS, et al.)",Existing Codebook
com.tripadvisor.tripadvisor,Travel & Local,TRAVEL_AND_LOCAL,"MITTen/GDW Study University of Michigan Medical School Radesky Lab (Jenny Radesky, MD, Heidi Weeks, PhD, Lindon Camaj, MS, et al.)",Existing Codebook
com.michiganacademyofgymnastics.mi,Entertainment,SPORTS,"MITTen/GDW Study University of Michigan Medical School Radesky Lab (Jenny Radesky, MD, Heidi Weeks, PhD, Lindon Camaj, MS, et al.)",Existing Codebook
com.lush.app,Lifestyle,SHOPPING,"MITTen/GDW Study University of Michigan Medical School Radesky Lab (Jenny Radesky, MD, Heidi Weeks, PhD, Lindon Camaj, MS, et al.)",Existing Codebook
com.relayrides.android.relayrides,Travel & Local,TRAVEL_AND_LOCAL,"MITTen/GDW Study University of Michigan Medical School Radesky Lab (Jenny Radesky, MD, Heidi Weeks, PhD, Lindon Camaj, MS, et al.)",Existing Codebook
com.antivirus,Productivity & Business,TOOLS,"MITTen/GDW Study University of Michigan Medical School Radesky Lab (Jenny Radesky, MD, Heidi Weeks, PhD, Lindon Camaj, MS, et al.)",Existing Codebook
com.ihunuo.ykr_hn_2005a_tlw66,Productivity & Business,TOOLS,"MITTen/GDW Study University of Michigan Medical School Radesky Lab (Jenny Radesky, MD, Heidi Weeks, PhD, Lindon Camaj, MS, et al.)",Existing Codebook
com.period.tracker.lite,Health,HEALTH_AND_FITNESS,"MITTen/GDW Study University of Michigan Medical School Radesky Lab (Jenny Radesky, MD, Heidi Weeks, PhD, Lindon Camaj, MS, et al.), BCM CNRC",Existing Codebook
com.amila.parenting,Lifestyle,PARENTING,"MITTen/GDW Study University of Michigan Medical School Radesky Lab (Jenny Radesky, MD, Heidi Weeks, PhD, Lindon Camaj, MS, et al.)",Existing Codebook
com.bitsmedia.android.muslimpro,Lifestyle,LIFESTYLE,"MITTen/GDW Study University of Michigan Medical School Radesky Lab (Jenny Radesky, MD, Heidi Weeks, PhD, Lindon Camaj, MS, et al.), BCM CNRC",Existing Codebook
com.tdbank,Productivity & Business,FINANCE,"MITTen/GDW Study University of Michigan Medical School Radesky Lab (Jenny Radesky, MD, Heidi Weeks, PhD, Lindon Camaj, MS, et al.)",Existing Codebook
com.atlassian.android.jira.core,Productivity & Business,BUSINESS,"MITTen/GDW Study University of Michigan Medical School Radesky Lab (Jenny Radesky, MD, Heidi Weeks, PhD, Lindon Camaj, MS, et al.)",Existing Codebook
com.blizzard.wtcg.hearthstone,Games,GAME_CARD,"MITTen/GDW Study University of Michigan Medical School Radesky Lab (Jenny Radesky, MD, Heidi Weeks, PhD, Lindon Camaj, MS, et al.)",Existing Codebook
com.rsa.securidapp,Social & Communication,COMMUNICATION,"MITTen/GDW Study University of Michigan Medical School Radesky Lab (Jenny Radesky, MD, Heidi Weeks, PhD, Lindon Camaj, MS, et al.)",Existing Codebook
com.monday.monday,Productivity & Business,PRODUCTIVITY,"MITTen/GDW Study University of Michigan Medical School Radesky Lab (Jenny Radesky, MD, Heidi Weeks, PhD, Lindon Camaj, MS, et al.)",Existing Codebook
com.looploop.tody,Lifestyle,HOUSE_AND_HOME,"MITTen/GDW Study University of Michigan Medical School Radesky Lab (Jenny Radesky, MD, Heidi Weeks, PhD, Lindon Camaj, MS, et al.)",Existing Codebook
com.shereadstruth.shereadstruth,Entertainment,BOOKS_AND_REFERENCE,"MITTen/GDW Study University of Michigan Medical School Radesky Lab (Jenny Radesky, MD, Heidi Weeks, PhD, Lindon Camaj, MS, et al.)",Existing Codebook
com.huami.watch.hmwatchmanager,Entertainment,SPORTS,"MITTen/GDW Study University of Michigan Medical School Radesky Lab (Jenny Radesky, MD, Heidi Weeks, PhD, Lindon Camaj, MS, et al.)",Existing Codebook
com.espn.fantasy.lm.football,Entertainment,SPORTS,"MITTen/GDW Study University of Michigan Medical School Radesky Lab (Jenny Radesky, MD, Heidi Weeks, PhD, Lindon Camaj, MS, et al.)",Existing Codebook
com.kfc.us.mobile,Lifestyle,FOOD_AND_DRINK,"MITTen/GDW Study University of Michigan Medical School Radesky Lab (Jenny Radesky, MD, Heidi Weeks, PhD, Lindon Camaj, MS, et al.), BCM CNRC",Existing Codebook
com.playmgm.nj.sports,Entertainment,SPORTS,"MITTen/GDW Study University of Michigan Medical School Radesky Lab (Jenny Radesky, MD, Heidi Weeks, PhD, Lindon Camaj, MS, et al.)",Existing Codebook
com.instacart.shopper,Lifestyle,SHOPPING,"MITTen/GDW Study University of Michigan Medical School Radesky Lab (Jenny Radesky, MD, Heidi Weeks, PhD, Lindon Camaj, MS, et al.)",Existing Codebook
com.mynycb.nycb,Productivity & Business,FINANCE,"MITTen/GDW Study University of Michigan Medical School Radesky Lab (Jenny Radesky, MD, Heidi Weeks, PhD, Lindon Camaj, MS, et al.)",Existing Codebook
com.record.voice.day.all,Entertainment,MUSIC_AND_AUDIO,"MITTen/GDW Study University of Michigan Medical School Radesky Lab (Jenny Radesky, MD, Heidi Weeks, PhD, Lindon Camaj, MS, et al.)",Existing Codebook
com.foxsports.android,Entertainment,SPORTS,"MITTen/GDW Study University of Michigan Medical School Radesky Lab (Jenny Radesky, MD, Heidi Weeks, PhD, Lindon Camaj, MS, et al.)",Existing Codebook
com.thup.fixit,Games,GAME_EDUCATIONAL,"MITTen/GDW Study University of Michigan Medical School Radesky Lab (Jenny Radesky, MD, Heidi Weeks, PhD, Lindon Camaj, MS, et al.)",Existing Codebook
com.edokiacademy.babycoding,Education,EDUCATION,"MITTen/GDW Study University of Michigan Medical School Radesky Lab (Jenny Radesky, MD, Heidi Weeks, PhD, Lindon Camaj, MS, et al.)",Existing Codebook
com.sony.nfx.app.sfrc,Lifestyle,NEWS_AND_MAGAZINES,"MITTen/GDW Study University of Michigan Medical School Radesky Lab (Jenny Radesky, MD, Heidi Weeks, PhD, Lindon Camaj, MS, et al.)",Existing Codebook
com.imgur.mobile,Video Players (e.g. YouTube),VIDEO_PLAYERS,"MITTen/GDW Study University of Michigan Medical School Radesky Lab (Jenny Radesky, MD, Heidi Weeks, PhD, Lindon Camaj, MS, et al.)",Existing Codebook
com.sociosoft.sobertime,Lifestyle,LIFESTYLE,"MITTen/GDW Study University of Michigan Medical School Radesky Lab (Jenny Radesky, MD, Heidi Weeks, PhD, Lindon Camaj, MS, et al.)",Existing Codebook
com.beachbody.bod,Health,HEALTH_AND_FITNESS,"MITTen/GDW Study University of Michigan Medical School Radesky Lab (Jenny Radesky, MD, Heidi Weeks, PhD, Lindon Camaj, MS, et al.)",Existing Codebook
com.locals.localsapp,Social & Communication,SOCIAL,"MITTen/GDW Study University of Michigan Medical School Radesky Lab (Jenny Radesky, MD, Heidi Weeks, PhD, Lindon Camaj, MS, et al.)",Existing Codebook
com.easymobs.pregnancy,Lifestyle,PARENTING,"MITTen/GDW Study University of Michigan Medical School Radesky Lab (Jenny Radesky, MD, Heidi Weeks, PhD, Lindon Camaj, MS, et al.)",Existing Codebook
com.sinyee.babybus.princess_coloring_fantasy_magic_girls_games,Games,GAME_EDUCATIONAL,"MITTen/GDW Study University of Michigan Medical School Radesky Lab (Jenny Radesky, MD, Heidi Weeks, PhD, Lindon Camaj, MS, et al.)",Existing Codebook
com.zwift.android.prod,Health,HEALTH_AND_FITNESS,"MITTen/GDW Study University of Michigan Medical School Radesky Lab (Jenny Radesky, MD, Heidi Weeks, PhD, Lindon Camaj, MS, et al.)",Existing Codebook
com.streamline.happystaysog,Travel & Local,TRAVEL_AND_LOCAL,"MITTen/GDW Study University of Michigan Medical School Radesky Lab (Jenny Radesky, MD, Heidi Weeks, PhD, Lindon Camaj, MS, et al.)",Existing Codebook
com.joongly.kids.learning.games,Games,GAME_EDUCATIONAL,"MITTen/GDW Study University of Michigan Medical School Radesky Lab (Jenny Radesky, MD, Heidi Weeks, PhD, Lindon Camaj, MS, et al.)",Existing Codebook
com.draftkings.sportsbook,Entertainment,SPORTS,"MITTen/GDW Study University of Michigan Medical School Radesky Lab (Jenny Radesky, MD, Heidi Weeks, PhD, Lindon Camaj, MS, et al.)",Existing Codebook
com.parcelpendingmobile.app,Lifestyle,HOUSE_AND_HOME,"MITTen/GDW Study University of Michigan Medical School Radesky Lab (Jenny Radesky, MD, Heidi Weeks, PhD, Lindon Camaj, MS, et al.)",Existing Codebook
com.ztnstudio.notepad,Productivity & Business,TOOLS,"MITTen/GDW Study University of Michigan Medical School Radesky Lab (Jenny Radesky, MD, Heidi Weeks, PhD, Lindon Camaj, MS, et al.)",Existing Codebook
color.match.line.connect.brain.puzzle,Games,GAME_PUZZLE,"MITTen/GDW Study University of Michigan Medical School Radesky Lab (Jenny Radesky, MD, Heidi Weeks, PhD, Lindon Camaj, MS, et al.)",Existing Codebook
com.hyperthought.lingolegend,Games,GAME_WORD,"MITTen/GDW Study University of Michigan Medical School Radesky Lab (Jenny Radesky, MD, Heidi Weeks, PhD, Lindon Camaj, MS, et al.)",Existing Codebook
com.samsung.android.gearpplugin,Productivity & Business,TOOLS,"MITTen/GDW Study University of Michigan Medical School Radesky Lab (Jenny Radesky, MD, Heidi Weeks, PhD, Lindon Camaj, MS, et al.)",Existing Codebook
com.marianatek.barre3new,Health,HEALTH_AND_FITNESS,"MITTen/GDW Study University of Michigan Medical School Radesky Lab (Jenny Radesky, MD, Heidi Weeks, PhD, Lindon Camaj, MS, et al.)",Existing Codebook
com.apr.digitalclinic,Lifestyle,BEAUTY,"MITTen/GDW Study University of Michigan Medical School Radesky Lab (Jenny Radesky, MD, Heidi Weeks, PhD, Lindon Camaj, MS, et al.)",Existing Codebook
com.musicplayer.player.mp3player.white,Entertainment,MUSIC_AND_AUDIO,"MITTen/GDW Study University of Michigan Medical School Radesky Lab (Jenny Radesky, MD, Heidi Weeks, PhD, Lindon Camaj, MS, et al.)",Existing Codebook
com.joinhomebase.homebase.homebase,Productivity & Business,BUSINESS,"MITTen/GDW Study University of Michigan Medical School Radesky Lab (Jenny Radesky, MD, Heidi Weeks, PhD, Lindon Camaj, MS, et al.)",Existing Codebook
org.southcentralcu.grip,Productivity & Business,FINANCE,"MITTen/GDW Study University of Michigan Medical School Radesky Lab (Jenny Radesky, MD, Heidi Weeks, PhD, Lindon Camaj, MS, et al.)",Existing Codebook
com.upriselabs.stella,Lifestyle,LIFESTYLE,"MITTen/GDW Study University of Michigan Medical School Radesky Lab (Jenny Radesky, MD, Heidi Weeks, PhD, Lindon Camaj, MS, et al.)",Existing Codebook
com.twobook.massagebook,Productivity & Business,PRODUCTIVITY,"MITTen/GDW Study University of Michigan Medical School Radesky Lab (Jenny Radesky, MD, Heidi Weeks, PhD, Lindon Camaj, MS, et al.)",Existing Codebook
com.cider,Lifestyle,SHOPPING,"MITTen/GDW Study University of Michigan Medical School Radesky Lab (Jenny Radesky, MD, Heidi Weeks, PhD, Lindon Camaj, MS, et al.)",Existing Codebook
com.thestorygraph.thestorygraph,Entertainment,BOOKS_AND_REFERENCE,"MITTen/GDW Study University of Michigan Medical School Radesky Lab (Jenny Radesky, MD, Heidi Weeks, PhD, Lindon Camaj, MS, et al.)",Existing Codebook
com.tongtongsuo.app,Productivity & Business,TOOLS,"MITTen/GDW Study University of Michigan Medical School Radesky Lab (Jenny Radesky, MD, Heidi Weeks, PhD, Lindon Camaj, MS, et al.)",Existing Codebook
com.stardust.app,Health,HEALTH_AND_FITNESS,"MITTen/GDW Study University of Michigan Medical School Radesky Lab (Jenny Radesky, MD, Heidi Weeks, PhD, Lindon Camaj, MS, et al.)",Existing Codebook
com.neopets.match,Games,GAME_PUZZLE,"MITTen/GDW Study University of Michigan Medical School Radesky Lab (Jenny Radesky, MD, Heidi Weeks, PhD, Lindon Camaj, MS, et al.)",Existing Codebook
com.kidga.triga.box,Games,GAME_PUZZLE,"MITTen/GDW Study University of Michigan Medical School Radesky Lab (Jenny Radesky, MD, Heidi Weeks, PhD, Lindon Camaj, MS, et al.)",Existing Codebook
com.learnyland.space,Education,EDUCATION,"MITTen/GDW Study University of Michigan Medical School Radesky Lab (Jenny Radesky, MD, Heidi Weeks, PhD, Lindon Camaj, MS, et al.)",Existing Codebook
com.sinyee.babybus.world,Games,GAME_EDUCATIONAL,"MITTen/GDW Study University of Michigan Medical School Radesky Lab (Jenny Radesky, MD, Heidi Weeks, PhD, Lindon Camaj, MS, et al.), BCM CNRC",Existing Codebook
com.sinyee.babybus.icecream,Games,GAME_EDUCATIONAL,"MITTen/GDW Study University of Michigan Medical School Radesky Lab (Jenny Radesky, MD, Heidi Weeks, PhD, Lindon Camaj, MS, et al.), BCM CNRC",Existing Codebook
com.facebook.talk,Social & Communication,COMMUNICATION,"MITTen/GDW Study University of Michigan Medical School Radesky Lab (Jenny Radesky, MD, Heidi Weeks, PhD, Lindon Camaj, MS, et al.), BCM CNRC",Existing Codebook
com.frontline.frontlinemobile,Education,EDUCATION,"MITTen/GDW Study University of Michigan Medical School Radesky Lab (Jenny Radesky, MD, Heidi Weeks, PhD, Lindon Camaj, MS, et al.)",Existing Codebook
com.storypark.families.android,Education,EDUCATION,"MITTen/GDW Study University of Michigan Medical School Radesky Lab (Jenny Radesky, MD, Heidi Weeks, PhD, Lindon Camaj, MS, et al.)",Existing Codebook
com.superbox.aos.suikagame,Games,GAME_CASUAL,"MITTen/GDW Study University of Michigan Medical School Radesky Lab (Jenny Radesky, MD, Heidi Weeks, PhD, Lindon Camaj, MS, et al.), BCM CNRC",Existing Codebook
com.selectcomfort.SleepIQ,Health,HEALTH_AND_FITNESS,"MITTen/GDW Study University of Michigan Medical School Radesky Lab (Jenny Radesky, MD, Heidi Weeks, PhD, Lindon Camaj, MS, et al.)",Existing Codebook
com.nintendo.znba,Entertainment,MUSIC_AND_AUDIO,"MITTen/GDW Study University of Michigan Medical School Radesky Lab (Jenny Radesky, MD, Heidi Weeks, PhD, Lindon Camaj, MS, et al.)",Existing Codebook
com.AequitasSolutions.ParentPortal,Education,EDUCATION,"MITTen/GDW Study University of Michigan Medical School Radesky Lab (Jenny Radesky, MD, Heidi Weeks, PhD, Lindon Camaj, MS, et al.)",Existing Codebook
com.tumblr,Social & Communication,SOCIAL,"MITTen/GDW Study University of Michigan Medical School Radesky Lab (Jenny Radesky, MD, Heidi Weeks, PhD, Lindon Camaj, MS, et al.), BCM CNRC",Existing Codebook
com.sofi.mobile,Productivity & Business,FINANCE,"MITTen/GDW Study University of Michigan Medical School Radesky Lab (Jenny Radesky, MD, Heidi Weeks, PhD, Lindon Camaj, MS, et al.)",Existing Codebook
com.whentowork.webview,Productivity & Business,BUSINESS,"MITTen/GDW Study University of Michigan Medical School Radesky Lab (Jenny Radesky, MD, Heidi Weeks, PhD, Lindon Camaj, MS, et al.)",Existing Codebook
com.oneq.askvert,Lifestyle,LIFESTYLE,"MITTen/GDW Study University of Michigan Medical School Radesky Lab (Jenny Radesky, MD, Heidi Weeks, PhD, Lindon Camaj, MS, et al.)",Existing Codebook
com.grapetree.meowtower,Games,GAME_PUZZLE,"MITTen/GDW Study University of Michigan Medical School Radesky Lab (Jenny Radesky, MD, Heidi Weeks, PhD, Lindon Camaj, MS, et al.)",Existing Codebook
jp.co.hit_point.nekoatsume2,Games,GAME_SIMULATION,"MITTen/GDW Study University of Michigan Medical School Radesky Lab (Jenny Radesky, MD, Heidi Weeks, PhD, Lindon Camaj, MS, et al.)",Existing Codebook
com.theroutingcompany.pingo.rider,Travel & Local,TRAVEL_AND_LOCAL,"MITTen/GDW Study University of Michigan Medical School Radesky Lab (Jenny Radesky, MD, Heidi Weeks, PhD, Lindon Camaj, MS, et al.)",Existing Codebook
cc.dreamspark.intervaltimer,Health,HEALTH_AND_FITNESS,"MITTen/GDW Study University of Michigan Medical School Radesky Lab (Jenny Radesky, MD, Heidi Weeks, PhD, Lindon Camaj, MS, et al.)",Existing Codebook
com.achievemint.android,Health,HEALTH_AND_FITNESS,"MITTen/GDW Study University of Michigan Medical School Radesky Lab (Jenny Radesky, MD, Heidi Weeks, PhD, Lindon Camaj, MS, et al.)",Existing Codebook
com.nutrislice.schoollunch,Lifestyle,FOOD_AND_DRINK,"MITTen/GDW Study University of Michigan Medical School Radesky Lab (Jenny Radesky, MD, Heidi Weeks, PhD, Lindon Camaj, MS, et al.)",Existing Codebook
com.ovuline.parenting,Health,MEDICAL,"MITTen/GDW Study University of Michigan Medical School Radesky Lab (Jenny Radesky, MD, Heidi Weeks, PhD, Lindon Camaj, MS, et al.), BCM CNRC",Existing Codebook
com.AlexandrJanashvili.MultiMaze3D,Games,GAME_PUZZLE,"MITTen/GDW Study University of Michigan Medical School Radesky Lab (Jenny Radesky, MD, Heidi Weeks, PhD, Lindon Camaj, MS, et al.)",Existing Codebook
com.ig.screw.jam.nuts.bolts,Games,GAME_PUZZLE,"MITTen/GDW Study University of Michigan Medical School Radesky Lab (Jenny Radesky, MD, Heidi Weeks, PhD, Lindon Camaj, MS, et al.)",Existing Codebook
mobi.firedepartment,Health,MEDICAL,"MITTen/GDW Study University of Michigan Medical School Radesky Lab (Jenny Radesky, MD, Heidi Weeks, PhD, Lindon Camaj, MS, et al.)",Existing Codebook
com.taptapgames.unpuzzle,Games,GAME_PUZZLE,"MITTen/GDW Study University of Michigan Medical School Radesky Lab (Jenny Radesky, MD, Heidi Weeks, PhD, Lindon Camaj, MS, et al.)",Existing Codebook
com.motorola.audiorecorder,Productivity & Business,TOOLS,"MITTen/GDW Study University of Michigan Medical School Radesky Lab (Jenny Radesky, MD, Heidi Weeks, PhD, Lindon Camaj, MS, et al.), BCM CNRC",Existing Codebook
com.boardgamearena.bgaapp,Games,GAME_BOARD,"MITTen/GDW Study University of Michigan Medical School Radesky Lab (Jenny Radesky, MD, Heidi Weeks, PhD, Lindon Camaj, MS, et al.)",Existing Codebook
com.giphy.messenger,Video Players (e.g. YouTube),VIDEO_PLAYERS,"MITTen/GDW Study University of Michigan Medical School Radesky Lab (Jenny Radesky, MD, Heidi Weeks, PhD, Lindon Camaj, MS, et al.), BCM CNRC",Existing Codebook
com.geniecompany.AladdinConnect,Lifestyle,LIFESTYLE,"MITTen/GDW Study University of Michigan Medical School Radesky Lab (Jenny Radesky, MD, Heidi Weeks, PhD, Lindon Camaj, MS, et al.)",Existing Codebook
com.movile.playkids.pkxd,Games,GAME_ADVENTURE,"MITTen/GDW Study University of Michigan Medical School Radesky Lab (Jenny Radesky, MD, Heidi Weeks, PhD, Lindon Camaj, MS, et al.), BCM CNRC",Existing Codebook
com.art.pixel.black.girl.games.paint.color.by.numbers,Games,GAME_TRIVIA,"MITTen/GDW Study University of Michigan Medical School Radesky Lab (Jenny Radesky, MD, Heidi Weeks, PhD, Lindon Camaj, MS, et al.)",Existing Codebook
com.hoteltonight.android.prod,Travel & Local,TRAVEL_AND_LOCAL,"MITTen/GDW Study University of Michigan Medical School Radesky Lab (Jenny Radesky, MD, Heidi Weeks, PhD, Lindon Camaj, MS, et al.), BCM CNRC",Existing Codebook
com.squareup.payroll.team,Productivity & Business,FINANCE,"MITTen/GDW Study University of Michigan Medical School Radesky Lab (Jenny Radesky, MD, Heidi Weeks, PhD, Lindon Camaj, MS, et al.)",Existing Codebook
puzzle.merge.hotel.empire,Games,GAME_CASUAL,"MITTen/GDW Study University of Michigan Medical School Radesky Lab (Jenny Radesky, MD, Heidi Weeks, PhD, Lindon Camaj, MS, et al.)",Existing Codebook
com.healint.migraineapp,Health,MEDICAL,"MITTen/GDW Study University of Michigan Medical School Radesky Lab (Jenny Radesky, MD, Heidi Weeks, PhD, Lindon Camaj, MS, et al.)",Existing Codebook
com.lumissolutions.SkedApp,Health,HEALTH_AND_FITNESS,"MITTen/GDW Study University of Michigan Medical School Radesky Lab (Jenny Radesky, MD, Heidi Weeks, PhD, Lindon Camaj, MS, et al.)",Existing Codebook
com.bitstrips.imoji,Entertainment,ENTERTAINMENT,"MITTen/GDW Study University of Michigan Medical School Radesky Lab (Jenny Radesky, MD, Heidi Weeks, PhD, Lindon Camaj, MS, et al.), BCM CNRC",Existing Codebook
com.powerschool.portal,Education,EDUCATION,"MITTen/GDW Study University of Michigan Medical School Radesky Lab (Jenny Radesky, MD, Heidi Weeks, PhD, Lindon Camaj, MS, et al.), BCM CNRC",Existing Codebook
com.neuromotion.mightierparentapp,Lifestyle,LIFESTYLE,"MITTen/GDW Study University of Michigan Medical School Radesky Lab (Jenny Radesky, MD, Heidi Weeks, PhD, Lindon Camaj, MS, et al.)",Existing Codebook
ic.mobile.patientportal,Health,HEALTH_AND_FITNESS,"MITTen/GDW Study University of Michigan Medical School Radesky Lab (Jenny Radesky, MD, Heidi Weeks, PhD, Lindon Camaj, MS, et al.)",Existing Codebook
com.cardinalblue.piccollage.google,Photography,PHOTOGRAPHY,"MITTen/GDW Study University of Michigan Medical School Radesky Lab (Jenny Radesky, MD, Heidi Weeks, PhD, Lindon Camaj, MS, et al.), BCM CNRC",Existing Codebook
org.concertarchives,Social & Communication,EVENTS,"MITTen/GDW Study University of Michigan Medical School Radesky Lab (Jenny Radesky, MD, Heidi Weeks, PhD, Lindon Camaj, MS, et al.)",Existing Codebook
com.vitalsource.bookshelf,Education,EDUCATION,"MITTen/GDW Study University of Michigan Medical School Radesky Lab (Jenny Radesky, MD, Heidi Weeks, PhD, Lindon Camaj, MS, et al.)",Existing Codebook
com.linkntech.washtenaw,Health,HEALTH_AND_FITNESS,"MITTen/GDW Study University of Michigan Medical School Radesky Lab (Jenny Radesky, MD, Heidi Weeks, PhD, Lindon Camaj, MS, et al.)",Existing Codebook
com.x8bit.bitwarden,Productivity & Business,PRODUCTIVITY,"MITTen/GDW Study University of Michigan Medical School Radesky Lab (Jenny Radesky, MD, Heidi Weeks, PhD, Lindon Camaj, MS, et al.)",Existing Codebook
com.condadotacos.app,Lifestyle,FOOD_AND_DRINK,"MITTen/GDW Study University of Michigan Medical School Radesky Lab (Jenny Radesky, MD, Heidi Weeks, PhD, Lindon Camaj, MS, et al.)",Existing Codebook
com.atomath.camera.neutral,Productivity & Business,TOOLS,"MITTen/GDW Study University of Michigan Medical School Radesky Lab (Jenny Radesky, MD, Heidi Weeks, PhD, Lindon Camaj, MS, et al.)",Existing Codebook
com.goodsuniteus.goods,Entertainment,BOOKS_AND_REFERENCE,"MITTen/GDW Study University of Michigan Medical School Radesky Lab (Jenny Radesky, MD, Heidi Weeks, PhD, Lindon Camaj, MS, et al.)",Existing Codebook
com.feit.smart,Productivity & Business,TOOLS,"MITTen/GDW Study University of Michigan Medical School Radesky Lab (Jenny Radesky, MD, Heidi Weeks, PhD, Lindon Camaj, MS, et al.)",Existing Codebook
com.ideawork.icrunch,Health,HEALTH_AND_FITNESS,"MITTen/GDW Study University of Michigan Medical School Radesky Lab (Jenny Radesky, MD, Heidi Weeks, PhD, Lindon Camaj, MS, et al.)",Existing Codebook
game.puzzle.woodypuzzle,Games,GAME_BOARD,"MITTen/GDW Study University of Michigan Medical School Radesky Lab (Jenny Radesky, MD, Heidi Weeks, PhD, Lindon Camaj, MS, et al.)",Existing Codebook
com.kayak.android,Travel & Local,TRAVEL_AND_LOCAL,"MITTen/GDW Study University of Michigan Medical School Radesky Lab (Jenny Radesky, MD, Heidi Weeks, PhD, Lindon Camaj, MS, et al.)",Existing Codebook
org.jellyfin.mobile,Video Players (e.g. YouTube),VIDEO_PLAYERS,"MITTen/GDW Study University of Michigan Medical School Radesky Lab (Jenny Radesky, MD, Heidi Weeks, PhD, Lindon Camaj, MS, et al.)",Existing Codebook
com.sesameplace.mobile,Travel & Local,TRAVEL_AND_LOCAL,"MITTen/GDW Study University of Michigan Medical School Radesky Lab (Jenny Radesky, MD, Heidi Weeks, PhD, Lindon Camaj, MS, et al.)",Existing Codebook
com.ea.game.pegglex_row,Games,GAME_CASUAL,"MITTen/GDW Study University of Michigan Medical School Radesky Lab (Jenny Radesky, MD, Heidi Weeks, PhD, Lindon Camaj, MS, et al.)",Existing Codebook
com.livcannabislivcannaco.wallet,Health,MEDICAL,"MITTen/GDW Study University of Michigan Medical School Radesky Lab (Jenny Radesky, MD, Heidi Weeks, PhD, Lindon Camaj, MS, et al.)",Existing Codebook
com.zenplanner.memberapp,Health,HEALTH_AND_FITNESS,"MITTen/GDW Study University of Michigan Medical School Radesky Lab (Jenny Radesky, MD, Heidi Weeks, PhD, Lindon Camaj, MS, et al.)",Existing Codebook
com.motorola.mobiledesktop,Productivity & Business,PRODUCTIVITY,"MITTen/GDW Study University of Michigan Medical School Radesky Lab (Jenny Radesky, MD, Heidi Weeks, PhD, Lindon Camaj, MS, et al.)",Existing Codebook
life.simple,Health,HEALTH_AND_FITNESS,"MITTen/GDW Study University of Michigan Medical School Radesky Lab (Jenny Radesky, MD, Heidi Weeks, PhD, Lindon Camaj, MS, et al.)",Existing Codebook
com.rvappstudios.montessori.math.games.kids.number.counting,Games,GAME_EDUCATIONAL,"MITTen/GDW Study University of Michigan Medical School Radesky Lab (Jenny Radesky, MD, Heidi Weeks, PhD, Lindon Camaj, MS, et al.), BCM CNRC",Existing Codebook
com.womanlogpro,Health,HEALTH_AND_FITNESS,"MITTen/GDW Study University of Michigan Medical School Radesky Lab (Jenny Radesky, MD, Heidi Weeks, PhD, Lindon Camaj, MS, et al.)",Existing Codebook
no.mobitroll.kahoot.android,Education,EDUCATION,"MITTen/GDW Study University of Michigan Medical School Radesky Lab (Jenny Radesky, MD, Heidi Weeks, PhD, Lindon Camaj, MS, et al.)",Existing Codebook
com.skylightframe.mobile,Photography,PHOTOGRAPHY,"MITTen/GDW Study University of Michigan Medical School Radesky Lab (Jenny Radesky, MD, Heidi Weeks, PhD, Lindon Camaj, MS, et al.)",Existing Codebook
com.abi.busjam.sortpuzzle,Games,GAME_PUZZLE,"MITTen/GDW Study University of Michigan Medical School Radesky Lab (Jenny Radesky, MD, Heidi Weeks, PhD, Lindon Camaj, MS, et al.), BCM CNRC",Existing Codebook
com.numbergames.linked2248.tile.numberpuzzle2048,Games,GAME_PUZZLE,"MITTen/GDW Study University of Michigan Medical School Radesky Lab (Jenny Radesky, MD, Heidi Weeks, PhD, Lindon Camaj, MS, et al.)",Existing Codebook
com.doctorondemand.android.patient,Health,MEDICAL,"MITTen/GDW Study University of Michigan Medical School Radesky Lab (Jenny Radesky, MD, Heidi Weeks, PhD, Lindon Camaj, MS, et al.)",Existing Codebook
com.gdjztech.ringconn,Health,HEALTH_AND_FITNESS,"MITTen/GDW Study University of Michigan Medical School Radesky Lab (Jenny Radesky, MD, Heidi Weeks, PhD, Lindon Camaj, MS, et al.)",Existing Codebook
com.ouraring.oura,Health,HEALTH_AND_FITNESS,"MITTen/GDW Study University of Michigan Medical School Radesky Lab (Jenny Radesky, MD, Heidi Weeks, PhD, Lindon Camaj, MS, et al.)",Existing Codebook
com.cron.calendar,Productivity & Business,PRODUCTIVITY,"MITTen/GDW Study University of Michigan Medical School Radesky Lab (Jenny Radesky, MD, Heidi Weeks, PhD, Lindon Camaj, MS, et al.)",Existing Codebook
com.usfoodrecalls.android,Lifestyle,FOOD_AND_DRINK,"MITTen/GDW Study University of Michigan Medical School Radesky Lab (Jenny Radesky, MD, Heidi Weeks, PhD, Lindon Camaj, MS, et al.)",Existing Codebook
com.beliapp.myapp,Lifestyle,FOOD_AND_DRINK,"MITTen/GDW Study University of Michigan Medical School Radesky Lab (Jenny Radesky, MD, Heidi Weeks, PhD, Lindon Camaj, MS, et al.)",Existing Codebook
com.captivate.ymcadetroit,Social & Communication,EVENTS,"MITTen/GDW Study University of Michigan Medical School Radesky Lab (Jenny Radesky, MD, Heidi Weeks, PhD, Lindon Camaj, MS, et al.)",Existing Codebook
com.myhumandesignapp,Education,EDUCATION,"MITTen/GDW Study University of Michigan Medical School Radesky Lab (Jenny Radesky, MD, Heidi Weeks, PhD, Lindon Camaj, MS, et al.)",Existing Codebook
online.mobile.greenbookglobal,Travel & Local,TRAVEL_AND_LOCAL,"MITTen/GDW Study University of Michigan Medical School Radesky Lab (Jenny Radesky, MD, Heidi Weeks, PhD, Lindon Camaj, MS, et al.)",Existing Codebook
com.xponential.clubpilates,Health,HEALTH_AND_FITNESS,"MITTen/GDW Study University of Michigan Medical School Radesky Lab (Jenny Radesky, MD, Heidi Weeks, PhD, Lindon Camaj, MS, et al.)",Existing Codebook
com.melon.drop.fruit.merge.master,Games,GAME_PUZZLE,"MITTen/GDW Study University of Michigan Medical School Radesky Lab (Jenny Radesky, MD, Heidi Weeks, PhD, Lindon Camaj, MS, et al.), BCM CNRC",Existing Codebook
com.hld.anzenbokusucal,Video Players (e.g. YouTube),VIDEO_PLAYERS,"MITTen/GDW Study University of Michigan Medical School Radesky Lab (Jenny Radesky, MD, Heidi Weeks, PhD, Lindon Camaj, MS, et al.)",Existing Codebook
com.kapustin.app.realflowersfree,Games,GAME_EDUCATIONAL,"MITTen/GDW Study University of Michigan Medical School Radesky Lab (Jenny Radesky, MD, Heidi Weeks, PhD, Lindon Camaj, MS, et al.)",Existing Codebook
com.tt.kids.monster.truck,Games,GAME_EDUCATIONAL,"MITTen/GDW Study University of Michigan Medical School Radesky Lab (Jenny Radesky, MD, Heidi Weeks, PhD, Lindon Camaj, MS, et al.)",Existing Codebook
com.imayi.traindriverfree,Games,GAME_ACTION,"MITTen/GDW Study University of Michigan Medical School Radesky Lab (Jenny Radesky, MD, Heidi Weeks, PhD, Lindon Camaj, MS, et al.)",Existing Codebook
com.bible.kids,Education,EDUCATION,"MITTen/GDW Study University of Michigan Medical School Radesky Lab (Jenny Radesky, MD, Heidi Weeks, PhD, Lindon Camaj, MS, et al.)",Existing Codebook
com.iabuzz.apk.BEEPZZ,Games,GAME_RACING,"MITTen/GDW Study University of Michigan Medical School Radesky Lab (Jenny Radesky, MD, Heidi Weeks, PhD, Lindon Camaj, MS, et al.)",Existing Codebook
com.gfarm.constructiontruck,Games,GAME_EDUCATIONAL,"MITTen/GDW Study University of Michigan Medical School Radesky Lab (Jenny Radesky, MD, Heidi Weeks, PhD, Lindon Camaj, MS, et al.), BCM CNRC",Existing Codebook
neurolist.app.neurolist,Productivity & Business,PRODUCTIVITY,"MITTen/GDW Study University of Michigan Medical School Radesky Lab (Jenny Radesky, MD, Heidi Weeks, PhD, Lindon Camaj, MS, et al.)",Existing Codebook
com.payflex.hhmobile,Productivity & Business,FINANCE,"MITTen/GDW Study University of Michigan Medical School Radesky Lab (Jenny Radesky, MD, Heidi Weeks, PhD, Lindon Camaj, MS, et al.)",Existing Codebook
com.lifetimefitness.interests.fitness,Health,HEALTH_AND_FITNESS,"MITTen/GDW Study University of Michigan Medical School Radesky Lab (Jenny Radesky, MD, Heidi Weeks, PhD, Lindon Camaj, MS, et al.)",Existing Codebook
com.vivint.vivintsky,Lifestyle,HOUSE_AND_HOME,"MITTen/GDW Study University of Michigan Medical School Radesky Lab (Jenny Radesky, MD, Heidi Weeks, PhD, Lindon Camaj, MS, et al.)",Existing Codebook
com.jlr.jaguar.incontrolremote.appstore,Travel & Local,MAPS_AND_NAVIGATION,"MITTen/GDW Study University of Michigan Medical School Radesky Lab (Jenny Radesky, MD, Heidi Weeks, PhD, Lindon Camaj, MS, et al.)",Existing Codebook
com.schluter.ditra.heat.e.rs1,Lifestyle,LIFESTYLE,"MITTen/GDW Study University of Michigan Medical School Radesky Lab (Jenny Radesky, MD, Heidi Weeks, PhD, Lindon Camaj, MS, et al.)",Existing Codebook
com.designlibro.petlibro,Lifestyle,LIFESTYLE,"MITTen/GDW Study University of Michigan Medical School Radesky Lab (Jenny Radesky, MD, Heidi Weeks, PhD, Lindon Camaj, MS, et al.)",Existing Codebook
com.gm.chevrolet.nomad.ownership,Lifestyle,LIFESTYLE,"MITTen/GDW Study University of Michigan Medical School Radesky Lab (Jenny Radesky, MD, Heidi Weeks, PhD, Lindon Camaj, MS, et al.), BCM CNRC",Existing Codebook
com.staplegames.tilecollector,Games,GAME_PUZZLE,"MITTen/GDW Study University of Michigan Medical School Radesky Lab (Jenny Radesky, MD, Heidi Weeks, PhD, Lindon Camaj, MS, et al.)",Existing Codebook
com.softek.ofxclmobile.communityfinancialfcu,Productivity & Business,FINANCE,"MITTen/GDW Study University of Michigan Medical School Radesky Lab (Jenny Radesky, MD, Heidi Weeks, PhD, Lindon Camaj, MS, et al.)",Existing Codebook
arproductions.andrew.worklog,Productivity & Business,PRODUCTIVITY,"MITTen/GDW Study University of Michigan Medical School Radesky Lab (Jenny Radesky, MD, Heidi Weeks, PhD, Lindon Camaj, MS, et al.)",Existing Codebook
com.ipc360pro,Video Players (e.g. YouTube),VIDEO_PLAYERS,"MITTen/GDW Study University of Michigan Medical School Radesky Lab (Jenny Radesky, MD, Heidi Weeks, PhD, Lindon Camaj, MS, et al.)",Existing Codebook
com.notes.todolist.notebook.checklist.notepad.android,Productivity & Business,PRODUCTIVITY,"MITTen/GDW Study University of Michigan Medical School Radesky Lab (Jenny Radesky, MD, Heidi Weeks, PhD, Lindon Camaj, MS, et al.)",Existing Codebook
com.metrocket.iexitapp,Travel & Local,TRAVEL_AND_LOCAL,"MITTen/GDW Study University of Michigan Medical School Radesky Lab (Jenny Radesky, MD, Heidi Weeks, PhD, Lindon Camaj, MS, et al.)",Existing Codebook
com.JindoBlu.TwoPlayerGamesChallenge,Games,GAME_ARCADE,"MITTen/GDW Study University of Michigan Medical School Radesky Lab (Jenny Radesky, MD, Heidi Weeks, PhD, Lindon Camaj, MS, et al.), BCM CNRC",Existing Codebook
org.wikipedia,Entertainment,BOOKS_AND_REFERENCE,"MITTen/GDW Study University of Michigan Medical School Radesky Lab (Jenny Radesky, MD, Heidi Weeks, PhD, Lindon Camaj, MS, et al.)",Existing Codebook
com.sweetgreen.android.app,Lifestyle,FOOD_AND_DRINK,"MITTen/GDW Study University of Michigan Medical School Radesky Lab (Jenny Radesky, MD, Heidi Weeks, PhD, Lindon Camaj, MS, et al.)",Existing Codebook
com.myuvo.link,Productivity & Business,PRODUCTIVITY,"MITTen/GDW Study University of Michigan Medical School Radesky Lab (Jenny Radesky, MD, Heidi Weeks, PhD, Lindon Camaj, MS, et al.)",Existing Codebook
com.kia.mowners.p,Productivity & Business,AUTO_AND_VEHICLES,"MITTen/GDW Study University of Michigan Medical School Radesky Lab (Jenny Radesky, MD, Heidi Weeks, PhD, Lindon Camaj, MS, et al.)",Existing Codebook
com.aarp.app,Lifestyle,LIFESTYLE,"MITTen/GDW Study University of Michigan Medical School Radesky Lab (Jenny Radesky, MD, Heidi Weeks, PhD, Lindon Camaj, MS, et al.), BCM CNRC",Existing Codebook
com.dofm.stronger.sc,Health,HEALTH_AND_FITNESS,"MITTen/GDW Study University of Michigan Medical School Radesky Lab (Jenny Radesky, MD, Heidi Weeks, PhD, Lindon Camaj, MS, et al.)",Existing Codebook
gen.tech.impulse.android,Health,HEALTH_AND_FITNESS,"MITTen/GDW Study University of Michigan Medical School Radesky Lab (Jenny Radesky, MD, Heidi Weeks, PhD, Lindon Camaj, MS, et al.)",Existing Codebook
com.dyson.mobile.android,Lifestyle,LIFESTYLE,"MITTen/GDW Study University of Michigan Medical School Radesky Lab (Jenny Radesky, MD, Heidi Weeks, PhD, Lindon Camaj, MS, et al.)",Existing Codebook
org.twisevictory.apps.ex,Lifestyle,PARENTING,"MITTen/GDW Study University of Michigan Medical School Radesky Lab (Jenny Radesky, MD, Heidi Weeks, PhD, Lindon Camaj, MS, et al.)",Existing Codebook
com.skoop.olo.menchies.a,Lifestyle,FOOD_AND_DRINK,"MITTen/GDW Study University of Michigan Medical School Radesky Lab (Jenny Radesky, MD, Heidi Weeks, PhD, Lindon Camaj, MS, et al.)",Existing Codebook
com.visualdx.aysa,Health,HEALTH_AND_FITNESS,"MITTen/GDW Study University of Michigan Medical School Radesky Lab (Jenny Radesky, MD, Heidi Weeks, PhD, Lindon Camaj, MS, et al.)",Existing Codebook
com.xingin.xhs,Social & Communication,SOCIAL,"MITTen/GDW Study University of Michigan Medical School Radesky Lab (Jenny Radesky, MD, Heidi Weeks, PhD, Lindon Camaj, MS, et al.)",Existing Codebook
com.rotunda.common.vsp,Productivity & Business,BUSINESS,"MITTen/GDW Study University of Michigan Medical School Radesky Lab (Jenny Radesky, MD, Heidi Weeks, PhD, Lindon Camaj, MS, et al.)",Existing Codebook
com.paytronix.client.android.app.toastique,Lifestyle,FOOD_AND_DRINK,"MITTen/GDW Study University of Michigan Medical School Radesky Lab (Jenny Radesky, MD, Heidi Weeks, PhD, Lindon Camaj, MS, et al.)",Existing Codebook
com.falcon.dm.water.cake.sort.puzzle,Games,GAME_PUZZLE,"MITTen/GDW Study University of Michigan Medical School Radesky Lab (Jenny Radesky, MD, Heidi Weeks, PhD, Lindon Camaj, MS, et al.)",Existing Codebook
com.relevantmobile.olgaskitchen,Lifestyle,FOOD_AND_DRINK,"MITTen/GDW Study University of Michigan Medical School Radesky Lab (Jenny Radesky, MD, Heidi Weeks, PhD, Lindon Camaj, MS, et al.)",Existing Codebook
com.microsoft.sudoku,Games,GAME_PUZZLE,"MITTen/GDW Study University of Michigan Medical School Radesky Lab (Jenny Radesky, MD, Heidi Weeks, PhD, Lindon Camaj, MS, et al.)",Existing Codebook
com.relevantmobile.texasroadhouse,Lifestyle,FOOD_AND_DRINK,"MITTen/GDW Study University of Michigan Medical School Radesky Lab (Jenny Radesky, MD, Heidi Weeks, PhD, Lindon Camaj, MS, et al.)",Existing Codebook
org.catrobat.paintroid,Productivity & Business,TOOLS,"MITTen/GDW Study University of Michigan Medical School Radesky Lab (Jenny Radesky, MD, Heidi Weeks, PhD, Lindon Camaj, MS, et al.)",Existing Codebook
com.edokicademy.montessoriacademy,Education,EDUCATION,"MITTen/GDW Study University of Michigan Medical School Radesky Lab (Jenny Radesky, MD, Heidi Weeks, PhD, Lindon Camaj, MS, et al.)",Existing Codebook
name.boyle.chris.sgtpuzzles,Games,GAME_PUZZLE,"MITTen/GDW Study University of Michigan Medical School Radesky Lab (Jenny Radesky, MD, Heidi Weeks, PhD, Lindon Camaj, MS, et al.)",Existing Codebook
com.coinbase.android,Productivity & Business,FINANCE,"MITTen/GDW Study University of Michigan Medical School Radesky Lab (Jenny Radesky, MD, Heidi Weeks, PhD, Lindon Camaj, MS, et al.), BCM CNRC",Existing Codebook
money.moonshot.app,Productivity & Business,FINANCE,"MITTen/GDW Study University of Michigan Medical School Radesky Lab (Jenny Radesky, MD, Heidi Weeks, PhD, Lindon Camaj, MS, et al.)",Existing Codebook
com.catalinagroup.callrecorder,Productivity & Business,TOOLS,"MITTen/GDW Study University of Michigan Medical School Radesky Lab (Jenny Radesky, MD, Heidi Weeks, PhD, Lindon Camaj, MS, et al.)",Existing Codebook
com.pktmny.mobile,Productivity & Business,FINANCE,"MITTen/GDW Study University of Michigan Medical School Radesky Lab (Jenny Radesky, MD, Heidi Weeks, PhD, Lindon Camaj, MS, et al.)",Existing Codebook
com.ribblr.app,Lifestyle,LIFESTYLE,"MITTen/GDW Study University of Michigan Medical School Radesky Lab (Jenny Radesky, MD, Heidi Weeks, PhD, Lindon Camaj, MS, et al.)",Existing Codebook
com.mobieos.karan.Wolf_Android14_11_13,Productivity & Business,TOOLS,"MITTen/GDW Study University of Michigan Medical School Radesky Lab (Jenny Radesky, MD, Heidi Weeks, PhD, Lindon Camaj, MS, et al.)",Existing Codebook
com.ubnt.unifi.protect,Lifestyle,LIFESTYLE,"MITTen/GDW Study University of Michigan Medical School Radesky Lab (Jenny Radesky, MD, Heidi Weeks, PhD, Lindon Camaj, MS, et al.)",Existing Codebook
com.wodify.client.prd,Health,HEALTH_AND_FITNESS,"MITTen/GDW Study University of Michigan Medical School Radesky Lab (Jenny Radesky, MD, Heidi Weeks, PhD, Lindon Camaj, MS, et al.)",Existing Codebook
com.apspayroll.essmobile,Productivity & Business,PRODUCTIVITY,"MITTen/GDW Study University of Michigan Medical School Radesky Lab (Jenny Radesky, MD, Heidi Weeks, PhD, Lindon Camaj, MS, et al.)",Existing Codebook
com.ukg.oneapp,Productivity & Business,BUSINESS,"MITTen/GDW Study University of Michigan Medical School Radesky Lab (Jenny Radesky, MD, Heidi Weeks, PhD, Lindon Camaj, MS, et al.)",Existing Codebook
com.ocv.saginawCountySheriffMI,Lifestyle,LIFESTYLE,"MITTen/GDW Study University of Michigan Medical School Radesky Lab (Jenny Radesky, MD, Heidi Weeks, PhD, Lindon Camaj, MS, et al.)",Existing Codebook
com.consumerapp_v1,Lifestyle,SHOPPING,"MITTen/GDW Study University of Michigan Medical School Radesky Lab (Jenny Radesky, MD, Heidi Weeks, PhD, Lindon Camaj, MS, et al.)",Existing Codebook
com.makifund.aarons,Lifestyle,SHOPPING,"MITTen/GDW Study University of Michigan Medical School Radesky Lab (Jenny Radesky, MD, Heidi Weeks, PhD, Lindon Camaj, MS, et al.)",Existing Codebook
com.lifetap,Entertainment,ENTERTAINMENT,"MITTen/GDW Study University of Michigan Medical School Radesky Lab (Jenny Radesky, MD, Heidi Weeks, PhD, Lindon Camaj, MS, et al.)",Existing Codebook
com.nianticlabs.pikmin,Games,GAME_ADVENTURE,"MITTen/GDW Study University of Michigan Medical School Radesky Lab (Jenny Radesky, MD, Heidi Weeks, PhD, Lindon Camaj, MS, et al.)",Existing Codebook
com.Trailmix.LoveAndPiesMerge,Games,GAME_PUZZLE,"MITTen/GDW Study University of Michigan Medical School Radesky Lab (Jenny Radesky, MD, Heidi Weeks, PhD, Lindon Camaj, MS, et al.)",Existing Codebook
app.assistant.quran,Entertainment,BOOKS_AND_REFERENCE,"MITTen/GDW Study University of Michigan Medical School Radesky Lab (Jenny Radesky, MD, Heidi Weeks, PhD, Lindon Camaj, MS, et al.)",Existing Codebook
com.zombiesoup.bayyinah,Education,EDUCATION,"MITTen/GDW Study University of Michigan Medical School Radesky Lab (Jenny Radesky, MD, Heidi Weeks, PhD, Lindon Camaj, MS, et al.)",Existing Codebook
com.pakdata.QuranMajeed,Entertainment,BOOKS_AND_REFERENCE,"MITTen/GDW Study University of Michigan Medical School Radesky Lab (Jenny Radesky, MD, Heidi Weeks, PhD, Lindon Camaj, MS, et al.)",Existing Codebook
net.researchgate.shellapp,Education,EDUCATION,"MITTen/GDW Study University of Michigan Medical School Radesky Lab (Jenny Radesky, MD, Heidi Weeks, PhD, Lindon Camaj, MS, et al.)",Existing Codebook
com.google.android.apps.pixel.agent,Productivity & Business,TOOLS,"MITTen/GDW Study University of Michigan Medical School Radesky Lab (Jenny Radesky, MD, Heidi Weeks, PhD, Lindon Camaj, MS, et al.)",Existing Codebook
m.formuler.mol.plus,Video Players (e.g. YouTube),VIDEO_PLAYERS,"MITTen/GDW Study University of Michigan Medical School Radesky Lab (Jenny Radesky, MD, Heidi Weeks, PhD, Lindon Camaj, MS, et al.)",Existing Codebook
com.vlv.aravali,Entertainment,MUSIC_AND_AUDIO,"MITTen/GDW Study University of Michigan Medical School Radesky Lab (Jenny Radesky, MD, Heidi Weeks, PhD, Lindon Camaj, MS, et al.)",Existing Codebook
com.fitifyworkouts.bodyweight.workoutapp,Health,HEALTH_AND_FITNESS,"MITTen/GDW Study University of Michigan Medical School Radesky Lab (Jenny Radesky, MD, Heidi Weeks, PhD, Lindon Camaj, MS, et al.)",Existing Codebook
com.greatclips.android,Lifestyle,LIFESTYLE,"MITTen/GDW Study University of Michigan Medical School Radesky Lab (Jenny Radesky, MD, Heidi Weeks, PhD, Lindon Camaj, MS, et al.), BCM CNRC",Existing Codebook
com.google.android.gms.supervision,Productivity & Business,TOOLS,"MITTen/GDW Study University of Michigan Medical School Radesky Lab (Jenny Radesky, MD, Heidi Weeks, PhD, Lindon Camaj, MS, et al.), BCM CNRC",Existing Codebook
co.fable.fable,Entertainment,BOOKS_AND_REFERENCE,"MITTen/GDW Study University of Michigan Medical School Radesky Lab (Jenny Radesky, MD, Heidi Weeks, PhD, Lindon Camaj, MS, et al.)",Existing Codebook
com.workjam.workjam,Productivity & Business,BUSINESS,"MITTen/GDW Study University of Michigan Medical School Radesky Lab (Jenny Radesky, MD, Heidi Weeks, PhD, Lindon Camaj, MS, et al.)",Existing Codebook
com.bridgecrest.customerportal,Productivity & Business,FINANCE,"MITTen/GDW Study University of Michigan Medical School Radesky Lab (Jenny Radesky, MD, Heidi Weeks, PhD, Lindon Camaj, MS, et al.)",Existing Codebook
com.matryoshka.cooking.vibes,Games,GAME_ARCADE,"MITTen/GDW Study University of Michigan Medical School Radesky Lab (Jenny Radesky, MD, Heidi Weeks, PhD, Lindon Camaj, MS, et al.)",Existing Codebook
com.glossgenius.GlossGeniusSaaS,Lifestyle,BEAUTY,"MITTen/GDW Study University of Michigan Medical School Radesky Lab (Jenny Radesky, MD, Heidi Weeks, PhD, Lindon Camaj, MS, et al.)",Existing Codebook
com.saloncentric.app,Productivity & Business,BUSINESS,"MITTen/GDW Study University of Michigan Medical School Radesky Lab (Jenny Radesky, MD, Heidi Weeks, PhD, Lindon Camaj, MS, et al.)",Existing Codebook
com.mysalesforce.mycommunity.C00D1I0000002oPcUAI.A0OT8W000000fxSMWAY,Productivity & Business,BUSINESS,"MITTen/GDW Study University of Michigan Medical School Radesky Lab (Jenny Radesky, MD, Heidi Weeks, PhD, Lindon Camaj, MS, et al.)",Existing Codebook
com.glossapp.glosscompose,Lifestyle,BEAUTY,"MITTen/GDW Study University of Michigan Medical School Radesky Lab (Jenny Radesky, MD, Heidi Weeks, PhD, Lindon Camaj, MS, et al.)",Existing Codebook
DisneyDigitalBooks.FrozenIceStructures_amaFTU,Education,,BCM CNRC,Publisher Heuristic
DisneyDigitalBooks.IronManArmoredAvenger_amaFTU,Education,,BCM CNRC,Publisher Heuristic
DisneyDigitalBooks.MMCHPaintandPlayHD_amaFTU,Education,,BCM CNRC,Publisher Heuristic
DisneyDigitalBooks.MickeyCountAlong_amaFTU,Education,,BCM CNRC,Publisher Heuristic
DisneyDigitalBooks.MinnieFashionTourHD_amaFTU,Education,,BCM CNRC,Publisher Heuristic
DisneyDigitalBooks.MinnieFoodTruck_amaFTU,Education,,BCM CNRC,Publisher Heuristic
DisneyDigitalBooks.SquishMMCH_amaFTU,Education,,BCM CNRC,Publisher Heuristic
aintandPlayalBooks.DocPaintandPlayamaFTU,,,BCM CNRC,Uncategorized
air.PangoImaginaryCar,Games,GAME_EDUCATIONAL,BCM CNRC,Play Store
air.PangoPlayground,Games,GAME_EDUCATIONAL,BCM CNRC,Play Store
air.SightWordsSuperQuiz,,,BCM CNRC,Uncategorized
air.com.adobe.connectpro,,,BCM CNRC,Uncategorized
air.com.hutchinsontransmission.ord,Productivity & Business,PRODUCTIVITY,BCM CNRC,Play Store
air.com.hypah.io.slither,Games,GAME_ACTION,BCM CNRC,Play Store
air.com.magiclightpictures.rotb,Games,GAME_EDUCATIONAL,BCM CNRC,Play Store
air.com.sesameworkshop.ResilienceThinkBreathDo.ftu,Education,,BCM CNRC,Publisher Heuristic
air.com.sesameworkshop.elmoloves123s,Education,,BCM CNRC,Publisher Heuristic
air.com.starfall.ltr,Education,EDUCATION,BCM CNRC,Play Store
air.com.studiopango.pangoWhereAreYou,Games,GAME_EDUCATIONAL,BCM CNRC,Play Store
air.com.vudu.air.DownloaderTablet,Entertainment,ENTERTAINMENT,BCM CNRC,Play Store
air.nn.mobile.app.main,Education,EDUCATION,BCM CNRC,Play Store
air.org.pbskids.dtigplayhomeuni,Education,,BCM CNRC,Publisher Heuristic
air.pangobook5,Games,GAME_EDUCATIONAL,BCM CNRC,Play Store
air.pangobook6,Games,GAME_EDUCATIONAL,BCM CNRC,Play Store
amazon.fireos,System/OEM,,BCM CNRC,System/OEM
amazon.ftu.fashiongirl.peachygamesllc,Games,,BCM CNRC,Publisher Heuristic
amazon.ftu.frostmermaid.peachygamesllc,Games,,BCM CNRC,Publisher Heuristic
amazon.ftu.halloweensalon.peachygamesllc,Games,,BCM CNRC,Publisher Heuristic
amazon.ftu.herogirl.peachygamesllc,Games,,BCM CNRC,Publisher Heuristic
amazon.ftu.icequeen.peachygamesllc,Games,,BCM CNRC,Publisher Heuristic
amazon.ftu.magicmermaid.peachygamesllc,Games,,BCM CNRC,Publisher Heuristic
amazon.ftu.magicprincess.peachygamesllc,Games,,BCM CNRC,Publisher Heuristic
amazon.jackson19,,,BCM CNRC,Uncategorized
amazon.speech.davs.davcservice,System/OEM,,BCM CNRC,System/OEM
and.brainworks.nummatch,Games,GAME_BOARD,BCM CNRC,Play Store
and.matrix.pos,Games,GAME_CASUAL,BCM CNRC,Play Store
android.amazon.perm,System/OEM,,BCM CNRC,System/OEM
android.auto_generated_characteristics_rro,System/OEM,,BCM CNRC,System/OEM
android.auto_generated_rro_product__,System/OEM,,BCM CNRC,System/OEM
android.auto_generated_rro_vendor__,System/OEM,,BCM CNRC,System/OEM
android.autoinstalls.config.Lenovo.tablet,System/OEM,,BCM CNRC,System/OEM
android.autoinstalls.config.TCL.PAI,System/OEM,,BCM CNRC,System/OEM
android.autoinstalls.config.google.nexus,System/OEM,,BCM CNRC,System/OEM
android.autoinstalls.config.samsung,System/OEM,,BCM CNRC,System/OEM
android.ext.services,System/OEM,,BCM CNRC,System/OEM
android.ext.shared,System/OEM,,BCM CNRC,System/OEM
android.instant_app,System/OEM,,BCM CNRC,System/OEM
android.overlay.navbar,System/OEM,,BCM CNRC,System/OEM
android.rro_brand,System/OEM,,BCM CNRC,System/OEM
android.rro_perf,System/OEM,,BCM CNRC,System/OEM
android.rro_product,System/OEM,,BCM CNRC,System/OEM
android.tct_overlay_product__,System/OEM,,BCM CNRC,System/OEM
app.searcherr,Productivity & Business,PRODUCTIVITY,BCM CNRC,Play Store
au.com.oddgames.monstertruckdestruction,Games,GAME_RACING,BCM CNRC,Play Store
b4a.example2,Productivity & Business,TOOLS,BCM CNRC,Play Store
ball.sort.color.water.puzzle.games,Games,GAME_PUZZLE,BCM CNRC,Play Store
ball.sort.puzzle.color.sorting.bubble.games,Games,GAME_PUZZLE,BCM CNRC,Play Store
biz.canisrigel.nurseryrhymes,Education,EDUCATION,BCM CNRC,Play Store
block.master.puzzle.jewel.blast.free,Games,GAME_BOARD,BCM CNRC,Play Store
blockpuzzle.game.block.puzzle,Games,GAME_PUZZLE,BCM CNRC,Play Store
blockpuzzle.jewelgames.jewelslegend,Games,GAME_PUZZLE,BCM CNRC,Play Store
bn.ereader,Education,BOOKS_AND_REFERENCE,BCM CNRC,Play Store
bounce.Coloring.Lore,Games,GAME_ARCADE,BCM CNRC,Play Store
br.com.calculadora.fisica.v2,Education,EDUCATION,BCM CNRC,Play Store
chromecast.tv.streaming.screen.share,Productivity & Business,TOOLS,BCM CNRC,Play Store
classic.brick.games.tetris,Games,GAME_PUZZLE,BCM CNRC,Play Store
classic.pop.piano.magic.juegos,Games,GAME_MUSIC,BCM CNRC,Play Store
closet.puzzle.sort.match.pair.connect,Games,GAME_PUZZLE,BCM CNRC,Play Store
co.northplay.ConductTHIS,Games,GAME_PUZZLE,BCM CNRC,Play Store
co.qeepsake.qeepsakeApp,Lifestyle,PARENTING,BCM CNRC,Play Store
co.uk.njapps.addition_facts_to_10.FTU,,,BCM CNRC,Uncategorized
co.uk.njapps.myFirstNJapp.FTU,,,BCM CNRC,Uncategorized
com.AcrylicNails.AcrylicNails,,,BCM CNRC,Uncategorized
com.Amazon.RaceStorm.jurassic.dino.robot.flying.dragon.transform.games,Games,,BCM CNRC,Keyword Heuristic
com.BeautifullyMadeGames.ThePresident,Games,GAME_CASUAL,BCM CNRC,Play Store
com.BigYellowTaxi.HookedPhonics,Education,EDUCATION,BCM CNRC,Play Store
com.Bingo.Football,Games,GAME_ACTION,BCM CNRC,Play Store
com.BlackFoxEntertainment.DriftLegends2,Games,GAME_RACING,BCM CNRC,Play Store
com.BrightGlade.Bouncefield,Games,GAME_ARCADE,BCM CNRC,Play Store
com.BuilderTREND.btMobileApp,Productivity & Business,BUSINESS,BCM CNRC,Play Store
com.CREATELab.CrushStation,Games,GAME_EDUCATIONAL,BCM CNRC,Play Store
com.Creative.Dollify.Cute.Doll.Avatar.Maker,Entertainment,ENTERTAINMENT,BCM CNRC,Play Store
com.CubeKids.Dipsy.ftu,Education,,BCM CNRC,Publisher Heuristic
com.CubeKids.Po.ftu,Education,,BCM CNRC,Publisher Heuristic
com.CubeKids.TinkyWinky.ftu,Education,,BCM CNRC,Publisher Heuristic
com.DefaultCompany.HungryShark,,,BCM CNRC,Uncategorized
com.DentistBling.DentistBling,,,BCM CNRC,Uncategorized
com.DeviceTest,System/OEM,,BCM CNRC,System/OEM
com.DisneyDigitalBooks.AvengersOriginsAssemble_amaFTU,Education,,BCM CNRC,Publisher Heuristic
com.DisneyDigitalBooks.AvengersOriginsHulk_amaFTU,Education,,BCM CNRC,Publisher Heuristic
com.DisneyDigitalBooks.BigHero6BaymaxBlast_amaFTU,Education,,BCM CNRC,Publisher Heuristic
com.DisneyDigitalBooks.Cars2GrandPrix_amaFTU,Education,,BCM CNRC,Publisher Heuristic
com.DisneyDigitalBooks.JakeTreasureTrek_AFTU,Education,,BCM CNRC,Publisher Heuristic
com.DisneyDigitalBooks.SpidermanOriginStory_amaFTU,Education,,BCM CNRC,Publisher Heuristic
com.GameiFun.PreschoolLearningEducational,Education,EDUCATION,BCM CNRC,Play Store
com.HighbrowInteractive.EuroTrainSim2,Games,GAME_SIMULATION,BCM CNRC,Play Store
com.ISAAC.DOWNTHEHOLE,Games,GAME_PUZZLE,BCM CNRC,Play Store
com.JindoBlu.Antistress,Games,GAME_PUZZLE,BCM CNRC,Play Store
com.JindoBlu.FourPlayers,Games,GAME_ARCADE,BCM CNRC,Play Store
com.JindoBlu.OfflineGames,Games,GAME_CASUAL,BCM CNRC,Play Store
com.Kidoverse.HairSalon,Games,GAME_SIMULATION,BCM CNRC,Play Store
com.KidsAcademy123.games.coco.spa.salon,Games,GAME_EDUCATIONAL,BCM CNRC,Play Store
com.KnowledgeAdventure.PSMadSlideFreeTime,Games,,BCM CNRC,Publisher Heuristic
com.LogiaGroup.LogiaDeck,,,BCM CNRC,Uncategorized
com.MegaJoy.Switch,Games,GAME_PUZZLE,BCM CNRC,Play Store
com.Muffinastic.BikeAction3D,Games,GAME_CASUAL,BCM CNRC,Play Store
com.My.Doll.World.Avatar.Maker,Games,GAME_ARCADE,BCM CNRC,Play Store
com.Neurononfire.SupremeDuelist,Games,GAME_ACTION,BCM CNRC,Play Store
com.Ping.Panda,,,BCM CNRC,Uncategorized
com.Playflame.Grabber,Games,GAME_CASUAL,BCM CNRC,Play Store
com.Polystation.BuildABabe,Games,GAME_CASUAL,BCM CNRC,Play Store
com.Psyonix.RL2D,,,BCM CNRC,Uncategorized
com.RobbResearch.TimesTablesPlatformerKFTU,Games,,BCM CNRC,Publisher Heuristic
com.SoapCutting.SoapCutting,,,BCM CNRC,Uncategorized
com.SolidAppsInc.LipstickMakeupGame,Games,GAME_SIMULATION,BCM CNRC,Play Store
com.Survival.Escape.Challenge,Games,GAME_CASUAL,BCM CNRC,Play Store
com.TeachMonsterGames.NumberSkillsFreeTime,Education,,BCM CNRC,Publisher Heuristic
com.TwentySeven.MelonPlayground,,,BCM CNRC,Uncategorized
com.Upperpik.HairChallenge,Games,GAME_ACTION,BCM CNRC,Play Store
com.VectorUpGames.TallManRun,Games,GAME_CASUAL,BCM CNRC,Play Store
com.YovoGames.dentist,Games,GAME_EDUCATIONAL,BCM CNRC,Play Store
com.aa.puffup,Games,GAME_CASUAL,BCM CNRC,Play Store
com.abaltatech.wlhostapp,Entertainment,ENTERTAINMENT,BCM CNRC,Play Store
com.abclocal.ktrk.news,Entertainment,NEWS_AND_MAGAZINES,BCM CNRC,Play Store
com.abcya.amazon.games,Education,,BCM CNRC,Publisher Heuristic
com.abi.number.cube,Games,GAME_CASUAL,BCM CNRC,Play Store
com.abi.woodout.screw.bar,Games,GAME_PUZZLE,BCM CNRC,Play Store
com.acamar.bingbaking.freetime,Games,,BCM CNRC,Publisher Heuristic
com.ace.shell.production,Lifestyle,LIFESTYLE,BCM CNRC,Play Store
com.aceviral.angrygranrun.ftu,,,BCM CNRC,Uncategorized
com.acidcousins.fdunk,Games,GAME_ARCADE,BCM CNRC,Play Store
com.adsk.sketchbook,Entertainment,ART_AND_DESIGN,BCM CNRC,Play Store
com.adups.fota,System/OEM,,BCM CNRC,System/OEM
com.aeromexico.app,,,BCM CNRC,Uncategorized
com.agateau.burgerparty,Games,GAME_CASUAL,BCM CNRC,Play Store
com.aim.racing,Games,GAME_RACING,BCM CNRC,Play Store
com.airhorn.funny.prank.sounds,Entertainment,ENTERTAINMENT,BCM CNRC,Play Store
com.airtalk.welcome,Productivity & Business,BUSINESS,BCM CNRC,Play Store
com.alfaondo.monstersgang,Games,GAME_ACTION,BCM CNRC,Play Store
com.alien.shooter.galaxy.attack,Games,GAME_ARCADE,BCM CNRC,Play Store
com.aligntech.myinvisalign,Health,MEDICAL,BCM CNRC,Play Store
com.alliancelaundry.app.speedqueen,Lifestyle,LIFESTYLE,BCM CNRC,Play Store
com.allwinner.batterytest,System/OEM,,BCM CNRC,System/OEM
com.allwinner.camera,System/OEM,,BCM CNRC,System/OEM
com.allwinnertech.packageoverride,System/OEM,,BCM CNRC,System/OEM
com.along.factorytest,System/OEM,,BCM CNRC,System/OEM
com.alphabet.monstermakeover,,,BCM CNRC,Uncategorized
com.alphabetlore.rescuegame.savealphabet,Games,,BCM CNRC,Publisher Heuristic
com.amanotes.beathopper.ftu,Games,,BCM CNRC,Publisher Heuristic
com.amanotes.gs.g06,Games,GAME_CASUAL,BCM CNRC,Play Store
com.amanotes.pamadancingroad,Games,GAME_ARCADE,BCM CNRC,Play Store
com.amanotes.pamadancingroad.ftu,,,BCM CNRC,Uncategorized
com.amanotes.pamainfinitybounce,Games,GAME_MUSIC,BCM CNRC,Play Store
com.amayasoft.cars.kids.racing.toddlers.garage.game,Games,GAME_EDUCATIONAL,BCM CNRC,Play Store
com.amayasoft.cars.kids.toddlers.garage.game,Games,GAME_EDUCATIONAL,BCM CNRC,Play Store
com.amayasoft.my.first.animals.toddler.games.farm.animal.sounds,Games,GAME_EDUCATIONAL,BCM CNRC,Play Store
com.amaze.freeamazon,Games,,BCM CNRC,Publisher Heuristic
com.amazon.aca,System/OEM,,BCM CNRC,System/OEM
com.amazon.accessorynotifier,System/OEM,,BCM CNRC,System/OEM
com.amazon.adep,,,BCM CNRC,Uncategorized
com.amazon.advertisingidsettings,,,BCM CNRC,Uncategorized
com.amazon.afe.app,,,BCM CNRC,Uncategorized
com.amazon.ags.app,,,BCM CNRC,Uncategorized
com.amazon.akgames.doremi_kids,,,BCM CNRC,Uncategorized
com.amazon.alexa.multimodal.gemini,,,BCM CNRC,Uncategorized
com.amazon.alexa.youtube.app,,,BCM CNRC,Uncategorized
com.amazon.alta.h2clientservice,,,BCM CNRC,Uncategorized
com.amazon.android.devicemodelinfo.resources,,,BCM CNRC,Uncategorized
com.amazon.android.marketplace,,,BCM CNRC,Uncategorized
com.amazon.appaccesskeyprovider,,,BCM CNRC,Uncategorized
com.amazon.application.compatibility.enforcer,,,BCM CNRC,Uncategorized
com.amazon.application.compatibility.enforcer.sdk.library,,,BCM CNRC,Uncategorized
com.amazon.appmanager,,,BCM CNRC,Uncategorized
com.amazon.appverification,,,BCM CNRC,Uncategorized
com.amazon.avod,,,BCM CNRC,Uncategorized
com.amazon.bioscope,,,BCM CNRC,Uncategorized
com.amazon.cardinal,,,BCM CNRC,Uncategorized
com.amazon.cast.source,,,BCM CNRC,Uncategorized
com.amazon.charles,,,BCM CNRC,Uncategorized
com.amazon.client.metrics,,,BCM CNRC,Uncategorized
com.amazon.client.metrics.api,,,BCM CNRC,Uncategorized
com.amazon.cloud9,,,BCM CNRC,Uncategorized
com.amazon.cloud9.contentservice,,,BCM CNRC,Uncategorized
com.amazon.cloud9.kids,,,BCM CNRC,Uncategorized
com.amazon.cloud9.systembrowserprovider,,,BCM CNRC,Uncategorized
com.amazon.comms.kids,,,BCM CNRC,Uncategorized
com.amazon.communication.discovery,,,BCM CNRC,Uncategorized
com.amazon.connectivitydiag,,,BCM CNRC,Uncategorized
com.amazon.cosmos,,,BCM CNRC,Uncategorized
com.amazon.csapp,System/OEM,,BCM CNRC,System/OEM
com.amazon.cx_offline,,,BCM CNRC,Uncategorized
com.amazon.d3,,,BCM CNRC,Uncategorized
com.amazon.dcp,,,BCM CNRC,Uncategorized
com.amazon.dcp.contracts.framework.library,,,BCM CNRC,Uncategorized
com.amazon.dcp.contracts.library,,,BCM CNRC,Uncategorized
com.amazon.dcpms.client,,,BCM CNRC,Uncategorized
com.amazon.dcpms.fos.service,,,BCM CNRC,Uncategorized
com.amazon.dee.alexaonandroidos,System/OEM,,BCM CNRC,System/OEM
com.amazon.device.backup,,,BCM CNRC,Uncategorized
com.amazon.device.backup.sdk.internal.library,,,BCM CNRC,Uncategorized
com.amazon.device.crashmanager,,,BCM CNRC,Uncategorized
com.amazon.device.logmanager,,,BCM CNRC,Uncategorized
com.amazon.device.messaging,,,BCM CNRC,Uncategorized
com.amazon.device.messaging.sdk.internal.library,,,BCM CNRC,Uncategorized
com.amazon.device.messaging.sdk.library,,,BCM CNRC,Uncategorized
com.amazon.device.metrics,,,BCM CNRC,Uncategorized
com.amazon.device.sale.service,,,BCM CNRC,Uncategorized
com.amazon.device.settings,,,BCM CNRC,Uncategorized
com.amazon.device.settings.sdk.internal.library,,,BCM CNRC,Uncategorized
com.amazon.device.software.ota,,,BCM CNRC,Uncategorized
com.amazon.device.software.ota.override,,,BCM CNRC,Uncategorized
com.amazon.device.sync,,,BCM CNRC,Uncategorized
com.amazon.device.sync.sdk.internal,,,BCM CNRC,Uncategorized
com.amazon.diode,,,BCM CNRC,Uncategorized
com.amazon.dp.contacts,System/OEM,,BCM CNRC,System/OEM
com.amazon.dp.fbcontacts,System/OEM,,BCM CNRC,System/OEM
com.amazon.dp.logger,System/OEM,,BCM CNRC,System/OEM
com.amazon.dpcclient,,,BCM CNRC,Uncategorized
com.amazon.fireinputdevices,,,BCM CNRC,Uncategorized
com.amazon.firelauncher,System/OEM,,BCM CNRC,System/OEM
com.amazon.fireos.cirruscloud,System/OEM,,BCM CNRC,System/OEM
com.amazon.firespotlight,,,BCM CNRC,Uncategorized
com.amazon.frameworksettings,,,BCM CNRC,Uncategorized
com.amazon.geo.client.maps,Travel & Local,,BCM CNRC,Keyword Heuristic
com.amazon.geo.mapsv2,,,BCM CNRC,Uncategorized
com.amazon.geo.mapsv3.resources,,,BCM CNRC,Uncategorized
com.amazon.geo.mapsv3.services,,,BCM CNRC,Uncategorized
com.amazon.glorialist,,,BCM CNRC,Uncategorized
com.amazon.h2settingsfortablet,,,BCM CNRC,Uncategorized
com.amazon.hedwig,,,BCM CNRC,Uncategorized
com.amazon.hourglass,,,BCM CNRC,Uncategorized
com.amazon.hybridadidservice,,,BCM CNRC,Uncategorized
com.amazon.identity.auth.device.authorization,System/OEM,,BCM CNRC,System/OEM
com.amazon.imp,,,BCM CNRC,Uncategorized
com.amazon.iris,,,BCM CNRC,Uncategorized
com.amazon.kindle.kso,System/OEM,,BCM CNRC,System/OEM
com.amazon.kindle.otter.oobe,System/OEM,,BCM CNRC,System/OEM
com.amazon.kindle.otter.oobe.forced.ota,System/OEM,,BCM CNRC,System/OEM
com.amazon.kindle.rdmdeviceadmin,System/OEM,,BCM CNRC,System/OEM
com.amazon.kindle.starsight,,,BCM CNRC,Uncategorized
com.amazon.kindle.unifiedSearch,System/OEM,,BCM CNRC,System/OEM
com.amazon.kindleautomatictimezone,Games,,BCM CNRC,Publisher Heuristic
com.amazon.kor.demo,,,BCM CNRC,Uncategorized
com.amazon.legalsettings,,,BCM CNRC,Uncategorized
com.amazon.logan,,,BCM CNRC,Uncategorized
com.amazon.mamboo.slime.blackhole,,,BCM CNRC,Uncategorized
com.amazon.media.session.monitor,,,BCM CNRC,Uncategorized
com.amazon.minerva.client.api,,,BCM CNRC,Uncategorized
com.amazon.neodelegate,,,BCM CNRC,Uncategorized
com.amazon.neopactservice,,,BCM CNRC,Uncategorized
com.amazon.ods.kindleconnect,,,BCM CNRC,Uncategorized
com.amazon.parentalcontrols,,,BCM CNRC,Uncategorized
com.amazon.photos,,,BCM CNRC,Uncategorized
com.amazon.platform,,,BCM CNRC,Uncategorized
com.amazon.platform.fdra,,,BCM CNRC,Uncategorized
com.amazon.platform.fdrw,,,BCM CNRC,Uncategorized
com.amazon.pm,,,BCM CNRC,Uncategorized
com.amazon.providers.contentsupport,,,BCM CNRC,Uncategorized
com.amazon.recess,System/OEM,,BCM CNRC,System/OEM
com.amazon.redstone,,,BCM CNRC,Uncategorized
com.amazon.sanjayan,,,BCM CNRC,Uncategorized
com.amazon.securitysyncclient,,,BCM CNRC,Uncategorized
com.amazon.settings,System/OEM,,BCM CNRC,System/OEM
com.amazon.settings.systemupdates,System/OEM,,BCM CNRC,System/OEM
com.amazon.sharingservice.android.client.proxy,,,BCM CNRC,Uncategorized
com.amazon.shpm,,,BCM CNRC,Uncategorized
com.amazon.smartgenie,,,BCM CNRC,Uncategorized
com.amazon.sneakpeek,Games,,BCM CNRC,Publisher Heuristic
com.amazon.speakscreen,Games,,BCM CNRC,Publisher Heuristic
com.amazon.spiderpork,,,BCM CNRC,Uncategorized
com.amazon.ssmsys,,,BCM CNRC,Uncategorized
com.amazon.storagemanager,,,BCM CNRC,Uncategorized
com.amazon.switchaccess.root,,,BCM CNRC,Uncategorized
com.amazon.sync.provider.ipc,,,BCM CNRC,Uncategorized
com.amazon.sync.service,,,BCM CNRC,Uncategorized
com.amazon.systemui.overlay,System/OEM,,BCM CNRC,System/OEM
com.amazon.systemui.overlay.framework,System/OEM,,BCM CNRC,System/OEM
com.amazon.tablet.generative.wallpaper,Lifestyle,,BCM CNRC,Keyword Heuristic
com.amazon.tablet.voiceassistant,Games,,BCM CNRC,Publisher Heuristic
com.amazon.tahoe,,,BCM CNRC,Uncategorized
com.amazon.tcomm,,,BCM CNRC,Uncategorized
com.amazon.tcomm.client,,,BCM CNRC,Uncategorized
com.amazon.tcomm.jackson,,,BCM CNRC,Uncategorized
com.amazon.tv.launcher,,,BCM CNRC,Uncategorized
com.amazon.tv.ottssocompanionapp,,,BCM CNRC,Uncategorized
com.amazon.venezia,System/OEM,,BCM CNRC,System/OEM
com.amazon.wallpaper,Lifestyle,,BCM CNRC,Keyword Heuristic
com.amazon.watson,,,BCM CNRC,Uncategorized
com.amazon.weather,System/OEM,,BCM CNRC,System/OEM
com.amazon.webapp,,,BCM CNRC,Uncategorized
com.amazon.webview.chromium,,,BCM CNRC,Uncategorized
com.amazon.whisperlink.activityview.android,System/OEM,,BCM CNRC,System/OEM
com.amazon.whisperlink.core.android,System/OEM,,BCM CNRC,System/OEM
com.amazon.whisperplay.contracts,System/OEM,,BCM CNRC,System/OEM
com.amazon.whisperplay.service.install,System/OEM,,BCM CNRC,System/OEM
com.amazon.wifilocker,System/OEM,,BCM CNRC,System/OEM
com.amazon.windowshop,,,BCM CNRC,Uncategorized
com.amazon.wirelessmetrics.service,,,BCM CNRC,Uncategorized
com.amazon.youtube_apk,,,BCM CNRC,Uncategorized
com.amazon.zico,System/OEM,,BCM CNRC,System/OEM
com.amelosinteractive.snake,Games,GAME_ACTION,BCM CNRC,Play Store
com.amelosinteractive.snakeamazon,Games,,BCM CNRC,Publisher Heuristic
com.americanwell.android.member.wellpoint,Health,MEDICAL,BCM CNRC,Play Store
com.amz.abq.shark.robot.shooting.attack.robot.shooting.game,Games,,BCM CNRC,Keyword Heuristic
com.an.unpacking.homedecor,Games,GAME_SIMULATION,BCM CNRC,Play Store
com.anasrazzaq.scanhalal,Lifestyle,LIFESTYLE,BCM CNRC,Play Store
com.andorid.mmitest.overlay,System/OEM,,BCM CNRC,System/OEM
com.android.DeviceAsWebcam,System/OEM,,BCM CNRC,System/OEM
com.android.LGSetupWizard,System/OEM,,BCM CNRC,System/OEM
com.android.Launcher3.overlay.Launcher3QuickStepGoConfig,System/OEM,,BCM CNRC,System/OEM
com.android.agingtest,System/OEM,,BCM CNRC,System/OEM
com.android.angle,System/OEM,,BCM CNRC,System/OEM
com.android.apppredictionservice,System/OEM,,BCM CNRC,System/OEM
com.android.apps.tag,System/OEM,,BCM CNRC,System/OEM
com.android.backupconfirm,System/OEM,,BCM CNRC,System/OEM
com.android.bips,System/OEM,,BCM CNRC,System/OEM
com.android.bips.auto_generated_rro_product__,System/OEM,,BCM CNRC,System/OEM
com.android.bluetooth,System/OEM,,BCM CNRC,System/OEM
com.android.bluetoothmidiservice,System/OEM,,BCM CNRC,System/OEM
com.android.bookmarkprovider,System/OEM,,BCM CNRC,System/OEM
com.android.calculator2,System/OEM,,BCM CNRC,System/OEM
com.android.calendar,System/OEM,,BCM CNRC,System/OEM
com.android.calllogbackup,System/OEM,,BCM CNRC,System/OEM
com.android.camera2,System/OEM,,BCM CNRC,System/OEM
com.android.cameraextensions,System/OEM,,BCM CNRC,System/OEM
com.android.camerasaver,System/OEM,,BCM CNRC,System/OEM
com.android.captiveportallogin,System/OEM,,BCM CNRC,System/OEM
com.android.captiveportallogin.overlay,System/OEM,,BCM CNRC,System/OEM
com.android.carrierconfig,System/OEM,,BCM CNRC,System/OEM
com.android.carrierconfig.auto_generated_rro_product__,System/OEM,,BCM CNRC,System/OEM
com.android.carrierconfig.auto_generated_rro_vendor__,System/OEM,,BCM CNRC,System/OEM
com.android.carrierconfig.rro_product,System/OEM,,BCM CNRC,System/OEM
com.android.carrierdefaultapp,System/OEM,,BCM CNRC,System/OEM
com.android.cellbroadcastreceiver,System/OEM,,BCM CNRC,System/OEM
com.android.cellbroadcastreceiver.overlay.pixel,System/OEM,,BCM CNRC,System/OEM
com.android.cellbroadcastservice,System/OEM,,BCM CNRC,System/OEM
com.android.cellbroadcastservice.overlay.pixel,System/OEM,,BCM CNRC,System/OEM
com.android.certinstaller,System/OEM,,BCM CNRC,System/OEM
com.android.companiondevicemanager,System/OEM,,BCM CNRC,System/OEM
com.android.companiondevicemanager.auto_generated_characteristics_rro,System/OEM,,BCM CNRC,System/OEM
com.android.contacts,System/OEM,,BCM CNRC,System/OEM
com.android.credentialmanager,System/OEM,,BCM CNRC,System/OEM
com.android.cts.ctsshim,System/OEM,,BCM CNRC,System/OEM
com.android.cts.priv.ctsshim,System/OEM,,BCM CNRC,System/OEM
com.android.defcontainer,System/OEM,,BCM CNRC,System/OEM
com.android.deskclock,System/OEM,,BCM CNRC,System/OEM
com.android.devicediagnostics,System/OEM,,BCM CNRC,System/OEM
com.android.devicediagnostics.auto_generated_rro_product__,System/OEM,,BCM CNRC,System/OEM
com.android.devicelockcontroller,System/OEM,,BCM CNRC,System/OEM
com.android.dialer,System/OEM,,BCM CNRC,System/OEM
com.android.documentsui,System/OEM,,BCM CNRC,System/OEM
com.android.dreams.basic,System/OEM,,BCM CNRC,System/OEM
com.android.dreams.overlay.basic,System/OEM,,BCM CNRC,System/OEM
com.android.dreams.overlay.phototable,System/OEM,,BCM CNRC,System/OEM
com.android.dreams.phototable,System/OEM,,BCM CNRC,System/OEM
com.android.dynsystem,System/OEM,,BCM CNRC,System/OEM
com.android.efercrobrs,System/OEM,,BCM CNRC,System/OEM
com.android.egg,System/OEM,,BCM CNRC,System/OEM
com.android.email,System/OEM,,BCM CNRC,System/OEM
com.android.email.partnerprovider,System/OEM,,BCM CNRC,System/OEM
com.android.email.partnerprovider.tct_overlay_product__,System/OEM,,BCM CNRC,System/OEM
com.android.emergency,System/OEM,,BCM CNRC,System/OEM
com.android.emulator.multidisplay,System/OEM,,BCM CNRC,System/OEM
com.android.emulator.radio.config,System/OEM,,BCM CNRC,System/OEM
com.android.externalstorage,System/OEM,,BCM CNRC,System/OEM
com.android.fmradio,System/OEM,,BCM CNRC,System/OEM
com.android.gallery3d,System/OEM,,BCM CNRC,System/OEM
com.android.hbmsvmanager,System/OEM,,BCM CNRC,System/OEM
com.android.hbmsvmanager.auto_generated_rro_product__,System/OEM,,BCM CNRC,System/OEM
com.android.healthconnect.overlay,System/OEM,,BCM CNRC,System/OEM
com.android.hotspot2,System/OEM,,BCM CNRC,System/OEM
com.android.hotspot2.osulogin,System/OEM,,BCM CNRC,System/OEM
com.android.hotwordenrollment.okgoogle,System/OEM,,BCM CNRC,System/OEM
com.android.hotwordenrollment.xgoogle,System/OEM,,BCM CNRC,System/OEM
com.android.htmlviewer,System/OEM,,BCM CNRC,System/OEM
com.android.imsserviceentitlement,System/OEM,,BCM CNRC,System/OEM
com.android.incallui,System/OEM,,BCM CNRC,System/OEM
com.android.inputdevices,System/OEM,,BCM CNRC,System/OEM
com.android.intentresolver,System/OEM,,BCM CNRC,System/OEM
com.android.internal.display.cutout.emulation.avoidAppsInCutout,System/OEM,,BCM CNRC,System/OEM
com.android.internal.display.cutout.emulation.corner,System/OEM,,BCM CNRC,System/OEM
com.android.internal.display.cutout.emulation.double,System/OEM,,BCM CNRC,System/OEM
com.android.internal.display.cutout.emulation.emu01,System/OEM,,BCM CNRC,System/OEM
com.android.internal.display.cutout.emulation.hole,System/OEM,,BCM CNRC,System/OEM
com.android.internal.display.cutout.emulation.noCutout,System/OEM,,BCM CNRC,System/OEM
com.android.internal.display.cutout.emulation.tall,System/OEM,,BCM CNRC,System/OEM
com.android.internal.display.cutout.emulation.waterfall,System/OEM,,BCM CNRC,System/OEM
com.android.internal.emulation.pixel_2_xl,System/OEM,,BCM CNRC,System/OEM
com.android.internal.emulation.pixel_3,System/OEM,,BCM CNRC,System/OEM
com.android.internal.emulation.pixel_3_xl,System/OEM,,BCM CNRC,System/OEM
com.android.internal.emulation.pixel_3a,System/OEM,,BCM CNRC,System/OEM
com.android.internal.emulation.pixel_3a_xl,System/OEM,,BCM CNRC,System/OEM
com.android.internal.emulation.pixel_4,System/OEM,,BCM CNRC,System/OEM
com.android.internal.emulation.pixel_4_xl,System/OEM,,BCM CNRC,System/OEM
com.android.internal.emulation.pixel_4a,System/OEM,,BCM CNRC,System/OEM
com.android.internal.emulation.pixel_5,System/OEM,,BCM CNRC,System/OEM
com.android.internal.emulation.pixel_6,System/OEM,,BCM CNRC,System/OEM
com.android.internal.emulation.pixel_6_pro,System/OEM,,BCM CNRC,System/OEM
com.android.internal.emulation.pixel_6a,System/OEM,,BCM CNRC,System/OEM
com.android.internal.emulation.pixel_7,System/OEM,,BCM CNRC,System/OEM
com.android.internal.emulation.pixel_7_pro,System/OEM,,BCM CNRC,System/OEM
com.android.internal.emulation.pixel_7a,System/OEM,,BCM CNRC,System/OEM
com.android.internal.emulation.pixel_8,System/OEM,,BCM CNRC,System/OEM
com.android.internal.emulation.pixel_8_pro,System/OEM,,BCM CNRC,System/OEM
com.android.internal.emulation.pixel_8a,System/OEM,,BCM CNRC,System/OEM
com.android.internal.emulation.pixel_9,System/OEM,,BCM CNRC,System/OEM
com.android.internal.emulation.pixel_9_pro,System/OEM,,BCM CNRC,System/OEM
com.android.internal.emulation.pixel_9_pro_fold,System/OEM,,BCM CNRC,System/OEM
com.android.internal.emulation.pixel_9_pro_xl,System/OEM,,BCM CNRC,System/OEM
com.android.internal.emulation.pixel_9a,System/OEM,,BCM CNRC,System/OEM
com.android.internal.emulation.pixel_fold,System/OEM,,BCM CNRC,System/OEM
com.android.internal.ranchu.commonoverlay,System/OEM,,BCM CNRC,System/OEM
com.android.internal.systemui.navbar.gestural,System/OEM,,BCM CNRC,System/OEM
com.android.internal.systemui.navbar.gestural_extra_wide_back,System/OEM,,BCM CNRC,System/OEM
com.android.internal.systemui.navbar.gestural_narrow_back,System/OEM,,BCM CNRC,System/OEM
com.android.internal.systemui.navbar.gestural_wide_back,System/OEM,,BCM CNRC,System/OEM
com.android.internal.systemui.navbar.threebutton,System/OEM,,BCM CNRC,System/OEM
com.android.internal.systemui.navbar.transparent,System/OEM,,BCM CNRC,System/OEM
com.android.internal.systemui.navbar.twobutton,System/OEM,,BCM CNRC,System/OEM
com.android.internal.systemui.onehanded.gestural,System/OEM,,BCM CNRC,System/OEM
com.android.keychain,System/OEM,,BCM CNRC,System/OEM
com.android.launcher3,System/OEM,,BCM CNRC,System/OEM
com.android.launcher3.tct_overlay_product__,System/OEM,,BCM CNRC,System/OEM
com.android.localtransport,System/OEM,,BCM CNRC,System/OEM
com.android.location.fused,System/OEM,,BCM CNRC,System/OEM
com.android.managedprovisioning,System/OEM,,BCM CNRC,System/OEM
com.android.managedprovisioning.auto_generated_rro_product__,System/OEM,,BCM CNRC,System/OEM
com.android.managedprovisioning.overlay,System/OEM,,BCM CNRC,System/OEM
com.android.messaging,System/OEM,,BCM CNRC,System/OEM
com.android.messaging.tct_overlay_product__,System/OEM,,BCM CNRC,System/OEM
com.android.mmi,System/OEM,,BCM CNRC,System/OEM
com.android.mmifm,System/OEM,,BCM CNRC,System/OEM
com.android.mmitest,System/OEM,,BCM CNRC,System/OEM
com.android.mms,System/OEM,,BCM CNRC,System/OEM
com.android.mms.service,System/OEM,,BCM CNRC,System/OEM
com.android.modemnotifier,System/OEM,,BCM CNRC,System/OEM
com.android.modulemetadata,System/OEM,,BCM CNRC,System/OEM
com.android.mtp,System/OEM,,BCM CNRC,System/OEM
com.android.music,System/OEM,,BCM CNRC,System/OEM
com.android.musicfx,System/OEM,,BCM CNRC,System/OEM
com.android.networkstack,System/OEM,,BCM CNRC,System/OEM
com.android.networkstack.inprocess,System/OEM,,BCM CNRC,System/OEM
com.android.networkstack.inprocess.overlay,System/OEM,,BCM CNRC,System/OEM
com.android.networkstack.overlay,System/OEM,,BCM CNRC,System/OEM
com.android.networkstack.permissionconfig,System/OEM,,BCM CNRC,System/OEM
com.android.networkstack.tethering,System/OEM,,BCM CNRC,System/OEM
com.android.networkstack.tethering.emulator,System/OEM,,BCM CNRC,System/OEM
com.android.networkstack.tethering.inprocess,System/OEM,,BCM CNRC,System/OEM
com.android.networkstack.tethering.inprocess.overlay,System/OEM,,BCM CNRC,System/OEM
com.android.networkstack.tethering.overlay,System/OEM,,BCM CNRC,System/OEM
com.android.nfc,System/OEM,,BCM CNRC,System/OEM
com.android.nfc.auto_generated_rro_product__,System/OEM,,BCM CNRC,System/OEM
com.android.nfc.auto_generated_rro_vendor__,System/OEM,,BCM CNRC,System/OEM
com.android.nfc.overlay,System/OEM,,BCM CNRC,System/OEM
com.android.nfc.overlay.common,System/OEM,,BCM CNRC,System/OEM
com.android.omadm.service,System/OEM,,BCM CNRC,System/OEM
com.android.omadm.service.auto_generated_rro_product__,System/OEM,,BCM CNRC,System/OEM
com.android.omadm.service.auto_generated_rro_vendor__,System/OEM,,BCM CNRC,System/OEM
com.android.onetimeinitializer,System/OEM,,BCM CNRC,System/OEM
com.android.ons,System/OEM,,BCM CNRC,System/OEM
com.android.otaprovisioningclient,System/OEM,,BCM CNRC,System/OEM
com.android.overlay.calendar,System/OEM,,BCM CNRC,System/OEM
com.android.overlay.camera2,System/OEM,,BCM CNRC,System/OEM
com.android.overlay.contacts,System/OEM,,BCM CNRC,System/OEM
com.android.overlay.dialer,System/OEM,,BCM CNRC,System/OEM
com.android.overlay.email,System/OEM,,BCM CNRC,System/OEM
com.android.overlay.emergency,System/OEM,,BCM CNRC,System/OEM
com.android.overlay.fmradio,System/OEM,,BCM CNRC,System/OEM
com.android.overlay.gallery3d,System/OEM,,BCM CNRC,System/OEM
com.android.overlay.launcher3,System/OEM,,BCM CNRC,System/OEM
com.android.overlay.logmanager,System/OEM,,BCM CNRC,System/OEM
com.android.overlay.messaging,System/OEM,,BCM CNRC,System/OEM
com.android.overlay.modules.permissioncontroller.tctui,System/OEM,,BCM CNRC,System/OEM
com.android.overlay.modules.permissioncontroller.tctui.cts,System/OEM,,BCM CNRC,System/OEM
com.android.overlay.music,System/OEM,,BCM CNRC,System/OEM
com.android.overlay.quicksearchbox,System/OEM,,BCM CNRC,System/OEM
com.android.overlay.settings,System/OEM,,BCM CNRC,System/OEM
com.android.overlay.soundrecorder,System/OEM,,BCM CNRC,System/OEM
com.android.overlay.stk,System/OEM,,BCM CNRC,System/OEM
com.android.overlay.unreadnumberconfig,System/OEM,,BCM CNRC,System/OEM
com.android.overlay.wallpaper,System/OEM,,BCM CNRC,System/OEM
com.android.overlay.wallpaperconfig,System/OEM,,BCM CNRC,System/OEM
com.android.packageinstaller,System/OEM,,BCM CNRC,System/OEM
com.android.pacprocessor,System/OEM,,BCM CNRC,System/OEM
com.android.partnerbrowsercustomizations,System/OEM,,BCM CNRC,System/OEM
com.android.partnerbrowsercustomizations.example,System/OEM,,BCM CNRC,System/OEM
com.android.partnerbrowsercustomizations.tct_overlay_product__,System/OEM,,BCM CNRC,System/OEM
com.android.permissioncontroller,System/OEM,,BCM CNRC,System/OEM
com.android.phone,System/OEM,,BCM CNRC,System/OEM
com.android.phone.auto_generated_characteristics_rro,System/OEM,,BCM CNRC,System/OEM
com.android.phone.auto_generated_rro_product__,System/OEM,,BCM CNRC,System/OEM
com.android.phone.auto_generated_rro_vendor__,System/OEM,,BCM CNRC,System/OEM
com.android.phone.injection,System/OEM,,BCM CNRC,System/OEM
com.android.phone.rro_vendor,System/OEM,,BCM CNRC,System/OEM
com.android.printservice.recommendation,System/OEM,,BCM CNRC,System/OEM
com.android.printspooler,System/OEM,,BCM CNRC,System/OEM
com.android.protips,System/OEM,,BCM CNRC,System/OEM
com.android.providers.blockednumber,System/OEM,,BCM CNRC,System/OEM
com.android.providers.calendar,System/OEM,,BCM CNRC,System/OEM
com.android.providers.contactkeys,System/OEM,,BCM CNRC,System/OEM
com.android.providers.contacts,System/OEM,,BCM CNRC,System/OEM
com.android.providers.contacts.auto_generated_rro_product__,System/OEM,,BCM CNRC,System/OEM
com.android.providers.downloads,System/OEM,,BCM CNRC,System/OEM
com.android.providers.downloads.ui,System/OEM,,BCM CNRC,System/OEM
com.android.providers.media,System/OEM,,BCM CNRC,System/OEM
com.android.providers.media.module,System/OEM,,BCM CNRC,System/OEM
com.android.providers.media.overlay.pixel,System/OEM,,BCM CNRC,System/OEM
com.android.providers.partnerbookmarks,System/OEM,,BCM CNRC,System/OEM
com.android.providers.partnerbookmarks.tct_overlay_product__,System/OEM,,BCM CNRC,System/OEM
com.android.providers.partnerbrowsercustomizations,System/OEM,,BCM CNRC,System/OEM
com.android.providers.settings,System/OEM,,BCM CNRC,System/OEM
com.android.providers.settings.auto_generated_rro_product__,System/OEM,,BCM CNRC,System/OEM
com.android.providers.settings.auto_generated_rro_vendor__,System/OEM,,BCM CNRC,System/OEM
com.android.providers.settings.rro_common,System/OEM,,BCM CNRC,System/OEM
com.android.providers.settings.rro_vendor,System/OEM,,BCM CNRC,System/OEM
com.android.providers.settings.tct_product,System/OEM,,BCM CNRC,System/OEM
com.android.providers.telephony,System/OEM,,BCM CNRC,System/OEM
com.android.providers.telephony.auto_generated_characteristics_rro,System/OEM,,BCM CNRC,System/OEM
com.android.providers.telephony.auto_generated_rro_product__,System/OEM,,BCM CNRC,System/OEM
com.android.providers.userdictionary,System/OEM,,BCM CNRC,System/OEM
com.android.proxyhandler,System/OEM,,BCM CNRC,System/OEM
com.android.quicksearchbox,System/OEM,,BCM CNRC,System/OEM
com.android.remoteprovisioner,System/OEM,,BCM CNRC,System/OEM
com.android.rkpdapp,System/OEM,,BCM CNRC,System/OEM
com.android.role.notes.enabled,System/OEM,,BCM CNRC,System/OEM
com.android.safetyregulatoryinfo,System/OEM,,BCM CNRC,System/OEM
com.android.safetyregulatoryinfo.auto_generated_rro_product__,System/OEM,,BCM CNRC,System/OEM
com.android.sdm.plugins.connmo,System/OEM,,BCM CNRC,System/OEM
com.android.sdm.plugins.dcmo,System/OEM,,BCM CNRC,System/OEM
com.android.sdm.plugins.diagmon,System/OEM,,BCM CNRC,System/OEM
com.android.sdm.plugins.sprintdm,System/OEM,,BCM CNRC,System/OEM
com.android.sdm.plugins.usccdm,System/OEM,,BCM CNRC,System/OEM
com.android.se,System/OEM,,BCM CNRC,System/OEM
com.android.server.telecom,System/OEM,,BCM CNRC,System/OEM
com.android.server.telecom.auto_generated_rro_product__,System/OEM,,BCM CNRC,System/OEM
com.android.server.telecom.auto_generated_rro_vendor__,System/OEM,,BCM CNRC,System/OEM
com.android.server.telecom.rro_common,System/OEM,,BCM CNRC,System/OEM
com.android.service.ims,System/OEM,,BCM CNRC,System/OEM
com.android.service.ims.presence,System/OEM,,BCM CNRC,System/OEM
com.android.settings,System/OEM,,BCM CNRC,System/OEM
com.android.settings.auto_generated_rro_product__,System/OEM,,BCM CNRC,System/OEM
com.android.settings.auto_generated_rro_vendor__,System/OEM,,BCM CNRC,System/OEM
com.android.settings.intelligence,System/OEM,,BCM CNRC,System/OEM
com.android.settings.overlay.SettingsFuture,System/OEM,,BCM CNRC,System/OEM
com.android.settings.overlay.g020G,System/OEM,,BCM CNRC,System/OEM
com.android.settings.overlay.gx7as,System/OEM,,BCM CNRC,System/OEM
com.android.settings.overlay.pixel2019midyear,System/OEM,,BCM CNRC,System/OEM
com.android.settings.overlay.pixel2021,System/OEM,,BCM CNRC,System/OEM
com.android.settings.overlay.pixel2021andnewer,System/OEM,,BCM CNRC,System/OEM
com.android.settings.rro_product,System/OEM,,BCM CNRC,System/OEM
com.android.settings.tct_overlay_product__,System/OEM,,BCM CNRC,System/OEM
com.android.settingsaccessibility,System/OEM,,BCM CNRC,System/OEM
com.android.sharedstoragebackup,System/OEM,,BCM CNRC,System/OEM
com.android.shell,System/OEM,,BCM CNRC,System/OEM
com.android.simappdialog,System/OEM,,BCM CNRC,System/OEM
com.android.simappdialog.auto_generated_rro_product__,System/OEM,,BCM CNRC,System/OEM
com.android.smspush,System/OEM,,BCM CNRC,System/OEM
com.android.soundpicker,System/OEM,,BCM CNRC,System/OEM
com.android.soundrecorder,System/OEM,,BCM CNRC,System/OEM
com.android.statementservice,System/OEM,,BCM CNRC,System/OEM
com.android.stk,System/OEM,,BCM CNRC,System/OEM
com.android.stk.rro_common,System/OEM,,BCM CNRC,System/OEM
com.android.stk2,System/OEM,,BCM CNRC,System/OEM
com.android.storagemanager,System/OEM,,BCM CNRC,System/OEM
com.android.storagemanager.auto_generated_rro_product__,System/OEM,,BCM CNRC,System/OEM
com.android.systemui,System/OEM,,BCM CNRC,System/OEM
com.android.systemui.accessibility.accessibilitymenu,System/OEM,,BCM CNRC,System/OEM
com.android.systemui.accessibility.accessibilitymenu.auto_generated_rro_product__,System/OEM,,BCM CNRC,System/OEM
com.android.systemui.auto_generated_rro_product__,System/OEM,,BCM CNRC,System/OEM
com.android.systemui.auto_generated_rro_vendor__,System/OEM,,BCM CNRC,System/OEM
com.android.systemui.clocks.bignum,System/OEM,,BCM CNRC,System/OEM
com.android.systemui.clocks.calligraphy,System/OEM,,BCM CNRC,System/OEM
com.android.systemui.clocks.flex,System/OEM,,BCM CNRC,System/OEM
com.android.systemui.clocks.growth,System/OEM,,BCM CNRC,System/OEM
com.android.systemui.clocks.inflate,System/OEM,,BCM CNRC,System/OEM
com.android.systemui.clocks.metro,System/OEM,,BCM CNRC,System/OEM
com.android.systemui.clocks.numoverlap,System/OEM,,BCM CNRC,System/OEM
com.android.systemui.clocks.weather,System/OEM,,BCM CNRC,System/OEM
com.android.systemui.emulation.pixel_3,System/OEM,,BCM CNRC,System/OEM
com.android.systemui.emulation.pixel_3_xl,System/OEM,,BCM CNRC,System/OEM
com.android.systemui.emulation.pixel_3a,System/OEM,,BCM CNRC,System/OEM
com.android.systemui.emulation.pixel_3a_xl,System/OEM,,BCM CNRC,System/OEM
com.android.systemui.emulation.pixel_4,System/OEM,,BCM CNRC,System/OEM
com.android.systemui.emulation.pixel_4_xl,System/OEM,,BCM CNRC,System/OEM
com.android.systemui.emulation.pixel_4a,System/OEM,,BCM CNRC,System/OEM
com.android.systemui.emulation.pixel_5,System/OEM,,BCM CNRC,System/OEM
com.android.systemui.emulation.pixel_6,System/OEM,,BCM CNRC,System/OEM
com.android.systemui.emulation.pixel_6_pro,System/OEM,,BCM CNRC,System/OEM
com.android.systemui.emulation.pixel_6a,System/OEM,,BCM CNRC,System/OEM
com.android.systemui.emulation.pixel_7,System/OEM,,BCM CNRC,System/OEM
com.android.systemui.emulation.pixel_7_pro,System/OEM,,BCM CNRC,System/OEM
com.android.systemui.emulation.pixel_7a,System/OEM,,BCM CNRC,System/OEM
com.android.systemui.emulation.pixel_8,System/OEM,,BCM CNRC,System/OEM
com.android.systemui.emulation.pixel_8_pro,System/OEM,,BCM CNRC,System/OEM
com.android.systemui.emulation.pixel_8a,System/OEM,,BCM CNRC,System/OEM
com.android.systemui.emulation.pixel_9,System/OEM,,BCM CNRC,System/OEM
com.android.systemui.emulation.pixel_9_pro,System/OEM,,BCM CNRC,System/OEM
com.android.systemui.emulation.pixel_9_pro_fold,System/OEM,,BCM CNRC,System/OEM
com.android.systemui.emulation.pixel_9_pro_xl,System/OEM,,BCM CNRC,System/OEM
com.android.systemui.emulation.pixel_9a,System/OEM,,BCM CNRC,System/OEM
com.android.systemui.emulation.pixel_fold,System/OEM,,BCM CNRC,System/OEM
com.android.systemui.plugin.globalactions.wallet,System/OEM,,BCM CNRC,System/OEM
com.android.systemui.rro_perf,System/OEM,,BCM CNRC,System/OEM
com.android.systemui.tct_overlay_product__,System/OEM,,BCM CNRC,System/OEM
com.android.systemui.theme.dark,System/OEM,,BCM CNRC,System/OEM
com.android.theme.color.black,System/OEM,,BCM CNRC,System/OEM
com.android.theme.color.cinnamon,System/OEM,,BCM CNRC,System/OEM
com.android.theme.color.green,System/OEM,,BCM CNRC,System/OEM
com.android.theme.color.ocean,System/OEM,,BCM CNRC,System/OEM
com.android.theme.color.orchid,System/OEM,,BCM CNRC,System/OEM
com.android.theme.color.purple,System/OEM,,BCM CNRC,System/OEM
com.android.theme.color.space,System/OEM,,BCM CNRC,System/OEM
com.android.theme.font.notoserifsource,System/OEM,,BCM CNRC,System/OEM
com.android.theme.icon.pebble,System/OEM,,BCM CNRC,System/OEM
com.android.theme.icon.roundedrect,System/OEM,,BCM CNRC,System/OEM
com.android.theme.icon.square,System/OEM,,BCM CNRC,System/OEM
com.android.theme.icon.squircle,System/OEM,,BCM CNRC,System/OEM
com.android.theme.icon.taperedrect,System/OEM,,BCM CNRC,System/OEM
com.android.theme.icon.teardrop,System/OEM,,BCM CNRC,System/OEM
com.android.theme.icon.vessel,System/OEM,,BCM CNRC,System/OEM
com.android.theme.icon_pack.circular.android,System/OEM,,BCM CNRC,System/OEM
com.android.theme.icon_pack.circular.launcher,System/OEM,,BCM CNRC,System/OEM
com.android.theme.icon_pack.circular.settings,System/OEM,,BCM CNRC,System/OEM
com.android.theme.icon_pack.circular.systemui,System/OEM,,BCM CNRC,System/OEM
com.android.theme.icon_pack.circular.themepicker,System/OEM,,BCM CNRC,System/OEM
com.android.theme.icon_pack.filled.android,System/OEM,,BCM CNRC,System/OEM
com.android.theme.icon_pack.filled.launcher,System/OEM,,BCM CNRC,System/OEM
com.android.theme.icon_pack.filled.settings,System/OEM,,BCM CNRC,System/OEM
com.android.theme.icon_pack.filled.systemui,System/OEM,,BCM CNRC,System/OEM
com.android.theme.icon_pack.filled.themepicker,System/OEM,,BCM CNRC,System/OEM
com.android.theme.icon_pack.rounded.android,System/OEM,,BCM CNRC,System/OEM
com.android.theme.icon_pack.rounded.launcher,System/OEM,,BCM CNRC,System/OEM
com.android.theme.icon_pack.rounded.settings,System/OEM,,BCM CNRC,System/OEM
com.android.theme.icon_pack.rounded.systemui,System/OEM,,BCM CNRC,System/OEM
com.android.theme.icon_pack.rounded.themepicker,System/OEM,,BCM CNRC,System/OEM
com.android.timezone.updater,System/OEM,,BCM CNRC,System/OEM
com.android.traceur,System/OEM,,BCM CNRC,System/OEM
com.android.traceur.auto_generated_rro_product__,System/OEM,,BCM CNRC,System/OEM
com.android.traceur.auto_generated_rro_vendor__,System/OEM,,BCM CNRC,System/OEM
com.android.unisoc.telephony.server,System/OEM,,BCM CNRC,System/OEM
com.android.uwb.resources,System/OEM,,BCM CNRC,System/OEM
com.android.vending,System/OEM,,BCM CNRC,System/OEM
com.android.virtualmachine.res,System/OEM,,BCM CNRC,System/OEM
com.android.vpndialogs,System/OEM,,BCM CNRC,System/OEM
com.android.wallpaper,System/OEM,,BCM CNRC,System/OEM
com.android.wallpaper.auto_generated_rro_product__,System/OEM,,BCM CNRC,System/OEM
com.android.wallpaper.livepicker,System/OEM,,BCM CNRC,System/OEM
com.android.wallpaperbackup,System/OEM,,BCM CNRC,System/OEM
com.android.wallpapercropper,System/OEM,,BCM CNRC,System/OEM
com.android.wallpaperpicker,System/OEM,,BCM CNRC,System/OEM
com.android.wallpaperpicker.tct_overlay_product__,System/OEM,,BCM CNRC,System/OEM
com.android.wifi.dialog,System/OEM,,BCM CNRC,System/OEM
com.android.wifi.mainline.resources.overlay,System/OEM,,BCM CNRC,System/OEM
com.android.wifi.resources,System/OEM,,BCM CNRC,System/OEM
com.android.wifi.resources.overlay,System/OEM,,BCM CNRC,System/OEM
com.android.wifi.resources.raspite,System/OEM,,BCM CNRC,System/OEM
com.android.wifi.resources.rro_perf,System/OEM,,BCM CNRC,System/OEM
com.android.wifi.resources.rro_product,System/OEM,,BCM CNRC,System/OEM
com.android.wifi.system.mainline.resources.overlay,System/OEM,,BCM CNRC,System/OEM
com.android.wifi.system.resources.overlay,System/OEM,,BCM CNRC,System/OEM
com.angkorworld.memo,Productivity & Business,TOOLS,BCM CNRC,Play Store
com.anipanion.pet,,,BCM CNRC,Uncategorized
com.annapurnainteractive.DonutCounty,Games,GAME_PUZZLE,BCM CNRC,Play Store
com.anydo,Productivity & Business,PRODUCTIVITY,BCM CNRC,Play Store
com.aofl.abcmouse,Education,EDUCATION,BCM CNRC,Play Store
com.aofl.adventureacademy,Education,EDUCATION,BCM CNRC,Play Store
com.appadvisory.drawclimber,Games,GAME_ARCADE,BCM CNRC,Play Store
com.apple.bnd,Productivity & Business,TOOLS,BCM CNRC,Play Store
com.apple.movetoios,Productivity & Business,TOOLS,BCM CNRC,Play Store
com.apple.trackerdetect,Productivity & Business,TOOLS,BCM CNRC,Play Store
com.applovin.array.apphub.tmobile,,,BCM CNRC,Uncategorized
com.appspot.orium_blog.crossword.eng,Games,GAME_WORD,BCM CNRC,Play Store
com.appxy.tinyscanner,Productivity & Business,BUSINESS,BCM CNRC,Play Store
com.aprender.a.leer,,,BCM CNRC,Uncategorized
com.arcsys.tictactoe.ftu,,,BCM CNRC,Uncategorized
com.arumcomm.playservicesinfo,Productivity & Business,TOOLS,BCM CNRC,Play Store
com.asana.app,Productivity & Business,BUSINESS,BCM CNRC,Play Store
com.astragon.bussimKids,,,BCM CNRC,Uncategorized
com.asurion.solutohome.verizon,Productivity & Business,TOOLS,BCM CNRC,Play Store
com.att.android.attsmartwifi,,,BCM CNRC,Uncategorized
com.att.android.tablet.attmessages,,,BCM CNRC,Uncategorized
com.att.callprotect,,,BCM CNRC,Uncategorized
com.att.iqi,,,BCM CNRC,Uncategorized
com.att.tv,Entertainment,ENTERTAINMENT,BCM CNRC,Play Store
com.audible.application.kindle,,,BCM CNRC,Uncategorized
com.audiomack,Entertainment,MUSIC_AND_AUDIO,BCM CNRC,Play Store
com.aura.oobe.att,,,BCM CNRC,Uncategorized
com.aura.oobe.sliide,,,BCM CNRC,Uncategorized
com.aura.services.tmobile,,,BCM CNRC,Uncategorized
com.autodesk.autocadws,Productivity & Business,PRODUCTIVITY,BCM CNRC,Play Store
com.autodesk.fusion,Productivity & Business,PRODUCTIVITY,BCM CNRC,Play Store
com.avast.android.cleaner,Productivity & Business,TOOLS,BCM CNRC,Play Store
com.avast.android.mobilesecurity,Productivity & Business,TOOLS,BCM CNRC,Play Store
com.avatarlife.avatarstory.mystory.myworld.mywonder,Games,GAME_SIMULATION,BCM CNRC,Play Store
com.avatarlife.myworld.avatarmaker.avatarstoryvirtual,Games,GAME_SIMULATION,BCM CNRC,Play Store
com.avokiddo.sub.fitoons,,,BCM CNRC,Uncategorized
com.avokiddo.sub.thinkrolls_space,,,BCM CNRC,Uncategorized
com.awesomebolts.screws2,,,BCM CNRC,Uncategorized
com.aycka.apps.MassReadings,Education,BOOKS_AND_REFERENCE,BCM CNRC,Play Store
com.azurgames.stackball,Games,GAME_ARCADE,BCM CNRC,Play Store
com.azurgames.taxi,Games,GAME_RACING,BCM CNRC,Play Store
com.azwstudios.theholybible.em,Education,BOOKS_AND_REFERENCE,BCM CNRC,Play Store
com.azwstudios.theholybible.web,Education,BOOKS_AND_REFERENCE,BCM CNRC,Play Store
com.babybus.overseas.superjojo,Education,EDUCATION,BCM CNRC,Play Store
com.babytiger.game.princess.a,Games,GAME_SIMULATION,BCM CNRC,Play Store
com.badgermeter.eyeonwater,Productivity & Business,TOOLS,BCM CNRC,Play Store
com.baf.connectballs,Games,GAME_PUZZLE,BCM CNRC,Play Store
com.bambo.soccerbeach.ftu,Games,,BCM CNRC,Publisher Heuristic
com.bbc.heyduggeecounting.freetimeunlimited,,,BCM CNRC,Uncategorized
com.bbg.car.wash.repair.garage.games,Games,GAME_ROLE_PLAYING,BCM CNRC,Play Store
com.beancreative.superwhy.android,Games,,BCM CNRC,Publisher Heuristic
com.beansprites.rainbowglittercoloringbookFREEAmazonKidsPlusEdition,Games,,BCM CNRC,Publisher Heuristic
com.beanstalkdata.tacocabanaordering,Lifestyle,FOOD_AND_DRINK,BCM CNRC,Play Store
com.bebi.family.baby.coloring,Games,GAME_EDUCATIONAL,BCM CNRC,Play Store
com.bebi.family.baby.games.mg2,Games,GAME_EDUCATIONAL,BCM CNRC,Play Store
com.become.acat.simulator.mr,Games,GAME_SIMULATION,BCM CNRC,Play Store
com.beetleplay.spidernest,Games,GAME_ARCADE,BCM CNRC,Play Store
com.bekids.skibidi.toiletmonster.drawtosave.games.dog.rescue,Games,GAME_PUZZLE,BCM CNRC,Play Store
com.best.doodle,Games,GAME_CASUAL,BCM CNRC,Play Store
com.betafish.adblocksbrowser,Productivity & Business,PRODUCTIVITY,BCM CNRC,Play Store
com.big.summerwheelie,Games,GAME_ARCADE,BCM CNRC,Play Store
com.bigbluebubble.singingmonsters.amazon,,,BCM CNRC,Uncategorized
com.bigbluepixel.photomeasures,Productivity & Business,PRODUCTIVITY,BCM CNRC,Play Store
com.bigduckgames.flow_premium,,,BCM CNRC,Uncategorized
com.bimiboo.adventure,Games,GAME_EDUCATIONAL,BCM CNRC,Play Store
com.bimiboo.coloringpuzzles,Games,GAME_EDUCATIONAL,BCM CNRC,Play Store
com.bimiboo.colors,Games,GAME_EDUCATIONAL,BCM CNRC,Play Store
com.bimiboo.episodes,Education,EDUCATION,BCM CNRC,Play Store
com.bimiboo.kids.puzzles,Games,GAME_PUZZLE,BCM CNRC,Play Store
com.bimiboo.learning.games,Education,EDUCATION,BCM CNRC,Play Store
com.bimiboo.playandlearn,Games,GAME_EDUCATIONAL,BCM CNRC,Play Store
com.binibambini.drawingforgirls,Games,GAME_EDUCATIONAL,BCM CNRC,Play Store
com.binibambini.minidancing,Games,GAME_EDUCATIONAL,BCM CNRC,Play Store
com.bitgamesoft.SuperBillyBros,Games,GAME_ADVENTURE,BCM CNRC,Play Store
com.bitgamesoft.TommyRun,,,BCM CNRC,Uncategorized
com.bitmango.go.linepuzzlepipeart,Games,GAME_PUZZLE,BCM CNRC,Play Store
com.bitmango.go.wordcookies,Games,GAME_WORD,BCM CNRC,Play Store
com.block.blast.free.cube.puzzle.game,Games,GAME_PUZZLE,BCM CNRC,Play Store
com.block.master.juggle.blast.adventure.jewel.classic.puzzle,Games,GAME_BOARD,BCM CNRC,Play Store
com.blockpuzzle.comboblastmaster.freegame,,,BCM CNRC,Uncategorized
com.bluetooth.aptxmode,,,BCM CNRC,Uncategorized
com.bo.fotoo,Photography,PHOTOGRAPHY,BCM CNRC,Play Store
com.bobatea.diy.bubble.tea.recipe.drinkgame,Games,GAME_CASUAL,BCM CNRC,Play Store
com.bonbongame.kids.doodle.drawing.games.coloring.book.car.games,Games,GAME_EDUCATIONAL,BCM CNRC,Play Store
com.borna.tapethrower,Games,GAME_ACTION,BCM CNRC,Play Store
com.bossrevolution.money.production,Productivity & Business,FINANCE,BCM CNRC,Play Store
com.bounce.dunk,Games,GAME_CASUAL,BCM CNRC,Play Store
com.brainrot.mini.challenge,Games,GAME_CASUAL,BCM CNRC,Play Store
com.brainy.prankster.puzzle,Games,GAME_PUZZLE,BCM CNRC,Play Store
com.branchapp.uberprocard,Productivity & Business,FINANCE,BCM CNRC,Play Store
com.bravestars.magic.doll.dress.up,,,BCM CNRC,Uncategorized
com.brighthorizons.backupcare,Lifestyle,LIFESTYLE,BCM CNRC,Play Store
com.briox.riversip.android.entertainment.celebs,Entertainment,ENTERTAINMENT,BCM CNRC,Play Store
com.briox.riversip.android.usnews.world,Entertainment,NEWS_AND_MAGAZINES,BCM CNRC,Play Store
com.brother.mfc.mobileconnect,Productivity & Business,TOOLS,BCM CNRC,Play Store
com.brother.printservice,Productivity & Business,PRODUCTIVITY,BCM CNRC,Play Store
com.bubadu.mybabyfood_freetime,,,BCM CNRC,Uncategorized
com.budgestudios.CrayolaNailParty,Education,,BCM CNRC,Publisher Heuristic
com.budgestudios.MyLittlePonyHarmonyQuest_amazon,Education,,BCM CNRC,Publisher Heuristic
com.budgestudios.ThomasAndFriendsGoGoThomas,Games,GAME_RACING,BCM CNRC,Play Store
com.budgestudios.ThomasAndFriendsGoGoThomas_amazon,Education,,BCM CNRC,Publisher Heuristic
com.budgestudios.amazon.BarbieDreamhouse,Education,,BCM CNRC,Publisher Heuristic
com.budgestudios.amazon.BlueyBLU,Education,,BCM CNRC,Publisher Heuristic
com.budgestudios.amazon.BudgeWorld,Education,,BCM CNRC,Publisher Heuristic
com.budgestudios.amazon.PawPatrolRescueWorld,Education,,BCM CNRC,Publisher Heuristic
com.budgestudios.amazon.freetime.BlueyBLU,Education,,BCM CNRC,Publisher Heuristic
com.budgestudios.amazon.freetime.BudgeRacing,Education,,BCM CNRC,Publisher Heuristic
com.budgestudios.amazon.freetime.CrayolaJewelryParty,Education,,BCM CNRC,Publisher Heuristic
com.budgestudios.amazon.freetime.DCSuperHeroGirls,Education,,BCM CNRC,Publisher Heuristic
com.budgestudios.amazon.freetime.HelloKittyLunchBox,Education,,BCM CNRC,Publisher Heuristic
com.budgestudios.amazon.freetime.HelloKittyNailSalon,Education,,BCM CNRC,Publisher Heuristic
com.budgestudios.amazon.freetime.HotWheelsUnlimited,Education,,BCM CNRC,Publisher Heuristic
com.budgestudios.amazon.freetime.MissHollywoodVacation,Education,,BCM CNRC,Publisher Heuristic
com.budgestudios.amazon.freetime.MyLittlePonyColoring,Education,,BCM CNRC,Publisher Heuristic
com.budgestudios.amazon.freetime.MyLittlePonyHarmonyQuest,Education,,BCM CNRC,Publisher Heuristic
com.budgestudios.amazon.freetime.MyLittlePonyPocketPonies,Education,,BCM CNRC,Publisher Heuristic
com.budgestudios.amazon.freetime.MyLittlePonyRainbowRunners,Education,,BCM CNRC,Publisher Heuristic
com.budgestudios.amazon.freetime.PawPatrolRescueWorld,Education,,BCM CNRC,Publisher Heuristic
com.budgestudios.amazon.freetime.StrawberryShortcakeBakeShare,Education,,BCM CNRC,Publisher Heuristic
com.budgestudios.amazon.freetime.StrawberryShortcakeIceCreamIsland,Education,,BCM CNRC,Publisher Heuristic
com.budgestudios.amazon.freetime.ThomasAndFriendsGoGoThomas,Education,,BCM CNRC,Publisher Heuristic
com.budgestudios.amazon.freetime.ThomasAndFriendsMagicalTracks,Education,,BCM CNRC,Publisher Heuristic
com.budgestudios.amazon.freetime.ThomasAndFriendsMinis,Education,,BCM CNRC,Publisher Heuristic
com.budgestudios.amazon.freetime.TransformersBumblebeeOverdrive,Education,,BCM CNRC,Publisher Heuristic
com.budgestudios.amazon.freetime.TransformersDisasterDash,Education,,BCM CNRC,Publisher Heuristic
com.budgestudios.amazon.freetime.TransformersRescueBotsHeroAdventures,Education,,BCM CNRC,Publisher Heuristic
com.budgestudios.amazon.freetime.hellokittyfashionstar,Education,,BCM CNRC,Publisher Heuristic
com.budgestudios.googleplay.BarbieDreamhouse,Games,GAME_SIMULATION,BCM CNRC,Play Store
com.budgestudios.googleplay.MiraculousMIR,Games,GAME_SIMULATION,BCM CNRC,Play Store
com.budgestudios.googleplay.ThomasAndFriendsMagicalTracks,Games,GAME_ADVENTURE,BCM CNRC,Play Store
com.budgestudios.googleplay.ThomasAndFriendsMinis,Games,GAME_CASUAL,BCM CNRC,Play Store
com.budgestudios.ludorum.chuggington,Education,,BCM CNRC,Publisher Heuristic
com.build.vip.realm.city,Games,,BCM CNRC,Publisher Heuristic
com.bulkybrains.mashuphero,Games,GAME_ACTION,BCM CNRC,Play Store
com.bydeluxe.mobileapps.tumbleleaf,Games,,BCM CNRC,Publisher Heuristic
com.byteapps.rokuremote.beta,Games,,BCM CNRC,Publisher Heuristic
com.callawaysesameapp.AnotherMATEOTB,Education,,BCM CNRC,Publisher Heuristic
com.candyroom.clubcraft,Games,GAME_ADVENTURE,BCM CNRC,Play Store
com.candywriter.bitlife,Games,GAME_SIMULATION,BCM CNRC,Play Store
com.cannonshot.game,Games,GAME_PUZZLE,BCM CNRC,Play Store
com.carfax.mycarfax,Lifestyle,AUTO_AND_VEHICLES,BCM CNRC,Play Store
com.carswande.spran,Games,GAME_ARCADE,BCM CNRC,Play Store
com.cassette.aquapark.ftu,,,BCM CNRC,Uncategorized
com.casual.game.boba.tea.drink,Games,GAME_CASUAL,BCM CNRC,Play Store
com.cclaw.diypaperdoll,Games,GAME_SIMULATION,BCM CNRC,Play Store
com.cdg.tictactoe,Games,GAME_PUZZLE,BCM CNRC,Play Store
com.cdt.spronki.playground,,,BCM CNRC,Uncategorized
com.cdtg.ragdoll.playground,Games,GAME_SIMULATION,BCM CNRC,Play Store
com.cdtg.we.craft,Games,GAME_SIMULATION,BCM CNRC,Play Store
com.cem.funny.filter,Entertainment,ENTERTAINMENT,BCM CNRC,Play Store
com.cem.ranking.filter,Entertainment,ENTERTAINMENT,BCM CNRC,Play Store
com.cerdillac.filmmaker,Photography,PHOTOGRAPHY,BCM CNRC,Play Store
com.cghs.stresstest,,,BCM CNRC,Uncategorized
com.chaos.merge.cube,,,BCM CNRC,Uncategorized
com.charge.them.all,Games,GAME_PUZZLE,BCM CNRC,Play Store
com.cheddarup.CheddarUp,Productivity & Business,FINANCE,BCM CNRC,Play Store
com.chihuahua.babyescape,Games,GAME_ARCADE,BCM CNRC,Play Store
com.chillies.real.car.driving.simulator,Games,GAME_RACING,BCM CNRC,Play Store
com.chillingo.robberybobfree.android.row.ftu,,,BCM CNRC,Uncategorized
com.chrome.beta,Productivity & Business,PRODUCTIVITY,BCM CNRC,Play Store
com.chungchy.highlightslibraryglobal,Education,EDUCATION,BCM CNRC,Play Store
com.clearchannel.iheartkids.freetime,Games,,BCM CNRC,Publisher Heuristic
com.clock.pt1.keeptesting,,,BCM CNRC,Uncategorized
com.clstudios.screenlock,,,BCM CNRC,Uncategorized
com.cocoplay.weddingdancefreeamazon,Games,,BCM CNRC,Publisher Heuristic
com.collectorz.javamobile.android.movies,Entertainment,ENTERTAINMENT,BCM CNRC,Play Store
com.color.mandala,Games,GAME_EDUCATIONAL,BCM CNRC,Play Store
com.colorhole.game,Games,GAME_ARCADE,BCM CNRC,Play Store
com.colt,Education,BOOKS_AND_REFERENCE,BCM CNRC,Play Store
com.comcast.cvs.android,,,BCM CNRC,Uncategorized
com.communitygames.flag,Games,GAME_WORD,BCM CNRC,Play Store
com.constructor.games,Games,GAME_PUZZLE,BCM CNRC,Play Store
com.cooingdv.rcfpv,Photography,PHOTOGRAPHY,BCM CNRC,Play Store
com.coquisoft.parentlove,Lifestyle,PARENTING,BCM CNRC,Play Store
com.crazy.block.robo.monster.cliffs.craft,Games,,BCM CNRC,Keyword Heuristic
com.crazylabs.amaze.game,Games,GAME_PUZZLE,BCM CNRC,Play Store
com.crazylabs.diy.make.up,Games,GAME_SIMULATION,BCM CNRC,Play Store
com.crazylabs.diyfashionfreeamazon,Games,,BCM CNRC,Publisher Heuristic
com.crazylabs.hotel.transylvaniafreeamazon,Games,,BCM CNRC,Publisher Heuristic
com.crazylabs.ladybugfreeamazon,Games,,BCM CNRC,Publisher Heuristic
com.crazylabs.monster.high,Games,GAME_ROLE_PLAYING,BCM CNRC,Play Store
com.crazylabs.sausage.run,Games,GAME_ARCADE,BCM CNRC,Play Store
com.creality.crealityscan,Productivity & Business,TOOLS,BCM CNRC,Play Store
com.creativestarsgames.bombevolution,Games,GAME_ACTION,BCM CNRC,Play Store
com.crowdhub.first15,Lifestyle,LIFESTYLE,BCM CNRC,Play Store
com.crucialsoft.asm,,,BCM CNRC,Uncategorized
com.crucialtec.uaf,,,BCM CNRC,Uncategorized
com.cslplasma.cslplasmadonorapplication,Health,MEDICAL,BCM CNRC,Play Store
com.ction.playergames,Games,GAME_SIMULATION,BCM CNRC,Play Store
com.customermobile.preload.vzw,,,BCM CNRC,Uncategorized
com.cute.angelaworld,Games,GAME_SIMULATION,BCM CNRC,Play Store
com.cwt.StuntCarExtremeChallenge2018,,,BCM CNRC,Uncategorized
com.cxinventor.file.explorer,Productivity & Business,TOOLS,BCM CNRC,Play Store
com.d2l.brightspace.student.android,Education,EDUCATION,BCM CNRC,Play Store
com.dancing.smash.hop.game.tiles.beat.piano.surfer,Games,GAME_MUSIC,BCM CNRC,Play Store
com.dancing.smash.hop.game.tiles.circles.beat.piano.beatracing,Games,GAME_MUSIC,BCM CNRC,Play Store
com.dash.dancing.smash.game.tiles.circles.beat.piano.rhythm.hop,Games,GAME_MUSIC,BCM CNRC,Play Store
com.dc.fademaster3d,Games,GAME_SIMULATION,BCM CNRC,Play Store
com.debug.loggerui,,,BCM CNRC,Uncategorized
com.deejoy.dota,,,BCM CNRC,Uncategorized
com.deepseek.chat,Productivity & Business,PRODUCTIVITY,BCM CNRC,Play Store
com.devgame.masha.and.bear.pizzeria.games,Games,GAME_ROLE_PLAYING,BCM CNRC,Play Store
com.devicescape.pwg,,,BCM CNRC,Uncategorized
com.dexpssolutions.dancing.road.color.ball.run,,,BCM CNRC,Uncategorized
com.dice.app.jobs,Productivity & Business,BUSINESS,BCM CNRC,Play Store
com.dicedpixel.foodrun,Games,GAME_ACTION,BCM CNRC,Play Store
com.digitalturbine.android.apps.news.att,Entertainment,ENTERTAINMENT,BCM CNRC,Play Store
com.digitalturbine.pwgbar,,,BCM CNRC,Uncategorized
com.dino.moto.race.master,Games,GAME_RACING,BCM CNRC,Play Store
com.dino.race.master,Games,GAME_RACING,BCM CNRC,Play Store
com.diotek.sec.lookup.dictionary,,,BCM CNRC,Uncategorized
com.disney.WMP_AMA_KIDS,Entertainment,,BCM CNRC,Publisher Heuristic
com.disney.WMW_AMA_KIDS,Entertainment,,BCM CNRC,Publisher Heuristic
com.disney.bolaftu_ama,Entertainment,,BCM CNRC,Publisher Heuristic
com.disney.bookreader,Entertainment,,BCM CNRC,Publisher Heuristic
com.disney.cars3_kftu,Entertainment,,BCM CNRC,Publisher Heuristic
com.disney.cinderellafreefallftu_ama,Entertainment,,BCM CNRC,Publisher Heuristic
com.disney.creativitystudio2_ftu,Entertainment,,BCM CNRC,Publisher Heuristic
com.disney.datg.videoplatforms.android.amazon.kindle.abc,Entertainment,,BCM CNRC,Publisher Heuristic
com.disney.datg.videoplatforms.android.amazon.kindle.watchdc,Entertainment,,BCM CNRC,Publisher Heuristic
com.disney.datg.videoplatforms.android.watchdc,Entertainment,,BCM CNRC,Publisher Heuristic
com.disney.disneybuddies123s_ftu,Entertainment,,BCM CNRC,Publisher Heuristic
com.disney.disneybuddiesabcs_ftu,Entertainment,,BCM CNRC,Publisher Heuristic
com.disney.disneybuilditfrozen_ftu,Entertainment,,BCM CNRC,Publisher Heuristic
com.disney.disneydreamtreats_amaftu,Entertainment,,BCM CNRC,Publisher Heuristic
com.disney.disneyjuniormagicphone_ftu,Entertainment,,BCM CNRC,Publisher Heuristic
com.disney.disneyjuniorplayftu_ama,Entertainment,,BCM CNRC,Publisher Heuristic
com.disney.djappisodesdms_amaftu,Entertainment,,BCM CNRC,Publisher Heuristic
com.disney.djappisodesdmskkkk_amaftu,Entertainment,,BCM CNRC,Publisher Heuristic
com.disney.djappisodesdmsrrbcp_amaftu,Entertainment,,BCM CNRC,Publisher Heuristic
com.disney.djappisodeskittyftu_ama,Entertainment,,BCM CNRC,Publisher Heuristic
com.disney.djappisodesmmch_amaftu,Entertainment,,BCM CNRC,Publisher Heuristic
com.disney.djappisodesmmchacw_ftu,Entertainment,,BCM CNRC,Publisher Heuristic
com.disney.djappisodesmmchscm_amaftu,Entertainment,,BCM CNRC,Publisher Heuristic
com.disney.djappisodesmrrwildtireftu_ama,Entertainment,,BCM CNRC,Publisher Heuristic
com.disney.djappisodespdpiceicepuggyftu_ama,Entertainment,,BCM CNRC,Publisher Heuristic
com.disney.djappisodespjmcats_ftu,Entertainment,,BCM CNRC,Publisher Heuristic
com.disney.docmcstuffinsbaby_amaftu,Entertainment,,BCM CNRC,Publisher Heuristic
com.disney.ducktalesremasteredftu_ama,Entertainment,,BCM CNRC,Publisher Heuristic
com.disney.findingdoryjustkeepswimming_ftu,Entertainment,,BCM CNRC,Publisher Heuristic
com.disney.monstersuniversityftu_ama,Entertainment,,BCM CNRC,Publisher Heuristic
com.disney.olafssummerdream_ftu,Entertainment,,BCM CNRC,Publisher Heuristic
com.disney.starwarspuzzledroids_ftu,Entertainment,,BCM CNRC,Publisher Heuristic
com.disney.thelionguard_ftu,Entertainment,,BCM CNRC,Publisher Heuristic
com.disney.toystorysmashitftu_ama,Entertainment,,BCM CNRC,Publisher Heuristic
com.disney.wheresmymickeyftu_ama,Entertainment,,BCM CNRC,Publisher Heuristic
com.disney.wreckitralph_ftu,Entertainment,,BCM CNRC,Publisher Heuristic
com.disney.zootopiacrimefilesho_ftu,Entertainment,,BCM CNRC,Publisher Heuristic
com.disney.zootopiajustintime_ftu,Entertainment,,BCM CNRC,Publisher Heuristic
com.disneydigitalbooks.MinnieBowMaker_amaFTU,Education,,BCM CNRC,Publisher Heuristic
com.disneydigitalbooks.PalacePets_amaFTU,Education,,BCM CNRC,Publisher Heuristic
com.disneydigitalbooks.activitiesonthego_amaFTU,Education,,BCM CNRC,Publisher Heuristic
com.disneydigitalbooks.milesfromtomorrowlandmissions_amaFTU,Education,,BCM CNRC,Publisher Heuristic
com.disneydigitalbooks.olafsbestdayever_amaFTU,Education,,BCM CNRC,Publisher Heuristic
com.disneydigitalbooks.planesfirerescue_amaftu,Education,,BCM CNRC,Publisher Heuristic
com.disneydigitalbooks.toystorytheater_amaFTU,Education,,BCM CNRC,Publisher Heuristic
com.diveomedia.little.stories.bedtime.books.kids,Lifestyle,PARENTING,BCM CNRC,Play Store
com.djgd.testmode,,,BCM CNRC,Uncategorized
com.dl.game.stickerbookpuzzle,Games,,BCM CNRC,Keyword Heuristic
com.dobrogamesdg.squid.candy.game,Games,GAME_SIMULATION,BCM CNRC,Play Store
com.dolby.daxappui,,,BCM CNRC,Uncategorized
com.dolby.daxservice,,,BCM CNRC,Uncategorized
com.dramaton.slimea,Games,,BCM CNRC,Publisher Heuristic
com.dramaton.slimepeta,,,BCM CNRC,Uncategorized
com.dramaton.squishera,,,BCM CNRC,Uncategorized
com.draw.to.home.bo,,,BCM CNRC,Uncategorized
com.draw.to.pee.bo,Games,GAME_PUZZLE,BCM CNRC,Play Store
com.dream.hop.jump.ball.music.free,Games,GAME_MUSIC,BCM CNRC,Play Store
com.dreamcoolgame.google.animalrun,Games,GAME_ACTION,BCM CNRC,Play Store
com.dreamgames.royalkingdom,Games,GAME_PUZZLE,BCM CNRC,Play Store
com.dressup.avatar.yoyo.doll.school.life,Games,GAME_CASUAL,BCM CNRC,Play Store
com.driftwood.galaxybowl.free,Games,GAME_SPORTS,BCM CNRC,Play Store
com.drivemode,,,BCM CNRC,Uncategorized
com.drivezone.car.race.game,Games,GAME_RACING,BCM CNRC,Play Store
com.drpanda.bathtime.kindlefreetimeedition,,,BCM CNRC,Uncategorized
com.drpanda.city2.kindlefreetimeedition,,,BCM CNRC,Uncategorized
com.drpanda.drpandacandyfactory.kindlefreetimeedition,,,BCM CNRC,Uncategorized
com.drpanda.farm.kindlefreetimeedition,,,BCM CNRC,Uncategorized
com.drpanda.icecream2.kindlefreetimeedition,Games,,BCM CNRC,Publisher Heuristic
com.drpanda.plus.homedesigner,,,BCM CNRC,Uncategorized
com.drpanda.racers.kindlefreetimeedition,,,BCM CNRC,Uncategorized
com.drpanda.restaurant3.freetimeunlimited,,,BCM CNRC,Uncategorized
com.drpanda.school.kindlefreetimeedition,,,BCM CNRC,Uncategorized
com.drpanda.town.holiday.kindlefreetimeedition,,,BCM CNRC,Uncategorized
com.drpanda.town.mall.kindlefreetimeedition,,,BCM CNRC,Uncategorized
com.drpanda.town.pet.kindlefreetimeedition,,,BCM CNRC,Uncategorized
com.drpanda.town.street.kindlefreetimeedition,,,BCM CNRC,Uncategorized
com.drpanda.train.kindlefreetimeedition,,,BCM CNRC,Uncategorized
com.drpanda.trucks.kindlefreetimeedition,,,BCM CNRC,Uncategorized
com.dsi.ant.server,,,BCM CNRC,Uncategorized
com.dti.att,,,BCM CNRC,Uncategorized
com.dti.folderlauncher,,,BCM CNRC,Uncategorized
com.dti.motorola,,,BCM CNRC,Uncategorized
com.dti.xw,,,BCM CNRC,Uncategorized
com.duckduckmoosedesign.bus,Education,EDUCATION,BCM CNRC,Play Store
com.duckduckmoosedesign.cpkids,Education,EDUCATION,BCM CNRC,Play Store
com.duckduckmoosedesign.fish,Games,GAME_EDUCATIONAL,BCM CNRC,Play Store
com.duckduckmoosedesign.ibs,Education,EDUCATION,BCM CNRC,Play Store
com.duckduckmoosedesign.kindread,Education,EDUCATION,BCM CNRC,Play Store
com.duckduckmoosedesign.km,Education,EDUCATION,BCM CNRC,Play Store
com.duckduckmoosedesign.pb,Education,EDUCATION,BCM CNRC,Play Store
com.duckduckmoosedesign.trucks,Games,GAME_EDUCATIONAL,BCM CNRC,Play Store
com.duckduckmoosedesign.trucks2,Games,GAME_EDUCATIONAL,BCM CNRC,Play Store
com.dxm.nopuzzle,Games,GAME_PUZZLE,BCM CNRC,Play Store
com.ea.evowner,Travel & Local,MAPS_AND_NAVIGATION,BCM CNRC,Play Store
com.ea.game.nfs14_row,Games,GAME_RACING,BCM CNRC,Play Store
com.ea.gp.fifamobile,Games,GAME_SPORTS,BCM CNRC,Play Store
com.ea.gp.maddennfl21mobile,Games,GAME_SPORTS,BCM CNRC,Play Store
com.easybrain.art.puzzle,Games,GAME_PUZZLE,BCM CNRC,Play Store
com.easybrain.jigsaw.puzzles,Games,GAME_PUZZLE,BCM CNRC,Play Store
com.easybrain.sudoku.android,Games,GAME_PUZZLE,BCM CNRC,Play Store
com.edgeway.virtualfireplacehd,,,BCM CNRC,Uncategorized
com.elranchosupermercado,Lifestyle,SHOPPING,BCM CNRC,Play Store
com.emeraldegg.rouletteofnames,Entertainment,ENTERTAINMENT,BCM CNRC,Play Store
com.emoji.merge.makeover.diy.mixer.funny,Entertainment,ENTERTAINMENT,BCM CNRC,Play Store
com.emojimaker.emojistitch,,,BCM CNRC,Uncategorized
com.emporiaenergy.emporos.v2,Lifestyle,LIFESTYLE,BCM CNRC,Play Store
com.europosit.pixelcoloring,Games,GAME_PUZZLE,BCM CNRC,Play Store
com.evite,Social & Communication,SOCIAL,BCM CNRC,Play Store
com.example.screentime,,,BCM CNRC,Uncategorized
com.ezt.lockscreen.draw,Lifestyle,PERSONALIZATION,BCM CNRC,Play Store
com.ezt.monster.playground,Games,,BCM CNRC,Keyword Heuristic
com.face.mashup.filter.trending.challenge,Entertainment,ENTERTAINMENT,BCM CNRC,Play Store
com.facebook.appmanager,,,BCM CNRC,Uncategorized
com.facebook.services,,,BCM CNRC,Uncategorized
com.facebook.system,,,BCM CNRC,Uncategorized
com.facechanger.agingapp.futureself,Entertainment,ART_AND_DESIGN,BCM CNRC,Play Store
com.facedelay.funfilter.funny.scan.challenge,Entertainment,ENTERTAINMENT,BCM CNRC,Play Store
com.factory.mmigroup,,,BCM CNRC,Uncategorized
com.falcon.p.gp.draw.police.tricky.puzzle,Games,,BCM CNRC,Keyword Heuristic
com.falcon.p.wm.numbre.lord.master.merge.run,,,BCM CNRC,Uncategorized
com.fantasy.room.unpacking,Games,GAME_CASUAL,BCM CNRC,Play Store
com.fc.nut.screw.bolt.washer.fastener.puzzle,Games,GAME_PUZZLE,BCM CNRC,Play Store
com.fc.p.dtn.tap.challenge.ticktock.minigames,,,BCM CNRC,Uncategorized
com.fc.p.gp.skincare.makeup.makeover.asmr.game,Games,GAME_SIMULATION,BCM CNRC,Play Store
com.fc.sn.satisy.makeup.ocd.organizer,Games,GAME_PUZZLE,BCM CNRC,Play Store
com.fdgentertainment.bananakong,Games,GAME_ACTION,BCM CNRC,Play Store
com.feofun.elementalmaster,Games,GAME_ACTION,BCM CNRC,Play Store
com.fgol.HungrySharkEvolution,Games,GAME_ARCADE,BCM CNRC,Play Store
com.fidgettrading.game,Games,GAME_SIMULATION,BCM CNRC,Play Store
com.fingersoft.hcr2.amazon,,,BCM CNRC,Uncategorized
com.fireos.arcus.proxy,,,BCM CNRC,Uncategorized
com.fireos.usagestats.proxy,,,BCM CNRC,Uncategorized
com.flashlight.bright.led.light,Productivity & Business,TOOLS,BCM CNRC,Play Store
com.flybirdgames.makeover.tile,Games,GAME_PUZZLE,BCM CNRC,Play Store
com.flyingwhalegames.garbage,Games,GAME_SIMULATION,BCM CNRC,Play Store
com.flyz.pcbtest,,,BCM CNRC,Uncategorized
com.focaltech.ft_terminal_test,,,BCM CNRC,Uncategorized
com.footlocker.approved,Lifestyle,SHOPPING,BCM CNRC,Play Store
com.forqan.tech.Fireman,Games,GAME_ROLE_PLAYING,BCM CNRC,Play Store
com.foxandsheep.animaldoctor,Games,GAME_ROLE_PLAYING,BCM CNRC,Play Store
com.foxandsheep.hospital.ftu,,,BCM CNRC,Uncategorized
com.foxandsheep.littlebuildersFTU,,,BCM CNRC,Uncategorized
com.foxandsheep.littlepolicestation.amazon,,,BCM CNRC,Uncategorized
com.freemannew.videoforyoutube,,,BCM CNRC,Uncategorized
com.freemusic.download.ddplmnb,,,BCM CNRC,Uncategorized
com.freeplay.twerk,Games,GAME_ARCADE,BCM CNRC,Play Store
com.fugo.wow,Games,GAME_WORD,BCM CNRC,Play Store
com.fun.free.games.io.card.game.solitaire.free.klondike.classic.calm,Games,GAME_CARD,BCM CNRC,Play Store
com.fun.free.games.io.puzzle.game.unblock.woody.wood.block.escape.free,Games,GAME_PUZZLE,BCM CNRC,Play Store
com.fun.free.games.io.zoo.friends.puzzle.blast,Games,GAME_PUZZLE,BCM CNRC,Play Store
com.fun.free.games.puzzle.hex.blocks.hexa.block.puzzles,Games,GAME_PUZZLE,BCM CNRC,Play Store
com.funbashtechnologies.games.free.longhair.challenge,Games,GAME_CASUAL,BCM CNRC,Play Store
com.funcell.petsimulator,Games,GAME_ROLE_PLAYING,BCM CNRC,Play Store
com.funfreegames.io.sudoku.com.classic.free.puzzle.brain.game,Games,GAME_BOARD,BCM CNRC,Play Store
com.fungenerationlab.bikeupgame.ftu,,,BCM CNRC,Uncategorized
com.funnyjoy.snysw.an,Games,GAME_PUZZLE,BCM CNRC,Play Store
com.furiousavocado.TieDye,,,BCM CNRC,Uncategorized
com.fusee.MergeMaster,Games,GAME_ARCADE,BCM CNRC,Play Store
com.g6677.amazon.ldentist,,,BCM CNRC,Uncategorized
com.game.bread.hero,Games,,BCM CNRC,Publisher Heuristic
com.game.fashion.magic.princess.dressup,Games,GAME_SIMULATION,BCM CNRC,Play Store
com.game.music.beatbox.horror.puzzle,Games,,BCM CNRC,Publisher Heuristic
com.game.space.shooter2,Games,GAME_ARCADE,BCM CNRC,Play Store
com.gamebee.olympics,,,BCM CNRC,Uncategorized
com.gamebee.sharkattack,,,BCM CNRC,Uncategorized
com.gameloft.android.AMAZ.GloftANAS,Games,,BCM CNRC,Publisher Heuristic
com.gameloft.android.AMAZ.GloftBITAS,Games,,BCM CNRC,Publisher Heuristic
com.gameloft.android.AMAZ.GloftDI58,Games,,BCM CNRC,Publisher Heuristic
com.gameloft.android.AMAZ.GloftDMAS,Games,,BCM CNRC,Publisher Heuristic
com.gameloft.android.AMAZ.GloftDRLAS,Games,,BCM CNRC,Publisher Heuristic
com.gameloft.android.AMAZ.GloftRUAS,Games,,BCM CNRC,Publisher Heuristic
com.gameloft.android.AMAZ.GloftSHAS,Games,,BCM CNRC,Publisher Heuristic
com.gameloft.android.ANMP.GloftPOHM,Games,GAME_CASUAL,BCM CNRC,Play Store
com.gamelord3d.princess.coloringgame,Games,GAME_SIMULATION,BCM CNRC,Play Store
com.games.bottle,Games,GAME_ARCADE,BCM CNRC,Play Store
com.games.layerman,Games,GAME_ARCADE,BCM CNRC,Play Store
com.games.webmaster,Games,GAME_ARCADE,BCM CNRC,Play Store
com.gamesforkids.coloring.games.cars,Games,GAME_CASUAL,BCM CNRC,Play Store
com.gamesforkids.preschoolworksheets.alphabets,Games,GAME_EDUCATIONAL,BCM CNRC,Play Store
com.gamestop.powerup,,,BCM CNRC,Uncategorized
com.gap.mobile.gap,Lifestyle,SHOPPING,BCM CNRC,Play Store
com.gatewisemultifamily.android,Productivity & Business,TOOLS,BCM CNRC,Play Store
com.gd.mobicore.pa,,,BCM CNRC,Uncategorized
com.geishatokyo.snowballio,Games,GAME_ACTION,BCM CNRC,Play Store
com.geosolinc.caljobs,Productivity & Business,BUSINESS,BCM CNRC,Play Store
com.giantssoftware.fs14.FreeTime,,,BCM CNRC,Uncategorized
com.glance.lockscreenM,Entertainment,ENTERTAINMENT,BCM CNRC,Play Store
com.globoforce.android,Productivity & Business,BUSINESS,BCM CNRC,Play Store
com.gloding.android.WorldMapPuzzle,Education,EDUCATION,BCM CNRC,Play Store
com.glutenfreegames.ultimateforestsimulatorfreetime,,,BCM CNRC,Uncategorized
com.glutenfreegames.ultimatesafarisimulatorfreetime,,,BCM CNRC,Uncategorized
com.gn.lightsaber.taser.gun.car.sounds,,,BCM CNRC,Uncategorized
com.gnarlygamestudio.agenthunt,Games,GAME_ACTION,BCM CNRC,Play Store
com.gokids.transportbuilding,Games,GAME_EDUCATIONAL,BCM CNRC,Play Store
com.gomarcopolo.schooledition,Education,EDUCATION,BCM CNRC,Play Store
com.gonoodle.gonoodle,Entertainment,ENTERTAINMENT,BCM CNRC,Play Store
com.gonoodle.gonoodlegames,,,BCM CNRC,Uncategorized
com.goodandbeautiful.homeschool,Education,EDUCATION,BCM CNRC,Play Store
com.goodandbeautiful.lettertiles,Education,EDUCATION,BCM CNRC,Play Store
com.goodboy.pbs,,,BCM CNRC,Uncategorized
com.goodix.rawdata,,,BCM CNRC,Uncategorized
com.goodland.slimeart,Games,GAME_CASUAL,BCM CNRC,Play Store
com.goodreads.kindle,Games,,BCM CNRC,Publisher Heuristic
com.goods.master3d.triple.puzzle,Games,GAME_CASUAL,BCM CNRC,Play Store
com.google.RilConfigService,,,BCM CNRC,Uncategorized
com.google.SSRestartDetector,,,BCM CNRC,Uncategorized
com.google.ambient.streaming,Games,,BCM CNRC,Publisher Heuristic
com.google.android.adservices.api,,,BCM CNRC,Uncategorized
com.google.android.apps.access.wifi.consumer,,,BCM CNRC,Uncategorized
com.google.android.apps.aiwallpapers,,,BCM CNRC,Uncategorized
com.google.android.apps.cameralite,,,BCM CNRC,Uncategorized
com.google.android.apps.carrier.carrierwifi,,,BCM CNRC,Uncategorized
com.google.android.apps.carrier.log,,,BCM CNRC,Uncategorized
com.google.android.apps.cbrsnetworkmonitor,,,BCM CNRC,Uncategorized
com.google.android.apps.cloudprint,,,BCM CNRC,Uncategorized
com.google.android.apps.customization.pixel,,,BCM CNRC,Uncategorized
com.google.android.apps.diagnosticstool,,,BCM CNRC,Uncategorized
com.google.android.apps.emojiwallpaper,,,BCM CNRC,Uncategorized
com.google.android.apps.gcs,,,BCM CNRC,Uncategorized
com.google.android.apps.internal.betterbug,,,BCM CNRC,Uncategorized
com.google.android.apps.mediahome.launcher,,,BCM CNRC,Uncategorized
com.google.android.apps.nexuslauncher,,,BCM CNRC,Uncategorized
com.google.android.apps.pixel.support,,,BCM CNRC,Uncategorized
com.google.android.apps.pixelmigrate,Productivity & Business,TOOLS,BCM CNRC,Play Store
com.google.android.apps.scone,,,BCM CNRC,Uncategorized
com.google.android.apps.searchlite.overlay,System/OEM,,BCM CNRC,System/OEM
com.google.android.apps.setupwizard.searchselector,System/OEM,,BCM CNRC,System/OEM
com.google.android.apps.speechservices,,,BCM CNRC,Uncategorized
com.google.android.apps.tips,Productivity & Business,TOOLS,BCM CNRC,Play Store
com.google.android.apps.turbo,,,BCM CNRC,Uncategorized
com.google.android.apps.wallpaper.auto_generated_rro_vendor__,System/OEM,,BCM CNRC,System/OEM
com.google.android.apps.wallpaper.pixel,System/OEM,,BCM CNRC,System/OEM
com.google.android.apps.work.oobconfig,,,BCM CNRC,Uncategorized
com.google.android.apps.youtube.music.setupwizard,Entertainment,,BCM CNRC,Keyword Heuristic
com.google.android.appsearch.apk,Games,,BCM CNRC,Publisher Heuristic
com.google.android.avatarpicker,,,BCM CNRC,Uncategorized
com.google.android.bluetooth,,,BCM CNRC,Uncategorized
com.google.android.captiveportallogin,System/OEM,,BCM CNRC,System/OEM
com.google.android.carrier,,,BCM CNRC,Uncategorized
com.google.android.carrierlocation,,,BCM CNRC,Uncategorized
com.google.android.carriersetup,,,BCM CNRC,Uncategorized
com.google.android.cellbroadcastreceiver,System/OEM,,BCM CNRC,System/OEM
com.google.android.cellbroadcastreceiver.rro_common,System/OEM,,BCM CNRC,System/OEM
com.google.android.cellbroadcastservice,,,BCM CNRC,Uncategorized
com.google.android.cellbroadcastservice.rro_common,,,BCM CNRC,Uncategorized
com.google.android.compos.payload,,,BCM CNRC,Uncategorized
com.google.android.configupdater,System/OEM,,BCM CNRC,System/OEM
com.google.android.connectivity.resources,,,BCM CNRC,Uncategorized
com.google.android.connectivity.resources.goldfish.overlay,System/OEM,,BCM CNRC,System/OEM
com.google.android.connectivity.resources.overlay,System/OEM,,BCM CNRC,System/OEM
com.google.android.connectivitythermalpowermanager,,,BCM CNRC,Uncategorized
com.google.android.devicelockcontroller,,,BCM CNRC,Uncategorized
com.google.android.dialer.rro_common,System/OEM,,BCM CNRC,System/OEM
com.google.android.documentsui,System/OEM,,BCM CNRC,System/OEM
com.google.android.documentsui.theme.pixel,System/OEM,,BCM CNRC,System/OEM
com.google.android.euiccoverlay,System/OEM,,BCM CNRC,System/OEM
com.google.android.ext.services,System/OEM,,BCM CNRC,System/OEM
com.google.android.ext.shared,System/OEM,,BCM CNRC,System/OEM
com.google.android.factoryota,,,BCM CNRC,Uncategorized
com.google.android.federatedcompute,,,BCM CNRC,Uncategorized
com.google.android.feedback,System/OEM,,BCM CNRC,System/OEM
com.google.android.flipendo,,,BCM CNRC,Uncategorized
com.google.android.flipendo.auto_generated_rro_product__,,,BCM CNRC,Uncategorized
com.google.android.flipendo.auto_generated_rro_vendor__,,,BCM CNRC,Uncategorized
com.google.android.gms.location.history,System/OEM,,BCM CNRC,System/OEM
com.google.android.gms.policy_sidecar_aps,System/OEM,,BCM CNRC,System/OEM
com.google.android.gmsintegration,System/OEM,,BCM CNRC,System/OEM
com.google.android.go.networkstack,,,BCM CNRC,Uncategorized
com.google.android.googlequicksearchbox.nga_resources,Games,,BCM CNRC,Publisher Heuristic
com.google.android.googlesdksetup,,,BCM CNRC,Uncategorized
com.google.android.grilservice,,,BCM CNRC,Uncategorized
com.google.android.gsf,System/OEM,,BCM CNRC,System/OEM
com.google.android.gsf.login,System/OEM,,BCM CNRC,System/OEM
com.google.android.hardwareinfo,,,BCM CNRC,Uncategorized
com.google.android.health.connect.backuprestore,Games,,BCM CNRC,Publisher Heuristic
com.google.android.healthconnect.controller,Games,,BCM CNRC,Publisher Heuristic
com.google.android.hotspot2.osulogin,,,BCM CNRC,Uncategorized
com.google.android.iwlan,,,BCM CNRC,Uncategorized
com.google.android.markup,,,BCM CNRC,Uncategorized
com.google.android.marvin.talkbackoverlay,System/OEM,,BCM CNRC,System/OEM
com.google.android.microdroid.empty_payload,,,BCM CNRC,Uncategorized
com.google.android.modulemetadata,,,BCM CNRC,Uncategorized
com.google.android.nearby.halfsheet,Games,,BCM CNRC,Publisher Heuristic
com.google.android.networkstack,System/OEM,,BCM CNRC,System/OEM
com.google.android.networkstack.overlay,System/OEM,,BCM CNRC,System/OEM
com.google.android.networkstack.permissionconfig,System/OEM,,BCM CNRC,System/OEM
com.google.android.networkstack.tethering,System/OEM,,BCM CNRC,System/OEM
com.google.android.networkstack.tethering.emulator,System/OEM,,BCM CNRC,System/OEM
com.google.android.networkstack.tethering.overlay,System/OEM,,BCM CNRC,System/OEM
com.google.android.networkstack.tethering.overlay2021,System/OEM,,BCM CNRC,System/OEM
com.google.android.networkstack.tetheringconfig,System/OEM,,BCM CNRC,System/OEM
com.google.android.networkstackconfig,System/OEM,,BCM CNRC,System/OEM
com.google.android.nfc,,,BCM CNRC,Uncategorized
com.google.android.odad,,,BCM CNRC,Uncategorized
com.google.android.ondevicepersonalization.services,,,BCM CNRC,Uncategorized
com.google.android.onetimeinitializer,System/OEM,,BCM CNRC,System/OEM
com.google.android.overlay.devicelockcontroller,System/OEM,,BCM CNRC,System/OEM
com.google.android.overlay.gmsagoconfig,System/OEM,,BCM CNRC,System/OEM
com.google.android.overlay.gmsconfig,System/OEM,,BCM CNRC,System/OEM
com.google.android.overlay.gmsconfig.asi,System/OEM,,BCM CNRC,System/OEM
com.google.android.overlay.gmsconfig.assistantgo,System/OEM,,BCM CNRC,System/OEM
com.google.android.overlay.gmsconfig.common,System/OEM,,BCM CNRC,System/OEM
com.google.android.overlay.gmsconfig.comms,System/OEM,,BCM CNRC,System/OEM
com.google.android.overlay.gmsconfig.gallerygo,System/OEM,,BCM CNRC,System/OEM
com.google.android.overlay.gmsconfig.geotz,System/OEM,,BCM CNRC,System/OEM
com.google.android.overlay.gmsconfig.go,System/OEM,,BCM CNRC,System/OEM
com.google.android.overlay.gmsconfig.gsa,System/OEM,,BCM CNRC,System/OEM
com.google.android.overlay.gmsconfig.personalsafety,System/OEM,,BCM CNRC,System/OEM
com.google.android.overlay.gmsconfig.photos,System/OEM,,BCM CNRC,System/OEM
com.google.android.overlay.gmsconfig.searchlauncherqs,System/OEM,,BCM CNRC,System/OEM
com.google.android.overlay.gmsconfig.searchselector,System/OEM,,BCM CNRC,System/OEM
com.google.android.overlay.gmsgoconfig,System/OEM,,BCM CNRC,System/OEM
com.google.android.overlay.gmsgsaconfig,System/OEM,,BCM CNRC,System/OEM
com.google.android.overlay.googleconfig,System/OEM,,BCM CNRC,System/OEM
com.google.android.overlay.googlewebview,System/OEM,,BCM CNRC,System/OEM
com.google.android.overlay.largescreenconfig,System/OEM,,BCM CNRC,System/OEM
com.google.android.overlay.largescreensettingsprovider,System/OEM,,BCM CNRC,System/OEM
com.google.android.overlay.modules.captiveportallogin.forframework,System/OEM,,BCM CNRC,System/OEM
com.google.android.overlay.modules.cellbroadcastreceiver,System/OEM,,BCM CNRC,System/OEM
com.google.android.overlay.modules.cellbroadcastservice,System/OEM,,BCM CNRC,System/OEM
com.google.android.overlay.modules.documentsui,System/OEM,,BCM CNRC,System/OEM
com.google.android.overlay.modules.ext.services,System/OEM,,BCM CNRC,System/OEM
com.google.android.overlay.modules.modulemedtadatagoogle.forframework,System/OEM,,BCM CNRC,System/OEM
com.google.android.overlay.modules.modulemetadata.forframework,System/OEM,,BCM CNRC,System/OEM
com.google.android.overlay.modules.permissioncontroller,System/OEM,,BCM CNRC,System/OEM
com.google.android.overlay.modules.permissioncontroller.forframework,System/OEM,,BCM CNRC,System/OEM
com.google.android.overlay.modules.permissioncontroller.tctui,System/OEM,,BCM CNRC,System/OEM
com.google.android.overlay.modules.permissioncontroller.tctui.cts,System/OEM,,BCM CNRC,System/OEM
com.google.android.overlay.permissioncontroller,System/OEM,,BCM CNRC,System/OEM
com.google.android.overlay.pixelconfig2018,System/OEM,,BCM CNRC,System/OEM
com.google.android.overlay.pixelconfig2019,System/OEM,,BCM CNRC,System/OEM
com.google.android.overlay.pixelconfig2019midyear,System/OEM,,BCM CNRC,System/OEM
com.google.android.overlay.pixelconfig2021,System/OEM,,BCM CNRC,System/OEM
com.google.android.overlay.pixelconfigcommon,System/OEM,,BCM CNRC,System/OEM
com.google.android.overlay.searchlauncherconfig,System/OEM,,BCM CNRC,System/OEM
com.google.android.overlay.udfpsoverlay,System/OEM,,BCM CNRC,System/OEM
com.google.android.packageinstaller,System/OEM,,BCM CNRC,System/OEM
com.google.android.packageinstaller.overlay,System/OEM,,BCM CNRC,System/OEM
com.google.android.partnersetup,System/OEM,,BCM CNRC,System/OEM
com.google.android.permissioncontroller,System/OEM,,BCM CNRC,System/OEM
com.google.android.photopicker,,,BCM CNRC,Uncategorized
com.google.android.pixel.setupwizard,,,BCM CNRC,Uncategorized
com.google.android.pixel.setupwizard.activeedge,,,BCM CNRC,Uncategorized
com.google.android.pixel.setupwizard.auto_generated_rro_product__,,,BCM CNRC,Uncategorized
com.google.android.pixel.setupwizard.overlay,System/OEM,,BCM CNRC,System/OEM
com.google.android.pixel.setupwizard.overlay2019,System/OEM,,BCM CNRC,System/OEM
com.google.android.pixel.setupwizard.overlay2021,System/OEM,,BCM CNRC,System/OEM
com.google.android.pixelnfc,,,BCM CNRC,Uncategorized
com.google.android.printservice.recommendation,System/OEM,,BCM CNRC,System/OEM
com.google.android.providers.media.module,System/OEM,,BCM CNRC,System/OEM
com.google.android.repairmode,,,BCM CNRC,Uncategorized
com.google.android.rkpdapp,,,BCM CNRC,Uncategorized
com.google.android.safetycenter.resources,,,BCM CNRC,Uncategorized
com.google.android.sdksandbox,,,BCM CNRC,Uncategorized
com.google.android.server.deviceconfig.resources,,,BCM CNRC,Uncategorized
com.google.android.settings.intelligence,,,BCM CNRC,Uncategorized
com.google.android.setupwizard,System/OEM,,BCM CNRC,System/OEM
com.google.android.soundpicker,,,BCM CNRC,Uncategorized
com.google.android.storagemanager,System/OEM,,BCM CNRC,System/OEM
com.google.android.storagemanager.auto_generated_rro_product__,System/OEM,,BCM CNRC,System/OEM
com.google.android.storagemanager.auto_generated_rro_vendor__,System/OEM,,BCM CNRC,System/OEM
com.google.android.syncadapters.calendar,,,BCM CNRC,Uncategorized
com.google.android.syncadapters.contacts,,,BCM CNRC,Uncategorized
com.google.android.systemui.gxoverlay,System/OEM,,BCM CNRC,System/OEM
com.google.android.tag,,,BCM CNRC,Uncategorized
com.google.android.talk,,,BCM CNRC,Uncategorized
com.google.android.telephony,,,BCM CNRC,Uncategorized
com.google.android.telephony.satellite,,,BCM CNRC,Uncategorized
com.google.android.tetheringentitlement,,,BCM CNRC,Uncategorized
com.google.android.turboadapter,,,BCM CNRC,Uncategorized
com.google.android.uvexposurereporter,,,BCM CNRC,Uncategorized
com.google.android.uwb.resources,,,BCM CNRC,Uncategorized
com.google.android.uwb.resources.goldfish.overlay,System/OEM,,BCM CNRC,System/OEM
com.google.android.virtualmachine.res,,,BCM CNRC,Uncategorized
com.google.android.wallpaper.effects,System/OEM,,BCM CNRC,System/OEM
com.google.android.wfcactivation,,,BCM CNRC,Uncategorized
com.google.android.wifi.dialog,,,BCM CNRC,Uncategorized
com.google.android.wifi.resources,,,BCM CNRC,Uncategorized
com.google.android.wifi.resources.overlay,System/OEM,,BCM CNRC,System/OEM
com.google.android.wifi.resources.pixel,,,BCM CNRC,Uncategorized
com.google.cellbroadcastuiresoverlay,System/OEM,,BCM CNRC,System/OEM
com.google.chromeremotedesktop,Productivity & Business,TOOLS,BCM CNRC,Play Store
com.google.euiccpixel,,,BCM CNRC,Uncategorized
com.google.euiccpixel.overlay.gs101,System/OEM,,BCM CNRC,System/OEM
com.google.euiccpixel.permissions,,,BCM CNRC,Uncategorized
com.google.intelligence.sense,,,BCM CNRC,Uncategorized
com.google.mainline.adservices,System/OEM,,BCM CNRC,System/OEM
com.google.mainline.go.telemetry,System/OEM,,BCM CNRC,System/OEM
com.google.mainline.telemetry,System/OEM,,BCM CNRC,System/OEM
com.google.omadm.trigger,,,BCM CNRC,Uncategorized
com.google.pixel.camera.services,Photography,,BCM CNRC,Keyword Heuristic
com.google.pixel.livewallpaper,,,BCM CNRC,Uncategorized
com.google.vr.apps.ornament,,,BCM CNRC,Uncategorized
com.google.vr.vrcore,,,BCM CNRC,Uncategorized
com.goolny.Split2048,Games,GAME_CASUAL,BCM CNRC,Play Store
com.govee.home,Productivity & Business,TOOLS,BCM CNRC,Play Store
com.gpg.ninemonths,Games,GAME_SIMULATION,BCM CNRC,Play Store
com.gplay.annoying.puzzle.game,Games,GAME_PUZZLE,BCM CNRC,Play Store
com.gpp.sushibar,Games,GAME_SIMULATION,BCM CNRC,Play Store
com.gramgames.mergedragons,Games,GAME_PUZZLE,BCM CNRC,Play Store
com.grammarly.android.keyboard,Productivity & Business,PRODUCTIVITY,BCM CNRC,Play Store
com.greendotcorp.pls,Productivity & Business,FINANCE,BCM CNRC,Play Store
com.greetingsisland.sam,Lifestyle,EVENTS,BCM CNRC,Play Store
com.gridwise.app,Productivity & Business,FINANCE,BCM CNRC,Play Store
com.grillgames.guitarrockhero2.ftu,,,BCM CNRC,Uncategorized
com.gs.cookieapp,Education,EDUCATION,BCM CNRC,Play Store
com.gsr.gewinderechnerbygsr,Education,BOOKS_AND_REFERENCE,BCM CNRC,Play Store
com.gun.simulator.sounds,Games,GAME_SIMULATION,BCM CNRC,Play Store
com.gym.idle.battle.simulation,Games,,BCM CNRC,Keyword Heuristic
com.gym.racegame,Games,GAME_RACING,BCM CNRC,Play Store
com.hair.race.challenge.run,Games,GAME_CASUAL,BCM CNRC,Play Store
com.hairclipper.pranksounds.funnyjoke,Entertainment,ENTERTAINMENT,BCM CNRC,Play Store
com.halfbrick.dantheman,Games,GAME_ARCADE,BCM CNRC,Play Store
com.halfbrick.fruitninja,Games,GAME_ARCADE,BCM CNRC,Play Store
com.halfbrick.fruitninjafree.freetime,,,BCM CNRC,Uncategorized
com.hancom.office.editor.hidden,,,BCM CNRC,Uncategorized
com.happy.game.music.fun.time.android,Games,GAME_MUSIC,BCM CNRC,Play Store
com.happygogame.makeUpCollection,,,BCM CNRC,Uncategorized
com.happygogame.makeUpCollection3,Games,GAME_CASUAL,BCM CNRC,Play Store
com.har.androidapp,Lifestyle,HOUSE_AND_HOME,BCM CNRC,Play Store
com.harman.ble.jbllink,Entertainment,ENTERTAINMENT,BCM CNRC,Play Store
com.harvest.io,Games,GAME_SIMULATION,BCM CNRC,Play Store
com.hazelfunstudio.cheesecake.maker.sweet.kitchen.chef,Games,GAME_CASUAL,BCM CNRC,Play Store
com.healthequity.healthequitymobile,Productivity & Business,FINANCE,BCM CNRC,Play Store
com.heb.myheb,Lifestyle,SHOPPING,BCM CNRC,Play Store
com.heidi.redrunner,,,BCM CNRC,Uncategorized
com.heli.monsters,Games,GAME_ACTION,BCM CNRC,Play Store
com.hellosimply.simplysingdroid,Entertainment,MUSIC_AND_AUDIO,BCM CNRC,Play Store
com.hellosuper.subscriber,Lifestyle,HOUSE_AND_HOME,BCM CNRC,Play Store
com.here.odnp.service,,,BCM CNRC,Uncategorized
com.herman.ringtone,Lifestyle,PERSONALIZATION,BCM CNRC,Play Store
com.herocraft.game.amz.zigzagged,Games,,BCM CNRC,Keyword Heuristic
com.herocraft.game.cut.arcade.catchthecandy,Games,GAME_PUZZLE,BCM CNRC,Play Store
com.hexaspacegames.fashion.girl.run.longhair3d,Games,GAME_ACTION,BCM CNRC,Play Store
com.hg.paperdeliveryboy,Games,GAME_ARCADE,BCM CNRC,Play Store
com.hicloud.android.clone,,,BCM CNRC,Uncategorized
com.hide.ball,Games,GAME_PUZZLE,BCM CNRC,Play Store
com.higame.annoying.tricky.story.puzzle.game,Games,GAME_PUZZLE,BCM CNRC,Play Store
com.higame.monster.tricky.annoying.puzzle.game,Games,GAME_PUZZLE,BCM CNRC,Play Store
com.hipsterwhale.crossy,,,BCM CNRC,Uncategorized
com.hipsterwhale.crossyfreetime,,,BCM CNRC,Uncategorized
com.hit.master,Games,GAME_ACTION,BCM CNRC,Play Store
com.hiya.star,,,BCM CNRC,Uncategorized
com.hmbl.connect.ball.dot.link.puzzle,Games,GAME_CASUAL,BCM CNRC,Play Store
com.homagames.studio.allinhole,Games,GAME_PUZZLE,BCM CNRC,Play Store
com.honeywell.android.lyric,Lifestyle,LIFESTYLE,BCM CNRC,Play Store
com.honeywell.mobile.android.totalComfort,Lifestyle,LIFESTYLE,BCM CNRC,Play Store
com.horus.warzone,Games,GAME_ACTION,BCM CNRC,Play Store
com.hrd.facts,Education,BOOKS_AND_REFERENCE,BCM CNRC,Play Store
com.hth.airvoice_wireless,Productivity & Business,BUSINESS,BCM CNRC,Play Store
com.hthcomm.tagmobile,Productivity & Business,BUSINESS,BCM CNRC,Play Store
com.huaqin.countrylist,,,BCM CNRC,Uncategorized
com.huaqin.lenovoprivacy,,,BCM CNRC,Uncategorized
com.huawei.android.thememanager,,,BCM CNRC,Uncategorized
com.huawei.health,Games,,BCM CNRC,Publisher Heuristic
com.hugoteam.airtalk_wireless,Productivity & Business,BUSINESS,BCM CNRC,Play Store
com.humanity.apps.humanityV3,Productivity & Business,BUSINESS,BCM CNRC,Play Store
com.hungerrush.gattispizza,Lifestyle,FOOD_AND_DRINK,BCM CNRC,Play Store
com.hungrystudio.block.puzzle.fun.brain.free,Games,GAME_PUZZLE,BCM CNRC,Play Store
com.hwqgrhhjfd.idlefastfood,Games,GAME_SIMULATION,BCM CNRC,Play Store
com.hy.system.fontserver,,,BCM CNRC,Uncategorized
com.hydrix.laurene,Productivity & Business,TOOLS,BCM CNRC,Play Store
com.hyperfutura.clumsyknight,Games,GAME_ARCADE,BCM CNRC,Play Store
com.hypergutura.tearthemall,Games,GAME_ACTION,BCM CNRC,Play Store
com.hyperhoop.pocketmonsters,Games,GAME_ACTION,BCM CNRC,Play Store
com.hyperkani.stuntcarextreme,Games,GAME_RACING,BCM CNRC,Play Store
com.hypermonkgames.Drift2Drag,Games,GAME_RACING,BCM CNRC,Play Store
com.iGroove.guitar,Games,GAME_MUSIC,BCM CNRC,Play Store
com.iconchanger.widget.theme.shortcut,Lifestyle,PERSONALIZATION,BCM CNRC,Play Store
com.idcgames.physicsdrop.deluxe.freetime,,,BCM CNRC,Uncategorized
com.idz.additionsubtractiongames,Games,GAME_EDUCATIONAL,BCM CNRC,Play Store
com.ifttt.ifttt,Productivity & Business,PRODUCTIVITY,BCM CNRC,Play Store
com.ig.wood.nuts.bolts.puzzle,Games,GAME_PUZZLE,BCM CNRC,Play Store
com.igg.android.lordsmobile,Games,GAME_STRATEGY,BCM CNRC,Play Store
com.ihd.waterrace.ftu,,,BCM CNRC,Uncategorized
com.imangi.templerun,Games,GAME_ARCADE,BCM CNRC,Play Store
com.imayi.dinoaquarium,Games,GAME_EDUCATIONAL,BCM CNRC,Play Store
com.imayi.dinocar.freetime,,,BCM CNRC,Uncategorized
com.imayi.dinodigger.freetime,,,BCM CNRC,Uncategorized
com.imayi.dinodigger2.freetime,,,BCM CNRC,Uncategorized
com.imayi.dinodigger3.freetime,,,BCM CNRC,Uncategorized
com.imayi.dinofarm.freetime,,,BCM CNRC,Uncategorized
com.imayi.dinopark.freetime,,,BCM CNRC,Uncategorized
com.imayi.dinopolice.freetime,,,BCM CNRC,Uncategorized
com.imayi.dinorescue.freetime,,,BCM CNRC,Uncategorized
com.imayi.dinotruck.freetime,,,BCM CNRC,Uncategorized
com.imayi.monstertruck.freetime,,,BCM CNRC,Uncategorized
com.imayi.monstertruckgofree,Games,GAME_RACING,BCM CNRC,Play Store
com.imayi.runninggames.kidsplus,,,BCM CNRC,Uncategorized
com.imo.android.imous,Social & Communication,COMMUNICATION,BCM CNRC,Play Store
com.impossible.date2.tricky.riddles,Games,GAME_PUZZLE,BCM CNRC,Play Store
com.imvu.mobilecordova,Social & Communication,SOCIAL,BCM CNRC,Play Store
com.inapp.incolor,Entertainment,ENTERTAINMENT,BCM CNRC,Play Store
com.incar.rkylog,,,BCM CNRC,Uncategorized
com.incar.update,,,BCM CNRC,Uncategorized
com.inmobi.installer,,,BCM CNRC,Uncategorized
com.innplaylabs.animalkingdomraid,Games,GAME_ADVENTURE,BCM CNRC,Play Store
com.inpeaceapp.wheeleravenuebaptistchurch.tx,Lifestyle,LIFESTYLE,BCM CNRC,Play Store
com.instagram.layout,,,BCM CNRC,Uncategorized
com.inthegame.extremetrials,,,BCM CNRC,Uncategorized
com.ipsec.service,,,BCM CNRC,Uncategorized
com.iron.balls,Games,GAME_PUZZLE,BCM CNRC,Play Store
com.ironsrc.aura.appmanager.tmo,,,BCM CNRC,Uncategorized
com.ironsrc.aura.tmo,,,BCM CNRC,Uncategorized
com.ivona.orchestrator,,,BCM CNRC,Uncategorized
com.ivona.tts.oem,,,BCM CNRC,Uncategorized
com.iz.coloring.games.book.drawing.painting.color.by.number.kids.baby,Games,,BCM CNRC,Keyword Heuristic
com.iz.ice.cream.shop.strawberry.popsicle.maker.truck.games,Games,GAME_EDUCATIONAL,BCM CNRC,Play Store
com.iz.preschool.games.puzzles.kindergarden.activities,Games,,BCM CNRC,Keyword Heuristic
com.j.nuts.bolts.screw.pin.puzzle,Games,GAME_PUZZLE,BCM CNRC,Play Store
com.jackintheboxinc.JackMobileApp,Lifestyle,FOOD_AND_DRINK,BCM CNRC,Play Store
com.joinhoney.honeyandroid,Lifestyle,SHOPPING,BCM CNRC,Play Store
com.joytunes.simplypiano,Education,EDUCATION,BCM CNRC,Play Store
com.jrdcom.Elabel,,,BCM CNRC,Uncategorized
com.jrdcom.Elabel.a_overlay,System/OEM,,BCM CNRC,System/OEM
com.jrdcom.Elabel.b_overlay,System/OEM,,BCM CNRC,System/OEM
com.jrdcom.Elabel.overlay_9137W,System/OEM,,BCM CNRC,System/OEM
com.jrdcom.Elabel.tct_overlay_product__,System/OEM,,BCM CNRC,System/OEM
com.jrdcom.tethering,,,BCM CNRC,Uncategorized
com.jrdcom.tethering.tct_overlay_product__,System/OEM,,BCM CNRC,System/OEM
com.jura.monster.truck.stunt,Games,GAME_RACING,BCM CNRC,Play Store
com.justalk.kids.android,Social & Communication,COMMUNICATION,BCM CNRC,Play Store
com.k2.consolelauncher,Lifestyle,PERSONALIZATION,BCM CNRC,Play Store
com.kahoot.bignumbers,Games,GAME_EDUCATIONAL,BCM CNRC,Play Store
com.kahoot.numbers,Games,GAME_EDUCATIONAL,BCM CNRC,Play Store
com.kanishka_developer.SketchPad,Entertainment,ART_AND_DESIGN,BCM CNRC,Play Store
com.kashkick.kashkickapp,Lifestyle,LIFESTYLE,BCM CNRC,Play Store
com.kayac.ball_run,Games,GAME_CASUAL,BCM CNRC,Play Store
com.kayac.breakragdoll,Games,GAME_ACTION,BCM CNRC,Play Store
com.kayac.eatingsimulator,Games,GAME_SIMULATION,BCM CNRC,Play Store
com.kayac.elastic_playground,Games,GAME_ACTION,BCM CNRC,Play Store
com.kayac.mergejigglypuzzle,Games,GAME_PUZZLE,BCM CNRC,Play Store
com.kern.iow.ave,,,BCM CNRC,Uncategorized
com.ketchapp.stack,Games,GAME_ARCADE,BCM CNRC,Play Store
com.keturi.CallItWhTaylor,,,BCM CNRC,Uncategorized
com.kevinbradford.games.fifthgrade.freetime,Games,,BCM CNRC,Keyword Heuristic
com.kevinbradford.games.firstgrade.freetime,Games,,BCM CNRC,Keyword Heuristic
com.kfteausa.mobile,Lifestyle,FOOD_AND_DRINK,BCM CNRC,Play Store
com.kidawesome.runner.elak,Games,,BCM CNRC,Keyword Heuristic
com.kidawesome.runner.math1,Games,,BCM CNRC,Keyword Heuristic
com.kidawesome.runner.mathk,Games,,BCM CNRC,Keyword Heuristic
com.kidoz.aeezo.pro.go,,,BCM CNRC,Uncategorized
com.kidoz.painter,,,BCM CNRC,Uncategorized
com.kidoz.v4.tablet_express_pro.go,,,BCM CNRC,Uncategorized
com.kidsatplay.tabtimeworld,Games,GAME_CASUAL,BCM CNRC,Play Store
com.kidsfoodinc.frozen_slushy_icy_food,,,BCM CNRC,Uncategorized
com.kigle.cocobi.hospital,Games,GAME_EDUCATIONAL,BCM CNRC,Play Store
com.kiloo.subwaysurf.barcelona,,,BCM CNRC,Uncategorized
com.kiloo.subwaysurf.berlin.ftu,,,BCM CNRC,Uncategorized
com.kiloo.subwaysurf.chicago,,,BCM CNRC,Uncategorized
com.kiloo.subwaysurf.paris,,,BCM CNRC,Uncategorized
com.kiloo.subwaysurf.tokyo.ftu,,,BCM CNRC,Uncategorized
com.kingsoft.office.amz,Games,,BCM CNRC,Publisher Heuristic
com.kitkagames.fallbuddies,Games,GAME_ACTION,BCM CNRC,Play Store
com.kms.free,,,BCM CNRC,Uncategorized
com.knox.vpn.proxyhandler,,,BCM CNRC,Uncategorized
com.kraftwerk9.chromecast,Productivity & Business,TOOLS,BCM CNRC,Play Store
com.kte.testmode,,,BCM CNRC,Uncategorized
com.kwalee.drawit,Games,GAME_ARCADE,BCM CNRC,Play Store
com.kyocera.NfcFactoryService,System/OEM,,BCM CNRC,System/OEM
com.kyocera.PcoStatusReceiver,System/OEM,,BCM CNRC,System/OEM
com.kyocera.diagnostic,System/OEM,,BCM CNRC,System/OEM
com.kyocera.labtest,System/OEM,,BCM CNRC,System/OEM
com.kyocera.omadm,System/OEM,,BCM CNRC,System/OEM
com.kyocera.outdoorreport,System/OEM,,BCM CNRC,System/OEM
com.kyocera.telephony,System/OEM,,BCM CNRC,System/OEM
com.kyocera.telephonyextra,System/OEM,,BCM CNRC,System/OEM
com.kyocera.waterproof,System/OEM,,BCM CNRC,System/OEM
com.kyocera.wifiautoactivate,System/OEM,,BCM CNRC,System/OEM
com.kyy.sportstube,,,BCM CNRC,Uncategorized
com.laboladoapp.labo_christmas_train,Games,GAME_EDUCATIONAL,BCM CNRC,Play Store
com.launcher.icecream,Productivity & Business,TOOLS,BCM CNRC,Play Store
com.learnnumbermath.android,Games,GAME_EDUCATIONAL,BCM CNRC,Play Store
com.learnwithhomer.amazonfree.dinosaurs,Games,,BCM CNRC,Publisher Heuristic
com.learnwithhomer.amazonfree.space,Games,,BCM CNRC,Publisher Heuristic
com.learnwithhomer.amazonfree.vehicles,Games,,BCM CNRC,Publisher Heuristic
com.learnwithhomer.webapp.HomerReading.amazon,Games,,BCM CNRC,Publisher Heuristic
com.lego.bricksmore.create,Games,,BCM CNRC,Publisher Heuristic
com.lego.common.legolife,Games,,BCM CNRC,Publisher Heuristic
com.lego.common.legoplay,Entertainment,ENTERTAINMENT,BCM CNRC,Play Store
com.lego.duplo.trains2,Games,,BCM CNRC,Publisher Heuristic
com.lego.friends.heartlake.kidsplus.amazon,Games,,BCM CNRC,Publisher Heuristic
com.lenovo.EngineeringCode,System/OEM,,BCM CNRC,System/OEM
com.lenovo.dsa,System/OEM,,BCM CNRC,System/OEM
com.lenovo.launcher.provider,System/OEM,,BCM CNRC,System/OEM
com.lenovo.lsf,System/OEM,,BCM CNRC,System/OEM
com.lenovo.lsf.device,System/OEM,,BCM CNRC,System/OEM
com.lenovo.ocpl,System/OEM,,BCM CNRC,System/OEM
com.lenovo.ota,System/OEM,,BCM CNRC,System/OEM
com.lenovo.screenassistant,System/OEM,,BCM CNRC,System/OEM
com.lenovo.screencapture,System/OEM,,BCM CNRC,System/OEM
com.lenovo.smart_tab_m10_fhd,System/OEM,,BCM CNRC,System/OEM
com.lenovo.tbengine,System/OEM,,BCM CNRC,System/OEM
com.lenovo.ue.device,System/OEM,,BCM CNRC,System/OEM
com.lescapadou.ttsalphabet,Education,EDUCATION,BCM CNRC,Play Store
com.lge,,,BCM CNRC,Uncategorized
com.lge.NfcSettings,System/OEM,,BCM CNRC,System/OEM
com.lge.android.atservice,System/OEM,,BCM CNRC,System/OEM
com.lge.android.lgsafeguard,System/OEM,,BCM CNRC,System/OEM
com.lge.appbox.client,System/OEM,,BCM CNRC,System/OEM
com.lge.bluetoothsetting,System/OEM,,BCM CNRC,System/OEM
com.lge.bnr,System/OEM,,BCM CNRC,System/OEM
com.lge.camera,System/OEM,,BCM CNRC,System/OEM
com.lge.clock,System/OEM,,BCM CNRC,System/OEM
com.lge.coneshortcut,System/OEM,,BCM CNRC,System/OEM
com.lge.diag,System/OEM,,BCM CNRC,System/OEM
com.lge.diag.echolocate,System/OEM,,BCM CNRC,System/OEM
com.lge.drmservice,System/OEM,,BCM CNRC,System/OEM
com.lge.easyhome,System/OEM,,BCM CNRC,System/OEM
com.lge.email,System/OEM,,BCM CNRC,System/OEM
com.lge.entitlementcheckservice,System/OEM,,BCM CNRC,System/OEM
com.lge.eula,System/OEM,,BCM CNRC,System/OEM
com.lge.exchange,System/OEM,,BCM CNRC,System/OEM
com.lge.faceglance.enrollment,System/OEM,,BCM CNRC,System/OEM
com.lge.faceglance.trustagent,System/OEM,,BCM CNRC,System/OEM
com.lge.floatingbar,System/OEM,,BCM CNRC,System/OEM
com.lge.gallery.collagewallpaper,System/OEM,,BCM CNRC,System/OEM
com.lge.gallery.vr.wallpaper,System/OEM,,BCM CNRC,System/OEM
com.lge.gametools.gamerecorder,System/OEM,,BCM CNRC,System/OEM
com.lge.gametuner,System/OEM,,BCM CNRC,System/OEM
com.lge.gba.android,System/OEM,,BCM CNRC,System/OEM
com.lge.gdec.client,System/OEM,,BCM CNRC,System/OEM
com.lge.gestureanswering,System/OEM,,BCM CNRC,System/OEM
com.lge.gnss.airtest,System/OEM,,BCM CNRC,System/OEM
com.lge.gnsslogsetting,System/OEM,,BCM CNRC,System/OEM
com.lge.gnsspostest,System/OEM,,BCM CNRC,System/OEM
com.lge.gnsstest,System/OEM,,BCM CNRC,System/OEM
com.lge.hifirecorder,System/OEM,,BCM CNRC,System/OEM
com.lge.homeselector,System/OEM,,BCM CNRC,System/OEM
com.lge.hotspotlauncher,System/OEM,,BCM CNRC,System/OEM
com.lge.hotspotprovision,System/OEM,,BCM CNRC,System/OEM
com.lge.ia.task.informant,System/OEM,,BCM CNRC,System/OEM
com.lge.ia.task.smartcare,System/OEM,,BCM CNRC,System/OEM
com.lge.icecontacts,System/OEM,,BCM CNRC,System/OEM
com.lge.ime,System/OEM,,BCM CNRC,System/OEM
com.lge.ime.solution.text,System/OEM,,BCM CNRC,System/OEM
com.lge.ims,System/OEM,,BCM CNRC,System/OEM
com.lge.ims.rcsprovider,System/OEM,,BCM CNRC,System/OEM
com.lge.imsvt,System/OEM,,BCM CNRC,System/OEM
com.lge.inputdevices,System/OEM,,BCM CNRC,System/OEM
com.lge.intelligent,System/OEM,,BCM CNRC,System/OEM
com.lge.jansky.service,System/OEM,,BCM CNRC,System/OEM
com.lge.launcher3,System/OEM,,BCM CNRC,System/OEM
com.lge.leccp,System/OEM,,BCM CNRC,System/OEM
com.lge.lgbroadcastradioservice,System/OEM,,BCM CNRC,System/OEM
com.lge.lgfota.permission,System/OEM,,BCM CNRC,System/OEM
com.lge.lginstallservies,System/OEM,,BCM CNRC,System/OEM
com.lge.lockscreensettings,System/OEM,,BCM CNRC,System/OEM
com.lge.mirroringhead,System/OEM,,BCM CNRC,System/OEM
com.lge.mirrorlink,System/OEM,,BCM CNRC,System/OEM
com.lge.mlt,System/OEM,,BCM CNRC,System/OEM
com.lge.music,System/OEM,,BCM CNRC,System/OEM
com.lge.musiccontroller,System/OEM,,BCM CNRC,System/OEM
com.lge.musicpicker,System/OEM,,BCM CNRC,System/OEM
com.lge.myplace,System/OEM,,BCM CNRC,System/OEM
com.lge.myplace.engine,System/OEM,,BCM CNRC,System/OEM
com.lge.networksettings,System/OEM,,BCM CNRC,System/OEM
com.lge.nextcapture,System/OEM,,BCM CNRC,System/OEM
com.lge.operator.hiddenmenu,System/OEM,,BCM CNRC,System/OEM
com.lge.phonemanagement,System/OEM,,BCM CNRC,System/OEM
com.lge.provider.lockscreensettings,System/OEM,,BCM CNRC,System/OEM
com.lge.provider.signboard,System/OEM,,BCM CNRC,System/OEM
com.lge.provider.systemui,System/OEM,,BCM CNRC,System/OEM
com.lge.remote.lgairdrive,System/OEM,,BCM CNRC,System/OEM
com.lge.remote.setting,System/OEM,,BCM CNRC,System/OEM
com.lge.sdencryption,System/OEM,,BCM CNRC,System/OEM
com.lge.servicemenu,System/OEM,,BCM CNRC,System/OEM
com.lge.shutdownmonitor,System/OEM,,BCM CNRC,System/OEM
com.lge.signboard,System/OEM,,BCM CNRC,System/OEM
com.lge.signboard.settings,System/OEM,,BCM CNRC,System/OEM
com.lge.sizechangable.weather,System/OEM,,BCM CNRC,System/OEM
com.lge.sizechangable.weather.platform,System/OEM,,BCM CNRC,System/OEM
com.lge.sizechangable.weather.theme.optimus,System/OEM,,BCM CNRC,System/OEM
com.lge.smartenabler,System/OEM,,BCM CNRC,System/OEM
com.lge.smartshare,System/OEM,,BCM CNRC,System/OEM
com.lge.smartsharepush,System/OEM,,BCM CNRC,System/OEM
com.lge.springcleaning,System/OEM,,BCM CNRC,System/OEM
com.lge.sprintnativewfc.smf,System/OEM,,BCM CNRC,System/OEM
com.lge.srtc,System/OEM,,BCM CNRC,System/OEM
com.lge.sync,System/OEM,,BCM CNRC,System/OEM
com.lge.systemservice,System/OEM,,BCM CNRC,System/OEM
com.lge.themeservice,System/OEM,,BCM CNRC,System/OEM
com.lge.touchcontrol,System/OEM,,BCM CNRC,System/OEM
com.lge.updatecenter,System/OEM,,BCM CNRC,System/OEM
com.lge.video.vr.wallpaper,System/OEM,,BCM CNRC,System/OEM
com.lge.voiceprint,System/OEM,,BCM CNRC,System/OEM
com.lge.wallpaper.lightwave,System/OEM,,BCM CNRC,System/OEM
com.lge.wallpaper.perspective,System/OEM,,BCM CNRC,System/OEM
com.lge.wallpaperpicker,System/OEM,,BCM CNRC,System/OEM
com.lge.wapservice,System/OEM,,BCM CNRC,System/OEM
com.lge.wfcconnectivity,System/OEM,,BCM CNRC,System/OEM
com.lge.wfcprovider,System/OEM,,BCM CNRC,System/OEM
com.lge.wfcservice,System/OEM,,BCM CNRC,System/OEM
com.lge.wfcsettings,System/OEM,,BCM CNRC,System/OEM
com.lge.wfds.service.v3,System/OEM,,BCM CNRC,System/OEM
com.lge.wifi.p2p,System/OEM,,BCM CNRC,System/OEM
com.lge.wifihotspotwidget,System/OEM,,BCM CNRC,System/OEM
com.lge.wifisettings,System/OEM,,BCM CNRC,System/OEM
com.lionstudios.mrbullet,Games,GAME_PUZZLE,BCM CNRC,Play Store
com.livingcodelabs.youspell,Education,EDUCATION,BCM CNRC,Play Store
com.lmsa.app.lmsapad,,,BCM CNRC,Uncategorized
com.logans.app,Lifestyle,LIFESTYLE,BCM CNRC,Play Store
com.loyalfoundryapps.woodblockpuzzle,Games,GAME_PUZZLE,BCM CNRC,Play Store
com.ludia.jurassicworld,Games,GAME_SIMULATION,BCM CNRC,Play Store
com.lukedoukakis.speedstars,Games,GAME_SPORTS,BCM CNRC,Play Store
com.maestro.fismobile,,,BCM CNRC,Uncategorized
com.magic.music.tiles.game,Games,,BCM CNRC,Keyword Heuristic
com.makeovergames.HomeMakeoverDesignGames.homedesign.homegames,Games,GAME_SIMULATION,BCM CNRC,Play Store
com.makeoverstory.makeupasmr,Games,GAME_SIMULATION,BCM CNRC,Play Store
com.mamara.bakery,Games,GAME_EDUCATIONAL,BCM CNRC,Play Store
com.mamara.bakery.ftu,,,BCM CNRC,Uncategorized
com.manageengine.mdm.android,Productivity & Business,BUSINESS,BCM CNRC,Play Store
com.maps.locator.gps.gpstracker.phone,Travel & Local,,BCM CNRC,Keyword Heuristic
com.maroieqrwlk.unpin,Games,GAME_PUZZLE,BCM CNRC,Play Store
com.mathdomaindevelopment.divisionmemorizer,Games,GAME_EDUCATIONAL,BCM CNRC,Play Store
com.mathdomaindevelopment.multiplicationstables,Games,GAME_EDUCATIONAL,BCM CNRC,Play Store
com.mattel.thomasbigadventureftu,,,BCM CNRC,Uncategorized
com.matteljv.uno,Games,GAME_CARD,BCM CNRC,Play Store
com.maxmpz.audioplayer.unlock,Entertainment,MUSIC_AND_AUDIO,BCM CNRC,Play Store
com.mcgraw.mhindia,Education,EDUCATION,BCM CNRC,Play Store
com.medco.medcopharmacy,Health,MEDICAL,BCM CNRC,Play Store
com.mediatek,,,BCM CNRC,Uncategorized
com.mediatek.FrameworkResOverlayExt,System/OEM,,BCM CNRC,System/OEM
com.mediatek.MtkSettingsResOverlay,System/OEM,,BCM CNRC,System/OEM
com.mediatek.SettingsProviderResOverlay,System/OEM,,BCM CNRC,System/OEM
com.mediatek.apmonitor,System/OEM,,BCM CNRC,System/OEM
com.mediatek.atci.service,System/OEM,,BCM CNRC,System/OEM
com.mediatek.atmwifimeta,System/OEM,,BCM CNRC,System/OEM
com.mediatek.autodialer,System/OEM,,BCM CNRC,System/OEM
com.mediatek.batterywarning,System/OEM,,BCM CNRC,System/OEM
com.mediatek.calendarimporter,System/OEM,,BCM CNRC,System/OEM
com.mediatek.callrecorder,System/OEM,,BCM CNRC,System/OEM
com.mediatek.camera,System/OEM,,BCM CNRC,System/OEM
com.mediatek.capctrl.service,System/OEM,,BCM CNRC,System/OEM
com.mediatek.carrierexpress,System/OEM,,BCM CNRC,System/OEM
com.mediatek.cellbroadcastuiresoverlay,System/OEM,,BCM CNRC,System/OEM
com.mediatek.dataprotection,System/OEM,,BCM CNRC,System/OEM
com.mediatek.duraspeed,System/OEM,,BCM CNRC,System/OEM
com.mediatek.emcamera,System/OEM,,BCM CNRC,System/OEM
com.mediatek.engineermode,System/OEM,,BCM CNRC,System/OEM
com.mediatek.entitlement,System/OEM,,BCM CNRC,System/OEM
com.mediatek.entitlement.fcm,System/OEM,,BCM CNRC,System/OEM
com.mediatek.factorymode,System/OEM,,BCM CNRC,System/OEM
com.mediatek.frameworkresoverlay,System/OEM,,BCM CNRC,System/OEM
com.mediatek.gba,System/OEM,,BCM CNRC,System/OEM
com.mediatek.gbaservice,System/OEM,,BCM CNRC,System/OEM
com.mediatek.gnss.nonframeworklbs,System/OEM,,BCM CNRC,System/OEM
com.mediatek.gnssdebugreport,System/OEM,,BCM CNRC,System/OEM
com.mediatek.ims,System/OEM,,BCM CNRC,System/OEM
com.mediatek.ims.pco,System/OEM,,BCM CNRC,System/OEM
com.mediatek.ims.rcsua.service,System/OEM,,BCM CNRC,System/OEM
com.mediatek.lbs.em2.ui,System/OEM,,BCM CNRC,System/OEM
com.mediatek.location.lppe.main,System/OEM,,BCM CNRC,System/OEM
com.mediatek.location.mtkgeofence,System/OEM,,BCM CNRC,System/OEM
com.mediatek.location.mtknlp,System/OEM,,BCM CNRC,System/OEM
com.mediatek.mdmconfig,System/OEM,,BCM CNRC,System/OEM
com.mediatek.mdmlsample,System/OEM,,BCM CNRC,System/OEM
com.mediatek.miravision.ui,System/OEM,,BCM CNRC,System/OEM
com.mediatek.mt6833.gamedriver,System/OEM,,BCM CNRC,System/OEM
com.mediatek.nlpservice,System/OEM,,BCM CNRC,System/OEM
com.mediatek.omacp,System/OEM,,BCM CNRC,System/OEM
com.mediatek.op07.browser,System/OEM,,BCM CNRC,System/OEM
com.mediatek.op07.cellbroadcastreceiver,System/OEM,,BCM CNRC,System/OEM
com.mediatek.op07.phone,System/OEM,,BCM CNRC,System/OEM
com.mediatek.op07.settings,System/OEM,,BCM CNRC,System/OEM
com.mediatek.op07.telecom,System/OEM,,BCM CNRC,System/OEM
com.mediatek.op07.wfo,System/OEM,,BCM CNRC,System/OEM
com.mediatek.op08.cellbroadcastreceiver,System/OEM,,BCM CNRC,System/OEM
com.mediatek.op08.ims,System/OEM,,BCM CNRC,System/OEM
com.mediatek.op08.phone,System/OEM,,BCM CNRC,System/OEM
com.mediatek.op08.settings,System/OEM,,BCM CNRC,System/OEM
com.mediatek.op08.telecom,System/OEM,,BCM CNRC,System/OEM
com.mediatek.op08.wfo,System/OEM,,BCM CNRC,System/OEM
com.mediatek.op12.cellbroadcastreceiver,System/OEM,,BCM CNRC,System/OEM
com.mediatek.op12.ims,System/OEM,,BCM CNRC,System/OEM
com.mediatek.op12.phone,System/OEM,,BCM CNRC,System/OEM
com.mediatek.op12.settings,System/OEM,,BCM CNRC,System/OEM
com.mediatek.op12.telecom,System/OEM,,BCM CNRC,System/OEM
com.mediatek.op20.cellbroadcastreceiver,System/OEM,,BCM CNRC,System/OEM
com.mediatek.op20.phone,System/OEM,,BCM CNRC,System/OEM
com.mediatek.op20.settings,System/OEM,,BCM CNRC,System/OEM
com.mediatek.op236.cellbroadcastreceiver,System/OEM,,BCM CNRC,System/OEM
com.mediatek.presence,System/OEM,,BCM CNRC,System/OEM
com.mediatek.providers.drm,System/OEM,,BCM CNRC,System/OEM
com.mediatek.rcs.provisioning,System/OEM,,BCM CNRC,System/OEM
com.mediatek.rsu,System/OEM,,BCM CNRC,System/OEM
com.mediatek.sensorhub.ui,System/OEM,,BCM CNRC,System/OEM
com.mediatek.simprocessor,System/OEM,,BCM CNRC,System/OEM
com.mediatek.smartratswitch.service,System/OEM,,BCM CNRC,System/OEM
com.mediatek.systemuiresoverlay,System/OEM,,BCM CNRC,System/OEM
com.mediatek.systemuiwmshellresoverlay,System/OEM,,BCM CNRC,System/OEM
com.mediatek.tabletframeworkresoverlay,System/OEM,,BCM CNRC,System/OEM
com.mediatek.telephony,System/OEM,,BCM CNRC,System/OEM
com.mediatek.thermalmanager,System/OEM,,BCM CNRC,System/OEM
com.mediatek.voicecommand,System/OEM,,BCM CNRC,System/OEM
com.mediatek.voiceunlock,System/OEM,,BCM CNRC,System/OEM
com.mediatek.ygps,System/OEM,,BCM CNRC,System/OEM
com.meditation.deepsleep.relax,Lifestyle,LIFESTYLE,BCM CNRC,Play Store
com.memberzonestaff.alpha,Productivity & Business,BUSINESS,BCM CNRC,Play Store
com.merriamwebster,Education,BOOKS_AND_REFERENCE,BCM CNRC,Play Store
com.mesibagames.pipesandballs,Games,GAME_PUZZLE,BCM CNRC,Play Store
com.metro.minus1,Entertainment,ENTERTAINMENT,BCM CNRC,Play Store
com.mfoundry.mb.android.mb_abt_pb,Productivity & Business,FINANCE,BCM CNRC,Play Store
com.mheducation.readerShellApp.readAnywhere,Education,BOOKS_AND_REFERENCE,BCM CNRC,Play Store
com.microsoft.office.powerpoint,Productivity & Business,PRODUCTIVITY,BCM CNRC,Play Store
com.microsoft.outlooklite,,,BCM CNRC,Uncategorized
com.microsoft.whiteboard.publicpreview,Productivity & Business,PRODUCTIVITY,BCM CNRC,Play Store
com.mindy.grap1,Games,GAME_ARCADE,BCM CNRC,Play Store
com.miniclip.eightballpool,Games,GAME_SPORTS,BCM CNRC,Play Store
com.miniclip.topskater,Games,GAME_SPORTS,BCM CNRC,Play Store
com.minimuffin.gardenstories,Games,GAME_EDUCATIONAL,BCM CNRC,Play Store
com.minipopgames.grow.garden,Games,GAME_SIMULATION,BCM CNRC,Play Store
com.mmigroup.fmradio,,,BCM CNRC,Uncategorized
com.mobilaurus.wingstopandroid,Lifestyle,FOOD_AND_DRINK,BCM CNRC,Play Store
com.mobileinventor.apac,Entertainment,SPORTS,BCM CNRC,Play Store
com.mobilityware.solitaire,Games,GAME_CARD,BCM CNRC,Play Store
com.mobirix.zombieking,Games,GAME_ACTION,BCM CNRC,Play Store
com.monotype.android.font.foundation,,,BCM CNRC,Uncategorized
com.monotype.android.font.roboto,,,BCM CNRC,Uncategorized
com.monotype.android.font.samsungone,,,BCM CNRC,Uncategorized
com.monster.blockcrusher,Games,GAME_CASUAL,BCM CNRC,Play Store
com.monster.demolition,Games,GAME_RACING,BCM CNRC,Play Store
com.monster.hair.longer.challenge.rush,Games,GAME_CASUAL,BCM CNRC,Play Store
com.moonbug.ccml.kidsplus,,,BCM CNRC,Uncategorized
com.mooveit.bcpb,Productivity & Business,FINANCE,BCM CNRC,Play Store
com.motionvolt.flipbounce,Games,GAME_SPORTS,BCM CNRC,Play Store
com.motorola.aiservices,Productivity & Business,TOOLS,BCM CNRC,Play Store
com.motorola.android.fota,System/OEM,,BCM CNRC,System/OEM
com.motorola.android.jvtcmd,System/OEM,,BCM CNRC,System/OEM
com.motorola.android.nativedropboxagent,System/OEM,,BCM CNRC,System/OEM
com.motorola.android.providers.chromehomepage,System/OEM,,BCM CNRC,System/OEM
com.motorola.android.providers.settings,System/OEM,,BCM CNRC,System/OEM
com.motorola.appforecast,System/OEM,,BCM CNRC,System/OEM
com.motorola.audiofx,System/OEM,,BCM CNRC,System/OEM
com.motorola.bach.modemstats,System/OEM,,BCM CNRC,System/OEM
com.motorola.batterycare,System/OEM,,BCM CNRC,System/OEM
com.motorola.bug2go,System/OEM,,BCM CNRC,System/OEM
com.motorola.ccc.mainplm,System/OEM,,BCM CNRC,System/OEM
com.motorola.colorbook,System/OEM,,BCM CNRC,System/OEM
com.motorola.contacts.preloadcontacts,System/OEM,,BCM CNRC,System/OEM
com.motorola.dciservice,System/OEM,,BCM CNRC,System/OEM
com.motorola.demo,System/OEM,,BCM CNRC,System/OEM
com.motorola.dolby.dolbyui,System/OEM,,BCM CNRC,System/OEM
com.motorola.dynamicvolume,System/OEM,,BCM CNRC,System/OEM
com.motorola.faceunlock,System/OEM,,BCM CNRC,System/OEM
com.motorola.fmplayer,Entertainment,MUSIC_AND_AUDIO,BCM CNRC,Play Store
com.motorola.freeform,System/OEM,,BCM CNRC,System/OEM
com.motorola.gesture,System/OEM,,BCM CNRC,System/OEM
com.motorola.launcher3,System/OEM,,BCM CNRC,System/OEM
com.motorola.motofpstouch,System/OEM,,BCM CNRC,System/OEM
com.motorola.mototour,System/OEM,,BCM CNRC,System/OEM
com.motorola.nfwlocationattribution,System/OEM,,BCM CNRC,System/OEM
com.motorola.om,Health,HEALTH_AND_FITNESS,BCM CNRC,Play Store
com.motorola.personalize,System/OEM,,BCM CNRC,System/OEM
com.motorola.sarcontrol,System/OEM,,BCM CNRC,System/OEM
com.motorola.securityhub,Productivity & Business,TOOLS,BCM CNRC,Play Store
com.motorola.setup,System/OEM,,BCM CNRC,System/OEM
com.motorola.smart5g,System/OEM,,BCM CNRC,System/OEM
com.motorola.spaces,Lifestyle,PARENTING,BCM CNRC,Play Store
com.motorola.spectrum.setup.extensions,System/OEM,,BCM CNRC,System/OEM
com.motorola.systemserver,System/OEM,,BCM CNRC,System/OEM
com.movavi.mobile.movaviclips,Video Players (e.g. YouTube),VIDEO_PLAYERS,BCM CNRC,Play Store
com.mtk.android.networkstack.tethering.inprocess.overlay,System/OEM,,BCM CNRC,System/OEM
com.mtk.android.networkstack.tethering.overlay,System/OEM,,BCM CNRC,System/OEM
com.mtk.google.android.networkstack.tethering.overlay,System/OEM,,BCM CNRC,System/OEM
com.mtk.telephony,,,BCM CNRC,Uncategorized
com.mtvn.ShimmerShineGenie_freetime_amazon,,,BCM CNRC,Uncategorized
com.mtvn.blaze.amazonft,,,BCM CNRC,Uncategorized
com.mtvn.blazeKidsplus,,,BCM CNRC,Uncategorized
com.mtvn.blazedinorescue_amazonft,,,BCM CNRC,Uncategorized
com.mtvn.umiraceramazonkids,,,BCM CNRC,Uncategorized
com.multicraft.game,Games,GAME_ADVENTURE,BCM CNRC,Play Store
com.music.ball.hop.tiles.beat.dancing.game,Games,GAME_MUSIC,BCM CNRC,Play Store
com.music.youngradiopro,Productivity & Business,TOOLS,BCM CNRC,Play Store
com.mwm.procolor,Entertainment,ENTERTAINMENT,BCM CNRC,Play Store
com.mwm.sampler,Entertainment,MUSIC_AND_AUDIO,BCM CNRC,Play Store
com.mykelseyonline,Health,HEALTH_AND_FITNESS,BCM CNRC,Play Store
com.mysalesforce.mycommunity.C00D6g000000DEMvEAO.A0OT3p000000CaRIGA0,Health,MEDICAL,BCM CNRC,Play Store
com.namcobandaigames.pacmantournaments,,,BCM CNRC,Uncategorized
com.nathnetwork.aurora,,,BCM CNRC,Uncategorized
com.neave.zoomearth,Travel & Local,WEATHER,BCM CNRC,Play Store
com.neonplay.casualsoccerkickandroid,Games,GAME_ARCADE,BCM CNRC,Play Store
com.netease.newspike,Games,GAME_ACTION,BCM CNRC,Play Store
com.netflix.partner.activation,,,BCM CNRC,Uncategorized
com.netpulse.mobile.netpulsefitness,Entertainment,SPORTS,BCM CNRC,Play Store
com.newnormalgames.phonecasediy,Games,GAME_SIMULATION,BCM CNRC,Play Store
com.newstargames.retrobowl,Games,GAME_SPORTS,BCM CNRC,Play Store
com.newstargames.retrobowlcollege,Games,GAME_SPORTS,BCM CNRC,Play Store
com.newstory.DrawHappyPolice,Games,GAME_PUZZLE,BCM CNRC,Play Store
com.newstory.IdleDrawEarth,Games,GAME_ARCADE,BCM CNRC,Play Store
com.nexon.bluearchive,Games,GAME_ROLE_PLAYING,BCM CNRC,Play Store
com.nextepisode.roperescue,Games,GAME_PUZZLE,BCM CNRC,Play Store
com.nfl.nba.ncaaf.nhl.mlb.aaf.live.sportlivenews,,,BCM CNRC,Uncategorized
com.ng_labs.paint,Entertainment,ART_AND_DESIGN,BCM CNRC,Play Store
com.nick.android.nickjr,Entertainment,,BCM CNRC,Publisher Heuristic
com.nick.noggin,Entertainment,,BCM CNRC,Publisher Heuristic
com.nike.ntc,Health,HEALTH_AND_FITNESS,BCM CNRC,Play Store
com.nimblerx,Health,MEDICAL,BCM CNRC,Play Store
com.ningningstudio.kpopmagictiles,Games,GAME_MUSIC,BCM CNRC,Play Store
com.nintendo.zaka,Games,GAME_ACTION,BCM CNRC,Play Store
com.nnxshcwrkg.scavengerhunt,Games,GAME_PUZZLE,BCM CNRC,Play Store
com.no1ornothing.color.water.sort.woody.puzzle,Games,GAME_PUZZLE,BCM CNRC,Play Store
com.noorgames.basketbattle,Games,GAME_SPORTS,BCM CNRC,Play Store
com.noxgames.merge.neon.car,Games,GAME_CASUAL,BCM CNRC,Play Store
com.nxksass.GirlParkour,Games,GAME_CASUAL,BCM CNRC,Play Store
com.oakever.tiletrip,Games,GAME_PUZZLE,BCM CNRC,Play Store
com.obg.shape.shift.race.master.shape.shifting.tranform.race.shapeshifting,Games,GAME_CASUAL,BCM CNRC,Play Store
com.oceanhouse_media.book5lmjumpingonbedfreetimeedition_app,Games,,BCM CNRC,Publisher Heuristic
com.oceanhouse_media.bookabcsfreetimeedition_app,Games,,BCM CNRC,Publisher Heuristic
com.oceanhouse_media.bookbartholomewfreetimeedition_app,Games,,BCM CNRC,Publisher Heuristic
com.oceanhouse_media.booklcgrandmagrandpaandmefreetimeedition_app,Games,,BCM CNRC,Publisher Heuristic
com.oceanhouse_media.booklctrickortreatfreetimeedition_app,Games,,BCM CNRC,Publisher Heuristic
com.oceanhouse_media.booksmankylosaurusfreetimeedition_app,Games,,BCM CNRC,Publisher Heuristic
com.oceanhouse_media.booksmapatosaurusfreetimeedition_app,Games,,BCM CNRC,Publisher Heuristic
com.oceanhouse_media.booksmpolarbearfreetimeedition_app,Games,,BCM CNRC,Publisher Heuristic
com.oceanhouse_media.booksmpteranodonfreetimeedition_app,Games,,BCM CNRC,Publisher Heuristic
com.oceanhouse_media.booksmstegosaurusfreetimeedition_app,Games,,BCM CNRC,Publisher Heuristic
com.oceanhouse_media.booksmtrexfreetimeedition_app,Games,,BCM CNRC,Publisher Heuristic
com.oceanhouse_media.booksmvelociraptorfreetimeedition_app,Games,,BCM CNRC,Publisher Heuristic
com.oceanhouse_media.grinchfreetimeedition_app,Games,,BCM CNRC,Publisher Heuristic
com.oceanwing.soundcore,Productivity & Business,TOOLS,BCM CNRC,Play Store
com.offroad.monster.truck.steel.titans,Games,GAME_STRATEGY,BCM CNRC,Play Store
com.offroad.pickup.raptor.truck,Games,GAME_STRATEGY,BCM CNRC,Play Store
com.og.gangster.game.crime.simulator,Games,,BCM CNRC,Keyword Heuristic
com.ohmgames.smashthemall,Games,GAME_ACTION,BCM CNRC,Play Store
com.oki.colors,Games,GAME_EDUCATIONAL,BCM CNRC,Play Store
com.olivia.monster.truck.simulator,Games,,BCM CNRC,Keyword Heuristic
com.omg.goingballsorder,Games,GAME_PUZZLE,BCM CNRC,Play Store
com.one.m1.world,Games,GAME_ADVENTURE,BCM CNRC,Play Store
com.onebutton.mrsuper,Games,GAME_PUZZLE,BCM CNRC,Play Store
com.onegame.twoplayergames.versuschallenge,Games,GAME_SIMULATION,BCM CNRC,Play Store
com.onshape.app,Productivity & Business,PRODUCTIVITY,BCM CNRC,Play Store
com.openlattice.chronicle.bcmtest.debug,,,BCM CNRC,Uncategorized
com.openlattice.chronicle.debug,,,BCM CNRC,Uncategorized
com.opera.preinstall,,,BCM CNRC,Uncategorized
com.opszzy.sl097,Games,GAME_SIMULATION,BCM CNRC,Play Store
com.optavia.drahabits.prod,,,BCM CNRC,Uncategorized
com.orange.coloring.learn.kids,Games,GAME_EDUCATIONAL,BCM CNRC,Play Store
com.orange.kids.learn.spell.write.words,Games,GAME_EDUCATIONAL,BCM CNRC,Play Store
com.orange.kidspiano.music.songs,Games,GAME_MUSIC,BCM CNRC,Play Store
com.oreon.monsterdraft,Games,GAME_ACTION,BCM CNRC,Play Store
com.originatorkids.EndlessAlphabet,Education,EDUCATION,BCM CNRC,Play Store
com.originatorkids.EndlessAlphabetFreeTime,Education,,BCM CNRC,Publisher Heuristic
com.originatorkids.EndlessNumbers,Education,EDUCATION,BCM CNRC,Play Store
com.originatorkids.EndlessSpanish,Education,EDUCATION,BCM CNRC,Play Store
com.originatorkids.paw,Education,EDUCATION,BCM CNRC,Play Store
com.orionsmason.dinopuzzlefreetime,,,BCM CNRC,Uncategorized
com.orionsmason.kidspuzzlesfreetime,,,BCM CNRC,Uncategorized
com.orionsmason.kidstrucks123freetime,,,BCM CNRC,Uncategorized
com.orionsmason.kidstrucksabcfreetime,,,BCM CNRC,Uncategorized
com.osp.app.signin,,,BCM CNRC,Uncategorized
com.ourcal.rn.production,Productivity & Business,PRODUCTIVITY,BCM CNRC,Play Store
com.outfit7.jigtyfree,,,BCM CNRC,Uncategorized
com.outfit7.mytalkingangela2,Games,GAME_CASUAL,BCM CNRC,Play Store
com.outfit7.mytalkingangelafree,Games,GAME_CASUAL,BCM CNRC,Play Store
com.outfit7.mytalkingangelafree.amazon,Games,,BCM CNRC,Publisher Heuristic
com.outfit7.mytalkingtom2.amazon,Games,,BCM CNRC,Publisher Heuristic
com.outfit7.mytalkingtomfree,Games,GAME_CASUAL,BCM CNRC,Play Store
com.outfit7.mytalkingtomfriends,Games,GAME_CASUAL,BCM CNRC,Play Store
com.outfit7.mytalkingtomfriends.amazon,Games,,BCM CNRC,Publisher Heuristic
com.outfit7.mytalkingtomfriends.amazonkids,Games,,BCM CNRC,Publisher Heuristic
com.outfit7.talkingben.amazon,Games,,BCM CNRC,Publisher Heuristic
com.outfit7.talkingtom,Games,GAME_CASUAL,BCM CNRC,Play Store
com.outfit7.talkingtom.amazon,Games,,BCM CNRC,Publisher Heuristic
com.ovz.carscanner,Lifestyle,AUTO_AND_VEHICLES,BCM CNRC,Play Store
com.owsg.alphabethero,,,BCM CNRC,Uncategorized
com.p2ent.NightGarden.ftu,,,BCM CNRC,Uncategorized
com.p2ent.horridhenrykk.ftu,,,BCM CNRC,Uncategorized
com.p2games.mistermaker.ftu,,,BCM CNRC,Uncategorized
com.paperboatapps.google.kiddopia,Education,EDUCATION,BCM CNRC,Play Store
com.paperdoll.diary.dressup.game,Games,GAME_CASUAL,BCM CNRC,Play Store
com.paradyme.solarsmash,Games,GAME_SIMULATION,BCM CNRC,Play Store
com.parkour.swing,Games,GAME_CASUAL,BCM CNRC,Play Store
com.paurau.MakeHer,Games,GAME_SIMULATION,BCM CNRC,Play Store
com.paytronix.client.android.app.bellagreen,Lifestyle,FOOD_AND_DRINK,BCM CNRC,Play Store
com.paytronix.client.android.app.shipleydonuts,Lifestyle,FOOD_AND_DRINK,BCM CNRC,Play Store
com.pazugames.avatarworld,Games,GAME_ROLE_PLAYING,BCM CNRC,Play Store
com.pazugames.mashaandthebearbirthday,Games,,BCM CNRC,Publisher Heuristic
com.pazugames.mashaandthebearkitchen,Games,,BCM CNRC,Publisher Heuristic
com.pazugames.nailsalon,Games,GAME_EDUCATIONAL,BCM CNRC,Play Store
com.pazugames.partymaker,Games,GAME_EDUCATIONAL,BCM CNRC,Play Store
com.pazugames.princesspetpalace,Games,GAME_ROLE_PLAYING,BCM CNRC,Play Store
com.pazugames.slimemaker,Games,GAME_SIMULATION,BCM CNRC,Play Store
com.pblorange.movietrailers,Entertainment,ENTERTAINMENT,BCM CNRC,Play Store
com.pbs.danieltiger_day_and_night_android,,,BCM CNRC,Uncategorized
com.pcoloring.puzzle.jigsaw,Games,GAME_PUZZLE,BCM CNRC,Play Store
com.peacock.peacockfiretv,Games,,BCM CNRC,Publisher Heuristic
com.peacock.samsung,Games,,BCM CNRC,Publisher Heuristic
com.pearson.plus,Education,EDUCATION,BCM CNRC,Play Store
com.peoplefun.wordsearch,Games,GAME_WORD,BCM CNRC,Play Store
com.peppapig.happymrschicken,,,BCM CNRC,Uncategorized
com.peppapig.happymrschicken_ftu,,,BCM CNRC,Uncategorized
com.peppapig.holiday_FT,,,BCM CNRC,Uncategorized
com.peppapig.seasonsawf,Games,,BCM CNRC,Publisher Heuristic
com.peppapig.sportsday_ftu,,,BCM CNRC,Uncategorized
com.peppapig.themepark_FT,,,BCM CNRC,Uncategorized
com.peppapig.worldofpeppapig_a,,,BCM CNRC,Uncategorized
com.performance.meshview,Productivity & Business,PRODUCTIVITY,BCM CNRC,Play Store
com.pf.conquer.states.world.war.games,Games,,BCM CNRC,Keyword Heuristic
com.pg.police.car.parking.police.games,Games,,BCM CNRC,Publisher Heuristic
com.photon.android.bjsrestaurant,Lifestyle,SHOPPING,BCM CNRC,Play Store
com.piano.pocket.music,Games,GAME_MUSIC,BCM CNRC,Play Store
com.pianonbeat.rhythm,Games,GAME_MUSIC,BCM CNRC,Play Store
com.piggypanda.monstertruck.kidsgame,Games,GAME_EDUCATIONAL,BCM CNRC,Play Store
com.pikpok.dr2.play,Games,GAME_ACTION,BCM CNRC,Play Store
com.pinterest.twa,,,BCM CNRC,Uncategorized
com.pizza.maker.game.baking.making.cooking,Games,GAME_ROLE_PLAYING,BCM CNRC,Play Store
com.pjmasks.heroacademy,Games,GAME_EDUCATIONAL,BCM CNRC,Play Store
com.pjmasks.moonlightheroesamazon,,,BCM CNRC,Uncategorized
com.pjmasks.racingheroeskindleftu,,,BCM CNRC,Uncategorized
com.playNfun.matchingobjecteducational,Games,GAME_EDUCATIONAL,BCM CNRC,Play Store
com.playdatedigital.chutesandladderskidsplus,,,BCM CNRC,Uncategorized
com.playdatedigital.guesswho,,,BCM CNRC,Uncategorized
com.playdatedigital.operationkidsplus,,,BCM CNRC,Uncategorized
com.playdatedigital.playdohabcsfreemium,Education,EDUCATION,BCM CNRC,Play Store
com.playdatedigital.playdohcreateabcskidsplus,Games,,BCM CNRC,Publisher Heuristic
com.playdatedigital.potatoheadkidsplus,Games,,BCM CNRC,Publisher Heuristic
com.playdatedigital.tonkakidsplus,,,BCM CNRC,Uncategorized
com.playdemic.golf.android,Games,GAME_SPORTS,BCM CNRC,Play Store
com.playflix.kick.breakragdoll.games,Games,GAME_SIMULATION,BCM CNRC,Play Store
com.playgendary.kickthebuddy,Games,GAME_ACTION,BCM CNRC,Play Store
com.playrix.fishdomdd.gplay,Games,GAME_PUZZLE,BCM CNRC,Play Store
com.playrix.fishdomdd.kindle,,,BCM CNRC,Uncategorized
com.playspare.superherotransform,Games,GAME_CASUAL,BCM CNRC,Play Store
com.playstation.remoteplay,Entertainment,ENTERTAINMENT,BCM CNRC,Play Store
com.playstrom.cubescontrol,Games,GAME_PUZZLE,BCM CNRC,Play Store
com.playstrom.drawonepart,Games,GAME_PUZZLE,BCM CNRC,Play Store
com.playstrom.hero.tower,Games,GAME_ACTION,BCM CNRC,Play Store
com.playstrom.popus,Games,GAME_SIMULATION,BCM CNRC,Play Store
com.pls247.mobile.pls_android,Productivity & Business,FINANCE,BCM CNRC,Play Store
com.pluckers.wingbar,Lifestyle,FOOD_AND_DRINK,BCM CNRC,Play Store
com.pocketchamps.game,Games,GAME_ARCADE,BCM CNRC,Play Store
com.pointone.buddyglobal,Games,GAME_ROLE_PLAYING,BCM CNRC,Play Store
com.popy3color.poppy3coloring,,,BCM CNRC,Uncategorized
com.prank.sounds.fake.videocall,,,BCM CNRC,Uncategorized
com.princess.coloring,Games,GAME_EDUCATIONAL,BCM CNRC,Play Store
com.psv.vlad_and_nikita.supermarket,Games,GAME_EDUCATIONAL,BCM CNRC,Play Store
com.punchh.freebirds,Lifestyle,LIFESTYLE,BCM CNRC,Play Store
com.punchh.schlotzskys,Lifestyle,FOOD_AND_DRINK,BCM CNRC,Play Store
com.punchh.txdq,Lifestyle,FOOD_AND_DRINK,BCM CNRC,Play Store
com.punchmine.girls,Entertainment,ENTERTAINMENT,BCM CNRC,Play Store
com.pusher.coin.cascade,,,BCM CNRC,Uncategorized
com.puzzle.miniworld,Games,GAME_PUZZLE,BCM CNRC,Play Store
com.q2e.texasdowcreditunion5004401st.mobile.production,Productivity & Business,FINANCE,BCM CNRC,Play Store
com.q2e.texasfirstbank3045android.texasfirst.uwnmobile,Productivity & Business,FINANCE,BCM CNRC,Play Store
com.qianfan.aihomework,Education,EDUCATION,BCM CNRC,Play Store
com.qiot.update,,,BCM CNRC,Uncategorized
com.qlink.myqlink,,,BCM CNRC,Uncategorized
com.qlixar.qlixar,,,BCM CNRC,Uncategorized
com.qrcode.qrscanner.barcode.barcodescanner.qrcodereader,Productivity & Business,TOOLS,BCM CNRC,Play Store
com.qti.dpmserviceapp,Games,,BCM CNRC,Publisher Heuristic
com.qti.phone,,,BCM CNRC,Uncategorized
com.qti.qcc,,,BCM CNRC,Uncategorized
com.qti.qualcomm.datastatusnotification,,,BCM CNRC,Uncategorized
com.qti.snapdragon.qdcm_ff,,,BCM CNRC,Uncategorized
com.qti.xdivert,,,BCM CNRC,Uncategorized
com.qualcomm.atfwd,System/OEM,,BCM CNRC,System/OEM
com.qualcomm.embms,System/OEM,,BCM CNRC,System/OEM
com.qualcomm.location,System/OEM,,BCM CNRC,System/OEM
com.qualcomm.location.XT,System/OEM,,BCM CNRC,System/OEM
com.qualcomm.ltebc_vzw,System/OEM,,BCM CNRC,System/OEM
com.qualcomm.qcrilmsgtunnel,System/OEM,,BCM CNRC,System/OEM
com.qualcomm.qti.biometrics.fingerprint.service,System/OEM,,BCM CNRC,System/OEM
com.qualcomm.qti.cne,System/OEM,,BCM CNRC,System/OEM
com.qualcomm.qti.devicestatisticsservice,System/OEM,,BCM CNRC,System/OEM
com.qualcomm.qti.dynamicddsservice,System/OEM,,BCM CNRC,System/OEM
com.qualcomm.qti.gpudrivers.kalama.api33,System/OEM,,BCM CNRC,System/OEM
com.qualcomm.qti.gpudrivers.taro.api31,System/OEM,,BCM CNRC,System/OEM
com.qualcomm.qti.gpudrivers.taro.api32,System/OEM,,BCM CNRC,System/OEM
com.qualcomm.qti.poweroffalarm,System/OEM,,BCM CNRC,System/OEM
com.qualcomm.qti.qmmi,System/OEM,,BCM CNRC,System/OEM
com.qualcomm.qti.qms.service.telemetry,System/OEM,,BCM CNRC,System/OEM
com.qualcomm.qti.qms.service.trustzoneaccess,System/OEM,,BCM CNRC,System/OEM
com.qualcomm.qti.qtisystemservice,System/OEM,,BCM CNRC,System/OEM
com.qualcomm.qti.seccamservice,System/OEM,,BCM CNRC,System/OEM
com.qualcomm.qti.services.secureui,System/OEM,,BCM CNRC,System/OEM
com.qualcomm.qti.services.systemhelper,System/OEM,,BCM CNRC,System/OEM
com.qualcomm.qti.smcinvokepkgmgr,System/OEM,,BCM CNRC,System/OEM
com.qualcomm.qti.smq,System/OEM,,BCM CNRC,System/OEM
com.qualcomm.qti.telephonyservice,System/OEM,,BCM CNRC,System/OEM
com.qualcomm.qti.uceShimService,System/OEM,,BCM CNRC,System/OEM
com.qualcomm.qti.uim,System/OEM,,BCM CNRC,System/OEM
com.qualcomm.qti.uimGbaApp,System/OEM,,BCM CNRC,System/OEM
com.qualcomm.qti.workloadclassifier,System/OEM,,BCM CNRC,System/OEM
com.qualcomm.qti.xrvd.service,System/OEM,,BCM CNRC,System/OEM
com.qualcomm.qtil.aptxacu,System/OEM,,BCM CNRC,System/OEM
com.qualcomm.qtil.aptxals,System/OEM,,BCM CNRC,System/OEM
com.qualcomm.simcontacts,System/OEM,,BCM CNRC,System/OEM
com.qualcomm.timeservice,System/OEM,,BCM CNRC,System/OEM
com.qualcomm.uimremoteclient,System/OEM,,BCM CNRC,System/OEM
com.qualcomm.uimremoteserver,System/OEM,,BCM CNRC,System/OEM
com.qualcomm.wfd.service,System/OEM,,BCM CNRC,System/OEM
com.quicinc.cne.CNEService,,,BCM CNRC,Uncategorized
com.race.master.stunt.drift.racing.drive.free.car.games,Games,GAME_RACING,BCM CNRC,Play Store
com.rachio.iro,Lifestyle,HOUSE_AND_HOME,BCM CNRC,Play Store
com.ragdoll.stickman.sandbox.playground,,,BCM CNRC,Uncategorized
com.raisingcanes.ordering,Lifestyle,FOOD_AND_DRINK,BCM CNRC,Play Store
com.razmobi.monstertrucks2,Games,GAME_EDUCATIONAL,BCM CNRC,Play Store
com.real.car.racing.stunt.master.driving.game,Games,GAME_RACING,BCM CNRC,Play Store
com.real.city.train.driving.simulator.game,Games,GAME_ADVENTURE,BCM CNRC,Play Store
com.realdrum.drumset.drumapp.beatmaker.music.instruments.drumkit,Entertainment,MUSIC_AND_AUDIO,BCM CNRC,Play Store
com.redlinegames.attackhole,Games,GAME_ARCADE,BCM CNRC,Play Store
com.redrabbitanimation.PonyStyleBoxFTU,,,BCM CNRC,Uncategorized
com.reg.barber.hair.salon.shop.game,Games,GAME_SIMULATION,BCM CNRC,Play Store
com.reliancegames.wwemayhem,Games,GAME_ACTION,BCM CNRC,Play Store
com.reliant.app,Productivity & Business,BUSINESS,BCM CNRC,Play Store
com.revoview.update,,,BCM CNRC,Uncategorized
com.ridemetro.houstontrip,Travel & Local,MAPS_AND_NAVIGATION,BCM CNRC,Play Store
com.rimashev.nextbot,Games,GAME_ACTION,BCM CNRC,Play Store
com.rimashev.nextbots.sandbox,Games,GAME_SIMULATION,BCM CNRC,Play Store
com.riteshsahu.SMSBackupRestore,Productivity & Business,TOOLS,BCM CNRC,Play Store
com.rmsgamesforkids.colorslearning,Games,GAME_CASUAL,BCM CNRC,Play Store
com.roblox.skin.cloth.freeskins,Productivity & Business,PRODUCTIVITY,BCM CNRC,Play Store
com.robtopx.geometrydashsubzero,Games,GAME_ARCADE,BCM CNRC,Play Store
com.rockmyrun.rockmyrun,Health,HEALTH_AND_FITNESS,BCM CNRC,Play Store
com.rofi.fakecall.prank.app,Games,GAME_CASUAL,BCM CNRC,Play Store
com.rolltheball.unrollme.unblock.me.car.slide.puzzle,Games,GAME_PUZZLE,BCM CNRC,Play Store
com.rope.untie.tangle.master,Games,GAME_PUZZLE,BCM CNRC,Play Store
com.rovio.angrybirds.freetime,Games,,BCM CNRC,Publisher Heuristic
com.rovio.angrybirdsfriends,Games,GAME_ARCADE,BCM CNRC,Play Store
com.rovio.angrybirdsspaceHD,Games,,BCM CNRC,Publisher Heuristic
com.rovio.angrybirdsstarwarshd.premium.iap,Games,,BCM CNRC,Publisher Heuristic
com.rsupport.rs.activity.rsupport.aas2,Productivity & Business,TOOLS,BCM CNRC,Play Store
com.rubygames.assassin,Games,GAME_ACTION,BCM CNRC,Play Store
com.runninggame.subwayrunner.heroes,Games,GAME_ACTION,BCM CNRC,Play Store
com.rvappstudios.baby.toddler.kids.games.learning.activity,Games,GAME_EDUCATIONAL,BCM CNRC,Play Store
com.rvappstudios.numbers123.toddler.counting.tracing,Games,GAME_EDUCATIONAL,BCM CNRC,Play Store
com.rvappstudios.shapes.colors.toddler,Games,GAME_EDUCATIONAL,BCM CNRC,Play Store
com.safeway.client.android.randalls,Lifestyle,LIFESTYLE,BCM CNRC,Play Store
com.sagosago.Airport.freetime,Education,,BCM CNRC,Publisher Heuristic
com.sagosago.Apartment.freetime,Education,,BCM CNRC,Publisher Heuristic
com.sagosago.Babies.freetime,Education,,BCM CNRC,Publisher Heuristic
com.sagosago.Boats.freetime,Education,,BCM CNRC,Publisher Heuristic
com.sagosago.Camping.freetime,Education,,BCM CNRC,Publisher Heuristic
com.sagosago.City.freetime,Education,,BCM CNRC,Publisher Heuristic
com.sagosago.Construction.freetime,Education,,BCM CNRC,Publisher Heuristic
com.sagosago.Farm.freetime,Education,,BCM CNRC,Publisher Heuristic
com.sagosago.Monsters.freetime,Education,,BCM CNRC,Publisher Heuristic
com.sagosago.Musicbox.freetime,Education,,BCM CNRC,Publisher Heuristic
com.sagosago.OceanSwimmer.freetime,Education,,BCM CNRC,Publisher Heuristic
com.sagosago.PetCafe.freetime,Education,,BCM CNRC,Publisher Heuristic
com.sagosago.Planes.freetime,Education,,BCM CNRC,Publisher Heuristic
com.sagosago.PuppyPark.freetime,Education,,BCM CNRC,Publisher Heuristic
com.sagosago.RoadTrip.freetime,Education,,BCM CNRC,Publisher Heuristic
com.sagosago.Robots.freetime,Education,,BCM CNRC,Publisher Heuristic
com.sagosago.School.Bugs.freetime,Education,,BCM CNRC,Publisher Heuristic
com.sagosago.School.Gardens.freetime,Education,,BCM CNRC,Publisher Heuristic
com.sagosago.School.Grocery.freetime,Education,,BCM CNRC,Publisher Heuristic
com.sagosago.School.Rainbows.freetime,Education,,BCM CNRC,Publisher Heuristic
com.sagosago.School.Trucks.freetime,Education,,BCM CNRC,Publisher Heuristic
com.sagosago.Sleds.freetime,Education,,BCM CNRC,Publisher Heuristic
com.sagosago.SoundBox.freetime,Education,,BCM CNRC,Publisher Heuristic
com.sagosago.SpaceBlocks.freetime,Education,,BCM CNRC,Publisher Heuristic
com.sagosago.Superhero.freetime,Education,,BCM CNRC,Publisher Heuristic
com.sagosago.Toolbox.freetime,Education,,BCM CNRC,Publisher Heuristic
com.sagosago.Town.freetime,Education,,BCM CNRC,Publisher Heuristic
com.sagosago.Trains.freetime,Education,,BCM CNRC,Publisher Heuristic
com.sagosago.Vacation.freetime,Education,,BCM CNRC,Publisher Heuristic
com.sagosago.World.kindlefreetime,Education,,BCM CNRC,Publisher Heuristic
com.sagosago.Zoo.freetime,Education,,BCM CNRC,Publisher Heuristic
com.saina.android.ebook,,,BCM CNRC,Uncategorized
com.samsung.InputEventApp,System/OEM,,BCM CNRC,System/OEM
com.samsung.SMT,System/OEM,,BCM CNRC,System/OEM
com.samsung.SMT.lang_en_us_l03,System/OEM,,BCM CNRC,System/OEM
com.samsung.SMT.lang_en_us_m00,System/OEM,,BCM CNRC,System/OEM
com.samsung.SMT.lang_es_us_l01,System/OEM,,BCM CNRC,System/OEM
com.samsung.aasaservice,System/OEM,,BCM CNRC,System/OEM
com.samsung.accessibility,System/OEM,,BCM CNRC,System/OEM
com.samsung.accessory.budsunitemgr,Productivity & Business,TOOLS,BCM CNRC,Play Store
com.samsung.accessory.fridaymgr,Productivity & Business,TOOLS,BCM CNRC,Play Store
com.samsung.accessory.neobeanmgr,Productivity & Business,TOOLS,BCM CNRC,Play Store
com.samsung.accessory.popcornmgr,Productivity & Business,TOOLS,BCM CNRC,Play Store
com.samsung.accessory.zenithmgr,Productivity & Business,TOOLS,BCM CNRC,Play Store
com.samsung.advp.imssettings,System/OEM,,BCM CNRC,System/OEM
com.samsung.aimodelprovider.objectremovalmodels,System/OEM,,BCM CNRC,System/OEM
com.samsung.android.ConnectivityOverlay,System/OEM,,BCM CNRC,System/OEM
com.samsung.android.ConnectivityUxOverlay,System/OEM,,BCM CNRC,System/OEM
com.samsung.android.MtpApplication,System/OEM,,BCM CNRC,System/OEM
com.samsung.android.SettingsReceiver,System/OEM,,BCM CNRC,System/OEM
com.samsung.android.accessibility.talkback,System/OEM,,BCM CNRC,System/OEM
com.samsung.android.aircommandmanager,System/OEM,,BCM CNRC,System/OEM
com.samsung.android.allshare.service.fileshare,System/OEM,,BCM CNRC,System/OEM
com.samsung.android.allshare.service.mediashare,System/OEM,,BCM CNRC,System/OEM
com.samsung.android.app.advsounddetector,System/OEM,,BCM CNRC,System/OEM
com.samsung.android.app.aodservice,System/OEM,,BCM CNRC,System/OEM
com.samsung.android.app.appsedge,System/OEM,,BCM CNRC,System/OEM
com.samsung.android.app.assistantmenu,System/OEM,,BCM CNRC,System/OEM
com.samsung.android.app.camera.sticker.facearavatar.preload,System/OEM,,BCM CNRC,System/OEM
com.samsung.android.app.clipboardedge,System/OEM,,BCM CNRC,System/OEM
com.samsung.android.app.clockface,System/OEM,,BCM CNRC,System/OEM
com.samsung.android.app.clockpack,System/OEM,,BCM CNRC,System/OEM
com.samsung.android.app.cocktailbarservice,System/OEM,,BCM CNRC,System/OEM
com.samsung.android.app.contacts,System/OEM,,BCM CNRC,System/OEM
com.samsung.android.app.dofviewer,System/OEM,,BCM CNRC,System/OEM
com.samsung.android.app.dressroom,System/OEM,,BCM CNRC,System/OEM
com.samsung.android.app.earphonetypec,System/OEM,,BCM CNRC,System/OEM
com.samsung.android.app.esimkeystring,System/OEM,,BCM CNRC,System/OEM
com.samsung.android.app.galaxyfinder,System/OEM,,BCM CNRC,System/OEM
com.samsung.android.app.interpreter,System/OEM,,BCM CNRC,System/OEM
com.samsung.android.app.kfa,System/OEM,,BCM CNRC,System/OEM
com.samsung.android.app.ledcoverdream,System/OEM,,BCM CNRC,System/OEM
com.samsung.android.app.notes.addons,System/OEM,,BCM CNRC,System/OEM
com.samsung.android.app.omcagent,System/OEM,,BCM CNRC,System/OEM
com.samsung.android.app.parentalcare,System/OEM,,BCM CNRC,System/OEM
com.samsung.android.app.readingglass,System/OEM,,BCM CNRC,System/OEM
com.samsung.android.app.reminder,System/OEM,,BCM CNRC,System/OEM
com.samsung.android.app.routines,System/OEM,,BCM CNRC,System/OEM
com.samsung.android.app.settings.bixby,System/OEM,,BCM CNRC,System/OEM
com.samsung.android.app.sharelive,System/OEM,,BCM CNRC,System/OEM
com.samsung.android.app.simplesharing,System/OEM,,BCM CNRC,System/OEM
com.samsung.android.app.siofviewer,System/OEM,,BCM CNRC,System/OEM
com.samsung.android.app.smartcapture,System/OEM,,BCM CNRC,System/OEM
com.samsung.android.app.smartwidget,System/OEM,,BCM CNRC,System/OEM
com.samsung.android.app.social,System/OEM,,BCM CNRC,System/OEM
com.samsung.android.app.soundpicker,System/OEM,,BCM CNRC,System/OEM
com.samsung.android.app.spage,System/OEM,,BCM CNRC,System/OEM
com.samsung.android.app.taskedge,System/OEM,,BCM CNRC,System/OEM
com.samsung.android.app.telephonyui,System/OEM,,BCM CNRC,System/OEM
com.samsung.android.app.telephonyui.esimclient,System/OEM,,BCM CNRC,System/OEM
com.samsung.android.app.tips,System/OEM,,BCM CNRC,System/OEM
com.samsung.android.app.updatecenter,System/OEM,,BCM CNRC,System/OEM
com.samsung.android.app.watchmanagerstub,System/OEM,,BCM CNRC,System/OEM
com.samsung.android.ardrawing,System/OEM,,BCM CNRC,System/OEM
com.samsung.android.aremoji,System/OEM,,BCM CNRC,System/OEM
com.samsung.android.aremojieditor,System/OEM,,BCM CNRC,System/OEM
com.samsung.android.arzone,System/OEM,,BCM CNRC,System/OEM
com.samsung.android.audiomirroring,System/OEM,,BCM CNRC,System/OEM
com.samsung.android.authfw,System/OEM,,BCM CNRC,System/OEM
com.samsung.android.aware.service,System/OEM,,BCM CNRC,System/OEM
com.samsung.android.bbc.bbcagent,System/OEM,,BCM CNRC,System/OEM
com.samsung.android.beaconmanager,System/OEM,,BCM CNRC,System/OEM
com.samsung.android.bio.face.service,System/OEM,,BCM CNRC,System/OEM
com.samsung.android.biometrics.app.setting,System/OEM,,BCM CNRC,System/OEM
com.samsung.android.biometrics.service,System/OEM,,BCM CNRC,System/OEM
com.samsung.android.bixby.agent,System/OEM,,BCM CNRC,System/OEM
com.samsung.android.bixby.agent.dummy,System/OEM,,BCM CNRC,System/OEM
com.samsung.android.bixby.ondevice.enus,System/OEM,,BCM CNRC,System/OEM
com.samsung.android.bixby.service,System/OEM,,BCM CNRC,System/OEM
com.samsung.android.bixby.wakeup,System/OEM,,BCM CNRC,System/OEM
com.samsung.android.bixbyvision.framework,System/OEM,,BCM CNRC,System/OEM
com.samsung.android.bluelightfilter,System/OEM,,BCM CNRC,System/OEM
com.samsung.android.brightnessbackupservice,System/OEM,,BCM CNRC,System/OEM
com.samsung.android.callassistant,System/OEM,,BCM CNRC,System/OEM
com.samsung.android.callbgprovider,System/OEM,,BCM CNRC,System/OEM
com.samsung.android.camerasdkservice,System/OEM,,BCM CNRC,System/OEM
com.samsung.android.cameraxservice,System/OEM,,BCM CNRC,System/OEM
com.samsung.android.carkey,System/OEM,,BCM CNRC,System/OEM
com.samsung.android.cidmanager,System/OEM,,BCM CNRC,System/OEM
com.samsung.android.clipboarduiservice,System/OEM,,BCM CNRC,System/OEM
com.samsung.android.cmfa.framework,System/OEM,,BCM CNRC,System/OEM
com.samsung.android.coldwalletservice,System/OEM,,BCM CNRC,System/OEM
com.samsung.android.container,System/OEM,,BCM CNRC,System/OEM
com.samsung.android.da.daagent,System/OEM,,BCM CNRC,System/OEM
com.samsung.android.dbsc,System/OEM,,BCM CNRC,System/OEM
com.samsung.android.dck.timesync,System/OEM,,BCM CNRC,System/OEM
com.samsung.android.dialer,System/OEM,,BCM CNRC,System/OEM
com.samsung.android.dkey,System/OEM,,BCM CNRC,System/OEM
com.samsung.android.dqagent,System/OEM,,BCM CNRC,System/OEM
com.samsung.android.dsms,System/OEM,,BCM CNRC,System/OEM
com.samsung.android.dynamiclock,System/OEM,,BCM CNRC,System/OEM
com.samsung.android.easysetup,System/OEM,,BCM CNRC,System/OEM
com.samsung.android.emergency,System/OEM,,BCM CNRC,System/OEM
com.samsung.android.emojiupdater,System/OEM,,BCM CNRC,System/OEM
com.samsung.android.ese,System/OEM,,BCM CNRC,System/OEM
com.samsung.android.fast,System/OEM,,BCM CNRC,System/OEM
com.samsung.android.fmm,System/OEM,,BCM CNRC,System/OEM
com.samsung.android.forest,System/OEM,,BCM CNRC,System/OEM
com.samsung.android.galaxy,System/OEM,,BCM CNRC,System/OEM
com.samsung.android.galaxycontinuity,Productivity & Business,PRODUCTIVITY,BCM CNRC,Play Store
com.samsung.android.game.gamehome,System/OEM,,BCM CNRC,System/OEM
com.samsung.android.game.gametools,System/OEM,,BCM CNRC,System/OEM
com.samsung.android.game.gos,System/OEM,,BCM CNRC,System/OEM
com.samsung.android.geargplugin,Productivity & Business,TOOLS,BCM CNRC,Play Store
com.samsung.android.globalpostprocmgr,System/OEM,,BCM CNRC,System/OEM
com.samsung.android.goodlock,Productivity & Business,TOOLS,BCM CNRC,Play Store
com.samsung.android.gru,System/OEM,,BCM CNRC,System/OEM
com.samsung.android.hdmapp,System/OEM,,BCM CNRC,System/OEM
com.samsung.android.hmt.vrsvc,System/OEM,,BCM CNRC,System/OEM
com.samsung.android.honeyboard,System/OEM,,BCM CNRC,System/OEM
com.samsung.android.hwresourceshare,System/OEM,,BCM CNRC,System/OEM
com.samsung.android.icdvs,System/OEM,,BCM CNRC,System/OEM
com.samsung.android.icecone,System/OEM,,BCM CNRC,System/OEM
com.samsung.android.incall.contentprovider,System/OEM,,BCM CNRC,System/OEM
com.samsung.android.incallui,System/OEM,,BCM CNRC,System/OEM
com.samsung.android.inputshare,System/OEM,,BCM CNRC,System/OEM
com.samsung.android.intellivoiceservice,System/OEM,,BCM CNRC,System/OEM
com.samsung.android.ipsgeofence,System/OEM,,BCM CNRC,System/OEM
com.samsung.android.keycustomizationinfobackupservice,System/OEM,,BCM CNRC,System/OEM
com.samsung.android.kgclient,System/OEM,,BCM CNRC,System/OEM
com.samsung.android.kidsinstaller,System/OEM,,BCM CNRC,System/OEM
com.samsung.android.kmxservice,System/OEM,,BCM CNRC,System/OEM
com.samsung.android.knox.analytics.uploader,System/OEM,,BCM CNRC,System/OEM
com.samsung.android.knox.app.networkfilter,System/OEM,,BCM CNRC,System/OEM
com.samsung.android.knox.attestation,System/OEM,,BCM CNRC,System/OEM
com.samsung.android.knox.containeragent,System/OEM,,BCM CNRC,System/OEM
com.samsung.android.knox.containercore,System/OEM,,BCM CNRC,System/OEM
com.samsung.android.knox.er,System/OEM,,BCM CNRC,System/OEM
com.samsung.android.knox.kfbp,System/OEM,,BCM CNRC,System/OEM
com.samsung.android.knox.knnr,System/OEM,,BCM CNRC,System/OEM
com.samsung.android.knox.kpecore,System/OEM,,BCM CNRC,System/OEM
com.samsung.android.knox.pushmanager,System/OEM,,BCM CNRC,System/OEM
com.samsung.android.knox.zt.framework,System/OEM,,BCM CNRC,System/OEM
com.samsung.android.livestickers,System/OEM,,BCM CNRC,System/OEM
com.samsung.android.localeoverlaymanager,System/OEM,,BCM CNRC,System/OEM
com.samsung.android.location,System/OEM,,BCM CNRC,System/OEM
com.samsung.android.mapsagent,System/OEM,,BCM CNRC,System/OEM
com.samsung.android.mcfds,System/OEM,,BCM CNRC,System/OEM
com.samsung.android.mcfserver,System/OEM,,BCM CNRC,System/OEM
com.samsung.android.mdecservice,System/OEM,,BCM CNRC,System/OEM
com.samsung.android.mdm,System/OEM,,BCM CNRC,System/OEM
com.samsung.android.mdx,System/OEM,,BCM CNRC,System/OEM
com.samsung.android.mdx.kit,System/OEM,,BCM CNRC,System/OEM
com.samsung.android.mdx.quickboard,System/OEM,,BCM CNRC,System/OEM
com.samsung.android.messaging,System/OEM,,BCM CNRC,System/OEM
com.samsung.android.mhs.ai,System/OEM,,BCM CNRC,System/OEM
com.samsung.android.mobileservice,System/OEM,,BCM CNRC,System/OEM
com.samsung.android.mocca,System/OEM,,BCM CNRC,System/OEM
com.samsung.android.motionphoto.app,System/OEM,,BCM CNRC,System/OEM
com.samsung.android.motionphoto.viewer,System/OEM,,BCM CNRC,System/OEM
com.samsung.android.mtp,System/OEM,,BCM CNRC,System/OEM
com.samsung.android.net.wifi.wifiguider,System/OEM,,BCM CNRC,System/OEM
com.samsung.android.networkdiagnostic,System/OEM,,BCM CNRC,System/OEM
com.samsung.android.networkstack,System/OEM,,BCM CNRC,System/OEM
com.samsung.android.networkstack.tethering.overlay,System/OEM,,BCM CNRC,System/OEM
com.samsung.android.nmt.apps.t2t.languagepack.enesus,System/OEM,,BCM CNRC,System/OEM
com.samsung.android.opencalendar,System/OEM,,BCM CNRC,System/OEM
com.samsung.android.peripheral.framework,System/OEM,,BCM CNRC,System/OEM
com.samsung.android.photoremasterservice,System/OEM,,BCM CNRC,System/OEM
com.samsung.android.privacydashboard,System/OEM,,BCM CNRC,System/OEM
com.samsung.android.privateshare,System/OEM,,BCM CNRC,System/OEM
com.samsung.android.provider.filterprovider,System/OEM,,BCM CNRC,System/OEM
com.samsung.android.providers.carrier,System/OEM,,BCM CNRC,System/OEM
com.samsung.android.providers.contacts,System/OEM,,BCM CNRC,System/OEM
com.samsung.android.providers.factory,System/OEM,,BCM CNRC,System/OEM
com.samsung.android.providers.media,System/OEM,,BCM CNRC,System/OEM
com.samsung.android.providers.trash,System/OEM,,BCM CNRC,System/OEM
com.samsung.android.ptts.enus,System/OEM,,BCM CNRC,System/OEM
com.samsung.android.qmdservice,System/OEM,,BCM CNRC,System/OEM
com.samsung.android.rampart,System/OEM,,BCM CNRC,System/OEM
com.samsung.android.rubin.app,System/OEM,,BCM CNRC,System/OEM
com.samsung.android.samsungpass,System/OEM,,BCM CNRC,System/OEM
com.samsung.android.samsungpassautofill,System/OEM,,BCM CNRC,System/OEM
com.samsung.android.samsungpositioning,System/OEM,,BCM CNRC,System/OEM
com.samsung.android.scpm,System/OEM,,BCM CNRC,System/OEM
com.samsung.android.scs,System/OEM,,BCM CNRC,System/OEM
com.samsung.android.sdk.handwriting,System/OEM,,BCM CNRC,System/OEM
com.samsung.android.sdk.ocr,System/OEM,,BCM CNRC,System/OEM
com.samsung.android.sdm.config,System/OEM,,BCM CNRC,System/OEM
com.samsung.android.sead,System/OEM,,BCM CNRC,System/OEM
com.samsung.android.secsoundpicker,System/OEM,,BCM CNRC,System/OEM
com.samsung.android.securitylogagent,System/OEM,,BCM CNRC,System/OEM
com.samsung.android.server.iris,System/OEM,,BCM CNRC,System/OEM
com.samsung.android.server.wifi.mobilewips,System/OEM,,BCM CNRC,System/OEM
com.samsung.android.server.wifi.mobilewips.client,System/OEM,,BCM CNRC,System/OEM
com.samsung.android.service.aircommand,System/OEM,,BCM CNRC,System/OEM
com.samsung.android.service.airviewdictionary,System/OEM,,BCM CNRC,System/OEM
com.samsung.android.service.health,Health,HEALTH_AND_FITNESS,BCM CNRC,Play Store
com.samsung.android.service.livedrawing,System/OEM,,BCM CNRC,System/OEM
com.samsung.android.service.pentastic,System/OEM,,BCM CNRC,System/OEM
com.samsung.android.service.peoplestripe,System/OEM,,BCM CNRC,System/OEM
com.samsung.android.service.stplatform,System/OEM,,BCM CNRC,System/OEM
com.samsung.android.service.tagservice,System/OEM,,BCM CNRC,System/OEM
com.samsung.android.setting.multisound,System/OEM,,BCM CNRC,System/OEM
com.samsung.android.settingshelper,System/OEM,,BCM CNRC,System/OEM
com.samsung.android.shortcutbackupservice,System/OEM,,BCM CNRC,System/OEM
com.samsung.android.singletake.service,System/OEM,,BCM CNRC,System/OEM
com.samsung.android.sm.devicesecurity,System/OEM,,BCM CNRC,System/OEM
com.samsung.android.sm.policy,System/OEM,,BCM CNRC,System/OEM
com.samsung.android.smartcallprovider,System/OEM,,BCM CNRC,System/OEM
com.samsung.android.smartface,System/OEM,,BCM CNRC,System/OEM
com.samsung.android.smartface.overlay,System/OEM,,BCM CNRC,System/OEM
com.samsung.android.smartfitting,System/OEM,,BCM CNRC,System/OEM
com.samsung.android.smartmirroring,System/OEM,,BCM CNRC,System/OEM
com.samsung.android.smartsuggestions,System/OEM,,BCM CNRC,System/OEM
com.samsung.android.smartswitchassistant,System/OEM,,BCM CNRC,System/OEM
com.samsung.android.spayfw,System/OEM,,BCM CNRC,System/OEM
com.samsung.android.spdfnote,System/OEM,,BCM CNRC,System/OEM
com.samsung.android.stickercenter,System/OEM,,BCM CNRC,System/OEM
com.samsung.android.sume.nn.service,System/OEM,,BCM CNRC,System/OEM
com.samsung.android.svcagent,System/OEM,,BCM CNRC,System/OEM
com.samsung.android.svoiceime,System/OEM,,BCM CNRC,System/OEM
com.samsung.android.tadownloader,System/OEM,,BCM CNRC,System/OEM
com.samsung.android.themecenter,System/OEM,,BCM CNRC,System/OEM
com.samsung.android.themestore,System/OEM,,BCM CNRC,System/OEM
com.samsung.android.timezone.data_Q,System/OEM,,BCM CNRC,System/OEM
com.samsung.android.timezone.updater,System/OEM,,BCM CNRC,System/OEM
com.samsung.android.universalswitch,System/OEM,,BCM CNRC,System/OEM
com.samsung.android.uwb,System/OEM,,BCM CNRC,System/OEM
com.samsung.android.vexfwk.service,System/OEM,,BCM CNRC,System/OEM
com.samsung.android.video,System/OEM,,BCM CNRC,System/OEM
com.samsung.android.visionarapps,System/OEM,,BCM CNRC,System/OEM
com.samsung.android.visionintelligence,System/OEM,,BCM CNRC,System/OEM
com.samsung.android.visual.cloudcore,System/OEM,,BCM CNRC,System/OEM
com.samsung.android.visualars,System/OEM,,BCM CNRC,System/OEM
com.samsung.android.vtcamerasettings,System/OEM,,BCM CNRC,System/OEM
com.samsung.android.wallpaper.live,System/OEM,,BCM CNRC,System/OEM
com.samsung.android.wallpaper.res,System/OEM,,BCM CNRC,System/OEM
com.samsung.android.wcmurlsnetworkstack,System/OEM,,BCM CNRC,System/OEM
com.samsung.android.widget.pictureframe,System/OEM,,BCM CNRC,System/OEM
com.samsung.android.wifi.ai,System/OEM,,BCM CNRC,System/OEM
com.samsung.android.wifi.decrease.scan.interval.resources,System/OEM,,BCM CNRC,System/OEM
com.samsung.android.wifi.h2e.resources,System/OEM,,BCM CNRC,System/OEM
com.samsung.android.wifi.increase.scan.interval.resources,System/OEM,,BCM CNRC,System/OEM
com.samsung.android.wifi.p2paware.resources,System/OEM,,BCM CNRC,System/OEM
com.samsung.android.wifi.resources,System/OEM,,BCM CNRC,System/OEM
com.samsung.android.wifi.resources.jdm,System/OEM,,BCM CNRC,System/OEM
com.samsung.android.wifi.resources.qc,System/OEM,,BCM CNRC,System/OEM
com.samsung.android.wifi.resources.wifilock,System/OEM,,BCM CNRC,System/OEM
com.samsung.android.wifi.saeupgradeoffload.resources,System/OEM,,BCM CNRC,System/OEM
com.samsung.android.wifi.softap.resources,System/OEM,,BCM CNRC,System/OEM
com.samsung.android.wifi.softapdualap.resources,System/OEM,,BCM CNRC,System/OEM
com.samsung.android.wifi.softapowe.resources,System/OEM,,BCM CNRC,System/OEM
com.samsung.android.wifi.softapqc.resources,System/OEM,,BCM CNRC,System/OEM
com.samsung.android.wifi.softapsixghz.resources,System/OEM,,BCM CNRC,System/OEM
com.samsung.android.wifi.softapwpathree.resources,System/OEM,,BCM CNRC,System/OEM
com.samsung.app.highlightplayer,System/OEM,,BCM CNRC,System/OEM
com.samsung.app.newtrim,System/OEM,,BCM CNRC,System/OEM
com.samsung.app.slowmotion,System/OEM,,BCM CNRC,System/OEM
com.samsung.attvvm,System/OEM,,BCM CNRC,System/OEM
com.samsung.carrier.logcollector,System/OEM,,BCM CNRC,System/OEM
com.samsung.clipboardsaveservice,System/OEM,,BCM CNRC,System/OEM
com.samsung.cmfa.AuthTouch,System/OEM,,BCM CNRC,System/OEM
com.samsung.cmh,System/OEM,,BCM CNRC,System/OEM
com.samsung.crane,System/OEM,,BCM CNRC,System/OEM
com.samsung.euicc,System/OEM,,BCM CNRC,System/OEM
com.samsung.faceservice,System/OEM,,BCM CNRC,System/OEM
com.samsung.gamedriver.sm8450,System/OEM,,BCM CNRC,System/OEM
com.samsung.gamedriver.sm8550,System/OEM,,BCM CNRC,System/OEM
com.samsung.gpuwatchapp,System/OEM,,BCM CNRC,System/OEM
com.samsung.huxextension,System/OEM,,BCM CNRC,System/OEM
com.samsung.ims.smk,System/OEM,,BCM CNRC,System/OEM
com.samsung.internal.systemui.navbar.gestural_no_hint,System/OEM,,BCM CNRC,System/OEM
com.samsung.internal.systemui.navbar.gestural_no_hint_extra_wide_back,System/OEM,,BCM CNRC,System/OEM
com.samsung.internal.systemui.navbar.gestural_no_hint_narrow_back,System/OEM,,BCM CNRC,System/OEM
com.samsung.internal.systemui.navbar.gestural_no_hint_wide_back,System/OEM,,BCM CNRC,System/OEM
com.samsung.internal.systemui.navbar.sec_gestural,System/OEM,,BCM CNRC,System/OEM
com.samsung.internal.systemui.navbar.sec_gestural_no_hint,System/OEM,,BCM CNRC,System/OEM
com.samsung.ipservice,System/OEM,,BCM CNRC,System/OEM
com.samsung.kidsplay,System/OEM,,BCM CNRC,System/OEM
com.samsung.klmsagent,System/OEM,,BCM CNRC,System/OEM
com.samsung.knox.keychain,System/OEM,,BCM CNRC,System/OEM
com.samsung.knox.securefolder,System/OEM,,BCM CNRC,System/OEM
com.samsung.mediasearch,System/OEM,,BCM CNRC,System/OEM
com.samsung.mlp,System/OEM,,BCM CNRC,System/OEM
com.samsung.obdmpermission,System/OEM,,BCM CNRC,System/OEM
com.samsung.oda.service,System/OEM,,BCM CNRC,System/OEM
com.samsung.petservice,System/OEM,,BCM CNRC,System/OEM
com.samsung.qosindicator,System/OEM,,BCM CNRC,System/OEM
com.samsung.rcs,System/OEM,,BCM CNRC,System/OEM
com.samsung.safetyinformation,System/OEM,,BCM CNRC,System/OEM
com.samsung.sait.sohservice,System/OEM,,BCM CNRC,System/OEM
com.samsung.sdm,System/OEM,,BCM CNRC,System/OEM
com.samsung.sdm.sdmviewer,System/OEM,,BCM CNRC,System/OEM
com.samsung.sec.android.application.csc,System/OEM,,BCM CNRC,System/OEM
com.samsung.sec.android.teegris.tui_service,System/OEM,,BCM CNRC,System/OEM
com.samsung.slsi.telephony.oem.oemrilhookservice,System/OEM,,BCM CNRC,System/OEM
com.samsung.slsi.telephony.oemril,System/OEM,,BCM CNRC,System/OEM
com.samsung.slsi.telephony.silentlogging,System/OEM,,BCM CNRC,System/OEM
com.samsung.ssu,System/OEM,,BCM CNRC,System/OEM
com.samsung.storyservice,System/OEM,,BCM CNRC,System/OEM
com.samsung.systemui.hidenotch,System/OEM,,BCM CNRC,System/OEM
com.samsung.systemui.hidenotch.withoutcornerround,System/OEM,,BCM CNRC,System/OEM
com.samsung.ts43authservice,System/OEM,,BCM CNRC,System/OEM
com.samsung.tvmode,System/OEM,,BCM CNRC,System/OEM
com.samsung.ucs.agent.boot,System/OEM,,BCM CNRC,System/OEM
com.samsung.ucs.agent.ese,System/OEM,,BCM CNRC,System/OEM
com.samsung.unifiedsettingservice,System/OEM,,BCM CNRC,System/OEM
com.samsung.unifiedtp,System/OEM,,BCM CNRC,System/OEM
com.samsung.usbyod,System/OEM,,BCM CNRC,System/OEM
com.samsung.videoscan,System/OEM,,BCM CNRC,System/OEM
com.samsung.vvm,System/OEM,,BCM CNRC,System/OEM
com.samsung.vzwapiservice,System/OEM,,BCM CNRC,System/OEM
com.sandisk.mz,,,BCM CNRC,Uncategorized
com.santa.prankcall.funny.christmas,Games,GAME_CASUAL,BCM CNRC,Play Store
com.sasanian.hondata_mobile,Productivity & Business,TOOLS,BCM CNRC,Play Store
com.screw.jam.puzzle,Games,GAME_PUZZLE,BCM CNRC,Play Store
com.sec.android.CcInfo,System/OEM,,BCM CNRC,System/OEM
com.sec.android.Cdfs,System/OEM,,BCM CNRC,System/OEM
com.sec.android.RilServiceModeApp,System/OEM,,BCM CNRC,System/OEM
com.sec.android.app.DataCreate,System/OEM,,BCM CNRC,System/OEM
com.sec.android.app.SecSetupWizard,System/OEM,,BCM CNRC,System/OEM
com.sec.android.app.aftersalecamera,System/OEM,,BCM CNRC,System/OEM
com.sec.android.app.apex,System/OEM,,BCM CNRC,System/OEM
com.sec.android.app.applinker,System/OEM,,BCM CNRC,System/OEM
com.sec.android.app.billing,System/OEM,,BCM CNRC,System/OEM
com.sec.android.app.bluetoothagent,System/OEM,,BCM CNRC,System/OEM
com.sec.android.app.bluetoothtest,System/OEM,,BCM CNRC,System/OEM
com.sec.android.app.camera,System/OEM,,BCM CNRC,System/OEM
com.sec.android.app.camera.sticker,System/OEM,,BCM CNRC,System/OEM
com.sec.android.app.camerasaver,System/OEM,,BCM CNRC,System/OEM
com.sec.android.app.chromecustomizations,System/OEM,,BCM CNRC,System/OEM
com.sec.android.app.cmas,System/OEM,,BCM CNRC,System/OEM
com.sec.android.app.desktoplauncher,System/OEM,,BCM CNRC,System/OEM
com.sec.android.app.dexonpc,System/OEM,,BCM CNRC,System/OEM
com.sec.android.app.ewidgetatt,System/OEM,,BCM CNRC,System/OEM
com.sec.android.app.factorykeystring,System/OEM,,BCM CNRC,System/OEM
com.sec.android.app.hwmoduletest,System/OEM,,BCM CNRC,System/OEM
com.sec.android.app.kidshome,System/OEM,,BCM CNRC,System/OEM
com.sec.android.app.magnifier,System/OEM,,BCM CNRC,System/OEM
com.sec.android.app.ocrservice,System/OEM,,BCM CNRC,System/OEM
com.sec.android.app.parser,System/OEM,,BCM CNRC,System/OEM
com.sec.android.app.personalization,System/OEM,,BCM CNRC,System/OEM
com.sec.android.app.qsfastpairoverlay,System/OEM,,BCM CNRC,System/OEM
com.sec.android.app.quicktool,System/OEM,,BCM CNRC,System/OEM
com.sec.android.app.ringtoneBR,System/OEM,,BCM CNRC,System/OEM
com.sec.android.app.safetyassurance,System/OEM,,BCM CNRC,System/OEM
com.sec.android.app.samsungapps,System/OEM,,BCM CNRC,System/OEM
com.sec.android.app.servicemodeapp,System/OEM,,BCM CNRC,System/OEM
com.sec.android.app.setupwizard,System/OEM,,BCM CNRC,System/OEM
com.sec.android.app.setupwizardlegalprovider,System/OEM,,BCM CNRC,System/OEM
com.sec.android.app.soundalive,System/OEM,,BCM CNRC,System/OEM
com.sec.android.app.uwbtest,System/OEM,,BCM CNRC,System/OEM
com.sec.android.app.ve.vebgm,System/OEM,,BCM CNRC,System/OEM
com.sec.android.app.vepreload,System/OEM,,BCM CNRC,System/OEM
com.sec.android.app.volumemonitorprovider,System/OEM,,BCM CNRC,System/OEM
com.sec.android.app.wlantest,System/OEM,,BCM CNRC,System/OEM
com.sec.android.autodoodle.service,System/OEM,,BCM CNRC,System/OEM
com.sec.android.cover.ledcover,System/OEM,,BCM CNRC,System/OEM
com.sec.android.daemonapp,System/OEM,,BCM CNRC,System/OEM
com.sec.android.desktopmode.uiservice,System/OEM,,BCM CNRC,System/OEM
com.sec.android.dexsystemui,System/OEM,,BCM CNRC,System/OEM
com.sec.android.diagmonagent,System/OEM,,BCM CNRC,System/OEM
com.sec.android.easyMover.Agent,System/OEM,,BCM CNRC,System/OEM
com.sec.android.easyonehand,System/OEM,,BCM CNRC,System/OEM
com.sec.android.emergencylauncher,System/OEM,,BCM CNRC,System/OEM
com.sec.android.emergencymode.service,System/OEM,,BCM CNRC,System/OEM
com.sec.android.gallery3d,System/OEM,,BCM CNRC,System/OEM
com.sec.android.iaft,System/OEM,,BCM CNRC,System/OEM
com.sec.android.inputmethod,System/OEM,,BCM CNRC,System/OEM
com.sec.android.mimage.avatarstickers,System/OEM,,BCM CNRC,System/OEM
com.sec.android.mimage.photoretouching,System/OEM,,BCM CNRC,System/OEM
com.sec.android.preloadinstaller,System/OEM,,BCM CNRC,System/OEM
com.sec.android.provider.badge,System/OEM,,BCM CNRC,System/OEM
com.sec.android.provider.emergencymode,System/OEM,,BCM CNRC,System/OEM
com.sec.android.sdhms,System/OEM,,BCM CNRC,System/OEM
com.sec.android.smartfpsadjuster,System/OEM,,BCM CNRC,System/OEM
com.sec.android.soagent,System/OEM,,BCM CNRC,System/OEM
com.sec.android.softphone,System/OEM,,BCM CNRC,System/OEM
com.sec.android.splitsound,System/OEM,,BCM CNRC,System/OEM
com.sec.android.systemupdate,System/OEM,,BCM CNRC,System/OEM
com.sec.android.uibcvirtualsoftkey,System/OEM,,BCM CNRC,System/OEM
com.sec.android.wallpapercropper2,System/OEM,,BCM CNRC,System/OEM
com.sec.android.widgetapp.easymodecontactswidget,System/OEM,,BCM CNRC,System/OEM
com.sec.android.widgetapp.samsungapps,System/OEM,,BCM CNRC,System/OEM
com.sec.app.RilErrorNotifier,System/OEM,,BCM CNRC,System/OEM
com.sec.automation,System/OEM,,BCM CNRC,System/OEM
com.sec.bcservice,System/OEM,,BCM CNRC,System/OEM
com.sec.enterprise.knox.attestation,System/OEM,,BCM CNRC,System/OEM
com.sec.enterprise.knox.cloudmdm.smdms,System/OEM,,BCM CNRC,System/OEM
com.sec.enterprise.mdm.services.simpin,System/OEM,,BCM CNRC,System/OEM
com.sec.epdg,System/OEM,,BCM CNRC,System/OEM
com.sec.epdgtestapp,System/OEM,,BCM CNRC,System/OEM
com.sec.facatfunction,System/OEM,,BCM CNRC,System/OEM
com.sec.factory,System/OEM,,BCM CNRC,System/OEM
com.sec.factory.camera,System/OEM,,BCM CNRC,System/OEM
com.sec.factory.cameralyzer,System/OEM,,BCM CNRC,System/OEM
com.sec.factory.iris.usercamera,System/OEM,,BCM CNRC,System/OEM
com.sec.hearingadjust,System/OEM,,BCM CNRC,System/OEM
com.sec.hiddenmenu,System/OEM,,BCM CNRC,System/OEM
com.sec.ims,System/OEM,,BCM CNRC,System/OEM
com.sec.imslogger,System/OEM,,BCM CNRC,System/OEM
com.sec.imsservice,System/OEM,,BCM CNRC,System/OEM
com.sec.kidsplat.camera,System/OEM,,BCM CNRC,System/OEM
com.sec.kidsplat.drawing,System/OEM,,BCM CNRC,System/OEM
com.sec.kidsplat.kidsbrowser,System/OEM,,BCM CNRC,System/OEM
com.sec.kidsplat.kidsgallery,System/OEM,,BCM CNRC,System/OEM
com.sec.kidsplat.kidstalk,System/OEM,,BCM CNRC,System/OEM
com.sec.kidsplat.media.kidsmusic,System/OEM,,BCM CNRC,System/OEM
com.sec.knox.kccagent,System/OEM,,BCM CNRC,System/OEM
com.sec.location.nfwlocationprivacy,System/OEM,,BCM CNRC,System/OEM
com.sec.location.nsflp2,System/OEM,,BCM CNRC,System/OEM
com.sec.mhs.smarttethering,System/OEM,,BCM CNRC,System/OEM
com.sec.modem.settings,System/OEM,,BCM CNRC,System/OEM
com.sec.omadmspr,System/OEM,,BCM CNRC,System/OEM
com.sec.phone,System/OEM,,BCM CNRC,System/OEM
com.sec.providers.assisteddialing,System/OEM,,BCM CNRC,System/OEM
com.sec.sprextension,System/OEM,,BCM CNRC,System/OEM
com.sec.sve,System/OEM,,BCM CNRC,System/OEM
com.sec.tasmanager,System/OEM,,BCM CNRC,System/OEM
com.sec.timezone,System/OEM,,BCM CNRC,System/OEM
com.sec.unifiedwfc,System/OEM,,BCM CNRC,System/OEM
com.sec.usbsettings,System/OEM,,BCM CNRC,System/OEM
com.sec.vsim.ericssonnsds.webapp,System/OEM,,BCM CNRC,System/OEM
com.sec.vsimservice,System/OEM,,BCM CNRC,System/OEM
com.seeclickfix.ma.android,Productivity & Business,TOOLS,BCM CNRC,Play Store
com.sega.freetime.soniccd,,,BCM CNRC,Uncategorized
com.sega.sonic1.freetime,,,BCM CNRC,Uncategorized
com.sega.sonic2.freetime,,,BCM CNRC,Uncategorized
com.sega.sonic2017amazon,,,BCM CNRC,Uncategorized
com.sega.sonic4ep2aft,,,BCM CNRC,Uncategorized
com.sega.sonic4epi.KindleFreetimeEdition,,,BCM CNRC,Uncategorized
com.sega.sonicboomandroid.freetime,,,BCM CNRC,Uncategorized
com.sega.sonicdash.freetime,,,BCM CNRC,Uncategorized
com.sega.sonicjump.freetime,,,BCM CNRC,Uncategorized
com.sejel.eatamrna,Games,,BCM CNRC,Publisher Heuristic
com.sem.factoryapp,,,BCM CNRC,Uncategorized
com.sencatech.androidsystembridge,,,BCM CNRC,Uncategorized
com.sensustech.rokuremote,Productivity & Business,TOOLS,BCM CNRC,Play Store
com.serve.mobile,Productivity & Business,FINANCE,BCM CNRC,Play Store
com.servicemagic.consumer,Lifestyle,HOUSE_AND_HOME,BCM CNRC,Play Store
com.sesame.go,Education,EDUCATION,BCM CNRC,Play Store
com.sesameworkshop.PottyTimeElmo,Education,,BCM CNRC,Publisher Heuristic
com.sesameworkshop.alphabetkitchen.play,Games,GAME_EDUCATIONAL,BCM CNRC,Play Store
com.sesameworkshop.elabcs.play,Education,EDUCATION,BCM CNRC,Play Store
com.sesameworkshop.elmocalls.amazon.kftu,Education,,BCM CNRC,Publisher Heuristic
com.sesameworkshop.elmoloves123s,Education,EDUCATION,BCM CNRC,Play Store
com.sesameworkshop.elmolovesabc,Education,,BCM CNRC,Publisher Heuristic
com.sesameworkshop.eway.kftu,Education,,BCM CNRC,Publisher Heuristic
com.sesameworkshop.minigames.kftu,Education,,BCM CNRC,Publisher Heuristic
com.sesameworkshop.ssam.am,Education,,BCM CNRC,Publisher Heuristic
com.sgs.antiterrorism.counterattack.commandomissiongame,Games,GAME_ADVENTURE,BCM CNRC,Play Store
com.sh.twoplayergame.mini.challenge,Games,GAME_ARCADE,BCM CNRC,Play Store
com.shannon.imsservice,,,BCM CNRC,Uncategorized
com.shannon.qualifiednetworksservice,,,BCM CNRC,Uncategorized
com.shannon.rcsservice,,,BCM CNRC,Uncategorized
com.shape.change,Games,GAME_CASUAL,BCM CNRC,Play Store
com.shape.shifting.shape.transforming,,,BCM CNRC,Uncategorized
com.sharething.app,Social & Communication,SOCIAL,BCM CNRC,Play Store
com.shell.sitibv.motorist.america,Lifestyle,AUTO_AND_VEHICLES,BCM CNRC,Play Store
com.shire.biolife,Health,MEDICAL,BCM CNRC,Play Store
com.sikas.flood.run,,,BCM CNRC,Uncategorized
com.silead.fingerprint,Games,,BCM CNRC,Publisher Heuristic
com.simplemobiletools.draw,Entertainment,ART_AND_DESIGN,BCM CNRC,Play Store
com.simulation.slime.asmr.slimegames,,,BCM CNRC,Uncategorized
com.sinyee.babybus.adventure.ftu,Education,,BCM CNRC,Publisher Heuristic
com.sinyee.babybus.ambulance.ftu,Education,,BCM CNRC,Publisher Heuristic
com.sinyee.babybus.amusement.ftu,Education,,BCM CNRC,Publisher Heuristic
com.sinyee.babybus.boat.ftu,Education,,BCM CNRC,Publisher Heuristic
com.sinyee.babybus.care.ftu,Education,,BCM CNRC,Publisher Heuristic
com.sinyee.babybus.cat.ftu,Education,,BCM CNRC,Publisher Heuristic
com.sinyee.babybus.catII.ftu,Education,,BCM CNRC,Publisher Heuristic
com.sinyee.babybus.changeable,Games,GAME_EDUCATIONAL,BCM CNRC,Play Store
com.sinyee.babybus.dentistII.ftu,Education,,BCM CNRC,Publisher Heuristic
com.sinyee.babybus.drinks.ftu,Education,,BCM CNRC,Publisher Heuristic
com.sinyee.babybus.factory,Games,GAME_EDUCATIONAL,BCM CNRC,Play Store
com.sinyee.babybus.fireman.ftu,Education,,BCM CNRC,Publisher Heuristic
com.sinyee.babybus.firemanII.ftu,Education,,BCM CNRC,Publisher Heuristic
com.sinyee.babybus.food.ftu,Education,,BCM CNRC,Publisher Heuristic
com.sinyee.babybus.gameworld.design.home.friends.fun.life.story,Games,GAME_PUZZLE,BCM CNRC,Play Store
com.sinyee.babybus.greenguard.global.ftu,Education,,BCM CNRC,Publisher Heuristic
com.sinyee.babybus.homesafe.global.ftu,Education,,BCM CNRC,Publisher Heuristic
com.sinyee.babybus.icecreamII,Games,GAME_EDUCATIONAL,BCM CNRC,Play Store
com.sinyee.babybus.kids,Games,GAME_EDUCATIONAL,BCM CNRC,Play Store
com.sinyee.babybus.kidsgames.safety.education.learning,Games,GAME_EDUCATIONAL,BCM CNRC,Play Store
com.sinyee.babybus.kitchens.ftu,Education,,BCM CNRC,Publisher Heuristic
com.sinyee.babybus.loveshark.ftu,Education,,BCM CNRC,Publisher Heuristic
com.sinyee.babybus.magichouse.ftu,Education,,BCM CNRC,Publisher Heuristic
com.sinyee.babybus.policemen.ftu,Education,,BCM CNRC,Publisher Heuristic
com.sinyee.babybus.princessII.ftu,Education,,BCM CNRC,Publisher Heuristic
com.sinyee.babybus.rescueII.ftu,Education,,BCM CNRC,Publisher Heuristic
com.sinyee.babybus.selfcare,Games,GAME_EDUCATIONAL,BCM CNRC,Play Store
com.sinyee.babybus.shopping.ftu,Education,,BCM CNRC,Publisher Heuristic
com.sinyee.babybus.taxi.ftu,Education,,BCM CNRC,Publisher Heuristic
com.sinyee.babybus.tour.ftu,Education,,BCM CNRC,Publisher Heuristic
com.sinyee.babybus.trainII,Games,GAME_EDUCATIONAL,BCM CNRC,Play Store
com.sinyee.babybus.village.ftu,Education,,BCM CNRC,Publisher Heuristic
com.skms.android.agent,,,BCM CNRC,Uncategorized
com.skyward.mobileaccess,Education,EDUCATION,BCM CNRC,Play Store
com.sleepjar.android,Health,HEALTH_AND_FITNESS,BCM CNRC,Play Store
com.slippy.linerusher,Games,GAME_RACING,BCM CNRC,Play Store
com.smartac.app.com,Lifestyle,HOUSE_AND_HOME,BCM CNRC,Play Store
com.smartcomroot,,,BCM CNRC,Uncategorized
com.smi.m360.cardholder,Productivity & Business,FINANCE,BCM CNRC,Play Store
com.smiledirectclub.prod,Health,MEDICAL,BCM CNRC,Play Store
com.smule.singandroid,Entertainment,MUSIC_AND_AUDIO,BCM CNRC,Play Store
com.snakegame.worms.io,Games,GAME_ARCADE,BCM CNRC,Play Store
com.soccer.score.star,Games,GAME_SPORTS,BCM CNRC,Play Store
com.socialchorus.haca.android.googleplay,Productivity & Business,BUSINESS,BCM CNRC,Play Store
com.softek.ofxclmobile.ShellFCU,Productivity & Business,FINANCE,BCM CNRC,Play Store
com.softwinner.awlogsettings,,,BCM CNRC,Uncategorized
com.softwinner.awmanager,,,BCM CNRC,Uncategorized
com.softwinner.camera,Photography,,BCM CNRC,Keyword Heuristic
com.softwinner.dragonaging,,,BCM CNRC,Uncategorized
com.softwinner.dragonaging.res,,,BCM CNRC,Uncategorized
com.softwinner.dragonatt,,,BCM CNRC,Uncategorized
com.softwinner.dragonfire,,,BCM CNRC,Uncategorized
com.softwinner.fireplayer,,,BCM CNRC,Uncategorized
com.softwinner.runin,,,BCM CNRC,Uncategorized
com.softwinner.runin.res,,,BCM CNRC,Uncategorized
com.softwinner.screenshot,,,BCM CNRC,Uncategorized
com.softwinner.settingssetup,,,BCM CNRC,Uncategorized
com.softwinner.theme.color,,,BCM CNRC,Uncategorized
com.softwinner.theme.icon,,,BCM CNRC,Uncategorized
com.softwinner.videoplayer,Video Players (e.g. YouTube),,BCM CNRC,Keyword Heuristic
com.solarinhga.pattlona,,,BCM CNRC,Uncategorized
com.solv,Health,MEDICAL,BCM CNRC,Play Store
com.solverlabs.ft.poc,,,BCM CNRC,Uncategorized
com.soundcorset.client.android,Entertainment,MUSIC_AND_AUDIO,BCM CNRC,Play Store
com.spacecityweather.scw,Travel & Local,WEATHER,BCM CNRC,Play Store
com.spcomes.fsoccer.ftu,,,BCM CNRC,Uncategorized
com.spellington,Games,GAME_EDUCATIONAL,BCM CNRC,Play Store
com.spilgames.UphillRush.ftu,,,BCM CNRC,Uncategorized
com.spinmaster.gabbysdollhouseamazonkids,Games,,BCM CNRC,Publisher Heuristic
com.spireon.kahu,Productivity & Business,TOOLS,BCM CNRC,Play Store
com.sprd.ImsConnectionManager,,,BCM CNRC,Uncategorized
com.sprd.camta,,,BCM CNRC,Uncategorized
com.sprd.omacp,,,BCM CNRC,Uncategorized
com.sprd.overlay.sprdnote,System/OEM,,BCM CNRC,System/OEM
com.sprd.providers.photos,,,BCM CNRC,Uncategorized
com.sprd.runtime,,,BCM CNRC,Uncategorized
com.sprd.validationtools,,,BCM CNRC,Uncategorized
com.spreadtrum.ims,Games,,BCM CNRC,Publisher Heuristic
com.spreadtrum.vce,Games,,BCM CNRC,Publisher Heuristic
com.sprint.ce.updater,,,BCM CNRC,Uncategorized
com.sprint.ms.cdm,,,BCM CNRC,Uncategorized
com.sprint.ms.smf.services,,,BCM CNRC,Uncategorized
com.sprint.w.installer,,,BCM CNRC,Uncategorized
com.sprunki.mod.horror.incredibox.monster.beats.music.game,Games,GAME_MUSIC,BCM CNRC,Play Store
com.srg.traindriversimulator.traingames,Games,GAME_STRATEGY,BCM CNRC,Play Store
com.standardinnovation.weconnect,Lifestyle,LIFESTYLE,BCM CNRC,Play Store
com.staplegames.matchcollector,Games,GAME_PUZZLE,BCM CNRC,Play Store
com.staplegames.wordsearch,Games,GAME_WORD,BCM CNRC,Play Store
com.starmakerinteractive.starmaker,Entertainment,MUSIC_AND_AUDIO,BCM CNRC,Play Store
com.starplay.spider.fighter.openworld,Games,GAME_ACTION,BCM CNRC,Play Store
com.starplay.spider.fighter3d,Games,GAME_ACTION,BCM CNRC,Play Store
com.stepsappgmbh.stepsapp,Health,HEALTH_AND_FITNESS,BCM CNRC,Play Store
com.stickermobi.avatarmaker,Entertainment,ENTERTAINMENT,BCM CNRC,Play Store
com.stitcher.app,,,BCM CNRC,Uncategorized
com.stoneaxe.CatchAndShoot,Games,GAME_SPORTS,BCM CNRC,Play Store
com.storytoys.Chuggington.Book1.ftu.Amazon,Education,,BCM CNRC,Publisher Heuristic
com.storytoys.disney.pixar.coloring.princess.amazon,Education,,BCM CNRC,Publisher Heuristic
com.storytoys.grimmshanselandgretel.ftu.amazon,Education,,BCM CNRC,Publisher Heuristic
com.storytoys.grimmspussinboots.ftu.amazon,Education,,BCM CNRC,Publisher Heuristic
com.storytoys.hungry.caterpillar.play.school.abc.kids.books.kftu.android.amazon,Education,,BCM CNRC,Publisher Heuristic
com.storytoys.hungrycaterpillar.book1.ftu.android.amazon,Education,,BCM CNRC,Publisher Heuristic
com.storytoys.lego.bluey.kidsplus.amazon,Education,,BCM CNRC,Publisher Heuristic
com.storytoys.lego.duplo.disney.free.kidsplus.amazon,Education,,BCM CNRC,Publisher Heuristic
com.storytoys.lego.duplo.marvel.spiderman.avengers.kids.preschool.free.googleplay,Education,EDUCATION,BCM CNRC,Play Store
com.storytoys.lego.duplo.marvel.spiderman.avengers.kids.preschool.free.kidsplus.amazon,Education,,BCM CNRC,Publisher Heuristic
com.storytoys.lego.duplo.peppa.pig.googleplay,Games,GAME_EDUCATIONAL,BCM CNRC,Play Store
com.storytoys.lego.duplo.peppa.pig.kidsplus.amazon,Education,,BCM CNRC,Publisher Heuristic
com.storytoys.lego.duplo.world.kids.play.free.friends.animals.android.amazon.kftu,Education,,BCM CNRC,Publisher Heuristic
com.storytoys.lego.duplo.world.kids.play.free.friends.animals.android.googleplay,Games,GAME_EDUCATIONAL,BCM CNRC,Play Store
com.storytoys.marvelhq.kidsplus.amazon,Education,,BCM CNRC,Publisher Heuristic
com.storytoys.myveryhungrycaterpillar.ftu.amazon,Education,,BCM CNRC,Publisher Heuristic
com.storytoys.sesame.street.mecha.builders.googleplay,Games,GAME_EDUCATIONAL,BCM CNRC,Play Store
com.storytoys.sesame.street.mecha.builders.kidsplus.amazon,Education,,BCM CNRC,Publisher Heuristic
com.storytoys.thomasandfriends.google,Games,GAME_EDUCATIONAL,BCM CNRC,Play Store
com.storytoys.veryhungrycaterpillar.myfirstwords.ftu.android.amazon,Education,,BCM CNRC,Publisher Heuristic
com.storytoys.veryhungrycaterpillar.shapesandcolors.kftu.amazon,Education,,BCM CNRC,Publisher Heuristic
com.streamerrush.game,Games,GAME_SIMULATION,BCM CNRC,Play Store
com.studio27.MelonPlayground,Games,GAME_SIMULATION,BCM CNRC,Play Store
com.studiopango.pangoBlocksKFTU,,,BCM CNRC,Uncategorized
com.studiopango.pangoSheepKFTU,,,BCM CNRC,Uncategorized
com.studiopango.pangoZoo,Games,GAME_EDUCATIONAL,BCM CNRC,Play Store
com.studiopango.pangobuildcity,Games,GAME_EDUCATIONAL,BCM CNRC,Play Store
com.studiopango.pangobuildparkFTU,,,BCM CNRC,Uncategorized
com.studiopango.pangopirateFTU,,,BCM CNRC,Uncategorized
com.studiopango.pangostorytime,,,BCM CNRC,Uncategorized
com.studiosspango.pangoland,,,BCM CNRC,Uncategorized
com.subara.stories.centralhospital,,,BCM CNRC,Uncategorized
com.subara.stories.happydaycare,,,BCM CNRC,Uncategorized
com.subara.stories.sunnyschool,,,BCM CNRC,Uncategorized
com.subara.stories.sweethome,,,BCM CNRC,Uncategorized
com.subara.stories.urbancity,,,BCM CNRC,Uncategorized
com.subara.stories.vacationhotel,,,BCM CNRC,Uncategorized
com.subsplashconsulting.s_V5C9F7,Lifestyle,LIFESTYLE,BCM CNRC,Play Store
com.sunsetgames.copcarscan,Games,GAME_CASUAL,BCM CNRC,Play Store
com.superaid.bricksbreakerballs,Games,GAME_ARCADE,BCM CNRC,Play Store
com.supercell.brawlstars,Games,GAME_ACTION,BCM CNRC,Play Store
com.supercell.clashroyale,Games,GAME_STRATEGY,BCM CNRC,Play Store
com.supercell.squad,Games,GAME_ACTION,BCM CNRC,Play Store
com.svox.pico,,,BCM CNRC,Uncategorized
com.sweetgames.screwpin.an,,,BCM CNRC,Uncategorized
com.swish.gamesfolder,,,BCM CNRC,Uncategorized
com.swishme.moto,,,BCM CNRC,Uncategorized
com.sx.wonsterwords,Education,EDUCATION,BCM CNRC,Play Store
com.sybogames.subwaysurfers.blast,Games,,BCM CNRC,Keyword Heuristic
com.syf.mysynchrony,Productivity & Business,FINANCE,BCM CNRC,Play Store
com.synchronoss.dcs.att.r2g,,,BCM CNRC,Uncategorized
com.syscocorp.mss,Productivity & Business,BUSINESS,BCM CNRC,Play Store
com.tacitinnovations.eatify,Lifestyle,LIFESTYLE,BCM CNRC,Play Store
com.tangle.nuts.bolts,Games,GAME_PUZZLE,BCM CNRC,Play Store
com.tapmonkey.dinowater,Games,GAME_ADVENTURE,BCM CNRC,Play Store
com.tapped.dunkworld,Games,GAME_SPORTS,BCM CNRC,Play Store
com.tappyhappy.peekaboo,Education,EDUCATION,BCM CNRC,Play Store
com.tapshot.android,Games,GAME_SPORTS,BCM CNRC,Play Store
com.taptaptales.chuggingtonreadyforadventure,Games,GAME_EDUCATIONAL,BCM CNRC,Play Store
com.taptaptales.cleoandcuquin.ftu,,,BCM CNRC,Uncategorized
com.taptaptales.hellokittyaroundtheworld.ftu,,,BCM CNRC,Uncategorized
com.taptaptales.mashasdaygamesforkidsftu,,,BCM CNRC,Uncategorized
com.taptaptales.octonautsgiantsquid.ftu,,,BCM CNRC,Uncategorized
com.taptaptales.robocarpoli.ftu,,,BCM CNRC,Uncategorized
com.taptaptales.simon.ftu,,,BCM CNRC,Uncategorized
com.taptaptales.superwings.amazon.ftu,,,BCM CNRC,Uncategorized
com.tblenovo.center,,,BCM CNRC,Uncategorized
com.tblenovo.kidslauncher,,,BCM CNRC,Uncategorized
com.tblenovo.launcher,,,BCM CNRC,Uncategorized
com.tblenovo.lenovotips,,,BCM CNRC,Uncategorized
com.tblenovo.setup,,,BCM CNRC,Uncategorized
com.tblenovo.timezone,,,BCM CNRC,Uncategorized
com.tblenovo.wallpaper,Lifestyle,,BCM CNRC,Keyword Heuristic
com.tbsmart.levision,,,BCM CNRC,Uncategorized
com.tcl.android.launcher,System/OEM,,BCM CNRC,System/OEM
com.tcl.android.launcher.a_overlay,System/OEM,,BCM CNRC,System/OEM
com.tcl.android.launchertheme.res,System/OEM,,BCM CNRC,System/OEM
com.tcl.aota.tablet,System/OEM,,BCM CNRC,System/OEM
com.tcl.aota.tablet.tct_overlay_product__,System/OEM,,BCM CNRC,System/OEM
com.tcl.camera,System/OEM,,BCM CNRC,System/OEM
com.tcl.faceunlock,System/OEM,,BCM CNRC,System/OEM
com.tcl.fmradio,System/OEM,,BCM CNRC,System/OEM
com.tcl.fota.system,System/OEM,,BCM CNRC,System/OEM
com.tcl.fota.system.a_overlay,System/OEM,,BCM CNRC,System/OEM
com.tcl.fota.system.tct_overlay_product__,System/OEM,,BCM CNRC,System/OEM
com.tcl.google.networkstack.op.rro,System/OEM,,BCM CNRC,System/OEM
com.tcl.keyguardshortcut,System/OEM,,BCM CNRC,System/OEM
com.tcl.kidsmode,System/OEM,,BCM CNRC,System/OEM
com.tcl.reducesar,System/OEM,,BCM CNRC,System/OEM
com.tcl.screenrecorder,System/OEM,,BCM CNRC,System/OEM
com.tcl.screenshotex,System/OEM,,BCM CNRC,System/OEM
com.tcl.tct.calculator,System/OEM,,BCM CNRC,System/OEM
com.tcl.token,System/OEM,,BCM CNRC,System/OEM
com.tct,,,BCM CNRC,Uncategorized
com.tct.aio,System/OEM,,BCM CNRC,System/OEM
com.tct.aio.resources,System/OEM,,BCM CNRC,System/OEM
com.tct.appclone.resources,System/OEM,,BCM CNRC,System/OEM
com.tct.batterywarning,System/OEM,,BCM CNRC,System/OEM
com.tct.faceunlock,System/OEM,,BCM CNRC,System/OEM
com.tct.gcs.wfcmanager,System/OEM,,BCM CNRC,System/OEM
com.tct.iris.overlay_product,System/OEM,,BCM CNRC,System/OEM
com.tct.iris.overlay_vendor,System/OEM,,BCM CNRC,System/OEM
com.tct.onetouchbooster,System/OEM,,BCM CNRC,System/OEM
com.tct.phone,System/OEM,,BCM CNRC,System/OEM
com.tct.phone.a_overlay,System/OEM,,BCM CNRC,System/OEM
com.tct.reducesar,System/OEM,,BCM CNRC,System/OEM
com.tct.reducesar.rro_product,System/OEM,,BCM CNRC,System/OEM
com.tct.retaildemo,System/OEM,,BCM CNRC,System/OEM
com.tct.secretCode,System/OEM,,BCM CNRC,System/OEM
com.tct.secretcodetransmitter,System/OEM,,BCM CNRC,System/OEM
com.tct.setupwizard,System/OEM,,BCM CNRC,System/OEM
com.tct.smart.miracastcontrol,System/OEM,,BCM CNRC,System/OEM
com.tct.smart.notes,System/OEM,,BCM CNRC,System/OEM
com.tct.smart.push,System/OEM,,BCM CNRC,System/OEM
com.tct.soundrecorder,System/OEM,,BCM CNRC,System/OEM
com.tct.sprdm,System/OEM,,BCM CNRC,System/OEM
com.tct.systemservice,System/OEM,,BCM CNRC,System/OEM
com.tct.tablet.calculator,System/OEM,,BCM CNRC,System/OEM
com.tct.wfcsettingsext,System/OEM,,BCM CNRC,System/OEM
com.tctApp.serviceEntitlement,,,BCM CNRC,Uncategorized
com.teachyourmonstertoread.rff.freetime,Games,,BCM CNRC,Publisher Heuristic
com.teachyourmonstertoread.tmapp.freetime,Games,,BCM CNRC,Publisher Heuristic
com.techarts.fidgettradingmaster,Games,GAME_SIMULATION,BCM CNRC,Play Store
com.tectumgames.unblock,Games,GAME_PUZZLE,BCM CNRC,Play Store
com.telerik.NextLevel,Health,MEDICAL,BCM CNRC,Play Store
com.termggb.beimei,Games,GAME_CARD,BCM CNRC,Play Store
com.test.LTEfunctionality,,,BCM CNRC,Uncategorized
com.texas.lottery,Entertainment,ENTERTAINMENT,BCM CNRC,Play Store
com.thangs.mobile,Entertainment,ART_AND_DESIGN,BCM CNRC,Play Store
com.theswitchbot.switchbot,Lifestyle,LIFESTYLE,BCM CNRC,Play Store
com.thevoxelagents.tc3,Games,GAME_ARCADE,BCM CNRC,Play Store
com.thief.puzzle.games.quebra.cabeca.jogos,Games,GAME_PUZZLE,BCM CNRC,Play Store
com.thup.MonkeyMath.freetime,,,BCM CNRC,Uncategorized
com.thup.animals.freetime,,,BCM CNRC,Uncategorized
com.thup.bananas.freetime,,,BCM CNRC,Uncategorized
com.thup.explorers.freetime,,,BCM CNRC,Uncategorized
com.thup.fixit.freetime,,,BCM CNRC,Uncategorized
com.thyduy.coloringbooknumber,Games,GAME_CASUAL,BCM CNRC,Play Store
com.tidyroom.game,Games,GAME_CASUAL,BCM CNRC,Play Store
com.tiggly.SesameCookieMonster.ftu,Education,,BCM CNRC,Publisher Heuristic
com.tiktok.lite.go,Social & Communication,SOCIAL,BCM CNRC,Play Store
com.tile.match.blockpuzzle,Games,GAME_PUZZLE,BCM CNRC,Play Store
com.time.bomb.gun.sound.simulator.prank,Entertainment,ENTERTAINMENT,BCM CNRC,Play Store
com.timeclockplus.MobileClock,Productivity & Business,BUSINESS,BCM CNRC,Play Store
com.timewarp.scan.bluelinefiltertiktok.free,Photography,PHOTOGRAPHY,BCM CNRC,Play Store
com.tinylabproductions.monstertruck.freetime,,,BCM CNRC,Uncategorized
com.tinylabproductions.monstertruckwinter.freetime,,,BCM CNRC,Uncategorized
com.tinylabproductions.motocross.freetime,,,BCM CNRC,Uncategorized
com.tinylabproductions.neoncar.freetime,,,BCM CNRC,Uncategorized
com.tinytitanstudios.TrainChu,Games,GAME_SIMULATION,BCM CNRC,Play Store
com.tip.calculator.unit.converter.android,Productivity & Business,TOOLS,BCM CNRC,Play Store
com.tivola.dogworld.dalmatian.offline,,,BCM CNRC,Uncategorized
com.tivola.fantasy.offline,,,BCM CNRC,Uncategorized
com.tivola.wildlife.offline,,,BCM CNRC,Uncategorized
com.tmobile.dm.cm,,,BCM CNRC,Uncategorized
com.tmobile.dm.ms.services,,,BCM CNRC,Uncategorized
com.tmobile.echolocate,,,BCM CNRC,Uncategorized
com.tmobile.grsuapp,Productivity & Business,TOOLS,BCM CNRC,Play Store
com.tmobile.homeisp,,,BCM CNRC,Uncategorized
com.tmobile.pr.adapt,,,BCM CNRC,Uncategorized
com.tmobile.rsuadapter.aidl,,,BCM CNRC,Uncategorized
com.tmobile.rsuadapter.qualcomm,,,BCM CNRC,Uncategorized
com.tmobile.rsuapp,,,BCM CNRC,Uncategorized
com.tmobile.rsusrv,,,BCM CNRC,Uncategorized
com.tmobile.simlock,,,BCM CNRC,Uncategorized
com.tmobile.tct,,,BCM CNRC,Uncategorized
com.tocaboca.blocks.freetime,Education,,BCM CNRC,Publisher Heuristic
com.tocaboca.hairsalon2.kl,Education,,BCM CNRC,Publisher Heuristic
com.tocaboca.tocaafterschool.freetime,Education,,BCM CNRC,Publisher Heuristic
com.tocaboca.tocaboo.freetime,Education,,BCM CNRC,Publisher Heuristic
com.tocaboca.tocabuilders.freetime,Education,,BCM CNRC,Publisher Heuristic
com.tocaboca.tocacars.freetime,Education,,BCM CNRC,Publisher Heuristic
com.tocaboca.tocacity.freetime,Education,,BCM CNRC,Publisher Heuristic
com.tocaboca.tocahairsalon3.freetime,Education,,BCM CNRC,Publisher Heuristic
com.tocaboca.tocahospital,Education,,BCM CNRC,Publisher Heuristic
com.tocaboca.tocahospital.freetime,Education,,BCM CNRC,Publisher Heuristic
com.tocaboca.tocakitchen,Education,,BCM CNRC,Publisher Heuristic
com.tocaboca.tocakitchen.freetime,Education,,BCM CNRC,Publisher Heuristic
com.tocaboca.tocakitchen2.freetime,Education,,BCM CNRC,Publisher Heuristic
com.tocaboca.tocakitchensushi.freetime,Education,,BCM CNRC,Publisher Heuristic
com.tocaboca.tocalab.freetime,Education,,BCM CNRC,Publisher Heuristic
com.tocaboca.tocalabplants.freetime,Education,,BCM CNRC,Publisher Heuristic
com.tocaboca.tocalifefarm.freetime,Education,,BCM CNRC,Publisher Heuristic
com.tocaboca.tocalifeworld.amazon,Education,,BCM CNRC,Publisher Heuristic
com.tocaboca.tocalifeworld.editions.hangout.freetime,Education,,BCM CNRC,Publisher Heuristic
com.tocaboca.tocalifeworld.editions.schoolday.freetime,Education,,BCM CNRC,Publisher Heuristic
com.tocaboca.tocalifeworld.editions.summer.freetime,Education,,BCM CNRC,Publisher Heuristic
com.tocaboca.tocalifeworld.editions.weekend.freetime,Education,,BCM CNRC,Publisher Heuristic
com.tocaboca.tocamini.freetime,Education,,BCM CNRC,Publisher Heuristic
com.tocaboca.tocamysteryhouse.freetime,Education,,BCM CNRC,Publisher Heuristic
com.tocaboca.tocaneighborhood.freetime,Education,,BCM CNRC,Publisher Heuristic
com.tocaboca.tocapetdoctor.freetime,Education,,BCM CNRC,Publisher Heuristic
com.tocaboca.tocaschool.freetime,Education,,BCM CNRC,Publisher Heuristic
com.tocaboca.tocastable.freetime,Education,,BCM CNRC,Publisher Heuristic
com.tocaboca.tocatown.freetime,Education,,BCM CNRC,Publisher Heuristic
com.tocaboca.tocatrain.freetime,Education,,BCM CNRC,Publisher Heuristic
com.tocaboca.tocavacation.freetime,Education,,BCM CNRC,Publisher Heuristic
com.toilet.fusion.ng,,,BCM CNRC,Uncategorized
com.toiletmonster.movesurvival.skibydy,Games,GAME_CASUAL,BCM CNRC,Play Store
com.tpcstld.twozerogame,Games,GAME_PUZZLE,BCM CNRC,Play Store
com.tplink.tether,Productivity & Business,TOOLS,BCM CNRC,Play Store
com.train.taxi,Games,GAME_PUZZLE,BCM CNRC,Play Store
com.transformer.monster.animation,Games,,BCM CNRC,Keyword Heuristic
com.trending.tik.tap.game.challenge,Games,GAME_CASUAL,BCM CNRC,Play Store
com.tribeplay.drpandakindergarten.amazonfreetime,Education,,BCM CNRC,Publisher Heuristic
com.tribeplay.pandaairport.amazonfreetime.amazonfreetime.amazonfreetime,Education,,BCM CNRC,Publisher Heuristic
com.tribeplay.pandaart.kindlefreetimeedition,Education,,BCM CNRC,Publisher Heuristic
com.tribeplay.pandaasiankitchen.kindlefreetimeedition,Education,,BCM CNRC,Publisher Heuristic
com.tribeplay.pandabeautysalon.amazonfreetime,Education,,BCM CNRC,Publisher Heuristic
com.tribeplay.pandabus.kindlefreetimeedition,Education,,BCM CNRC,Publisher Heuristic
com.tribeplay.pandabusxmas,Education,,BCM CNRC,Publisher Heuristic
com.tribeplay.pandafirestation.kindlefreetimeedition,Education,,BCM CNRC,Publisher Heuristic
com.tribeplay.pandafunfair.kindlefreetimeedition,Education,,BCM CNRC,Publisher Heuristic
com.tribeplay.pandagarden.amazonfreetime,Education,,BCM CNRC,Publisher Heuristic
com.tribeplay.pandahandyman.kindlefreetimeedition,Education,,BCM CNRC,Publisher Heuristic
com.tribeplay.pandahospital.kindlefreetimeedition,Education,,BCM CNRC,Publisher Heuristic
com.tribeplay.pandahousework.amazonfreetime,Education,,BCM CNRC,Publisher Heuristic
com.tribeplay.pandaicecream.kindlefreetimeedition,Education,,BCM CNRC,Publisher Heuristic
com.tribeplay.pandapet.amazonfreetime,Education,,BCM CNRC,Publisher Heuristic
com.tribeplay.pandapostman.kindlefreetimeedition,Education,,BCM CNRC,Publisher Heuristic
com.tribeplay.pandarestaurant.amazonfreetime,Education,,BCM CNRC,Publisher Heuristic
com.tribeplay.pandarestaurant2.kindlefreetimeedition,Education,,BCM CNRC,Publisher Heuristic
com.tribeplay.pandaspace.kindlefreetimeedition,Education,,BCM CNRC,Publisher Heuristic
com.tribeplay.pandasupermarket.kindlefreetimeedition,Education,,BCM CNRC,Publisher Heuristic
com.tribeplay.swimmingpool.kindlefreetimeedition,Education,,BCM CNRC,Publisher Heuristic
com.tribeplay.toycars.fun,Education,,BCM CNRC,Publisher Heuristic
com.tribeplay.toycars.kindlefreetimeedition,Education,,BCM CNRC,Publisher Heuristic
com.tripledot.triple.tile.match.pair.game.three.master.object,Games,GAME_CASUAL,BCM CNRC,Play Store
com.trivia.star.android,Games,GAME_TRIVIA,BCM CNRC,Play Store
com.trnz.jurassic.dinosaur.kingdom.dino.attack,Games,,BCM CNRC,Publisher Heuristic
com.trpz.travel,Games,GAME_CASINO,BCM CNRC,Play Store
com.trustonic.teeservice,,,BCM CNRC,Uncategorized
com.trymygames.snake.arena,Games,GAME_ACTION,BCM CNRC,Play Store
com.ts.android.hiddenmenu,,,BCM CNRC,Uncategorized
com.tsg.car.racing.master.game,Games,,BCM CNRC,Keyword Heuristic
com.tss.in.android.oring,Productivity & Business,PRODUCTIVITY,BCM CNRC,Play Store
com.tt.toddler.songs.tunes.fun.games,Games,GAME_MUSIC,BCM CNRC,Play Store
com.tubitv.fire,,,BCM CNRC,Uncategorized
com.turner.cnvideoapp,Video Players (e.g. YouTube),VIDEO_PLAYERS,BCM CNRC,Play Store
com.turner.superstarsoccer2.ftue,,,BCM CNRC,Uncategorized
com.turnkeyestimates.turnkeyPro,,,BCM CNRC,Uncategorized
com.tutotoons.app.amysanimalhairsalonfreetime.full,Games,,BCM CNRC,Publisher Heuristic
com.tutotoons.app.animalhairsalonaustralia.free,Games,GAME_EDUCATIONAL,BCM CNRC,Play Store
com.tutotoons.app.animalhairsalonaustraliafreetime.full,Games,,BCM CNRC,Publisher Heuristic
com.tutotoons.app.cathairsalonbirthdaypartyfreetime.full,Games,,BCM CNRC,Publisher Heuristic
com.tutotoons.app.floofmypethouse,Games,GAME_EDUCATIONAL,BCM CNRC,Play Store
com.tutotoons.app.floofmypethousefreetime.full,Games,,BCM CNRC,Publisher Heuristic
com.tutotoons.app.fluvsies.free,Games,GAME_EDUCATIONAL,BCM CNRC,Play Store
com.tutotoons.app.fluvsiesfreetime.full,Games,,BCM CNRC,Publisher Heuristic
com.tutotoons.app.fluvsiesmergepartyfreetime.full,Games,,BCM CNRC,Publisher Heuristic
com.tutotoons.app.fluvsiespocketworldfreetime.full,Games,,BCM CNRC,Publisher Heuristic
com.tutotoons.app.jungleflooffreetime.full,Games,,BCM CNRC,Publisher Heuristic
com.tutotoons.app.kikififipetfriendsfreetime.full,Games,,BCM CNRC,Publisher Heuristic
com.tutotoons.app.kittymeowmeowcityheroesfreetime.full,Games,,BCM CNRC,Publisher Heuristic
com.tutotoons.app.kpopsiesfreetime.full,Games,,BCM CNRC,Publisher Heuristic
com.tutotoons.app.littlekittytownfreetime.full,Games,,BCM CNRC,Publisher Heuristic
com.tutotoons.app.lolsurprisediscohouse,Games,GAME_EDUCATIONAL,BCM CNRC,Play Store
com.tutotoons.app.mybabyunicornfreetime.full,Games,,BCM CNRC,Publisher Heuristic
com.tutotoons.app.pandalubabybearcarefreetime.full,Games,,BCM CNRC,Publisher Heuristic
com.tutotoons.app.pandalubabybearworldfreetime.full,Games,,BCM CNRC,Publisher Heuristic
com.tutotoons.app.pandalufunparkfreetime.full,Games,,BCM CNRC,Publisher Heuristic
com.tutotoons.app.ponysisterspopmusicbandfreetime.full,Games,,BCM CNRC,Publisher Heuristic
com.tutotoons.app.powergirlsfantasticheroesfreetime.full,Games,,BCM CNRC,Publisher Heuristic
com.tutotoons.app.princessesfreetime.full,Games,,BCM CNRC,Publisher Heuristic
com.tutotoons.app.smolsies2freetime.full,Games,,BCM CNRC,Publisher Heuristic
com.tutotoons.app.swirlyicypopsfreetime.full,Games,,BCM CNRC,Publisher Heuristic
com.tvc.thiefpuzzle,Games,GAME_PUZZLE,BCM CNRC,Play Store
com.ubisoft.redlynx.trialsfrontier.kftu,,,BCM CNRC,Uncategorized
com.uc.minigame.relax,Games,GAME_CASUAL,BCM CNRC,Play Store
com.uc.wood.bolts.puzzle,Games,GAME_PUZZLE,BCM CNRC,Play Store
com.uhaul.android.myuhaul,Travel & Local,TRAVEL_AND_LOCAL,BCM CNRC,Play Store
com.ultanceofstonemawq3sets2,,,BCM CNRC,Uncategorized
com.unicogames.talking.crazybob,Games,GAME_SIMULATION,BCM CNRC,Play Store
com.unicostudio.balltubes,Games,GAME_PUZZLE,BCM CNRC,Play Store
com.unicostudio.popularwords,Games,GAME_TRIVIA,BCM CNRC,Play Store
com.unisoc.enginecore,,,BCM CNRC,Uncategorized
com.unisoc.phone,,,BCM CNRC,Uncategorized
com.unisoc.wifi,,,BCM CNRC,Uncategorized
com.unit11apps.Colours,,,BCM CNRC,Uncategorized
com.unit11apps.CountingWithDinosaurs,,,BCM CNRC,Uncategorized
com.unit11apps.MagicNumbers,,,BCM CNRC,Uncategorized
com.unit11apps.TimeKFTU,,,BCM CNRC,Uncategorized
com.unit11apps.humanskeleton,,,BCM CNRC,Uncategorized
com.united.mobile.android,Travel & Local,TRAVEL_AND_LOCAL,BCM CNRC,Play Store
com.univision.prendetv,Entertainment,ENTERTAINMENT,BCM CNRC,Play Store
com.usmleworld,Education,EDUCATION,BCM CNRC,Play Store
com.uza.eventlogexporter,,,BCM CNRC,Uncategorized
com.val.hardware,,,BCM CNRC,Uncategorized
com.vblast.flipaclip,Entertainment,ART_AND_DESIGN,BCM CNRC,Play Store
com.vcq.animewallpaper,,,BCM CNRC,Uncategorized
com.vectorunit.blue.freetime,,,BCM CNRC,Uncategorized
com.vectorunit.cobalt.freetime,,,BCM CNRC,Uncategorized
com.vectorunit.purple.freetime,,,BCM CNRC,Uncategorized
com.vectorunit.red.freetime,,,BCM CNRC,Uncategorized
com.ventrachicago.riderapp,Travel & Local,MAPS_AND_NAVIGATION,BCM CNRC,Play Store
com.verizon.bootstrapclient,,,BCM CNRC,Uncategorized
com.verizon.llkagent,,,BCM CNRC,Uncategorized
com.verizon.loginengine.unbranded,,,BCM CNRC,Uncategorized
com.verizon.mcptt,,,BCM CNRC,Uncategorized
com.verizon.mips.services,,,BCM CNRC,Uncategorized
com.verizon.obdm,,,BCM CNRC,Uncategorized
com.verizon.obdm_permissions,,,BCM CNRC,Uncategorized
com.verizon.remoteSimlock,,,BCM CNRC,Uncategorized
com.verizon.services,,,BCM CNRC,Uncategorized
com.vervent.revvi,Productivity & Business,BUSINESS,BCM CNRC,Play Store
com.vervent.total,Productivity & Business,FINANCE,BCM CNRC,Play Store
com.vexcel.mywic,Education,EDUCATION,BCM CNRC,Play Store
com.videogyan.preschool_kids_nursery_rhymes_learning_songs,Games,,BCM CNRC,Publisher Heuristic
com.vira.nails.master,Games,GAME_SIMULATION,BCM CNRC,Play Store
com.virtual.highschool.lifeofgirl.simulator,Games,GAME_ROLE_PLAYING,BCM CNRC,Play Store
com.vitastudio.solitaire,Games,GAME_CARD,BCM CNRC,Play Store
com.vividgames.pocketminigolf.ball.ftu,,,BCM CNRC,Uncategorized
com.vizorapps.klondike,Games,GAME_SIMULATION,BCM CNRC,Play Store
com.vkids.android.kidsnumberlearning.lite,Games,GAME_EDUCATIONAL,BCM CNRC,Play Store
com.vkontakte.android,Social & Communication,SOCIAL,BCM CNRC,Play Store
com.vladmadgames.coloring.dinorobots,Games,GAME_BOARD,BCM CNRC,Play Store
com.vna.service.vvm,Productivity & Business,TOOLS,BCM CNRC,Play Store
com.voicechanger.supereffect.soundeffect,,,BCM CNRC,Uncategorized
com.voodoo.hellokitty.superstyle,,,BCM CNRC,Uncategorized
com.vottzapps.wordle,Games,GAME_WORD,BCM CNRC,Play Store
com.vzw.apnlib,,,BCM CNRC,Uncategorized
com.wageworks.ezreceipts,Productivity & Business,FINANCE,BCM CNRC,Play Store
com.wapi.wapicertmanager,,,BCM CNRC,Uncategorized
com.washingtonpost.rainbow,Entertainment,NEWS_AND_MAGAZINES,BCM CNRC,Play Store
com.water.balls,Games,GAME_PUZZLE,BCM CNRC,Play Store
com.weaver.app.prod,Entertainment,ENTERTAINMENT,BCM CNRC,Play Store
com.weegoon.mrlonghand,Games,GAME_PUZZLE,BCM CNRC,Play Store
com.wefi.qlink,,,BCM CNRC,Uncategorized
com.wellfleetstudent.wellfleetstudent01,Productivity & Business,BUSINESS,BCM CNRC,Play Store
com.weloadin.dessertdiy,Games,GAME_SIMULATION,BCM CNRC,Play Store
com.whatsapp.w4b,Social & Communication,COMMUNICATION,BCM CNRC,Play Store
com.wheelerbc,,,BCM CNRC,Uncategorized
com.widogame.maxsworld,Games,GAME_ADVENTURE,BCM CNRC,Play Store
com.wildlifestudios.jet.airplane.games.sky.warriors,Games,GAME_ACTION,BCM CNRC,Play Store
com.wildsymphony,Entertainment,MUSIC_AND_AUDIO,BCM CNRC,Play Store
com.wing.wtsarcontrol,,,BCM CNRC,Uncategorized
com.wingos.wingcamera,,,BCM CNRC,Uncategorized
com.wingtech.carrierconfig,,,BCM CNRC,Uncategorized
com.winterdog.tdz,Games,GAME_STRATEGY,BCM CNRC,Play Store
com.wishmobile.cafe85en,Lifestyle,FOOD_AND_DRINK,BCM CNRC,Play Store
com.wixot.coinroll,Games,GAME_CASUAL,BCM CNRC,Play Store
com.woodscrew.nuts.bolts.unscrew,Games,GAME_PUZZLE,BCM CNRC,Play Store
com.woot.android.main,Lifestyle,SHOPPING,BCM CNRC,Play Store
com.work4mobkids,,,BCM CNRC,Uncategorized
com.wos.face.service,,,BCM CNRC,Uncategorized
com.wostgtech.burrowland,Games,GAME_PUZZLE,BCM CNRC,Play Store
com.ws.dm,,,BCM CNRC,Uncategorized
com.wsomacp,,,BCM CNRC,Uncategorized
com.wssyncmldm,,,BCM CNRC,Uncategorized
com.wt.wtsarmanager,,,BCM CNRC,Uncategorized
com.x3m.tx2aft,,,BCM CNRC,Uncategorized
com.x3m.tx2waft,,,BCM CNRC,Uncategorized
com.xfinitymobile.cometcarrierservice,,,BCM CNRC,Uncategorized
com.xfinitymobile.myaccount,,,BCM CNRC,Uncategorized
com.xgame.DrawLineChallenge,Games,GAME_CASUAL,BCM CNRC,Play Store
com.xmonetize.quizzland,Games,GAME_TRIVIA,BCM CNRC,Play Store
com.xplay.pop_antistress_simulator,Games,GAME_ARCADE,BCM CNRC,Play Store
com.xumo.xumo,Entertainment,ENTERTAINMENT,BCM CNRC,Play Store
com.yardmastery.lawnjournal,Lifestyle,HOUSE_AND_HOME,BCM CNRC,Play Store
com.yg.balls.parkour,Games,GAME_CASUAL,BCM CNRC,Play Store
com.yg.templeballs,Games,GAME_CASUAL,BCM CNRC,Play Store
com.yhk.devicenewtest,,,BCM CNRC,Uncategorized
com.yhk.qeota,,,BCM CNRC,Uncategorized
com.yhk.rabbit.yhkages,,,BCM CNRC,Uncategorized
com.yoku.marumovie,,,BCM CNRC,Uncategorized
com.youmusic.magictiles,Games,GAME_MUSIC,BCM CNRC,Play Store
com.yoyo.doll.decor.life.home.design.love.match.makeover.games,Games,GAME_SIMULATION,BCM CNRC,Play Store
com.yoyogames.anime.star.princess.doll.dressupgames,Games,GAME_SIMULATION,BCM CNRC,Play Store
com.yum.pizzahut,Lifestyle,FOOD_AND_DRINK,BCM CNRC,Play Store
com.zakg.scaryteacher.hellgame,Games,GAME_SIMULATION,BCM CNRC,Play Store
com.zeemish.spanish,Education,EDUCATION,BCM CNRC,Play Store
com.zeptolab.ctrm,,,BCM CNRC,Uncategorized
com.zeptolab.cuttheropexmas.amazon,,,BCM CNRC,Uncategorized
com.zeptolab.omnombooks.amazon.ftu,,,BCM CNRC,Uncategorized
com.zeptolab.timetravel.paid.amazon.kids,,,BCM CNRC,Uncategorized
com.zhiliao.musically.livewallpaper,Productivity & Business,TOOLS,BCM CNRC,Play Store
com.ziau.sharkworld,Games,GAME_ROLE_PLAYING,BCM CNRC,Play Store
com.zinkia.pocoyo.runfun,Games,GAME_CASUAL,BCM CNRC,Play Store
com.zm.colormaze,Games,GAME_CASUAL,BCM CNRC,Play Store
com.zplay.lipart3D.amazon,,,BCM CNRC,Uncategorized
com.zxaeclub.codebyanju.project.drawingpadpro,Entertainment,ART_AND_DESIGN,BCM CNRC,Play Store
com.zynga.words,Games,GAME_WORD,BCM CNRC,Play Store
daily.planner.routine.habits,Health,HEALTH_AND_FITNESS,BCM CNRC,Play Store
dance.fit.zumba.weightloss.danceburn,Health,HEALTH_AND_FITNESS,BCM CNRC,Play Store
dasi.prs2.lumberchopper,Games,GAME_SIMULATION,BCM CNRC,Play Store
disneydigitalbooks.marvelsuperheromashers_amaFTU,Education,,BCM CNRC,Publisher Heuristic
disneydigitalbooks.palacepetswhiskerhaven_amaFTU,Education,,BCM CNRC,Publisher Heuristic
diy.paper.dolls.magic.dollify.makeup.dressup.games.amazon,Games,,BCM CNRC,Keyword Heuristic
diy.paper.dolls.magic.dollify.makeup.dressupgames,Games,GAME_SIMULATION,BCM CNRC,Play Store
dont.touch.antitheft.myphone,Productivity & Business,TOOLS,BCM CNRC,Play Store
dress.up.yoyo.dollify.monster.girl.maker2,Games,GAME_CASUAL,BCM CNRC,Play Store
droom.sleepIfUCan,Productivity & Business,PRODUCTIVITY,BCM CNRC,Play Store
e.connect.world.tourord.game.wordscapes.swipe.connect.world.tour,Games,GAME_WORD,BCM CNRC,Play Store
edu.games.kids.toddlers.pizza,Games,GAME_CASUAL,BCM CNRC,Play Store
edu.si.ssec.pickyourplate,Games,GAME_EDUCATIONAL,BCM CNRC,Play Store
erg.com.nioshheatindex,Travel & Local,WEATHER,BCM CNRC,Play Store
es.ammartin.partify,Entertainment,MUSIC_AND_AUDIO,BCM CNRC,Play Store
eu.bandainamcoent.pacman256,Games,GAME_ARCADE,BCM CNRC,Play Store
eu.thedarken.sdm,Productivity & Business,TOOLS,BCM CNRC,Play Store
fashion.avatar.vlinder.princess.shining.anime.star.dressupgames,Games,GAME_CASUAL,BCM CNRC,Play Store
find.difference.spot.differences.hidden.puzzle.games.free,Games,GAME_PUZZLE,BCM CNRC,Play Store
fr.ecp.ruler.app,Productivity & Business,TOOLS,BCM CNRC,Play Store
game.genix.nuts.bolts.twisted.tangle.puzzle,Games,GAME_PUZZLE,BCM CNRC,Play Store
game.piano.music.tiles.challenge,Games,GAME_MUSIC,BCM CNRC,Play Store
games.flexus.trainminer,Games,GAME_SIMULATION,BCM CNRC,Play Store
ge.bebi.balloon.pop.game,Games,GAME_EDUCATIONAL,BCM CNRC,Play Store
gen.tech.keiki.world.learning,Games,GAME_EDUCATIONAL,BCM CNRC,Play Store
getrbx.counter.rbxconvert.rbux.calc,,,BCM CNRC,Uncategorized
gg.sunday.hamsterescape,Games,GAME_SIMULATION,BCM CNRC,Play Store
gov.dhs.cbp.pspd.mpc,Travel & Local,TRAVEL_AND_LOCAL,BCM CNRC,Play Store
gov.houstontx.houston311portal,,,BCM CNRC,Uncategorized
gov.nasa,Education,EDUCATION,BCM CNRC,Play Store
gov.texas.dir.txt.eProd,Productivity & Business,PRODUCTIVITY,BCM CNRC,Play Store
gov.texas.dshs.wicshop,,,BCM CNRC,Uncategorized
gr.pixelab.sketch,Photography,PHOTOGRAPHY,BCM CNRC,Play Store
hide.seek.room,Games,GAME_ACTION,BCM CNRC,Play Store
horton.b.com.trigonometrycalculator,Productivity & Business,TOOLS,BCM CNRC,Play Store
hu.crabs.kidmaze,Games,GAME_PUZZLE,BCM CNRC,Play Store
in.crossword.wordplanet,Games,GAME_WORD,BCM CNRC,Play Store
in.daily_puzzle.crossword,Games,GAME_WORD,BCM CNRC,Play Store
in.playsimple.wordsearch,Games,GAME_WORD,BCM CNRC,Play Store
in.playsimple.wordtour,Games,GAME_WORD,BCM CNRC,Play Store
increaseheightworkout.heightincreaseexercise.tallerexercise,Health,HEALTH_AND_FITNESS,BCM CNRC,Play Store
io.olibra.bondapp,Lifestyle,HOUSE_AND_HOME,BCM CNRC,Play Store
io.shenron.hcr,Games,GAME_ARCADE,BCM CNRC,Play Store
io.supercent.linkedcubic,Games,GAME_ARCADE,BCM CNRC,Play Store
io.supercent.pizzaidle,Games,GAME_SIMULATION,BCM CNRC,Play Store
io.supercent.prison,Games,GAME_ROLE_PLAYING,BCM CNRC,Play Store
io.voodoo.crowdcity_ftu,,,BCM CNRC,Uncategorized
io.voodoo.holeio.ftu,,,BCM CNRC,Uncategorized
io.voodoo.paper2.ftu,,,BCM CNRC,Uncategorized
io.yarsa.games.dominoes,Games,GAME_BOARD,BCM CNRC,Play Store
jigsaw.puzzle.free.games,Games,GAME_PUZZLE,BCM CNRC,Play Store
jp.co.goodroid.hyper.nutsandboltssort,Games,GAME_PUZZLE,BCM CNRC,Play Store
jp.co.goodroid.hyper.type,Games,GAME_PUZZLE,BCM CNRC,Play Store
jp.co.omronsoft.iwnnime.languagepack.kokr_az,System/OEM,,BCM CNRC,System/OEM
jp.co.omronsoft.iwnnime.languagepack.zhcn_az,System/OEM,,BCM CNRC,System/OEM
jp.co.omronsoft.iwnnime.languagepack.zhtw_az,System/OEM,,BCM CNRC,System/OEM
jp.co.omronsoft.iwnnime.mlaz,System/OEM,,BCM CNRC,System/OEM
jp.kyocera.ClockWatcher,,,BCM CNRC,Uncategorized
jp.kyocera.akscd,,,BCM CNRC,Uncategorized
jp.kyocera.compass,,,BCM CNRC,Uncategorized
jp.kyocera.ecomode,,,BCM CNRC,Uncategorized
jp.kyocera.favoritewidget,,,BCM CNRC,Uncategorized
jp.kyocera.fingerprints.service,,,BCM CNRC,Uncategorized
jp.kyocera.hiddendebug,,,BCM CNRC,Uncategorized
jp.kyocera.kchandlenv,,,BCM CNRC,Uncategorized
jp.kyocera.kcsimapp,,,BCM CNRC,Uncategorized
jp.kyocera.kdfs,,,BCM CNRC,Uncategorized
jp.kyocera.kerr,,,BCM CNRC,Uncategorized
jp.kyocera.kyocerahome.launcher,,,BCM CNRC,Uncategorized
jp.kyocera.mobilelight,,,BCM CNRC,Uncategorized
jp.kyocera.nfctile,,,BCM CNRC,Uncategorized
jp.kyocera.oemsetupwizard,,,BCM CNRC,Uncategorized
jp.kyocera.outdoor.barometer,,,BCM CNRC,Uncategorized
jp.kyocera.outdoor.tide,,,BCM CNRC,Uncategorized
jp.kyocera.outdoorwatcher,,,BCM CNRC,Uncategorized
jp.kyocera.platform.pedometer,,,BCM CNRC,Uncategorized
jp.kyocera.poweronactivation,,,BCM CNRC,Uncategorized
jp.kyocera.selfprovisioning,,,BCM CNRC,Uncategorized
jp.kyocera.thermalmonitor,,,BCM CNRC,Uncategorized
jp.kyocera.vzwextension.service,,,BCM CNRC,Uncategorized
jp.kyocera.weather,Games,,BCM CNRC,Publisher Heuristic
jp.kyocera.wifi.settings,,,BCM CNRC,Uncategorized
jp.or.nhk.nhkworld.tv,Entertainment,ENTERTAINMENT,BCM CNRC,Play Store
jp.pioneer.mbg.android.vozsis,Entertainment,ENTERTAINMENT,BCM CNRC,Play Store
jp.pokemon.pokemonquest,Games,GAME_ROLE_PLAYING,BCM CNRC,Play Store
jpark.AOS5,Games,GAME_ACTION,BCM CNRC,Play Store
kidzooly.fivelittle,Education,EDUCATION,BCM CNRC,Play Store
kr.co.smartstudy.babyshark.freetime_android_amazon,Education,,BCM CNRC,Publisher Heuristic
kr.co.smartstudy.bbstacogame_android_googlemarket,Education,EDUCATION,BCM CNRC,Play Store
kr.co.smartstudy.cartown.freetime_android_amazon,Education,,BCM CNRC,Publisher Heuristic
kr.co.smartstudy.dinoworld.freetime_android_amazon,Education,,BCM CNRC,Publisher Heuristic
kr.co.smartstudy.mothergoose.freetime_android_amazon,Education,,BCM CNRC,Publisher Heuristic
kr.co.smartstudy.mybody.freetime_android_amazon,Education,,BCM CNRC,Publisher Heuristic
kr.co.smartstudy.numberszoo.freetime_android_amazon,Education,,BCM CNRC,Publisher Heuristic
kr.co.smartstudy.phonicsiap.freetime_android_amazon,Education,,BCM CNRC,Publisher Heuristic
kr.co.smartstudy.phonicsiap_android_amazon,Education,,BCM CNRC,Publisher Heuristic
kr.co.smartstudy.pinkfong123numbers.freetime_android_amazon,Education,,BCM CNRC,Publisher Heuristic
kr.co.smartstudy.pinkfong123numbers_android_amazon,Education,,BCM CNRC,Publisher Heuristic
kr.co.smartstudy.shapescolors.freetime_android_amazon,Education,,BCM CNRC,Publisher Heuristic
kr.co.smartstudy.superphonics.freetime_android_amazon,Education,,BCM CNRC,Publisher Heuristic
kr.co.smartstudy.tracingworld.freetime_android_amazon,Education,,BCM CNRC,Publisher Heuristic
kr.co.smartstudy.tracingworld_android_amazon,Education,,BCM CNRC,Publisher Heuristic
kr.co.smartstudy.tracingworld_android_googlemarket,Games,GAME_EDUCATIONAL,BCM CNRC,Play Store
kr.co.smartstudy.whoamianimals.freetime_android_amazon,Education,,BCM CNRC,Publisher Heuristic
kr.co.smartstudy.wordpower.freetime_android_amazon,Education,,BCM CNRC,Publisher Heuristic
line.color.adventure,Games,GAME_ARCADE,BCM CNRC,Play Store
main.common.mathlab,Education,EDUCATION,BCM CNRC,Play Store
main.common.mathlab.pro,Education,EDUCATION,BCM CNRC,Play Store
married.prediction.filter.minigame,Entertainment,ENTERTAINMENT,BCM CNRC,Play Store
me.id.auth,Productivity & Business,PRODUCTIVITY,BCM CNRC,Play Store
me.pou.app,Games,GAME_CASUAL,BCM CNRC,Play Store
mergemaster.monster.fusion.aldagames.com,Games,GAME_CASUAL,BCM CNRC,Play Store
messenger.sms,Social & Communication,COMMUNICATION,BCM CNRC,Play Store
mml.studio.princessdoll.dressup.game,Games,GAME_SIMULATION,BCM CNRC,Play Store
mobi.abcmouse.academy_amz,,,BCM CNRC,Uncategorized
mow.my.lawn,Games,GAME_ARCADE,BCM CNRC,Play Store
musicplayer.playmusic.audioplayer,Entertainment,MUSIC_AND_AUDIO,BCM CNRC,Play Store
my.photo.picture.keyboard.app.keyboard.theme,Lifestyle,PERSONALIZATION,BCM CNRC,Play Store
mycity.dentist.freetime,,,BCM CNRC,Uncategorized
mycity.jailbreak.freetime,Games,,BCM CNRC,Publisher Heuristic
mycity.london.freetime,,,BCM CNRC,Uncategorized
mycity.newbornbaby.freetime,,,BCM CNRC,Uncategorized
mycity.newyork.freetime,,,BCM CNRC,Uncategorized
mycity.popstar.freetime,,,BCM CNRC,Uncategorized
mycity.stable.freetime,,,BCM CNRC,Uncategorized
mycity.wedding.freetime,,,BCM CNRC,Uncategorized
mylittleprincess.wizard.freetime,,,BCM CNRC,Uncategorized
mytown.farm.freetime,,,BCM CNRC,Uncategorized
mytown.friendsclub.freetime,,,BCM CNRC,Uncategorized
mytown.hauntedhouse.freetime,,,BCM CNRC,Uncategorized
mytown.home.freetime,,,BCM CNRC,Uncategorized
mytown.police.freetime,,,BCM CNRC,Uncategorized
mytown.wedding.freetime,,,BCM CNRC,Uncategorized
net.aharm.usapuzzle,,,BCM CNRC,Uncategorized
net.chordify.chordify,Entertainment,MUSIC_AND_AUDIO,BCM CNRC,Play Store
net.grandpad.puma,Social & Communication,COMMUNICATION,BCM CNRC,Play Store
net.pop.balloon,Games,GAME_PUZZLE,BCM CNRC,Play Store
net.relaxio.relaxio,Entertainment,MUSIC_AND_AUDIO,BCM CNRC,Play Store
net.wrightflyer.le.reality,Social & Communication,SOCIAL,BCM CNRC,Play Store
net.wyvernware.findthealien2,Games,GAME_CASUAL,BCM CNRC,Play Store
notes.notepad.checklist.calendar.todolist.notebook,Productivity & Business,PRODUCTIVITY,BCM CNRC,Play Store
nuts.sort.bolts.master,,,BCM CNRC,Uncategorized
obby.prison,Games,GAME_CASUAL,BCM CNRC,Play Store
online.passportphoto.visa.id.app,Photography,PHOTOGRAPHY,BCM CNRC,Play Store
org.asiafoundation.letsread,Education,EDUCATION,BCM CNRC,Play Store
org.betaclub.betaclubapp,Education,EDUCATION,BCM CNRC,Play Store
org.chromium.webapk.a198fa87b3e146bc7_v2,,,BCM CNRC,Uncategorized
org.chromium.webapk.a1d0695f26186bb23_v2,,,BCM CNRC,Uncategorized
org.chromium.webapk.a5c863645b09c9d6b_v2,,,BCM CNRC,Uncategorized
org.codeaurora.ims,Games,,BCM CNRC,Publisher Heuristic
org.codespark.thefoos,Games,GAME_EDUCATIONAL,BCM CNRC,Play Store
org.example.project2,,,BCM CNRC,Uncategorized
org.gssjc.volunteerhub,Lifestyle,LIFESTYLE,BCM CNRC,Play Store
org.hctra.eztag,Travel & Local,TRAVEL_AND_LOCAL,BCM CNRC,Play Store
org.joinvroom.dailyvroom,Lifestyle,PARENTING,BCM CNRC,Play Store
org.jscfcu.grip,Productivity & Business,FINANCE,BCM CNRC,Play Store
org.khanacademy.android,Education,EDUCATION,BCM CNRC,Play Store
org.lds.ldsmusic,,,BCM CNRC,Uncategorized
org.memorialhermann.everydaywell.play,,,BCM CNRC,Uncategorized
org.memorialhermann.my,Health,MEDICAL,BCM CNRC,Play Store
org.myuthealth.androidapp,Health,MEDICAL,BCM CNRC,Play Store
org.pbskids.danieltigersstorybooks.freetime,Education,,BCM CNRC,Publisher Heuristic
org.pbskids.dtigerexploreneighborhood.freetime,Education,,BCM CNRC,Publisher Heuristic
org.pbskids.gamesapp.freetime,Education,,BCM CNRC,Publisher Heuristic
org.pbskids.playandlearnhd,Education,,BCM CNRC,Publisher Heuristic
org.pbskids.playandlearnscience,Education,,BCM CNRC,Publisher Heuristic
org.pbskids.playandlearnscienceplus,Education,,BCM CNRC,Publisher Heuristic
org.prowl.torquefree,Social & Communication,COMMUNICATION,BCM CNRC,Play Store
org.ridemetro.qticketing,Travel & Local,TRAVEL_AND_LOCAL,BCM CNRC,Play Store
org.sesameworkshop.monsterone,Education,,BCM CNRC,Publisher Heuristic
org.teachyourmonster.adventurouseating.freetime,Games,,BCM CNRC,Publisher Heuristic
org.texaschildrens.health,Health,MEDICAL,BCM CNRC,Play Store
org.xssembler.chordsplus,Entertainment,MUSIC_AND_AUDIO,BCM CNRC,Play Store
org.ymca360.omni,Health,HEALTH_AND_FITNESS,BCM CNRC,Play Store
park.car.parking.games.master.mania,Games,GAME_PUZZLE,BCM CNRC,Play Store
pdf.pdfreader.viewer.editor.free,Productivity & Business,PRODUCTIVITY,BCM CNRC,Play Store
pedometer.stepcounter.calorieburner.pedometerforwalking,Health,HEALTH_AND_FITNESS,BCM CNRC,Play Store
pl.ayground.littlepiano_freetimeunlimited,,,BCM CNRC,Uncategorized
pl.planmieszkania.android,Entertainment,ART_AND_DESIGN,BCM CNRC,Play Store
plant.identification.snap,Education,EDUCATION,BCM CNRC,Play Store
power.pop.blast,Games,GAME_PUZZLE,BCM CNRC,Play Store
processing.test.trigonometrycircleandroid,Games,,BCM CNRC,Publisher Heuristic
puzzle.big.watermelon.free.games.jp,Games,GAME_CASUAL,BCM CNRC,Play Store
puzzle.bolts.and.nuts.wood.woody,Games,GAME_PUZZLE,BCM CNRC,Play Store
puzzle.pixel.art.coloring.drawing.sandbox.free.painting.games.kids.adults.fun,Games,GAME_BOARD,BCM CNRC,Play Store
qrcodescanner.barcodescanner.qrscanner.qrcodereader,Productivity & Business,TOOLS,BCM CNRC,Play Store
ru.sberbankmobile,,,BCM CNRC,Uncategorized
ru.yandex.mail,Social & Communication,COMMUNICATION,BCM CNRC,Play Store
screw.puzzle.nuts.bolts.pin.wood.games,Games,GAME_PUZZLE,BCM CNRC,Play Store
se.appfamily.balloonpopfree,Games,GAME_CASUAL,BCM CNRC,Play Store
se.filimundus.briorailway.freetime,,,BCM CNRC,Uncategorized
se.filimundus.mlwgaragefreetime,,,BCM CNRC,Uncategorized
se.raketspel.digaround,Games,GAME_PUZZLE,BCM CNRC,Play Store
sk.inlogic.subwayrush,,,BCM CNRC,Uncategorized
slingshot.building.destroy,Games,GAME_ARCADE,BCM CNRC,Play Store
solitaire.patience.card.games.klondike.free,Games,GAME_CARD,BCM CNRC,Play Store
solveraapps.chronicbrowser,,,BCM CNRC,Uncategorized
sorting.games.goods.sort.triple.match3d.puzzle.stuff,Games,GAME_PUZZLE,BCM CNRC,Play Store
sp0n.citizen,Entertainment,NEWS_AND_MAGAZINES,BCM CNRC,Play Store
spider.classic.solitaire.card.pgmaker,Games,GAME_BOARD,BCM CNRC,Play Store
splits.splitstraining.dothesplits.splitsin30days,Health,HEALTH_AND_FITNESS,BCM CNRC,Play Store
text.write.font.calligraphy.writer,Entertainment,ART_AND_DESIGN,BCM CNRC,Play Store
time.bomb.simulator.pranksounds,Entertainment,ENTERTAINMENT,BCM CNRC,Play Store
trivia.master.question.quiz.answer.crack.star.millionaire.free.knowledge,Games,GAME_TRIVIA,BCM CNRC,Play Store
tv.alphablocks.abhowtowritefreetime,,,BCM CNRC,Uncategorized
tv.alphablocks.alphablocksworld,Games,GAME_EDUCATIONAL,BCM CNRC,Play Store
tv.alphablocks.colourblocksworld,Games,GAME_EDUCATIONAL,BCM CNRC,Play Store
tv.alphablocks.meetthecolourblocks,Games,GAME_EDUCATIONAL,BCM CNRC,Play Store
tv.benandholly.party.ftu,,,BCM CNRC,Uncategorized
tw.com.masterhand.oringmaster,Productivity & Business,TOOLS,BCM CNRC,Play Store
uk.co.bluezoo.meetthealphablocks2freetime,Games,,BCM CNRC,Publisher Heuristic
uk.co.bluezoo.numberblocks.cardsfreetime,,,BCM CNRC,Uncategorized
uk.co.bluezoo.numberblocks.game1freetime,,,BCM CNRC,Uncategorized
uk.fiveaces.nsfc.ftu,Games,,BCM CNRC,Publisher Heuristic
us.kr.baseballnine,Games,GAME_SPORTS,BCM CNRC,Play Store
us.sol.HALAN.HoustonPL,Lifestyle,LIFESTYLE,BCM CNRC,Play Store
us.tx.state.hhsc.ytbmobile,Health,HEALTH_AND_FITNESS,BCM CNRC,Play Store
vendor.qti.data.txpwradmin,,,BCM CNRC,Uncategorized
vendor.qti.hardware.cacert.server,,,BCM CNRC,Uncategorized
vendor.qti.imsrcs,,,BCM CNRC,Uncategorized
vendor.qti.iwlan,,,BCM CNRC,Uncategorized
ventures.bench.repost,,,BCM CNRC,Uncategorized
wb.mobile.cx.client.droid,Lifestyle,FOOD_AND_DRINK,BCM CNRC,Play Store
wonderland.mermaid.freetime,,,BCM CNRC,Uncategorized
